location,latitude,longitude,timestamp,temperature_c,relative_humidity_pct,apparent_temperature_c,rain_mm,weather_code,surface_pressure_hpa,wind_speed_kmh,wind_direction_deg,cloud_cover_pct,shortwave_radiation_wm2,soil_temperature_0_7cm_c,soil_moisture_0_7cm_m3m3
Perlis,6.4449,100.2048,2026-01-17T00:00,25.7,82,28.6,0.0,0,1010.1,15.0,43,9,0.0,29.7,0.184
Perlis,6.4449,100.2048,2026-01-17T01:00,25.3,84,28.3,0.0,0,1009.7,14.9,45,0,0.0,29.0,0.184
Perlis,6.4449,100.2048,2026-01-17T02:00,24.7,85,27.6,0.0,0,1009.3,14.5,48,0,0.0,28.6,0.18
Perlis,6.4449,100.2048,2026-01-17T03:00,24.2,87,27.2,0.0,0,1009.0,13.5,48,4,0.0,28.0,0.18
Perlis,6.4449,100.2048,2026-01-17T04:00,23.9,88,27.0,0.0,0,1008.2,11.7,53,8,0.0,27.5,0.18
Perlis,6.4449,100.2048,2026-01-17T05:00,23.5,90,26.7,0.0,0,1008.1,11.3,48,2,0.0,27.0,0.18
Perlis,6.4449,100.2048,2026-01-17T06:00,23.2,91,26.2,0.0,0,1008.1,12.0,49,6,0.0,26.6,0.18
Perlis,6.4449,100.2048,2026-01-17T07:00,23.0,91,25.9,0.0,0,1008.3,12.8,48,4,0.0,26.3,0.18
Perlis,6.4449,100.2048,2026-01-17T08:00,23.7,89,26.5,0.0,0,1008.5,13.9,48,9,7.0,26.1,0.182
Perlis,6.4449,100.2048,2026-01-17T09:00,25.5,80,28.3,0.0,0,1009.5,13.4,43,10,143.0,26.6,0.182
Perlis,6.4449,100.2048,2026-01-17T10:00,28.0,66,30.4,0.0,1,1010.2,13.5,47,20,365.0,28.1,0.182
Perlis,6.4449,100.2048,2026-01-17T11:00,30.0,54,32.2,0.0,2,1009.9,12.5,44,60,584.0,30.1,0.182
Perlis,6.4449,100.2048,2026-01-17T12:00,31.8,48,35.1,0.0,1,1009.3,10.3,33,27,771.0,32.5,0.182
Perlis,6.4449,100.2048,2026-01-17T13:00,33.0,42,37.0,0.0,1,1008.6,7.9,17,48,876.0,34.8,0.182
Perlis,6.4449,100.2048,2026-01-17T14:00,33.1,40,37.0,0.0,2,1007.4,6.4,350,54,884.0,36.8,0.184
Perlis,6.4449,100.2048,2026-01-17T15:00,33.2,39,36.4,0.0,3,1006.0,5.6,318,86,748.0,37.9,0.184
Perlis,6.4449,100.2048,2026-01-17T16:00,33.2,40,36.1,0.1,51,1005.1,5.8,309,46,695.0,38.5,0.185
Perlis,6.4449,100.2048,2026-01-17T17:00,32.8,41,34.9,0.7,53,1005.0,4.6,334,35,527.0,37.9,0.191
Perlis,6.4449,100.2048,2026-01-17T18:00,31.4,45,33.7,0.3,51,1005.4,4.1,319,45,342.0,36.8,0.194
Perlis,6.4449,100.2048,2026-01-17T19:00,29.7,52,31.9,0.1,51,1006.2,7.0,4,45,126.0,35.2,0.194
Perlis,6.4449,100.2048,2026-01-17T20:00,29.1,56,32.4,0.0,1,1006.7,1.9,73,41,5.0,34.0,0.188
Perlis,6.4449,100.2048,2026-01-17T21:00,28.7,59,32.4,0.0,1,1007.5,0.4,180,44,0.0,32.8,0.188
Perlis,6.4449,100.2048,2026-01-17T22:00,28.1,64,31.2,0.0,3,1008.3,7.7,24,100,0.0,31.9,0.188
Perlis,6.4449,100.2048,2026-01-17T23:00,27.3,71,30.6,0.0,1,1008.5,9.3,29,41,0.0,31.0,0.188
Perlis,6.4449,100.2048,2026-01-18T00:00,26.5,75,29.8,0.0,1,1008.6,9.7,27,32,0.0,30.1,0.188
Perlis,6.4449,100.2048,2026-01-18T01:00,25.8,79,29.2,0.0,1,1008.6,9.6,30,34,0.0,29.5,0.188
Perlis,6.4449,100.2048,2026-01-18T02:00,25.0,83,28.2,0.0,2,1008.0,11.7,38,73,0.0,28.7,0.189
Perlis,6.4449,100.2048,2026-01-18T03:00,24.4,86,27.5,0.0,3,1007.2,11.7,41,95,0.0,28.1,0.189
Perlis,6.4449,100.2048,2026-01-18T04:00,23.7,89,27.2,0.0,3,1006.9,9.3,43,100,0.0,27.5,0.189
Perlis,6.4449,100.2048,2026-01-18T05:00,23.4,91,27.0,0.0,3,1007.0,8.2,40,100,0.0,27.0,0.189
Perlis,6.4449,100.2048,2026-01-18T06:00,23.0,92,26.3,0.0,3,1007.1,9.7,39,91,0.0,26.5,0.189
Perlis,6.4449,100.2048,2026-01-18T07:00,22.8,92,25.8,0.0,2,1007.2,10.6,39,74,0.0,26.1,0.189
Perlis,6.4449,100.2048,2026-01-18T08:00,23.1,92,26.5,0.0,3,1007.7,9.9,35,95,7.0,26.1,0.185
Perlis,6.4449,100.2048,2026-01-18T09:00,25.3,80,28.6,0.0,3,1008.3,9.9,37,100,146.0,26.7,0.185
Perlis,6.4449,100.2048,2026-01-18T10:00,28.0,63,30.5,0.0,3,1008.6,10.6,46,99,370.0,28.2,0.185
Perlis,6.4449,100.2048,2026-01-18T11:00,30.8,42,31.5,0.0,3,1008.7,11.6,49,100,589.0,30.3,0.185
Perlis,6.4449,100.2048,2026-01-18T12:00,32.5,33,33.5,0.0,3,1008.3,11.0,48,100,750.0,32.5,0.185
Perlis,6.4449,100.2048,2026-01-18T13:00,33.7,32,35.5,0.0,3,1007.5,10.3,41,100,876.0,34.8,0.185
Perlis,6.4449,100.2048,2026-01-18T14:00,34.0,35,37.0,0.0,3,1006.4,8.9,38,100,913.0,36.7,0.189
Perlis,6.4449,100.2048,2026-01-18T15:00,34.6,32,37.5,0.0,3,1005.1,5.9,52,100,850.0,38.0,0.188
Perlis,6.4449,100.2048,2026-01-18T16:00,34.0,34,36.0,0.0,3,1004.3,5.2,6,100,650.0,38.5,0.188
Perlis,6.4449,100.2048,2026-01-18T17:00,33.5,36,34.6,0.0,3,1004.1,7.8,13,100,488.0,38.2,0.187
Perlis,6.4449,100.2048,2026-01-18T18:00,32.6,39,33.0,0.0,3,1004.3,14.0,30,100,251.0,37.2,0.187
Perlis,6.4449,100.2048,2026-01-18T19:00,30.0,52,30.5,0.0,3,1005.3,19.3,33,95,131.0,35.7,0.187
Perlis,6.4449,100.2048,2026-01-18T20:00,28.4,60,30.0,0.0,1,1006.5,14.6,35,21,6.0,34.4,0.184
Perlis,6.4449,100.2048,2026-01-18T21:00,27.5,66,29.5,0.0,3,1007.4,14.9,41,99,0.0,32.9,0.184
Perlis,6.4449,100.2048,2026-01-18T22:00,26.7,70,28.8,0.0,3,1007.9,15.2,42,98,0.0,31.6,0.184
Perlis,6.4449,100.2048,2026-01-18T23:00,26.3,70,28.0,0.0,3,1008.4,16.3,47,88,0.0,30.6,0.184
Perlis,6.4449,100.2048,2026-01-19T00:00,25.8,68,27.0,0.0,1,1008.6,15.7,49,36,0.0,29.8,0.184
Perlis,6.4449,100.2048,2026-01-19T01:00,25.0,70,26.0,0.0,2,1008.8,16.1,50,74,0.0,29.0,0.184
Perlis,6.4449,100.2048,2026-01-19T02:00,24.2,77,25.5,0.0,3,1008.3,18.0,46,100,0.0,28.6,0.183
Perlis,6.4449,100.2048,2026-01-19T03:00,23.8,82,25.3,0.0,3,1007.5,17.1,48,99,0.0,28.0,0.183
Perlis,6.4449,100.2048,2026-01-19T04:00,23.3,84,25.2,0.0,3,1007.0,14.7,50,100,0.0,27.3,0.183
Perlis,6.4449,100.2048,2026-01-19T05:00,23.0,86,25.1,0.0,3,1007.2,13.5,48,100,0.0,26.8,0.183
Perlis,6.4449,100.2048,2026-01-19T06:00,22.8,85,24.8,0.0,3,1007.3,12.9,47,100,0.0,26.2,0.183
Perlis,6.4449,100.2048,2026-01-19T07:00,22.6,85,24.6,0.0,3,1007.4,13.1,42,100,0.0,25.9,0.183
Perlis,6.4449,100.2048,2026-01-19T08:00,23.0,87,25.6,0.0,3,1007.9,11.2,41,100,7.0,25.9,0.181
Perlis,6.4449,100.2048,2026-01-19T09:00,24.9,79,27.5,0.0,3,1008.9,12.6,47,100,139.0,26.4,0.181
Perlis,6.4449,100.2048,2026-01-19T10:00,27.5,65,29.2,0.0,3,1009.5,15.7,46,99,366.0,27.8,0.181
Perlis,6.4449,100.2048,2026-01-19T11:00,30.1,47,30.7,0.0,3,1009.4,15.9,46,96,588.0,29.7,0.181
Perlis,6.4449,100.2048,2026-01-19T12:00,32.2,37,33.1,0.0,3,1009.3,15.4,53,100,769.0,32.0,0.181
Perlis,6.4449,100.2048,2026-01-19T13:00,33.7,31,34.7,0.0,3,1008.5,15.5,54,100,887.0,34.2,0.181
Perlis,6.4449,100.2048,2026-01-19T14:00,34.3,31,36.0,0.0,3,1008.0,13.5,56,100,918.0,36.0,0.181
Perlis,6.4449,100.2048,2026-01-19T15:00,34.7,30,36.6,0.0,3,1007.0,10.3,52,99,885.0,37.6,0.181
Perlis,6.4449,100.2048,2026-01-19T16:00,34.5,30,36.5,0.0,3,1006.1,5.9,35,95,769.0,38.6,0.181
Perlis,6.4449,100.2048,2026-01-19T17:00,34.0,33,34.7,0.0,3,1005.8,9.5,25,100,599.0,38.8,0.181
Perlis,6.4449,100.2048,2026-01-19T18:00,31.9,44,32.4,0.0,2,1006.3,16.3,35,71,356.0,37.8,0.181
Perlis,6.4449,100.2048,2026-01-19T19:00,29.6,55,30.5,0.0,3,1007.1,19.3,42,100,138.0,36.0,0.181
Perlis,6.4449,100.2048,2026-01-19T20:00,28.0,63,29.8,0.0,3,1008.1,14.7,36,100,7.0,33.8,0.187
Perlis,6.4449,100.2048,2026-01-19T21:00,27.1,67,28.9,0.0,3,1008.9,16.0,41,100,0.0,32.3,0.187
Perlis,6.4449,100.2048,2026-01-19T22:00,26.1,73,28.1,0.0,3,1009.8,16.4,45,90,0.0,31.0,0.187
Perlis,6.4449,100.2048,2026-01-19T23:00,25.5,77,27.6,0.0,3,1010.1,16.9,52,98,0.0,30.0,0.187
Perlis,6.4449,100.2048,2026-01-20T00:00,25.0,80,26.8,0.0,3,1010.0,18.0,49,91,0.0,29.2,0.187
Perlis,6.4449,100.2048,2026-01-20T01:00,24.5,83,26.4,0.0,3,1010.0,17.7,49,100,0.0,28.5,0.187
Perlis,6.4449,100.2048,2026-01-20T02:00,24.1,85,26.1,0.0,3,1009.3,17.7,48,95,0.0,28.0,0.185
Perlis,6.4449,100.2048,2026-01-20T03:00,23.6,87,25.7,0.0,3,1008.6,17.3,51,98,0.0,27.4,0.185
Perlis,6.4449,100.2048,2026-01-20T04:00,23.2,89,25.2,0.0,3,1007.9,16.8,49,99,0.0,26.9,0.185
Perlis,6.4449,100.2048,2026-01-20T05:00,22.9,89,25.0,0.0,3,1007.8,15.8,54,100,0.0,26.4,0.185
Perlis,6.4449,100.2048,2026-01-20T06:00,22.5,90,24.7,0.0,3,1008.2,14.6,55,100,0.0,26.0,0.185
Perlis,6.4449,100.2048,2026-01-20T07:00,22.4,90,24.3,0.0,3,1008.4,15.1,55,100,0.0,25.6,0.185
Perlis,6.4449,100.2048,2026-01-20T08:00,22.6,89,24.7,0.0,3,1009.3,15.3,50,100,6.0,25.4,0.185
Perlis,6.4449,100.2048,2026-01-20T09:00,24.6,79,26.6,0.0,3,1010.3,15.8,49,100,135.0,25.9,0.185
Perlis,6.4449,100.2048,2026-01-20T10:00,27.1,66,28.3,0.0,3,1011.1,18.9,49,100,359.0,27.2,0.185
Perlis,6.4449,100.2048,2026-01-20T11:00,29.4,55,30.2,0.0,3,1011.3,17.9,52,100,553.0,29.0,0.185
Perlis,6.4449,100.2048,2026-01-20T12:00,31.4,45,32.7,0.0,3,1010.8,17.7,57,100,737.0,31.2,0.185
Perlis,6.4449,100.2048,2026-01-20T13:00,32.7,40,34.6,0.0,3,1010.0,16.1,56,100,860.0,33.3,0.185
Perlis,6.4449,100.2048,2026-01-20T14:00,33.4,36,35.4,0.0,3,1009.2,14.9,54,100,913.0,35.2,0.185
Perlis,6.4449,100.2048,2026-01-20T15:00,33.8,36,35.7,0.0,3,1007.8,14.3,51,100,859.0,36.6,0.185
Perlis,6.4449,100.2048,2026-01-20T16:00,33.3,38,34.4,0.0,3,1007.1,15.8,42,100,746.0,37.2,0.184
Perlis,6.4449,100.2048,2026-01-20T17:00,32.9,39,33.2,0.0,3,1006.8,16.8,49,100,583.0,37.1,0.184
Perlis,6.4449,100.2048,2026-01-20T18:00,31.8,43,31.9,0.0,3,1006.9,17.5,56,100,344.0,36.3,0.184
Perlis,6.4449,100.2048,2026-01-20T19:00,29.9,52,31.0,0.0,3,1007.2,15.4,45,100,124.0,34.8,0.184
Perlis,6.4449,100.2048,2026-01-20T20:00,29.1,56,30.6,0.0,3,1007.8,14.5,31,100,6.0,33.5,0.191
Perlis,6.4449,100.2048,2026-01-20T21:00,27.6,64,29.3,0.0,3,1008.8,16.0,33,100,0.0,32.2,0.191
Perlis,6.4449,100.2048,2026-01-20T22:00,26.8,70,28.8,0.0,3,1010.1,15.7,44,100,0.0,31.0,0.191
Perlis,6.4449,100.2048,2026-01-20T23:00,26.2,70,28.1,0.0,3,1010.6,14.8,53,100,0.0,30.0,0.191
Perlis,6.4449,100.2048,2026-01-21T00:00,25.2,72,27.1,0.0,3,1010.9,13.8,54,100,0.0,29.2,0.191
Perlis,6.4449,100.2048,2026-01-21T01:00,24.6,77,26.5,0.0,3,1010.7,14.1,51,100,0.0,28.5,0.191
Perlis,6.4449,100.2048,2026-01-21T02:00,24.1,80,25.9,0.0,3,1010.4,16.1,53,100,0.0,28.0,0.189
Perlis,6.4449,100.2048,2026-01-21T03:00,23.8,81,25.4,0.0,3,1009.6,16.2,54,100,0.0,27.4,0.189
Perlis,6.4449,100.2048,2026-01-21T04:00,23.4,81,25.2,0.0,3,1009.0,14.2,55,100,0.0,26.9,0.189
Perlis,6.4449,100.2048,2026-01-21T05:00,23.1,81,25.0,0.0,3,1008.8,12.2,54,100,0.0,26.5,0.189
Perlis,6.4449,100.2048,2026-01-21T06:00,22.9,82,24.8,0.0,3,1009.2,12.2,52,100,0.0,26.0,0.189
Perlis,6.4449,100.2048,2026-01-21T07:00,22.6,82,24.4,0.0,3,1009.3,12.9,47,100,0.0,25.7,0.189
Perlis,6.4449,100.2048,2026-01-21T08:00,22.5,84,24.3,0.0,3,1009.9,13.4,46,100,6.0,25.0,0.189
Perlis,6.4449,100.2048,2026-01-21T09:00,24.6,75,26.3,0.0,3,1010.7,14.6,51,100,141.0,25.6,0.189
Perlis,6.4449,100.2048,2026-01-21T10:00,27.2,62,28.2,0.0,3,1011.3,17.9,54,100,359.0,27.0,0.188
Perlis,6.4449,100.2048,2026-01-21T11:00,29.5,51,29.6,0.0,3,1011.5,21.0,57,100,576.0,28.9,0.188
Perlis,6.4449,100.2048,2026-01-21T12:00,31.2,43,31.6,0.0,3,1011.2,22.0,63,100,769.0,31.0,0.188
Perlis,6.4449,100.2048,2026-01-21T13:00,32.5,39,33.3,0.0,3,1010.5,22.1,64,100,885.0,33.0,0.187
Perlis,6.4449,100.2048,2026-01-21T14:00,32.6,40,33.7,0.0,3,1010.1,22.1,63,100,918.0,34.5,0.187
Perlis,6.4449,100.2048,2026-01-21T15:00,32.7,39,32.8,0.0,3,1008.9,22.0,61,100,737.0,35.2,0.186
Perlis,6.4449,100.2048,2026-01-21T16:00,32.0,41,31.2,0.0,3,1008.3,23.1,64,100,543.0,35.3,0.186
Perlis,6.4449,100.2048,2026-01-21T17:00,31.5,43,31.0,0.0,3,1008.3,21.0,76,100,526.0,35.2,0.186
Perlis,6.4449,100.2048,2026-01-21T18:00,31.0,43,30.5,0.0,3,1008.6,21.0,65,99,362.0,34.8,0.186
Perlis,6.4449,100.2048,2026-01-21T19:00,29.5,47,29.0,0.0,3,1009.1,21.2,74,100,136.0,33.6,0.186
Perlis,6.4449,100.2048,2026-01-21T20:00,28.5,54,29.0,0.0,3,1009.7,16.7,65,100,7.0,33.0,0.185
Perlis,6.4449,100.2048,2026-01-21T21:00,27.5,59,28.5,0.0,3,1010.4,16.0,61,100,0.0,31.7,0.185
Perlis,6.4449,100.2048,2026-01-21T22:00,26.7,63,27.3,0.0,3,1011.2,18.9,56,100,0.0,30.7,0.185
Perlis,6.4449,100.2048,2026-01-21T23:00,26.0,65,26.6,0.0,3,1011.7,18.5,57,100,0.0,29.8,0.185
Perlis,6.4449,100.2048,2026-01-22T00:00,25.5,66,26.4,0.0,3,1012.0,15.9,61,100,0.0,29.0,0.185
Perlis,6.4449,100.2048,2026-01-22T01:00,25.2,66,26.3,0.0,3,1012.1,13.9,66,95,0.0,28.5,0.185
Perlis,6.4449,100.2048,2026-01-22T02:00,24.5,70,25.9,0.0,2,1011.6,13.3,58,61,0.0,28.0,0.185
Perlis,6.4449,100.2048,2026-01-22T03:00,23.7,74,25.1,0.0,2,1010.9,13.0,52,54,0.0,27.4,0.185
Perlis,6.4449,100.2048,2026-01-22T04:00,23.2,76,24.6,0.0,1,1010.1,13.2,51,23,0.0,26.8,0.185
Perlis,6.4449,100.2048,2026-01-22T05:00,22.9,77,24.0,0.0,2,1009.9,14.2,50,50,0.0,26.4,0.185
Perlis,6.4449,100.2048,2026-01-22T06:00,22.8,76,23.5,0.0,0,1010.3,15.9,52,4,0.0,26.0,0.185
Perlis,6.4449,100.2048,2026-01-22T07:00,22.6,76,23.2,0.0,0,1010.8,16.4,54,2,0.0,25.6,0.185
Perlis,6.4449,100.2048,2026-01-22T08:00,23.0,77,23.6,0.0,0,1011.1,18.4,59,0,6.0,25.0,0.185
Perlis,6.4449,100.2048,2026-01-22T09:00,24.6,70,25.5,0.0,2,1011.9,17.1,65,50,148.0,25.6,0.185
Perlis,6.4449,100.2048,2026-01-22T10:00,27.3,57,27.2,0.0,2,1012.6,20.8,68,75,381.0,27.0,0.185
Perlis,6.4449,100.2048,2026-01-22T11:00,29.4,49,28.9,0.0,3,1012.8,22.7,67,80,602.0,29.0,0.185
Perlis,6.4449,100.2048,2026-01-22T12:00,31.0,40,30.5,0.0,2,1012.2,24.6,69,71,780.0,31.0,0.185
Perlis,6.4449,100.2048,2026-01-22T13:00,32.1,38,32.1,0.0,3,1011.2,25.1,66,99,896.0,32.9,0.185
Perlis,6.4449,100.2048,2026-01-22T14:00,32.5,39,33.3,0.0,3,1010.7,23.2,61,98,929.0,34.4,0.185
Perlis,6.4449,100.2048,2026-01-22T15:00,32.8,37,33.4,0.0,3,1009.8,22.4,59,98,885.0,35.6,0.184
Perlis,6.4449,100.2048,2026-01-22T16:00,33.0,36,32.8,0.0,3,1008.8,22.2,59,98,769.0,36.2,0.184
Perlis,6.4449,100.2048,2026-01-22T17:00,32.3,37,31.2,0.0,3,1008.6,22.8,59,95,583.0,36.2,0.184
Perlis,6.4449,100.2048,2026-01-22T18:00,31.4,39,30.0,0.0,3,1009.0,23.0,65,95,380.0,35.5,0.184
Perlis,6.4449,100.2048,2026-01-22T19:00,29.9,43,28.7,0.0,3,1009.7,22.2,70,96,149.0,34.2,0.184
Perlis,6.4449,100.2048,2026-01-22T20:00,28.5,51,28.4,0.0,3,1010.7,18.5,58,98,8.0,33.0,0.184
Perlis,6.4449,100.2048,2026-01-22T21:00,27.5,55,27.5,0.0,3,1011.6,19.2,62,98,0.0,31.8,0.184
Perlis,6.4449,100.2048,2026-01-22T22:00,26.5,62,26.8,0.0,3,1012.6,19.9,61,99,0.0,30.6,0.184
Perlis,6.4449,100.2048,2026-01-22T23:00,25.5,68,26.0,0.0,2,1012.7,20.8,60,66,0.0,29.7,0.184
Perlis,6.4449,100.2048,2026-01-23T00:00,25.0,71,25.4,0.0,2,1012.7,21.0,62,59,0.0,28.9,0.184
Perlis,6.4449,100.2048,2026-01-23T01:00,24.5,73,25.0,0.0,3,1012.9,21.1,63,80,0.0,28.2,0.184
Perlis,6.4449,100.2048,2026-01-23T02:00,24.1,75,24.6,0.0,3,1012.6,20.8,64,80,0.0,27.4,0.184
Perlis,6.4449,100.2048,2026-01-23T03:00,23.6,77,24.3,0.0,3,1012.2,19.8,66,97,0.0,27.0,0.184
Perlis,6.4449,100.2048,2026-01-23T04:00,23.5,77,24.2,0.0,3,1011.8,18.6,65,96,0.0,26.5,0.184
Perlis,6.4449,100.2048,2026-01-23T05:00,23.2,77,23.9,0.0,3,1011.3,18.8,64,94,0.0,26.2,0.184
Perlis,6.4449,100.2048,2026-01-23T06:00,23.1,77,23.7,0.0,3,1011.3,18.9,62,93,0.0,25.9,0.184
Perlis,6.4449,100.2048,2026-01-23T07:00,22.9,79,23.4,0.0,3,1011.9,19.5,61,97,0.0,25.6,0.184
Perlis,6.4449,100.2048,2026-01-23T08:00,23.2,79,24.1,0.0,3,1012.5,18.5,66,100,6.0,25.4,0.184
Perlis,6.4449,100.2048,2026-01-23T09:00,24.9,72,25.9,0.0,3,1013.6,17.8,68,100,140.0,25.9,0.184
Perlis,6.4449,100.2048,2026-01-23T10:00,27.1,63,27.7,0.0,3,1014.1,20.9,69,99,364.0,27.2,0.184
Perlis,6.4449,100.2048,2026-01-23T11:00,29.1,55,29.5,0.0,3,1014.1,22.5,70,98,582.0,29.0,0.184
Perlis,6.4449,100.2048,2026-01-23T12:00,30.5,50,31.2,0.0,3,1013.7,25.0,68,99,764.0,31.0,0.184
Perlis,6.4449,100.2048,2026-01-23T13:00,32.0,43,32.8,0.0,2,1012.9,24.3,69,77,872.0,32.8,0.184
Perlis,6.4449,100.2048,2026-01-23T14:00,32.9,41,34.6,0.0,2,1012.3,19.7,66,64,904.0,34.4,0.184
Perlis,6.4449,100.2048,2026-01-23T15:00,33.0,40,34.1,0.0,2,1011.1,19.0,63,52,801.0,35.5,0.184
Perlis,6.4449,100.2048,2026-01-23T16:00,33.0,39,33.6,0.0,1,1010.0,20.8,57,23,760.0,36.3,0.184
Perlis,6.4449,100.2048,2026-01-23T17:00,32.5,40,31.9,0.0,1,1009.5,22.1,59,30,593.0,36.3,0.184
Perlis,6.4449,100.2048,2026-01-23T18:00,31.6,42,30.7,0.0,2,1009.7,22.7,61,65,375.0,35.7,0.184
Perlis,6.4449,100.2048,2026-01-23T19:00,30.2,45,29.4,0.0,2,1010.2,21.7,62,57,151.0,34.4,0.184
Perlis,6.4449,100.2048,2026-01-23T20:00,29.0,52,29.8,0.0,2,1011.2,14.5,59,52,8.0,33.3,0.184
Perlis,6.4449,100.2048,2026-01-23T21:00,27.9,58,28.6,0.0,2,1012.1,17.8,55,62,0.0,32.0,0.184
Perlis,6.4449,100.2048,2026-01-23T22:00,26.6,64,27.2,0.0,3,1013.0,20.7,59,95,0.0,30.9,0.184
Perlis,6.4449,100.2048,2026-01-23T23:00,25.6,70,26.2,0.0,3,1013.4,22.1,59,91,0.0,29.9,0.184
Perlis,6.4449,100.2048,2026-01-24T00:00,24.9,75,25.6,0.0,3,1013.3,22.5,57,85,0.0,29.0,0.184
Perlis,6.4449,100.2048,2026-01-24T01:00,24.6,76,25.3,0.0,2,1013.5,22.8,61,76,0.0,28.4,0.184
Perlis,6.4449,100.2048,2026-01-24T02:00,24.6,76,25.6,0.0,2,1012.9,19.5,64,74,0.0,28.0,0.184
Perlis,6.4449,100.2048,2026-01-24T03:00,24.4,75,25.3,0.0,3,1012.6,18.7,64,91,0.0,27.5,0.184
Perlis,6.4449,100.2048,2026-01-24T04:00,24.1,74,25.2,0.0,2,1012.3,16.3,67,73,0.0,27.1,0.184
Perlis,6.4449,100.2048,2026-01-24T05:00,23.9,75,25.0,0.0,3,1012.2,15.9,63,95,0.0,26.7,0.184
Perlis,6.4449,100.2048,2026-01-24T06:00,23.6,76,24.7,0.0,2,1012.2,16.6,61,77,0.0,26.4,0.184
Perlis,6.4449,100.2048,2026-01-24T07:00,23.5,76,24.5,0.0,0,1012.8,16.8,65,1,0.0,26.1,0.184
Perlis,6.4449,100.2048,2026-01-24T08:00,23.4,80,25.0,0.0,0,1013.4,14.7,61,0,6.0,25.8,0.184
Perlis,6.4449,100.2048,2026-01-24T09:00,25.2,72,26.9,0.0,0,1014.0,14.8,57,1,145.0,26.4,0.184
Perlis,6.4449,100.2048,2026-01-24T10:00,28.0,58,28.7,0.0,0,1014.5,18.6,67,5,380.0,27.8,0.184
Perlis,6.4449,100.2048,2026-01-24T11:00,30.1,48,30.2,0.0,0,1014.4,20.9,73,4,604.0,29.6,0.184
Perlis,6.4449,100.2048,2026-01-24T12:00,31.9,41,32.1,0.0,0,1013.6,22.8,70,16,783.0,31.8,0.184
Perlis,6.4449,100.2048,2026-01-24T13:00,32.9,37,33.2,0.0,3,1012.4,24.2,66,85,898.0,33.6,0.184
Perlis,6.4449,100.2048,2026-01-24T14:00,33.8,33,34.2,0.0,3,1011.6,21.9,68,91,939.0,35.2,0.184
Perlis,6.4449,100.2048,2026-01-24T15:00,34.0,32,34.3,0.0,2,1010.3,21.2,66,78,904.0,36.4,0.184
Perlis,6.4449,100.2048,2026-01-24T16:00,33.8,33,33.4,0.0,3,1009.5,22.2,64,95,791.0,37.0,0.184
Perlis,6.4449,100.2048,2026-01-24T17:00,33.1,35,31.9,0.0,1,1009.1,23.1,64,20,616.0,36.9,0.184
Perlis,6.4449,100.2048,2026-01-24T18:00,32.3,35,30.9,0.0,2,1009.0,21.1,58,77,377.0,36.2,0.184
Perlis,6.4449,100.2048,2026-01-24T19:00,30.3,43,29.4,0.0,2,1009.5,21.6,46,68,156.0,35.0,0.184
Perlis,6.4449,100.2048,2026-01-24T20:00,28.9,50,29.3,0.0,3,1010.5,15.1,59,100,8.0,33.3,0.184
Perlis,6.4449,100.2048,2026-01-24T21:00,27.5,59,28.2,0.0,3,1011.4,17.2,44,95,0.0,32.0,0.184
Perlis,6.4449,100.2048,2026-01-24T22:00,26.5,65,27.1,0.0,3,1012.2,20.9,55,91,0.0,30.9,0.184
Perlis,6.4449,100.2048,2026-01-24T23:00,25.6,68,26.1,0.0,3,1012.6,21.2,55,88,0.0,29.9,0.184
Perlis,6.4449,100.2048,2026-01-25T00:00,25.1,72,25.7,0.0,3,1012.5,21.0,54,95,0.0,29.0,0.184
Perlis,6.4449,100.2048,2026-01-25T01:00,24.7,74,25.5,0.0,0,1012.8,19.8,55,10,0.0,28.4,0.184
Perlis,6.4449,100.2048,2026-01-25T02:00,24.6,76,26.2,0.0,0,1012.0,16.5,52,12,0.0,28.5,0.184
Perlis,6.4449,100.2048,2026-01-25T03:00,24.3,76,25.7,0.0,3,1011.6,16.2,49,84,0.0,28.0,0.184
Perlis,6.4449,100.2048,2026-01-25T04:00,24.0,77,25.2,0.0,3,1011.0,17.1,51,99,0.0,27.4,0.184
Perlis,6.4449,100.2048,2026-01-25T05:00,23.8,79,25.1,0.0,3,1010.8,16.6,48,100,0.0,27.0,0.184
Perlis,6.4449,100.2048,2026-01-25T06:00,23.4,80,24.6,0.0,3,1011.0,16.9,45,100,0.0,26.5,0.184
Perlis,6.4449,100.2048,2026-01-25T07:00,23.2,80,24.5,0.0,3,1011.4,16.6,48,100,0.0,26.2,0.184
Perlis,6.4449,100.2048,2026-01-25T08:00,23.9,78,25.7,0.0,3,1011.8,13.5,56,100,6.0,26.2,0.184
Perlis,6.4449,100.2048,2026-01-25T09:00,25.4,71,26.6,0.0,3,1012.6,17.3,43,99,131.0,26.6,0.184
Perlis,6.4449,100.2048,2026-01-25T10:00,27.5,60,28.7,0.0,3,1013.0,15.9,55,91,346.0,27.9,0.184
Perlis,6.4449,100.2048,2026-01-25T11:00,30.0,50,31.1,0.0,2,1012.8,16.1,62,63,588.0,29.9,0.184
Perlis,6.4449,100.2048,2026-01-25T12:00,32.2,40,33.7,0.0,1,1012.1,15.9,70,37,781.0,32.2,0.184
Perlis,6.4449,100.2048,2026-01-25T13:00,33.7,36,35.7,0.0,3,1011.5,14.3,76,99,899.0,34.4,0.184
Perlis,6.4449,100.2048,2026-01-25T14:00,34.2,33,36.5,0.0,3,1010.7,10.7,78,98,888.0,36.2,0.184
Perlis,6.4449,100.2048,2026-01-25T15:00,34.5,31,37.1,0.0,3,1009.6,5.4,90,97,822.0,37.8,0.184
Perlis,6.4449,100.2048,2026-01-25T16:00,34.0,32,36.6,0.0,3,1008.9,0.9,180,100,701.0,38.8,0.184
Perlis,6.4449,100.2048,2026-01-25T17:00,33.4,33,34.7,0.0,3,1008.5,2.9,360,100,509.0,38.8,0.184
Perlis,6.4449,100.2048,2026-01-25T18:00,32.8,35,33.3,0.0,3,1008.7,8.7,24,100,327.0,38.0,0.184
Perlis,6.4449,100.2048,2026-01-25T19:00,30.0,50,30.1,0.0,3,1009.7,20.4,50,97,109.0,36.3,0.184
Perlis,6.4449,100.2048,2026-01-25T20:00,28.6,57,29.3,0.0,3,1010.2,19.8,62,98,8.0,34.2,0.184
Perlis,6.4449,100.2048,2026-01-25T21:00,27.5,65,29.2,0.0,3,1011.1,16.2,58,100,0.0,32.8,0.184
Perlis,6.4449,100.2048,2026-01-25T22:00,27.0,66,28.5,0.0,3,1012.0,16.9,61,98,0.0,31.5,0.184
Perlis,6.4449,100.2048,2026-01-25T23:00,26.1,68,27.5,0.0,3,1012.3,16.5,56,97,0.0,30.5,0.184
Perlis,6.4449,100.2048,2026-01-26T00:00,25.7,69,26.8,0.0,3,1012.1,18.0,50,98,0.0,29.8,0.184
Perlis,6.4449,100.2048,2026-01-26T01:00,25.1,71,26.1,0.0,3,1012.3,18.0,48,100,0.0,29.0,0.184
Perlis,6.4449,100.2048,2026-01-26T02:00,25.0,74,26.3,0.0,3,1012.0,17.5,50,100,0.0,29.1,0.184
Perlis,6.4449,100.2048,2026-01-26T03:00,24.7,76,26.2,0.0,3,1011.6,16.5,52,100,0.0,28.5,0.184
Perlis,6.4449,100.2048,2026-01-26T04:00,24.2,78,25.6,0.0,3,1011.2,18.0,52,84,0.0,27.9,0.184
Perlis,6.4449,100.2048,2026-01-26T05:00,24.1,78,25.5,0.0,1,1011.2,17.5,50,44,0.0,27.5,0.184
Perlis,6.4449,100.2048,2026-01-26T06:00,24.0,78,25.2,0.0,3,1011.5,17.4,52,100,0.0,27.0,0.184
Perlis,6.4449,100.2048,2026-01-26T07:00,23.6,79,24.9,0.0,3,1012.0,16.7,54,99,0.0,26.7,0.184
Perlis,6.4449,100.2048,2026-01-26T08:00,24.0,79,25.6,0.0,0,1012.4,15.9,55,9,6.0,26.5,0.188
Perlis,6.4449,100.2048,2026-01-26T09:00,25.5,72,26.8,0.0,0,1013.2,17.8,48,1,139.0,26.9,0.188
Perlis,6.4449,100.2048,2026-01-26T10:00,28.0,59,28.6,0.0,0,1013.4,19.1,59,1,375.0,28.1,0.188
Perlis,6.4449,100.2048,2026-01-26T11:00,30.2,49,30.7,0.0,0,1013.1,19.3,65,2,597.0,30.0,0.188
Perlis,6.4449,100.2048,2026-01-26T12:00,32.0,42,33.0,0.0,0,1012.3,19.5,68,1,776.0,32.0,0.187
Perlis,6.4449,100.2048,2026-01-26T13:00,33.2,39,34.7,0.0,0,1011.4,19.2,65,2,891.0,34.0,0.187
Perlis,6.4449,100.2048,2026-01-26T14:00,34.0,36,35.9,0.0,2,1010.6,16.9,57,51,934.0,35.8,0.189
Perlis,6.4449,100.2048,2026-01-26T15:00,34.0,36,35.4,0.0,1,1009.7,16.8,58,40,842.0,36.8,0.188
Perlis,6.4449,100.2048,2026-01-26T16:00,33.7,37,34.5,0.0,2,1008.8,17.1,58,50,737.0,37.2,0.188
Perlis,6.4449,100.2048,2026-01-26T17:00,33.3,37,33.2,0.0,1,1008.4,18.0,58,37,580.0,37.1,0.187
Perlis,6.4449,100.2048,2026-01-26T18:00,31.6,43,31.3,0.0,0,1009.0,20.9,47,2,366.0,36.3,0.187
Perlis,6.4449,100.2048,2026-01-26T19:00,29.3,53,29.4,0.0,0,1009.7,21.7,42,1,152.0,34.8,0.187
Perlis,6.4449,100.2048,2026-01-26T20:00,28.5,58,29.4,0.0,0,1010.7,17.7,38,13,9.0,33.6,0.18
Perlis,6.4449,100.2048,2026-01-26T21:00,27.4,63,28.2,0.0,0,1011.6,20.1,48,8,0.0,32.2,0.18
Perlis,6.4449,100.2048,2026-01-26T22:00,26.7,64,27.2,0.0,0,1012.4,21.0,47,2,0.0,31.1,0.18
Perlis,6.4449,100.2048,2026-01-26T23:00,26.0,66,26.2,0.0,0,1012.7,22.1,52,1,0.0,30.2,0.18
Perlis,6.4449,100.2048,2026-01-27T00:00,25.2,70,25.5,0.0,0,1012.5,22.3,55,1,0.0,29.4,0.18
Perlis,6.4449,100.2048,2026-01-27T01:00,24.7,74,25.3,0.0,1,1012.5,21.4,56,24,0.0,28.6,0.18
Perlis,6.4449,100.2048,2026-01-27T02:00,24.2,77,25.1,0.0,0,1012.4,20.3,57,12,0.0,28.1,0.181
Perlis,6.4449,100.2048,2026-01-27T03:00,23.9,79,24.9,0.0,0,1012.3,19.5,60,0,0.0,27.5,0.181
Perlis,6.4449,100.2048,2026-01-27T04:00,23.6,81,24.6,0.0,0,1012.0,19.7,62,2,0.0,27.1,0.181
Perlis,6.4449,100.2048,2026-01-27T05:00,23.4,82,24.3,0.0,0,1011.8,20.1,58,5,0.0,26.7,0.181
Perlis,6.4449,100.2048,2026-01-27T06:00,23.0,84,24.1,0.0,0,1012.1,19.8,57,5,0.0,26.4,0.181
Perlis,6.4449,100.2048,2026-01-27T07:00,22.9,85,23.9,0.0,0,1012.5,19.9,56,19,0.0,26.0,0.181
Perlis,6.4449,100.2048,2026-01-27T08:00,23.2,83,24.3,0.0,1,1013.3,19.1,58,30,6.0,25.6,0.181
Perlis,6.4449,100.2048,2026-01-27T09:00,24.9,74,25.9,0.0,0,1014.0,19.7,59,3,143.0,26.1,0.181
Perlis,6.4449,100.2048,2026-01-27T10:00,27.4,63,27.9,0.0,0,1014.3,21.5,59,14,376.0,27.5,0.181
Perlis,6.4449,100.2048,2026-01-27T11:00,29.7,51,29.7,0.0,1,1014.1,23.2,60,21,597.0,29.4,0.181
Perlis,6.4449,100.2048,2026-01-27T12:00,31.3,45,31.8,0.0,1,1013.5,23.1,58,42,771.0,31.5,0.181
Perlis,6.4449,100.2048,2026-01-27T13:00,32.5,41,33.2,0.0,2,1012.5,23.7,56,55,891.0,33.4,0.181
Perlis,6.4449,100.2048,2026-01-27T14:00,33.5,38,35.1,0.0,2,1011.7,19.3,56,56,931.0,35.0,0.19
Perlis,6.4449,100.2048,2026-01-27T15:00,33.8,37,35.2,0.0,2,1010.4,18.4,54,62,890.0,36.2,0.189
Perlis,6.4449,100.2048,2026-01-27T16:00,33.7,37,34.5,0.0,1,1009.6,19.3,53,20,783.0,36.8,0.188
Perlis,6.4449,100.2048,2026-01-27T17:00,33.4,37,33.5,0.0,1,1009.0,18.1,47,35,613.0,36.9,0.188
Perlis,6.4449,100.2048,2026-01-27T18:00,32.4,40,32.0,0.0,1,1009.2,20.2,30,41,394.0,36.3,0.188
Perlis,6.4449,100.2048,2026-01-27T19:00,29.4,51,29.0,0.0,3,1009.7,23.4,35,99,141.0,34.8,0.187
Perlis,6.4449,100.2048,2026-01-27T20:00,28.1,59,28.5,0.0,0,1010.6,21.6,35,16,9.0,33.7,0.181
Perlis,6.4449,100.2048,2026-01-27T21:00,26.6,70,27.5,0.0,3,1011.2,22.9,38,81,0.0,32.2,0.181
Perlis,6.4449,100.2048,2026-01-27T22:00,26.2,73,27.1,0.0,3,1012.1,23.9,47,96,0.0,31.0,0.181
Perlis,6.4449,100.2048,2026-01-27T23:00,25.7,74,26.2,0.0,2,1012.5,25.6,53,52,0.0,30.0,0.181
Perlis,6.4449,100.2048,2026-01-28T00:00,25.2,76,26.0,0.0,1,1012.6,24.0,57,34,0.0,29.2,0.181
Perlis,6.4449,100.2048,2026-01-28T01:00,24.9,78,25.7,0.0,0,1012.6,23.3,61,9,0.0,28.5,0.181
Perlis,6.4449,100.2048,2026-01-28T02:00,24.6,79,25.6,0.0,0,1012.5,22.2,61,7,0.0,27.9,0.181
Perlis,6.4449,100.2048,2026-01-28T03:00,24.3,80,25.5,0.0,3,1011.8,20.8,61,81,0.0,27.5,0.181
Perlis,6.4449,100.2048,2026-01-28T04:00,24.0,81,25.1,0.0,3,1011.2,21.0,60,100,0.0,27.1,0.181
Perlis,6.4449,100.2048,2026-01-28T05:00,24.2,80,25.4,0.0,3,1010.8,20.5,61,99,0.0,27.0,0.181
Perlis,6.4449,100.2048,2026-01-28T06:00,23.7,83,25.1,0.0,3,1010.8,19.2,64,99,0.0,26.6,0.181
Perlis,6.4449,100.2048,2026-01-28T07:00,23.3,86,24.8,0.0,3,1011.6,18.6,62,100,0.0,26.3,0.181
Perlis,6.4449,100.2048,2026-01-28T08:00,23.5,86,25.2,0.0,3,1012.1,18.9,57,100,6.0,26.2,0.181
Perlis,6.4449,100.2048,2026-01-28T09:00,25.1,78,26.6,0.0,3,1013.0,20.5,58,91,137.0,26.6,0.181
Perlis,6.4449,100.2048,2026-01-28T10:00,27.5,63,27.8,0.0,3,1013.4,23.1,57,100,341.0,27.8,0.181
Perlis,6.4449,100.2048,2026-01-28T11:00,29.5,53,29.4,0.0,3,1013.2,24.9,56,100,590.0,29.5,0.181
Perlis,6.4449,100.2048,2026-01-28T12:00,30.7,49,31.2,0.0,3,1013.0,24.7,57,100,723.0,31.3,0.181
Perlis,6.4449,100.2048,2026-01-28T13:00,31.9,45,32.7,0.0,3,1012.4,23.7,57,100,815.0,33.0,0.181
Perlis,6.4449,100.2048,2026-01-28T14:00,32.5,42,33.8,0.0,2,1011.9,21.6,54,54,865.0,34.5,0.181
Perlis,6.4449,100.2048,2026-01-28T15:00,33.4,39,35.0,0.0,3,1010.6,17.0,51,96,839.0,35.8,0.181
Perlis,6.4449,100.2048,2026-01-28T16:00,33.1,40,34.1,0.1,51,1009.6,18.0,49,99,714.0,36.5,0.182
Perlis,6.4449,100.2048,2026-01-28T17:00,32.8,40,32.9,0.0,3,1009.2,17.4,54,100,536.0,36.5,0.183
Perlis,6.4449,100.2048,2026-01-28T18:00,32.2,42,32.2,0.0,1,1009.2,18.2,38,42,363.0,36.0,0.183
Perlis,6.4449,100.2048,2026-01-28T19:00,29.5,52,29.6,0.0,3,1010.0,21.7,40,100,139.0,34.7,0.183
Perlis,6.4449,100.2048,2026-01-28T20:00,28.5,58,29.4,0.0,2,1011.1,18.3,47,62,9.0,33.3,0.181
Perlis,6.4449,100.2048,2026-01-28T21:00,27.3,67,28.5,0.0,0,1011.8,20.2,45,2,0.0,32.0,0.181
Perlis,6.4449,100.2048,2026-01-28T22:00,26.6,69,27.3,0.0,0,1012.2,23.0,49,4,0.0,31.0,0.181
Perlis,6.4449,100.2048,2026-01-28T23:00,26.1,69,26.5,0.0,0,1012.7,23.8,51,5,0.0,30.0,0.181
Perlis,6.4449,100.2048,2026-01-29T00:00,25.5,73,26.2,0.0,3,1012.9,22.7,52,88,0.0,29.3,0.181
Perlis,6.4449,100.2048,2026-01-29T01:00,25.0,77,25.8,0.0,3,1012.6,23.3,53,80,0.0,28.6,0.181
Perlis,6.4449,100.2048,2026-01-29T02:00,24.7,79,25.9,0.0,3,1012.5,21.0,59,96,0.0,28.2,0.181
Perlis,6.4449,100.2048,2026-01-29T03:00,24.4,81,25.8,0.0,3,1012.0,19.8,60,95,0.0,27.7,0.181
Perlis,6.4449,100.2048,2026-01-29T04:00,24.1,82,25.4,0.0,3,1011.2,20.0,58,100,0.0,27.3,0.181
Perlis,6.4449,100.2048,2026-01-29T05:00,23.9,83,25.2,0.0,3,1011.0,20.0,57,100,0.0,27.0,0.181
Perlis,6.4449,100.2048,2026-01-29T06:00,23.7,84,25.2,0.0,3,1011.3,18.6,57,93,0.0,26.6,0.181
Perlis,6.4449,100.2048,2026-01-29T07:00,23.5,84,25.0,0.0,2,1011.4,18.4,58,51,0.0,26.4,0.181
Perlis,6.4449,100.2048,2026-01-29T08:00,24.0,82,25.2,0.0,3,1011.7,20.3,53,100,6.0,26.2,0.182
Perlis,6.4449,100.2048,2026-01-29T09:00,25.3,74,26.3,0.0,3,1012.3,21.1,51,98,128.0,26.6,0.182
Perlis,6.4449,100.2048,2026-01-29T10:00,27.5,63,28.4,0.0,3,1013.0,19.9,59,97,353.0,27.9,0.182
Perlis,6.4449,100.2048,2026-01-29T11:00,29.8,51,29.9,0.0,3,1013.1,20.9,62,97,558.0,29.6,0.182
Perlis,6.4449,100.2048,2026-01-29T12:00,31.7,44,32.6,0.0,1,1012.7,20.5,62,34,754.0,31.8,0.182
Perlis,6.4449,100.2048,2026-01-29T13:00,33.0,41,34.7,0.0,0,1011.8,19.9,60,1,887.0,33.8,0.182
Perlis,6.4449,100.2048,2026-01-29T14:00,34.0,39,36.7,0.0,1,1011.1,15.6,56,32,930.0,35.7,0.193
Perlis,6.4449,100.2048,2026-01-29T15:00,33.8,39,36.2,0.4,51,1009.9,11.8,63,43,779.0,36.5,0.196
Perlis,6.4449,100.2048,2026-01-29T16:00,33.5,40,35.7,0.8,53,1009.2,12.8,51,48,738.0,36.7,0.203
Perlis,6.4449,100.2048,2026-01-29T17:00,33.0,42,34.1,0.8,53,1008.9,14.6,56,40,571.0,36.0,0.211
Perlis,6.4449,100.2048,2026-01-29T18:00,32.0,45,32.7,0.4,51,1009.0,16.6,49,45,375.0,35.0,0.214
Perlis,6.4449,100.2048,2026-01-29T19:00,30.3,51,31.3,0.0,1,1009.7,16.4,39,21,133.0,33.7,0.213
Perlis,6.4449,100.2048,2026-01-29T20:00,28.5,60,29.3,0.0,1,1010.9,20.5,29,34,9.0,33.7,0.182
Perlis,6.4449,100.2048,2026-01-29T21:00,27.7,62,28.2,0.0,0,1011.8,22.5,43,6,0.0,32.3,0.182
Perlis,6.4449,100.2048,2026-01-29T22:00,27.0,62,27.4,0.0,0,1012.7,20.2,50,9,0.0,31.2,0.182
Perlis,6.4449,100.2048,2026-01-29T23:00,26.1,68,26.7,0.0,0,1013.1,21.4,52,2,0.0,30.3,0.182
Perlis,6.4449,100.2048,2026-01-30T00:00,25.3,73,26.3,0.0,1,1013.3,20.6,54,21,0.0,29.5,0.182
Perlis,6.4449,100.2048,2026-01-30T01:00,24.8,77,26.0,0.0,0,1013.4,19.6,56,5,0.0,28.7,0.182
Perlis,6.4449,100.2048,2026-01-30T02:00,24.5,78,25.7,0.0,0,1013.0,19.2,56,5,0.0,28.1,0.182
Perlis,6.4449,100.2048,2026-01-30T03:00,24.0,81,25.6,0.0,0,1012.3,17.8,59,0,0.0,27.6,0.182
Perlis,6.4449,100.2048,2026-01-30T04:00,23.7,83,25.3,0.0,0,1012.0,17.6,57,1,0.0,27.1,0.182
Perlis,6.4449,100.2048,2026-01-30T05:00,23.5,83,25.2,0.0,0,1012.0,17.2,55,2,0.0,26.8,0.182
Perlis,6.4449,100.2048,2026-01-30T06:00,23.4,84,24.9,0.0,0,1012.3,17.5,53,2,0.0,26.5,0.182
Perlis,6.4449,100.2048,2026-01-30T07:00,23.2,84,24.6,0.0,2,1012.6,18.5,53,78,0.0,26.1,0.182
Perlis,6.4449,100.2048,2026-01-30T08:00,23.8,83,25.0,0.0,3,1013.0,19.9,52,82,6.0,26.0,0.182
Perlis,6.4449,100.2048,2026-01-30T09:00,25.2,76,26.4,0.0,1,1013.8,20.6,53,34,139.0,26.5,0.182
Perlis,6.4449,100.2048,2026-01-30T10:00,27.5,64,28.0,0.0,0,1014.2,23.0,55,12,376.0,27.8,0.182
Perlis,6.4449,100.2048,2026-01-30T11:00,29.6,53,29.9,0.0,1,1014.0,23.5,58,23,602.0,29.5,0.182
Perlis,6.4449,100.2048,2026-01-30T12:00,31.5,46,32.4,0.0,1,1013.5,22.7,57,33,780.0,31.6,0.182
Perlis,6.4449,100.2048,2026-01-30T13:00,32.7,42,34.1,0.0,0,1012.7,22.4,57,1,894.0,33.6,0.182
Perlis,6.4449,100.2048,2026-01-30T14:00,33.9,40,35.9,0.0,0,1011.5,19.9,57,1,934.0,35.3,0.181
Perlis,6.4449,100.2048,2026-01-30T15:00,34.2,39,36.2,0.0,0,1010.4,18.9,54,4,901.0,36.8,0.181
Perlis,6.4449,100.2048,2026-01-30T16:00,34.0,39,35.1,0.0,0,1009.6,19.9,49,5,769.0,37.4,0.181
Perlis,6.4449,100.2048,2026-01-30T17:00,33.3,41,33.5,0.0,0,1009.2,20.9,48,7,597.0,37.4,0.181
Perlis,6.4449,100.2048,2026-01-30T18:00,32.0,45,31.9,0.0,0,1009.1,22.0,47,5,384.0,36.6,0.181
Perlis,6.4449,100.2048,2026-01-30T19:00,30.4,51,30.8,0.0,0,1009.9,19.9,47,3,157.0,35.2,0.181
Perlis,6.4449,100.2048,2026-01-30T20:00,29.1,56,30.4,0.0,0,1010.8,16.5,31,3,10.0,34.1,0.184
Perlis,6.4449,100.2048,2026-01-30T21:00,27.5,68,29.2,0.0,0,1011.9,17.4,30,3,0.0,32.7,0.184
Perlis,6.4449,100.2048,2026-01-30T22:00,26.5,76,28.6,0.0,0,1012.6,18.0,39,3,0.0,31.4,0.184
Perlis,6.4449,100.2048,2026-01-30T23:00,26.1,77,27.9,0.0,0,1013.0,20.1,47,2,0.0,30.4,0.184
Perlis,6.4449,100.2048,2026-01-31T00:00,25.8,77,27.3,0.0,0,1013.2,20.8,50,4,0.0,29.6,0.184
Perlis,6.4449,100.2048,2026-01-31T01:00,25.3,78,27.0,0.0,0,1012.9,19.3,59,10,0.0,29.0,0.184
Perlis,6.4449,100.2048,2026-01-31T02:00,24.9,81,26.6,0.0,0,1012.6,19.5,57,0,0.0,28.5,0.184
Perlis,6.4449,100.2048,2026-01-31T03:00,24.4,83,26.1,0.0,0,1012.1,18.9,57,0,0.0,27.9,0.184
Perlis,6.4449,100.2048,2026-01-31T04:00,24.1,84,25.9,0.0,0,1011.6,19.0,57,0,0.0,27.5,0.184
Perlis,6.4449,100.2048,2026-01-31T05:00,23.8,86,25.4,0.0,0,1011.3,20.7,57,0,0.0,27.0,0.184
Perlis,6.4449,100.2048,2026-01-31T06:00,23.8,85,25.2,0.0,1,1011.6,20.5,56,27,0.0,26.8,0.184
Perlis,6.4449,100.2048,2026-01-31T07:00,23.6,85,25.1,0.0,2,1012.0,19.7,56,73,0.0,26.5,0.184
Perlis,6.4449,100.2048,2026-01-31T08:00,24.0,84,25.5,0.0,3,1012.6,20.4,54,98,6.0,26.0,0.184
Perlis,6.4449,100.2048,2026-01-31T09:00,25.6,76,27.2,0.0,2,1013.5,19.9,56,77,142.0,26.5,0.184
Perlis,6.4449,100.2048,2026-01-31T10:00,27.9,64,28.8,0.0,0,1014.1,21.8,58,17,377.0,27.9,0.184
Perlis,6.4449,100.2048,2026-01-31T11:00,30.0,54,30.8,0.0,1,1014.1,21.0,60,32,601.0,29.8,0.184
Perlis,6.4449,100.2048,2026-01-31T12:00,31.6,47,33.2,0.0,0,1013.8,20.2,60,9,778.0,31.9,0.184
Perlis,6.4449,100.2048,2026-01-31T13:00,32.9,42,34.7,0.0,0,1012.8,20.1,58,14,896.0,34.0,0.184
Perlis,6.4449,100.2048,2026-01-31T14:00,33.8,38,36.0,0.0,1,1012.2,17.1,58,32,934.0,35.7,0.185
Perlis,6.4449,100.2048,2026-01-31T15:00,34.4,36,36.3,0.0,0,1011.0,16.4,55,13,877.0,37.0,0.184
Perlis,6.4449,100.2048,2026-01-31T16:00,34.0,38,35.3,0.0,3,1010.0,18.0,56,83,772.0,37.8,0.184
Perlis,6.4449,100.2048,2026-01-31T17:00,33.2,41,33.6,0.0,3,1009.4,19.8,52,87,612.0,37.7,0.184
Perlis,6.4449,100.2048,2026-01-31T18:00,32.2,44,32.5,0.0,3,1009.5,19.1,51,99,384.0,36.8,0.184
Perlis,6.4449,100.2048,2026-01-31T19:00,30.9,48,31.1,0.0,3,1009.9,20.4,53,99,158.0,35.5,0.184
Perlis,6.4449,100.2048,2026-01-31T20:00,29.1,55,29.8,0.0,3,1010.8,19.1,32,99,10.0,34.4,0.184
Perlis,6.4449,100.2048,2026-01-31T21:00,28.2,61,29.4,0.0,3,1011.6,18.3,44,99,0.0,33.0,0.184
Perlis,6.4449,100.2048,2026-01-31T22:00,27.2,66,28.7,0.0,3,1012.5,17.9,50,88,0.0,31.8,0.184
Perlis,6.4449,100.2048,2026-01-31T23:00,26.4,69,27.6,0.0,3,1012.9,18.7,54,84,0.0,30.8,0.184
Perlis,6.4449,100.2048,2026-02-01T00:00,25.6,73,26.9,0.0,2,1012.9,19.1,58,79,0.0,29.9,0.184
Perlis,6.4449,100.2048,2026-02-01T01:00,25.2,76,26.8,0.0,2,1012.8,17.8,58,63,0.0,29.1,0.184
Perlis,6.4449,100.2048,2026-02-01T02:00,24.8,79,26.7,0.0,0,1012.2,17.0,57,3,0.0,28.5,0.184
Perlis,6.4449,100.2048,2026-02-01T03:00,24.4,82,26.4,0.0,0,1011.5,16.3,57,5,0.0,28.0,0.184
Perlis,6.4449,100.2048,2026-02-01T04:00,24.1,83,26.0,0.0,0,1010.7,17.4,55,0,0.0,27.5,0.184
Perlis,6.4449,100.2048,2026-02-01T05:00,23.8,85,25.8,0.0,0,1010.4,16.6,53,8,0.0,27.1,0.184
Perlis,6.4449,100.2048,2026-02-01T06:00,23.5,87,25.6,0.0,0,1010.8,16.2,53,0,0.0,26.8,0.184
Perlis,6.4449,100.2048,2026-02-01T07:00,23.4,87,25.3,0.0,0,1011.1,17.0,54,9,0.0,26.5,0.184
Perlis,6.4449,100.2048,2026-02-01T08:00,23.8,86,25.7,0.0,0,1012.0,17.3,55,0,6.0,26.2,0.184
Perlis,6.4449,100.2048,2026-02-01T09:00,25.5,77,27.2,0.0,0,1013.0,18.2,51,2,143.0,26.7,0.184
Perlis,6.4449,100.2048,2026-02-01T10:00,28.2,60,28.9,0.0,0,1013.5,20.7,55,1,378.0,28.1,0.184
Perlis,6.4449,100.2048,2026-02-01T11:00,30.5,50,30.9,0.0,2,1013.3,21.5,62,66,603.0,30.0,0.184
Perlis,6.4449,100.2048,2026-02-01T12:00,32.3,43,33.4,0.0,3,1012.9,20.8,64,92,783.0,32.2,0.184
Perlis,6.4449,100.2048,2026-02-01T13:00,33.5,38,34.7,0.0,3,1011.9,21.2,65,90,899.0,34.3,0.184
Perlis,6.4449,100.2048,2026-02-01T14:00,33.5,38,34.6,0.0,1,1011.7,20.0,61,25,852.0,35.7,0.194
Perlis,6.4449,100.2048,2026-02-01T15:00,33.0,40,34.1,0.3,51,1010.5,20.0,61,19,805.0,36.2,0.196
Perlis,6.4449,100.2048,2026-02-01T16:00,32.9,41,33.4,0.1,51,1009.8,21.2,63,95,714.0,36.5,0.195
Perlis,6.4449,100.2048,2026-02-01T17:00,32.3,42,31.7,0.0,3,1009.4,22.8,51,91,501.0,36.1,0.195
Perlis,6.4449,100.2048,2026-02-01T18:00,30.7,48,30.1,0.0,3,1009.6,26.1,46,98,364.0,35.3,0.194
Perlis,6.4449,100.2048,2026-02-01T19:00,29.0,55,28.7,0.0,3,1010.1,25.7,49,98,149.0,34.0,0.194
Perlis,6.4449,100.2048,2026-02-01T20:00,28.1,59,28.4,0.0,3,1010.7,22.8,43,97,10.0,33.2,0.182
Perlis,6.4449,100.2048,2026-02-01T21:00,27.4,62,28.0,0.0,3,1011.6,20.4,51,99,0.0,32.0,0.182
Perlis,6.4449,100.2048,2026-02-01T22:00,26.9,65,28.0,0.0,3,1012.7,18.5,61,96,0.0,31.0,0.182
Perlis,6.4449,100.2048,2026-02-01T23:00,26.2,67,27.2,0.0,3,1013.2,18.6,63,82,0.0,30.0,0.182
Perlis,6.4449,100.2048,2026-02-02T00:00,25.6,71,26.6,0.0,3,1013.0,19.7,63,93,0.0,29.4,0.182
Perlis,6.4449,100.2048,2026-02-02T01:00,25.0,77,26.3,0.0,3,1013.2,19.2,66,96,0.0,28.6,0.182
Perlis,6.4449,100.2048,2026-02-02T02:00,24.6,78,25.8,0.0,3,1012.7,19.7,67,97,0.0,28.1,0.181
Perlis,6.4449,100.2048,2026-02-02T03:00,24.2,77,25.5,0.0,3,1012.0,17.8,67,98,0.0,27.6,0.181
Perlis,6.4449,100.2048,2026-02-02T04:00,23.9,78,25.2,0.0,3,1011.7,16.9,63,98,0.0,27.2,0.181
Perlis,6.4449,100.2048,2026-02-02T05:00,23.6,78,24.9,0.0,3,1011.2,16.7,62,100,0.0,26.8,0.181
Perlis,6.4449,100.2048,2026-02-02T06:00,23.3,78,24.6,0.0,3,1011.3,15.5,64,99,0.0,26.5,0.181
Perlis,6.4449,100.2048,2026-02-02T07:00,23.1,79,24.3,0.0,3,1011.6,16.6,66,100,0.0,26.1,0.181
Perlis,6.4449,100.2048,2026-02-02T08:00,23.4,81,24.6,0.0,3,1012.1,17.9,66,99,6.0,25.9,0.18
Perlis,6.4449,100.2048,2026-02-02T09:00,25.3,71,26.4,0.0,3,1012.9,18.0,69,98,144.0,26.4,0.18
Perlis,6.4449,100.2048,2026-02-02T10:00,27.9,59,27.9,0.0,3,1013.1,22.8,66,98,380.0,27.8,0.18
Perlis,6.4449,100.2048,2026-02-02T11:00,30.1,45,28.8,0.0,3,1012.9,27.7,67,94,608.0,29.5,0.18
Perlis,6.4449,100.2048,2026-02-02T12:00,31.6,37,30.1,0.0,3,1012.5,29.8,67,98,789.0,31.5,0.18
Perlis,6.4449,100.2048,2026-02-02T13:00,32.5,35,31.6,0.0,3,1011.7,29.4,65,95,903.0,33.2,0.18
Perlis,6.4449,100.2048,2026-02-02T14:00,33.2,35,33.0,0.0,3,1011.1,26.6,63,98,949.0,34.8,0.182
Perlis,6.4449,100.2048,2026-02-02T15:00,33.5,33,33.0,0.0,3,1010.2,25.5,62,99,904.0,36.0,0.182
Perlis,6.4449,100.2048,2026-02-02T16:00,33.4,33,32.5,0.0,3,1009.2,24.8,62,96,804.0,36.7,0.182
Perlis,6.4449,100.2048,2026-02-02T17:00,32.8,32,30.8,0.0,3,1009.1,25.2,61,99,626.0,36.6,0.182
Perlis,6.4449,100.2048,2026-02-02T18:00,31.5,34,29.1,0.0,3,1009.4,25.9,61,98,402.0,35.9,0.182
Perlis,6.4449,100.2048,2026-02-02T19:00,30.0,38,27.6,0.0,3,1009.8,24.9,61,97,167.0,34.6,0.182
Perlis,6.4449,100.2048,2026-02-02T20:00,28.5,42,27.3,0.0,3,1010.9,18.0,58,88,11.0,33.3,0.184
Perlis,6.4449,100.2048,2026-02-02T21:00,27.5,53,27.0,0.0,2,1011.8,19.8,52,70,0.0,32.0,0.184
Perlis,6.4449,100.2048,2026-02-02T22:00,26.4,63,26.5,0.0,2,1012.6,21.1,53,66,0.0,30.8,0.184
Perlis,6.4449,100.2048,2026-02-02T23:00,25.7,66,25.7,0.0,0,1013.1,22.9,57,0,0.0,29.9,0.184
Perlis,6.4449,100.2048,2026-02-03T00:00,25.0,70,25.2,0.0,0,1013.4,22.6,62,1,0.0,29.0,0.184
Perlis,6.4449,100.2048,2026-02-03T01:00,24.6,74,25.0,0.0,0,1013.6,22.6,64,0,0.0,28.4,0.184
Perlis,6.4449,100.2048,2026-02-03T02:00,24.3,77,25.1,0.0,1,1013.0,21.6,62,42,0.0,28.0,0.184
Perlis,6.4449,100.2048,2026-02-03T03:00,24.1,76,24.9,0.0,0,1012.6,20.0,67,0,0.0,27.4,0.184
Perlis,6.4449,100.2048,2026-02-03T04:00,23.9,73,24.3,0.0,0,1012.2,19.3,66,0,0.0,27.0,0.184
Perlis,6.4449,100.2048,2026-02-03T05:00,23.6,70,23.8,0.0,0,1011.8,18.3,65,0,0.0,26.6,0.184
Perlis,6.4449,100.2048,2026-02-03T06:00,23.2,72,23.6,0.0,0,1012.0,17.0,63,7,0.0,26.2,0.184
Perlis,6.4449,100.2048,2026-02-03T07:00,23.0,74,23.3,0.0,0,1012.6,18.0,61,2,0.0,26.0,0.184
Perlis,6.4449,100.2048,2026-02-03T08:00,23.5,76,24.1,0.0,0,1012.8,19.2,64,2,6.0,25.7,0.184
Perlis,6.4449,100.2048,2026-02-03T09:00,25.4,69,26.1,0.0,1,1013.5,18.2,64,20,146.0,26.2,0.184
Perlis,6.4449,100.2048,2026-02-03T10:00,28.0,56,28.0,0.0,1,1014.1,21.1,70,45,385.0,27.7,0.184
Perlis,6.4449,100.2048,2026-02-03T11:00,30.0,45,29.1,0.0,1,1014.2,25.1,67,42,612.0,29.5,0.184
Perlis,6.4449,100.2048,2026-02-03T12:00,31.5,40,31.0,0.0,2,1013.5,26.2,65,67,794.0,31.5,0.184
Perlis,6.4449,100.2048,2026-02-03T13:00,32.8,35,32.3,0.0,3,1012.6,26.4,65,84,911.0,33.5,0.184
Perlis,6.4449,100.2048,2026-02-03T14:00,33.2,35,33.3,0.0,3,1011.9,25.0,63,100,953.0,35.0,0.198
Perlis,6.4449,100.2048,2026-02-03T15:00,33.5,32,33.2,0.0,3,1010.7,23.8,65,88,914.0,35.8,0.196
Perlis,6.4449,100.2048,2026-02-03T16:00,33.6,31,33.2,0.0,3,1010.0,20.9,65,100,807.0,36.3,0.195
Perlis,6.4449,100.2048,2026-02-03T17:00,33.6,32,32.2,0.0,3,1009.3,22.2,59,99,622.0,36.3,0.194
Perlis,6.4449,100.2048,2026-02-03T18:00,32.2,33,30.1,0.0,3,1009.2,23.3,64,98,387.0,35.7,0.193
Perlis,6.4449,100.2048,2026-02-03T19:00,31.0,36,29.1,0.0,2,1009.9,22.5,62,62,167.0,34.4,0.192
Perlis,6.4449,100.2048,2026-02-03T20:00,29.6,41,28.4,0.0,1,1011.1,20.3,61,34,11.0,33.8,0.186
Perlis,6.4449,100.2048,2026-02-03T21:00,28.0,49,27.0,0.0,0,1011.9,22.2,53,16,0.0,32.5,0.186
Perlis,6.4449,100.2048,2026-02-03T22:00,27.3,55,27.1,0.0,0,1012.7,20.1,53,2,0.0,31.4,0.186
Perlis,6.4449,100.2048,2026-02-03T23:00,26.4,61,26.5,0.0,0,1013.2,20.5,56,2,0.0,30.4,0.185
Perlis,6.4449,100.2048,2026-02-04T00:00,25.8,66,26.5,0.0,0,1013.3,17.7,57,9,0.0,29.5,0.185
Perlis,6.4449,100.2048,2026-02-04T01:00,25.3,69,26.5,0.0,0,1013.5,15.6,56,1,0.0,28.9,0.185
Perlis,6.4449,100.2048,2026-02-04T02:00,24.5,75,25.8,0.0,0,1013.0,17.3,57,0,0.0,28.2,0.185
Perlis,6.4449,100.2048,2026-02-04T03:00,24.1,77,25.4,0.0,3,1012.3,17.1,54,98,0.0,27.7,0.185
Perlis,6.4449,100.2048,2026-02-04T04:00,23.9,79,25.3,0.0,3,1012.0,16.7,55,90,0.0,27.2,0.185
Perlis,6.4449,100.2048,2026-02-04T05:00,23.6,81,25.1,0.0,3,1011.9,17.2,55,100,0.0,26.9,0.185
Perlis,6.4449,100.2048,2026-02-04T06:00,23.3,84,25.0,0.0,3,1012.0,16.5,57,84,0.0,26.5,0.185
Perlis,6.4449,100.2048,2026-02-04T07:00,23.1,86,25.0,0.0,3,1012.3,15.8,55,89,0.0,26.2,0.185
Perlis,6.4449,100.2048,2026-02-04T08:00,23.5,84,25.3,0.0,3,1012.7,16.2,60,95,6.0,25.6,0.185
Perlis,6.4449,100.2048,2026-02-04T09:00,25.1,77,26.9,0.0,3,1013.7,16.8,61,86,137.0,26.2,0.185
Perlis,6.4449,100.2048,2026-02-04T10:00,27.7,66,29.1,0.0,3,1014.1,19.2,63,94,370.0,27.6,0.185
Perlis,6.4449,100.2048,2026-02-04T11:00,29.9,57,31.1,0.0,3,1013.8,21.4,65,97,595.0,29.5,0.185
Perlis,6.4449,100.2048,2026-02-04T12:00,31.9,48,33.2,0.0,1,1013.3,23.2,68,46,775.0,31.6,0.185
Perlis,6.4449,100.2048,2026-02-04T13:00,33.2,43,35.0,0.0,1,1012.5,21.0,69,30,871.0,33.7,0.185
Perlis,6.4449,100.2048,2026-02-04T14:00,34.0,39,35.9,0.0,1,1011.6,18.7,66,33,899.0,35.4,0.185
Perlis,6.4449,100.2048,2026-02-04T15:00,34.6,37,36.7,0.0,3,1010.4,17.2,61,100,875.0,36.8,0.185
Perlis,6.4449,100.2048,2026-02-04T16:00,34.6,37,35.9,0.0,3,1009.5,18.3,60,100,768.0,37.5,0.185
Perlis,6.4449,100.2048,2026-02-04T17:00,34.0,40,34.5,0.0,3,1009.1,18.5,62,99,583.0,37.5,0.185
Perlis,6.4449,100.2048,2026-02-04T18:00,32.2,44,32.1,0.0,3,1009.5,22.2,44,100,316.0,36.7,0.185
Perlis,6.4449,100.2048,2026-02-04T19:00,29.0,59,30.0,0.0,3,1010.7,20.1,56,86,147.0,35.2,0.185
Perlis,6.4449,100.2048,2026-02-04T20:00,28.5,61,29.7,1.2,55,1011.7,18.5,55,99,8.0,33.3,0.181
Perlis,6.4449,100.2048,2026-02-04T21:00,27.9,66,30.1,0.1,51,1012.7,14.7,71,100,0.0,32.0,0.181
Perlis,6.4449,100.2048,2026-02-04T22:00,27.7,64,29.2,0.0,3,1013.2,16.8,78,99,0.0,31.2,0.181
Perlis,6.4449,100.2048,2026-02-04T23:00,27.1,65,28.5,0.0,3,1013.4,17.3,66,100,0.0,30.5,0.181
Perlis,6.4449,100.2048,2026-02-05T00:00,26.5,68,28.2,0.0,3,1013.4,16.0,63,99,0.0,29.8,0.181
Perlis,6.4449,100.2048,2026-02-05T01:00,26.0,71,27.9,0.0,0,1013.8,13.8,68,16,0.0,29.2,0.181
Perlis,6.4449,100.2048,2026-02-05T02:00,25.5,73,27.6,0.0,0,1013.2,13.4,66,8,0.0,29.1,0.176
Perlis,6.4449,100.2048,2026-02-05T03:00,25.1,75,27.5,0.0,2,1012.4,11.7,59,62,0.0,28.5,0.176
Perlis,6.4449,100.2048,2026-02-05T04:00,24.6,77,27.1,0.0,3,1012.1,11.1,59,98,0.0,28.0,0.176
Perlis,6.4449,100.2048,2026-02-05T05:00,24.4,79,26.6,0.0,3,1011.6,13.1,54,99,0.0,27.6,0.176
Perlis,6.4449,100.2048,2026-02-05T06:00,24.2,80,26.4,0.0,3,1011.8,14.1,52,99,0.0,27.2,0.176
Perlis,6.4449,100.2048,2026-02-05T07:00,24.0,82,26.0,0.0,2,1011.8,15.0,50,78,0.0,26.9,0.176
Perlis,6.4449,100.2048,2026-02-05T08:00,24.4,80,26.4,0.0,3,1012.4,15.2,51,96,6.0,26.8,0.181
Perlis,6.4449,100.2048,2026-02-05T09:00,26.0,73,28.0,0.0,3,1013.1,15.3,51,92,125.0,27.1,0.181
Perlis,6.4449,100.2048,2026-02-05T10:00,28.5,61,30.2,0.0,3,1013.7,16.6,58,100,366.0,28.6,0.181
Perlis,6.4449,100.2048,2026-02-05T11:00,30.9,52,32.5,0.0,3,1013.4,16.7,61,100,592.0,30.6,0.181
Perlis,6.4449,100.2048,2026-02-05T12:00,32.7,45,34.6,0.0,3,1012.5,18.6,63,100,764.0,32.8,0.181
Perlis,6.4449,100.2048,2026-02-05T13:00,34.0,41,36.4,0.0,3,1011.5,18.7,62,100,882.0,34.8,0.18
Perlis,6.4449,100.2048,2026-02-05T14:00,35.0,39,37.7,0.0,3,1010.5,17.0,54,95,915.0,36.6,0.185
Perlis,6.4449,100.2048,2026-02-05T15:00,35.3,38,38.0,0.0,1,1009.4,15.6,60,49,866.0,37.9,0.185
Perlis,6.4449,100.2048,2026-02-05T16:00,35.3,39,38.1,0.0,2,1008.5,12.9,53,73,786.0,38.8,0.185
Perlis,6.4449,100.2048,2026-02-05T17:00,32.8,46,34.2,0.3,51,1008.6,15.8,32,80,533.0,38.3,0.188
Perlis,6.4449,100.2048,2026-02-05T18:00,31.0,54,32.1,0.2,51,1009.0,20.8,37,56,287.0,36.7,0.19
Perlis,6.4449,100.2048,2026-02-05T19:00,29.6,60,31.8,0.0,3,1009.9,16.1,37,93,143.0,35.2,0.19
Perlis,6.4449,100.2048,2026-02-05T20:00,29.0,62,30.9,0.0,3,1010.6,16.2,30,98,10.0,33.8,0.194
Perlis,6.4449,100.2048,2026-02-05T21:00,28.0,67,30.2,0.0,3,1011.8,15.4,42,81,0.0,32.5,0.194
Perlis,6.4449,100.2048,2026-02-05T22:00,27.0,72,29.0,0.0,0,1012.6,18.2,43,4,0.0,31.4,0.193
Perlis,6.4449,100.2048,2026-02-05T23:00,26.4,77,28.7,0.0,0,1012.8,18.4,48,2,0.0,30.5,0.193
Perlis,6.4449,100.2048,2026-02-06T00:00,26.0,80,28.3,0.0,0,1012.7,18.5,52,9,0.0,29.7,0.193
Perlis,6.4449,100.2048,2026-02-06T01:00,25.6,80,27.9,0.0,0,1012.8,17.2,53,3,0.0,29.0,0.193
Perlis,6.4449,100.2048,2026-02-06T02:00,25.1,82,27.4,0.0,0,1012.4,17.6,54,7,0.0,28.7,0.19
Perlis,6.4449,100.2048,2026-02-06T03:00,24.8,84,27.1,0.0,0,1011.8,16.7,56,7,0.0,28.2,0.19
Perlis,6.4449,100.2048,2026-02-06T04:00,24.5,84,27.3,0.0,0,1011.5,13.5,54,9,0.0,27.8,0.19
Perlis,6.4449,100.2048,2026-02-06T05:00,24.1,86,27.0,0.0,0,1011.1,13.4,50,0,0.0,27.4,0.19
Perlis,6.4449,100.2048,2026-02-06T06:00,23.9,88,26.7,0.0,0,1011.3,13.1,53,2,0.0,27.0,0.19
Perlis,6.4449,100.2048,2026-02-06T07:00,23.8,88,26.7,0.0,3,1011.6,12.3,46,88,0.0,26.7,0.19
Perlis,6.4449,100.2048,2026-02-06T08:00,24.3,87,27.5,0.0,3,1012.0,12.0,40,98,6.0,26.6,0.186
Perlis,6.4449,100.2048,2026-02-06T09:00,26.2,77,29.5,0.0,2,1012.8,10.9,45,61,140.0,27.2,0.186
Perlis,6.4449,100.2048,2026-02-06T10:00,29.0,60,31.4,0.0,0,1013.2,11.5,44,14,376.0,28.8,0.186
Perlis,6.4449,100.2048,2026-02-06T11:00,31.4,48,33.7,0.0,0,1013.5,8.9,34,15,602.0,31.1,0.185
Perlis,6.4449,100.2048,2026-02-06T12:00,33.0,41,36.6,0.0,1,1013.0,5.1,354,34,782.0,33.8,0.185
Perlis,6.4449,100.2048,2026-02-06T13:00,34.0,40,38.4,0.0,1,1011.9,5.9,282,48,900.0,36.3,0.185
Perlis,6.4449,100.2048,2026-02-06T14:00,34.6,41,38.8,0.0,3,1011.0,10.8,275,98,943.0,38.1,0.198
Perlis,6.4449,100.2048,2026-02-06T15:00,34.3,38,37.1,0.0,3,1009.8,13.3,270,91,869.0,38.6,0.196
Perlis,6.4449,100.2048,2026-02-06T16:00,33.0,39,34.5,0.0,2,1009.1,15.0,251,52,761.0,38.7,0.195
Perlis,6.4449,100.2048,2026-02-06T17:00,31.9,46,33.0,0.1,51,1008.5,14.6,243,35,520.0,37.8,0.195
Perlis,6.4449,100.2048,2026-02-06T18:00,31.3,50,33.5,0.0,2,1008.9,10.0,304,50,351.0,36.8,0.195
Perlis,6.4449,100.2048,2026-02-06T19:00,30.5,51,32.5,0.0,2,1009.7,10.0,352,59,147.0,35.5,0.194
Perlis,6.4449,100.2048,2026-02-06T20:00,29.5,61,32.5,0.0,1,1010.2,10.1,325,36,8.0,34.7,0.183
Perlis,6.4449,100.2048,2026-02-06T21:00,28.5,69,32.5,0.0,1,1011.2,7.8,326,30,0.0,33.3,0.183
Perlis,6.4449,100.2048,2026-02-06T22:00,28.0,74,32.5,0.0,0,1012.1,6.4,313,17,0.0,32.3,0.183
Perlis,6.4449,100.2048,2026-02-06T23:00,27.5,77,32.3,0.0,2,1012.6,5.9,317,76,0.0,31.5,0.183
Perlis,6.4449,100.2048,2026-02-07T00:00,27.0,79,31.6,0.0,3,1012.6,6.5,346,98,0.0,30.7,0.183
Perlis,6.4449,100.2048,2026-02-07T01:00,26.6,79,31.1,0.0,3,1012.4,6.0,17,100,0.0,30.1,0.183
Perlis,6.4449,100.2048,2026-02-07T02:00,26.0,79,30.1,0.0,3,1011.7,5.9,35,100,0.0,29.1,0.183
Perlis,6.4449,100.2048,2026-02-07T03:00,25.4,82,29.6,0.0,3,1011.1,5.3,35,99,0.0,28.7,0.183
Perlis,6.4449,100.2048,2026-02-07T04:00,25.0,83,29.2,0.0,3,1010.5,4.7,47,100,0.0,28.3,0.183
Perlis,6.4449,100.2048,2026-02-07T05:00,24.6,85,28.6,0.0,3,1010.2,5.6,48,100,0.0,28.0,0.183
Perlis,6.4449,100.2048,2026-02-07T06:00,24.4,85,28.4,0.0,3,1010.5,5.6,59,100,0.0,27.6,0.183
Perlis,6.4449,100.2048,2026-02-07T07:00,24.2,86,28.3,0.0,2,1010.9,4.5,56,63,0.0,27.4,0.183
Perlis,6.4449,100.2048,2026-02-07T08:00,24.1,90,28.4,0.0,3,1011.4,5.6,61,86,6.0,27.0,0.184
Perlis,6.4449,100.2048,2026-02-07T09:00,26.4,78,30.3,0.0,2,1012.2,6.7,70,77,136.0,27.6,0.184
Perlis,6.4449,100.2048,2026-02-07T10:00,28.8,66,32.6,0.0,3,1012.6,6.8,73,100,362.0,29.3,0.184
Perlis,6.4449,100.2048,2026-02-07T11:00,30.7,57,34.4,0.0,1,1012.5,5.6,61,35,543.0,31.5,0.184
Perlis,6.4449,100.2048,2026-02-07T12:00,32.5,49,37.6,0.0,1,1011.8,3.8,41,34,782.0,34.2,0.184
Perlis,6.4449,100.2048,2026-02-07T13:00,33.5,45,39.3,0.0,3,1010.8,2.3,342,100,873.0,36.8,0.184
Perlis,6.4449,100.2048,2026-02-07T14:00,33.3,46,38.4,0.0,3,1009.8,4.7,279,100,844.0,38.5,0.199
Perlis,6.4449,100.2048,2026-02-07T15:00,33.4,47,38.5,0.1,51,1008.8,6.7,272,99,868.0,39.2,0.198
Perlis,6.4449,100.2048,2026-02-07T16:00,32.8,51,36.7,0.1,51,1007.6,8.0,260,99,648.0,38.9,0.198
Perlis,6.4449,100.2048,2026-02-07T17:00,32.0,55,35.5,0.0,3,1007.1,8.7,266,97,485.0,38.2,0.197
Perlis,6.4449,100.2048,2026-02-07T18:00,31.5,56,35.3,0.0,3,1006.9,7.3,281,100,345.0,37.3,0.196
Perlis,6.4449,100.2048,2026-02-07T19:00,31.0,51,33.6,0.0,3,1007.7,7.2,354,100,126.0,35.9,0.196
Perlis,6.4449,100.2048,2026-02-07T20:00,29.9,60,33.5,0.0,3,1008.2,6.5,347,100,9.0,35.0,0.19
Perlis,6.4449,100.2048,2026-02-07T21:00,29.2,56,31.8,0.0,3,1009.4,7.5,8,100,0.0,33.7,0.19
Perlis,6.4449,100.2048,2026-02-07T22:00,28.4,59,30.9,0.0,3,1010.5,7.5,30,100,0.0,32.5,0.19
Perlis,6.4449,100.2048,2026-02-07T23:00,27.2,70,30.5,0.0,1,1011.2,8.8,33,33,0.0,31.5,0.19
Perlis,6.4449,100.2048,2026-02-08T00:00,26.1,79,29.8,0.0,1,1011.0,8.9,43,35,0.0,30.6,0.19
Perlis,6.4449,100.2048,2026-02-08T01:00,25.5,82,29.1,0.0,2,1010.9,9.7,40,59,0.0,29.8,0.189
Perlis,6.4449,100.2048,2026-02-08T02:00,25.2,84,28.7,0.0,3,1010.0,11.1,39,100,0.0,29.6,0.184
Perlis,6.4449,100.2048,2026-02-08T03:00,24.9,86,28.6,0.0,2,1009.4,9.7,43,61,0.0,28.9,0.184
Perlis,6.4449,100.2048,2026-02-08T04:00,24.5,87,28.3,0.0,1,1009.3,9.0,46,20,0.0,28.4,0.184
Perlis,6.4449,100.2048,2026-02-08T05:00,24.2,89,27.8,0.0,0,1009.0,10.3,43,3,0.0,27.9,0.184
Perlis,6.4449,100.2048,2026-02-08T06:00,23.8,92,27.6,0.0,0,1009.5,9.6,53,1,0.0,27.4,0.184
Perlis,6.4449,100.2048,2026-02-08T07:00,23.6,94,27.2,0.0,0,1010.3,10.8,48,9,0.0,27.0,0.184
Perlis,6.4449,100.2048,2026-02-08T08:00,23.8,92,27.2,0.0,0,1010.6,11.7,44,0,6.0,26.6,0.187
Perlis,6.4449,100.2048,2026-02-08T09:00,26.1,79,29.6,0.0,0,1011.5,11.3,47,7,145.0,27.2,0.187
Perlis,6.4449,100.2048,2026-02-08T10:00,28.8,65,31.5,0.0,0,1012.3,12.7,46,18,383.0,28.9,0.187
Perlis,6.4449,100.2048,2026-02-08T11:00,31.2,50,33.6,0.0,0,1012.3,11.7,45,1,609.0,31.0,0.187
Perlis,6.4449,100.2048,2026-02-08T12:00,32.9,43,36.0,0.0,0,1011.6,10.1,41,5,777.0,33.5,0.186
Perlis,6.4449,100.2048,2026-02-08T13:00,34.3,39,37.9,0.0,0,1010.7,9.3,37,13,879.0,35.8,0.186
Perlis,6.4449,100.2048,2026-02-08T14:00,33.8,40,38.5,0.0,1,1009.8,5.4,21,21,928.0,38.0,0.192
Perlis,6.4449,100.2048,2026-02-08T15:00,34.9,37,39.3,0.0,1,1008.5,4.4,21,46,879.0,39.2,0.191
Perlis,6.4449,100.2048,2026-02-08T16:00,35.0,37,38.5,0.0,1,1007.4,5.1,8,20,785.0,40.0,0.19
Perlis,6.4449,100.2048,2026-02-08T17:00,34.6,36,36.2,0.0,1,1006.9,8.4,7,23,578.0,39.8,0.189
Perlis,6.4449,100.2048,2026-02-08T18:00,32.6,44,33.4,0.2,51,1007.5,16.4,23,56,383.0,38.8,0.191
Perlis,6.4449,100.2048,2026-02-08T19:00,30.5,55,31.6,0.1,51,1008.3,20.4,43,13,153.0,36.8,0.192
Perlis,6.4449,100.2048,2026-02-08T20:00,29.0,63,31.3,0.0,3,1009.2,15.3,44,83,11.0,35.2,0.19
Perlis,6.4449,100.2048,2026-02-08T21:00,28.5,70,31.5,0.0,3,1009.7,14.9,43,84,0.0,33.8,0.19
Perlis,6.4449,100.2048,2026-02-08T22:00,28.0,71,30.2,0.0,3,1010.3,19.2,50,84,0.0,32.5,0.189
Perlis,6.4449,100.2048,2026-02-08T23:00,27.1,73,29.4,0.0,2,1010.8,17.6,59,79,0.0,31.5,0.189
Perlis,6.4449,100.2048,2026-02-09T00:00,26.5,75,28.8,0.0,3,1011.0,16.6,61,88,0.0,30.7,0.189
Perlis,6.4449,100.2048,2026-02-09T01:00,25.8,78,27.8,0.0,3,1010.9,18.1,62,99,0.0,29.9,0.189
Perlis,6.4449,100.2048,2026-02-09T02:00,25.5,79,27.3,0.0,2,1010.3,19.2,63,54,0.0,29.7,0.188
Perlis,6.4449,100.2048,2026-02-09T03:00,25.1,78,26.8,0.0,1,1009.9,18.4,66,31,0.0,29.0,0.188
Perlis,6.4449,100.2048,2026-02-09T04:00,24.8,79,26.2,0.0,0,1009.0,19.4,64,2,0.0,28.5,0.188
Perlis,6.4449,100.2048,2026-02-09T05:00,24.5,77,25.5,0.0,0,1008.6,20.1,66,7,0.0,28.0,0.188
Perlis,6.4449,100.2048,2026-02-09T06:00,24.2,76,25.4,0.0,0,1008.9,17.6,67,0,0.0,27.6,0.188
Perlis,6.4449,100.2048,2026-02-09T07:00,24.0,75,24.9,0.0,2,1009.8,17.8,67,68,0.0,27.2,0.188
Perlis,6.4449,100.2048,2026-02-09T08:00,24.3,77,25.5,0.0,2,1010.0,18.3,62,64,6.0,26.6,0.188
Perlis,6.4449,100.2048,2026-02-09T09:00,26.1,67,26.8,0.0,2,1010.7,20.1,65,65,148.0,27.2,0.188
Perlis,6.4449,100.2048,2026-02-09T10:00,28.2,58,28.5,0.0,2,1011.3,22.2,69,67,389.0,28.5,0.188
Perlis,6.4449,100.2048,2026-02-09T11:00,30.3,50,30.6,0.0,1,1011.1,22.4,73,34,618.0,30.4,0.188
Perlis,6.4449,100.2048,2026-02-09T12:00,32.0,44,33.0,0.0,0,1010.6,23.0,75,2,803.0,32.4,0.187
Perlis,6.4449,100.2048,2026-02-09T13:00,33.3,40,34.9,0.0,2,1009.7,21.2,73,63,922.0,34.4,0.187
Perlis,6.4449,100.2048,2026-02-09T14:00,34.5,36,36.2,0.0,3,1008.9,20.0,73,80,959.0,36.2,0.186
Perlis,6.4449,100.2048,2026-02-09T15:00,35.0,34,36.3,0.0,1,1007.9,20.3,70,41,934.0,37.5,0.186
Perlis,6.4449,100.2048,2026-02-09T16:00,35.0,34,35.5,0.0,1,1007.0,20.9,68,41,806.0,38.2,0.186
Perlis,6.4449,100.2048,2026-02-09T17:00,34.7,33,34.1,0.0,0,1006.7,21.4,66,16,615.0,38.2,0.185
Perlis,6.4449,100.2048,2026-02-09T18:00,33.2,37,31.7,0.0,2,1006.9,25.0,64,58,413.0,37.6,0.185
Perlis,6.4449,100.2048,2026-02-09T19:00,31.2,40,30.0,0.0,0,1007.9,22.8,70,18,172.0,36.2,0.185
Perlis,6.4449,100.2048,2026-02-09T20:00,30.0,47,29.3,0.0,3,1008.9,23.3,58,100,12.0,34.8,0.185
Perlis,6.4449,100.2048,2026-02-09T21:00,28.8,51,28.6,0.0,3,1010.2,19.8,59,83,0.0,33.4,0.185
Perlis,6.4449,100.2048,2026-02-09T22:00,28.0,56,28.5,0.0,1,1011.1,18.1,61,30,0.0,32.2,0.185
Perlis,6.4449,100.2048,2026-02-09T23:00,26.8,63,27.7,0.0,0,1011.6,17.8,56,3,0.0,31.2,0.185
Perlis,6.4449,100.2048,2026-02-10T00:00,26.1,66,27.3,0.0,2,1011.5,16.2,53,52,0.0,30.4,0.185
Perlis,6.4449,100.2048,2026-02-10T01:00,25.5,70,26.8,0.0,0,1011.3,16.0,55,0,0.0,29.6,0.185
Perlis,6.4449,100.2048,2026-02-10T02:00,24.8,75,26.3,0.0,0,1010.8,15.9,62,0,0.0,29.2,0.185
Perlis,6.4449,100.2048,2026-02-10T03:00,24.4,77,26.1,0.0,0,1010.5,14.3,65,0,0.0,28.5,0.185
Perlis,6.4449,100.2048,2026-02-10T04:00,24.0,78,25.9,0.0,0,1010.1,12.7,61,0,0.0,28.0,0.185
Perlis,6.4449,100.2048,2026-02-10T05:00,23.6,80,25.7,0.0,0,1009.8,11.9,58,0,0.0,27.4,0.185
Perlis,6.4449,100.2048,2026-02-10T06:00,23.2,81,25.3,0.0,0,1010.0,12.2,56,0,0.0,27.0,0.185
Perlis,6.4449,100.2048,2026-02-10T07:00,22.9,83,24.9,0.0,0,1010.4,12.7,51,0,0.0,26.5,0.185
Perlis,6.4449,100.2048,2026-02-10T08:00,23.1,83,25.0,0.0,0,1010.9,13.4,44,0,6.0,25.8,0.188
Perlis,6.4449,100.2048,2026-02-10T09:00,25.3,72,27.4,0.0,0,1011.6,11.5,49,0,152.0,26.5,0.188
Perlis,6.4449,100.2048,2026-02-10T10:00,28.3,57,30.3,0.0,0,1012.0,9.4,55,9,395.0,28.1,0.188
Perlis,6.4449,100.2048,2026-02-10T11:00,31.5,46,33.4,0.0,0,1011.8,11.0,67,2,626.0,30.5,0.187
Perlis,6.4449,100.2048,2026-02-10T12:00,34.2,36,36.0,0.0,1,1011.3,13.4,78,47,809.0,33.2,0.187
Perlis,6.4449,100.2048,2026-02-10T13:00,35.8,31,37.1,0.0,2,1010.3,17.6,83,59,925.0,35.5,0.186
Perlis,6.4449,100.2048,2026-02-10T14:00,35.8,31,36.6,0.0,3,1009.5,17.8,83,91,830.0,37.2,0.193
Perlis,6.4449,100.2048,2026-02-10T15:00,35.8,29,37.5,0.0,3,1008.6,11.7,100,98,837.0,38.2,0.192
Perlis,6.4449,100.2048,2026-02-10T16:00,35.5,28,36.9,0.0,3,1007.8,8.5,85,88,738.0,39.0,0.191
Perlis,6.4449,100.2048,2026-02-10T17:00,35.2,31,34.7,0.0,3,1007.4,16.3,62,87,564.0,39.0,0.19
Perlis,6.4449,100.2048,2026-02-10T18:00,33.7,36,33.5,0.1,51,1008.1,16.7,76,100,373.0,38.1,0.19
Perlis,6.4449,100.2048,2026-02-10T19:00,31.4,46,31.9,0.2,51,1009.0,17.2,42,100,134.0,36.5,0.192
Perlis,6.4449,100.2048,2026-02-10T20:00,28.6,62,30.7,0.1,51,1010.0,14.7,26,100,10.0,34.4,0.189
Perlis,6.4449,100.2048,2026-02-10T21:00,27.7,68,29.1,0.0,3,1011.0,20.6,34,100,0.0,33.0,0.189
Perlis,6.4449,100.2048,2026-02-10T22:00,27.1,70,28.8,0.0,3,1011.9,19.5,38,100,0.0,31.8,0.189
Perlis,6.4449,100.2048,2026-02-10T23:00,26.9,70,28.3,0.0,3,1012.4,20.1,46,100,0.0,30.9,0.189
Perlis,6.4449,100.2048,2026-02-11T00:00,26.2,73,27.9,0.0,3,1012.6,18.8,52,100,0.0,30.1,0.189
Perlis,6.4449,100.2048,2026-02-11T01:00,25.7,75,27.5,0.0,3,1012.6,17.6,54,100,0.0,29.5,0.189
Perlis,6.4449,100.2048,2026-02-11T02:00,25.4,80,27.6,0.0,3,1012.0,16.9,54,100,0.0,29.5,0.183
Perlis,6.4449,100.2048,2026-02-11T03:00,25.3,81,27.7,0.0,3,1011.7,16.5,57,83,0.0,29.0,0.183
Perlis,6.4449,100.2048,2026-02-11T04:00,25.0,82,27.4,0.0,3,1011.0,16.6,58,100,0.0,28.5,0.183
Perlis,6.4449,100.2048,2026-02-11T05:00,25.0,82,27.4,0.0,0,1010.7,16.7,58,7,0.0,28.1,0.183
Perlis,6.4449,100.2048,2026-02-11T06:00,25.0,83,27.3,0.0,3,1010.9,17.2,57,88,0.0,27.8,0.183
Perlis,6.4449,100.2048,2026-02-11T07:00,24.8,84,27.3,0.0,2,1011.6,16.2,60,64,0.0,27.5,0.183
Perlis,6.4449,100.2048,2026-02-11T08:00,25.2,81,28.2,0.0,3,1012.1,12.8,61,99,6.0,27.5,0.186
Perlis,6.4449,100.2048,2026-02-11T09:00,26.8,73,29.6,0.0,3,1013.0,12.9,54,99,122.0,28.0,0.186
Perlis,6.4449,100.2048,2026-02-11T10:00,29.0,60,31.1,0.0,3,1013.5,13.3,50,100,322.0,29.2,0.186
Perlis,6.4449,100.2048,2026-02-11T11:00,31.5,50,32.8,0.0,3,1013.6,16.8,55,99,564.0,31.2,0.186
Perlis,6.4449,100.2048,2026-02-11T12:00,32.9,45,33.9,0.0,3,1012.7,23.3,57,98,739.0,33.2,0.186
Perlis,6.4449,100.2048,2026-02-11T13:00,33.3,45,34.5,0.5,53,1011.6,25.2,58,99,788.0,34.3,0.191
Perlis,6.4449,100.2048,2026-02-11T14:00,29.1,68,32.9,1.8,61,1011.5,18.4,82,80,791.0,34.2,0.208
Perlis,6.4449,100.2048,2026-02-11T15:00,33.1,50,36.0,0.1,51,1009.6,18.0,52,100,737.0,35.2,0.208
Perlis,6.4449,100.2048,2026-02-11T16:00,28.2,74,31.2,3.6,63,1009.6,18.4,76,70,481.0,34.0,0.251
Perlis,6.4449,100.2048,2026-02-11T17:00,30.0,61,31.5,0.1,51,1008.9,22.0,48,95,385.0,33.2,0.251
Perlis,6.4449,100.2048,2026-02-11T18:00,29.5,64,31.1,0.1,51,1009.2,22.0,43,99,316.0,32.7,0.25
Perlis,6.4449,100.2048,2026-02-11T19:00,28.0,71,30.0,0.0,3,1009.9,21.2,51,96,122.0,31.8,0.249
Perlis,6.4449,100.2048,2026-02-11T20:00,26.4,84,29.1,0.0,3,1010.8,20.9,57,100,9.0,31.1,0.216
Perlis,6.4449,100.2048,2026-02-11T21:00,25.4,88,28.7,0.2,51,1011.1,16.0,50,100,0.0,30.0,0.218
Perlis,6.4449,100.2048,2026-02-11T22:00,25.5,88,29.0,0.0,3,1012.1,14.9,56,100,0.0,29.1,0.217
Perlis,6.4449,100.2048,2026-02-11T23:00,25.4,89,29.2,0.0,3,1012.9,13.4,42,90,0.0,28.5,0.217
Perlis,6.4449,100.2048,2026-02-12T00:00,25.1,89,28.6,0.0,3,1012.5,14.7,54,80,0.0,28.1,0.217
Perlis,6.4449,100.2048,2026-02-12T01:00,24.6,91,27.9,0.0,3,1012.1,14.7,57,91,0.0,27.7,0.217
Perlis,6.4449,100.2048,2026-02-12T02:00,24.6,90,28.0,0.0,3,1012.2,13.5,57,89,0.0,28.0,0.212
Perlis,6.4449,100.2048,2026-02-12T03:00,24.2,90,27.4,0.0,3,1011.3,14.6,55,93,0.0,27.5,0.212
Perlis,6.4449,100.2048,2026-02-12T04:00,24.0,90,26.9,0.0,3,1010.6,14.6,55,98,0.0,27.0,0.212
Perlis,6.4449,100.2048,2026-02-12T05:00,23.8,90,26.6,0.0,3,1010.3,14.5,52,95,0.0,26.6,0.212
Perlis,6.4449,100.2048,2026-02-12T06:00,23.5,90,26.3,0.0,3,1010.6,14.3,50,95,0.0,26.3,0.212
Perlis,6.4449,100.2048,2026-02-12T07:00,23.2,91,25.7,0.0,2,1010.8,15.3,51,70,0.0,26.0,0.212
Perlis,6.4449,100.2048,2026-02-12T08:00,23.5,87,25.8,0.0,0,1011.5,15.3,47,0,6.0,25.9,0.211
Perlis,6.4449,100.2048,2026-02-12T09:00,25.5,77,27.7,0.0,0,1012.0,15.4,53,9,148.0,26.4,0.211
Perlis,6.4449,100.2048,2026-02-12T10:00,28.5,60,30.1,0.0,2,1012.7,15.0,61,55,388.0,27.8,0.21
Perlis,6.4449,100.2048,2026-02-12T11:00,31.4,47,32.6,0.0,1,1012.9,15.6,75,29,616.0,29.6,0.208
Perlis,6.4449,100.2048,2026-02-12T12:00,33.3,39,34.8,0.0,2,1012.1,17.4,77,56,799.0,31.8,0.207
Perlis,6.4449,100.2048,2026-02-12T13:00,34.5,36,36.3,0.0,2,1010.7,18.4,73,66,918.0,33.8,0.204
Perlis,6.4449,100.2048,2026-02-12T14:00,34.9,36,37.3,0.0,3,1010.4,16.5,72,97,955.0,35.4,0.203
Perlis,6.4449,100.2048,2026-02-12T15:00,35.4,33,37.9,0.0,3,1009.1,12.3,82,100,894.0,36.7,0.201
Perlis,6.4449,100.2048,2026-02-12T16:00,34.6,34,37.0,0.0,3,1008.0,7.9,94,99,759.0,37.5,0.199
Perlis,6.4449,100.2048,2026-02-12T17:00,34.3,35,35.7,0.0,3,1007.5,8.9,61,100,599.0,37.8,0.197
Perlis,6.4449,100.2048,2026-02-12T18:00,33.7,37,34.0,0.0,3,1007.4,14.3,49,99,397.0,37.2,0.196
Perlis,6.4449,100.2048,2026-02-12T19:00,31.0,54,32.0,0.0,3,1007.9,22.0,40,100,167.0,35.8,0.195
Perlis,6.4449,100.2048,2026-02-12T20:00,29.0,68,31.1,0.0,3,1008.7,21.5,40,98,12.0,33.7,0.192
Perlis,6.4449,100.2048,2026-02-12T21:00,27.9,73,30.2,0.0,3,1009.5,20.0,42,100,0.0,32.3,0.191
Perlis,6.4449,100.2048,2026-02-12T22:00,27.7,72,29.9,0.0,3,1010.4,19.5,53,100,0.0,31.4,0.191
Perlis,6.4449,100.2048,2026-02-12T23:00,27.2,72,29.2,0.0,3,1010.9,19.6,58,100,0.0,30.6,0.191
Perlis,6.4449,100.2048,2026-02-13T00:00,26.9,74,29.0,0.0,3,1010.7,18.2,62,100,0.0,30.0,0.191
Perlis,6.4449,100.2048,2026-02-13T01:00,26.5,75,28.9,0.0,3,1010.4,17.2,62,98,0.0,29.5,0.191
Perlis,6.4449,100.2048,2026-02-13T02:00,26.4,77,28.6,0.0,3,1009.9,19.1,64,100,0.0,29.4,0.189
Perlis,6.4449,100.2048,2026-02-13T03:00,26.1,79,28.7,0.0,3,1009.2,17.1,64,100,0.0,29.0,0.189
Perlis,6.4449,100.2048,2026-02-13T04:00,26.0,80,28.6,0.0,3,1008.6,16.9,61,100,0.0,28.6,0.189
Perlis,6.4449,100.2048,2026-02-13T05:00,25.7,82,28.5,0.0,3,1008.3,15.8,58,99,0.0,28.3,0.189
Perlis,6.4449,100.2048,2026-02-13T06:00,25.4,81,27.8,0.0,0,1008.4,17.1,56,7,0.0,28.0,0.189
Perlis,6.4449,100.2048,2026-02-13T07:00,24.9,84,27.5,0.0,0,1008.6,15.6,61,14,0.0,27.6,0.189
Perlis,6.4449,100.2048,2026-02-13T08:00,24.8,84,27.7,0.0,0,1009.5,13.5,54,4,7.0,27.5,0.187
Perlis,6.4449,100.2048,2026-02-13T09:00,26.8,73,29.4,0.0,0,1010.3,14.1,51,5,147.0,28.0,0.187
Perlis,6.4449,100.2048,2026-02-13T10:00,29.6,58,31.7,0.0,0,1010.8,14.2,63,1,386.0,29.4,0.187
Perlis,6.4449,100.2048,2026-02-13T11:00,32.2,47,34.4,0.0,0,1011.1,12.2,76,0,614.0,31.5,0.187
Perlis,6.4449,100.2048,2026-02-13T12:00,34.2,39,37.1,0.0,0,1010.3,9.9,87,0,798.0,34.0,0.186
Perlis,6.4449,100.2048,2026-02-13T13:00,35.3,35,39.6,0.0,3,1009.1,5.2,124,87,922.0,36.5,0.186
Perlis,6.4449,100.2048,2026-02-13T14:00,34.5,35,38.9,0.0,3,1008.6,4.2,200,100,959.0,38.8,0.189
Perlis,6.4449,100.2048,2026-02-13T15:00,33.3,46,36.0,0.0,1,1007.7,11.4,229,25,639.0,39.0,0.188
Perlis,6.4449,100.2048,2026-02-13T16:00,33.5,44,36.6,0.0,1,1006.6,11.3,219,36,743.0,39.2,0.188
Perlis,6.4449,100.2048,2026-02-13T17:00,32.8,48,35.3,0.0,3,1006.4,10.7,215,92,530.0,38.8,0.187
Perlis,6.4449,100.2048,2026-02-13T18:00,32.0,53,35.1,0.0,3,1006.7,10.0,206,96,380.0,38.0,0.187
Perlis,6.4449,100.2048,2026-02-13T19:00,29.6,61,33.6,0.1,51,1008.2,4.0,39,90,133.0,36.5,0.188
Perlis,6.4449,100.2048,2026-02-13T20:00,29.6,59,31.4,0.2,51,1008.4,16.3,41,97,9.0,34.5,0.177
Perlis,6.4449,100.2048,2026-02-13T21:00,28.6,64,30.4,0.0,3,1009.2,18.0,46,95,0.0,33.3,0.177
Perlis,6.4449,100.2048,2026-02-13T22:00,27.6,69,29.6,0.0,3,1009.9,18.4,50,100,0.0,32.2,0.177
Perlis,6.4449,100.2048,2026-02-13T23:00,27.0,76,29.4,0.0,2,1010.6,18.8,58,55,0.0,31.2,0.177
Perlis,6.4449,100.2048,2026-02-14T00:00,26.5,78,29.1,0.0,3,1010.7,16.9,62,99,0.0,30.4,0.177
Perlis,6.4449,100.2048,2026-02-14T01:00,26.2,79,29.1,0.0,3,1010.6,15.5,61,100,0.0,29.8,0.177
Perlis,6.4449,100.2048,2026-02-14T02:00,26.0,78,28.5,0.0,3,1009.6,16.7,64,100,0.0,29.9,0.168
Perlis,6.4449,100.2048,2026-02-14T03:00,25.6,80,28.2,0.0,3,1008.9,15.5,64,100,0.0,29.3,0.168
Perlis,6.4449,100.2048,2026-02-14T04:00,25.4,82,28.4,0.0,3,1008.6,13.2,60,100,0.0,28.8,0.168
Perlis,6.4449,100.2048,2026-02-14T05:00,25.0,85,28.1,0.0,3,1007.9,13.4,55,100,0.0,28.3,0.168
Perlis,6.4449,100.2048,2026-02-14T06:00,24.7,87,28.0,0.0,3,1008.2,12.1,55,100,0.0,27.9,0.168
Perlis,6.4449,100.2048,2026-02-14T07:00,24.4,88,28.0,0.0,3,1009.1,9.3,62,100,0.0,27.5,0.169
Perlis,6.4449,100.2048,2026-02-14T08:00,24.6,87,27.9,0.0,3,1009.3,13.0,43,100,6.0,27.5,0.174
Perlis,6.4449,100.2048,2026-02-14T09:00,26.4,78,29.2,0.0,3,1010.2,15.9,47,100,131.0,27.9,0.174
Perlis,6.4449,100.2048,2026-02-14T10:00,29.0,63,30.8,0.0,2,1010.6,18.3,54,65,379.0,29.3,0.174
Perlis,6.4449,100.2048,2026-02-14T11:00,31.3,53,32.8,0.0,3,1010.4,19.9,58,100,611.0,31.2,0.174
Perlis,6.4449,100.2048,2026-02-14T12:00,33.0,47,35.8,0.0,1,1010.0,16.8,65,35,786.0,33.5,0.174
Perlis,6.4449,100.2048,2026-02-14T13:00,34.3,42,37.4,0.1,51,1009.0,16.5,68,100,885.0,35.5,0.175
Perlis,6.4449,100.2048,2026-02-14T14:00,34.0,43,37.1,0.0,3,1008.7,16.8,59,100,909.0,37.3,0.177
Perlis,6.4449,100.2048,2026-02-14T15:00,33.5,46,36.6,0.1,51,1007.5,12.1,53,100,708.0,37.8,0.179
Perlis,6.4449,100.2048,2026-02-14T16:00,29.1,65,30.4,0.4,51,1006.9,24.6,32,99,525.0,37.0,0.183
Perlis,6.4449,100.2048,2026-02-14T17:00,30.6,56,32.4,0.4,51,1006.4,17.6,48,75,393.0,36.3,0.187
Perlis,6.4449,100.2048,2026-02-14T18:00,30.2,60,32.6,0.4,51,1006.7,15.9,62,44,289.0,34.9,0.191
Perlis,6.4449,100.2048,2026-02-14T19:00,29.2,62,30.6,0.0,1,1006.9,21.1,51,47,138.0,34.0,0.19
Perlis,6.4449,100.2048,2026-02-14T20:00,28.0,69,30.1,0.0,2,1007.8,18.7,55,69,12.0,32.5,0.198
Perlis,6.4449,100.2048,2026-02-14T21:00,27.5,73,30.2,0.0,1,1008.8,16.2,59,33,0.0,31.5,0.197
Perlis,6.4449,100.2048,2026-02-14T22:00,27.1,76,29.7,0.0,1,1009.7,17.8,54,20,0.0,30.6,0.197
Perlis,6.4449,100.2048,2026-02-14T23:00,26.6,78,29.5,0.0,2,1010.3,15.9,58,63,0.0,30.0,0.197
Perlis,6.4449,100.2048,2026-02-15T00:00,26.2,79,29.3,0.0,2,1010.4,14.3,57,70,0.0,29.4,0.197
Perlis,6.4449,100.2048,2026-02-15T01:00,25.8,82,28.8,0.0,2,1010.2,14.2,57,66,0.0,28.9,0.197
Perlis,6.4449,100.2048,2026-02-15T02:00,25.8,82,29.0,0.0,3,1009.5,13.7,58,94,0.0,28.8,0.193
Perlis,6.4449,100.2048,2026-02-15T03:00,25.3,85,28.4,0.0,2,1008.4,14.7,59,73,0.0,28.3,0.193
Perlis,6.4449,100.2048,2026-02-15T04:00,24.9,86,28.1,0.0,3,1007.9,13.4,62,89,0.0,27.9,0.193
Perlis,6.4449,100.2048,2026-02-15T05:00,24.7,87,27.8,0.0,3,1007.8,14.0,61,96,0.0,27.5,0.193
Perlis,6.4449,100.2048,2026-02-15T06:00,24.6,87,27.4,0.0,3,1008.1,15.7,60,100,0.0,27.3,0.193
Perlis,6.4449,100.2048,2026-02-15T07:00,24.6,86,27.4,0.0,2,1008.5,15.5,65,78,0.0,27.0,0.193
Perlis,6.4449,100.2048,2026-02-15T08:00,24.9,86,28.2,0.0,3,1008.9,12.5,53,100,6.0,26.9,0.193
Perlis,6.4449,100.2048,2026-02-15T09:00,26.6,78,29.7,0.0,3,1009.7,14.1,55,100,143.0,27.5,0.193
Perlis,6.4449,100.2048,2026-02-15T10:00,28.8,67,31.2,0.0,3,1010.4,17.5,58,100,371.0,28.8,0.193
Perlis,6.4449,100.2048,2026-02-15T11:00,31.1,56,33.0,0.0,3,1010.5,18.1,68,100,570.0,30.6,0.192
Perlis,6.4449,100.2048,2026-02-15T12:00,32.5,50,35.0,0.0,3,1009.7,17.3,69,100,714.0,32.5,0.191
Perlis,6.4449,100.2048,2026-02-15T13:00,33.3,46,35.8,0.0,3,1008.9,19.5,74,99,845.0,34.4,0.19
Perlis,6.4449,100.2048,2026-02-15T14:00,34.4,44,37.9,0.0,3,1007.9,16.8,78,100,923.0,36.2,0.189
Perlis,6.4449,100.2048,2026-02-15T15:00,34.5,43,37.4,0.0,2,1006.8,17.4,72,64,842.0,37.3,0.188
Perlis,6.4449,100.2048,2026-02-15T16:00,34.8,42,37.1,0.0,2,1005.6,16.7,69,71,738.0,38.0,0.188
Perlis,6.4449,100.2048,2026-02-15T17:00,28.0,74,29.7,0.8,53,1006.2,25.8,36,88,485.0,36.5,0.196
Perlis,6.4449,100.2048,2026-02-15T18:00,28.1,72,30.6,0.3,51,1006.3,18.7,59,87,265.0,34.7,0.198
Perlis,6.4449,100.2048,2026-02-15T19:00,28.6,68,31.0,0.1,51,1007.0,18.3,52,53,109.0,33.4,0.199
Perlis,6.4449,100.2048,2026-02-15T20:00,27.8,72,30.4,0.0,2,1007.1,16.6,54,62,10.0,33.2,0.17
Perlis,6.4449,100.2048,2026-02-15T21:00,27.5,72,30.1,0.0,3,1008.2,16.8,53,100,0.0,32.1,0.17
Perlis,6.4449,100.2048,2026-02-15T22:00,27.2,75,30.0,0.0,3,1009.2,16.0,50,100,0.0,31.2,0.17
Perlis,6.4449,100.2048,2026-02-15T23:00,27.2,75,30.2,0.0,3,1009.8,14.4,61,100,0.0,30.6,0.17
Perlis,6.4449,100.2048,2026-02-16T00:00,27.0,75,30.2,0.0,3,1010.0,13.0,65,99,0.0,30.1,0.17
Perlis,6.4449,100.2048,2026-02-16T01:00,26.7,75,29.7,0.0,3,1009.7,12.8,68,100,0.0,29.6,0.17
Perlis,6.4449,100.2048,2026-02-16T02:00,26.5,78,29.7,0.0,3,1009.1,12.1,70,100,0.0,29.1,0.174
Perlis,6.4449,100.2048,2026-02-16T03:00,26.4,76,29.3,0.0,3,1008.1,12.4,73,100,0.0,28.9,0.174
Perlis,6.4449,100.2048,2026-02-16T04:00,26.2,75,29.2,0.0,3,1007.7,11.5,76,100,0.0,28.6,0.174
Perlis,6.4449,100.2048,2026-02-16T05:00,26.0,76,29.2,0.0,3,1007.5,9.6,64,100,0.0,28.5,0.174
Perlis,6.4449,100.2048,2026-02-16T06:00,25.6,78,28.7,0.0,3,1007.8,10.4,51,100,0.0,28.1,0.174
Perlis,6.4449,100.2048,2026-02-16T07:00,25.2,81,28.4,0.0,3,1008.3,10.4,54,99,0.0,27.9,0.174
Perlis,6.4449,100.2048,2026-02-16T08:00,25.6,81,29.1,0.0,3,1008.5,10.5,61,100,5.0,28.1,0.168
Perlis,6.4449,100.2048,2026-02-16T09:00,27.5,72,30.6,0.0,3,1009.2,12.0,60,100,133.0,28.6,0.168
Perlis,6.4449,100.2048,2026-02-16T10:00,28.5,67,31.3,0.0,3,1009.7,14.0,59,93,255.0,29.5,0.168
Perlis,6.4449,100.2048,2026-02-16T11:00,30.0,61,32.3,0.0,3,1009.9,16.5,60,100,418.0,30.9,0.168
Perlis,6.4449,100.2048,2026-02-16T12:00,31.5,53,33.4,0.0,3,1009.4,16.5,68,100,511.0,32.3,0.168
Perlis,6.4449,100.2048,2026-02-16T13:00,32.4,47,33.6,0.0,3,1008.0,16.9,63,98,458.0,33.3,0.168
Perlis,6.4449,100.2048,2026-02-16T14:00,34.8,37,36.6,0.0,3,1006.6,19.6,56,100,873.0,35.6,0.168
Perlis,6.4449,100.2048,2026-02-16T15:00,34.8,37,35.5,0.0,3,1005.4,22.6,50,99,766.0,36.8,0.168
Perlis,6.4449,100.2048,2026-02-16T16:00,34.1,40,34.5,0.0,3,1004.9,21.3,46,100,643.0,37.2,0.168
Perlis,6.4449,100.2048,2026-02-16T17:00,32.7,43,32.2,0.1,51,1005.0,24.3,58,100,480.0,37.0,0.169
Perlis,6.4449,100.2048,2026-02-16T18:00,25.5,91,29.5,5.9,63,1006.5,14.3,130,100,154.0,33.8,0.246
Perlis,6.4449,100.2048,2026-02-16T19:00,27.0,80,30.1,0.3,51,1006.4,16.6,74,100,47.0,31.5,0.248
Perlis,6.4449,100.2048,2026-02-16T20:00,26.6,76,29.5,0.0,3,1007.3,14.8,74,100,8.0,30.2,0.248
Perlis,6.4449,100.2048,2026-02-16T21:00,26.3,78,29.6,0.0,3,1007.8,12.1,75,100,0.0,29.5,0.248
Perlis,6.4449,100.2048,2026-02-16T22:00,26.0,80,29.4,0.0,3,1008.6,11.3,63,100,0.0,28.9,0.248
Perlis,6.4449,100.2048,2026-02-16T23:00,25.7,81,29.2,0.0,3,1009.3,11.0,62,100,0.0,28.5,0.247
Kedah,6.1184,100.3685,2026-01-17T00:00,26.5,76,30.2,0.0,0,1009.7,8.9,43,14,0.0,30.9,0.128
Kedah,6.1184,100.3685,2026-01-17T01:00,26.0,80,29.7,0.0,0,1009.4,9.1,39,3,0.0,30.0,0.128
Kedah,6.1184,100.3685,2026-01-17T02:00,25.2,83,28.7,0.0,0,1009.1,10.3,47,12,0.0,29.5,0.128
Kedah,6.1184,100.3685,2026-01-17T03:00,24.8,84,28.2,0.0,0,1008.7,10.2,51,7,0.0,28.8,0.128
Kedah,6.1184,100.3685,2026-01-17T04:00,24.4,85,27.6,0.0,0,1008.0,10.8,57,6,0.0,28.2,0.128
Kedah,6.1184,100.3685,2026-01-17T05:00,24.0,86,27.1,0.0,0,1007.6,11.0,52,5,0.0,27.6,0.128
Kedah,6.1184,100.3685,2026-01-17T06:00,23.8,87,26.8,0.0,0,1007.8,10.3,44,2,0.0,27.1,0.128
Kedah,6.1184,100.3685,2026-01-17T07:00,23.4,88,26.5,0.0,0,1008.0,9.8,38,8,0.0,26.8,0.128
Kedah,6.1184,100.3685,2026-01-17T08:00,23.7,88,26.9,0.0,0,1008.2,10.2,42,5,8.0,26.4,0.128
Kedah,6.1184,100.3685,2026-01-17T09:00,25.9,76,29.1,0.0,0,1009.2,9.3,47,5,150.0,27.0,0.128
Kedah,6.1184,100.3685,2026-01-17T10:00,28.8,61,31.5,0.0,1,1009.8,9.2,48,20,380.0,28.6,0.128
Kedah,6.1184,100.3685,2026-01-17T11:00,31.0,49,33.4,0.0,3,1009.4,8.4,31,80,596.0,31.0,0.128
Kedah,6.1184,100.3685,2026-01-17T12:00,32.6,43,35.9,0.0,1,1008.9,7.2,4,29,759.0,33.5,0.127
Kedah,6.1184,100.3685,2026-01-17T13:00,34.2,38,37.8,0.0,1,1008.0,8.0,350,34,886.0,36.0,0.127
Kedah,6.1184,100.3685,2026-01-17T14:00,34.5,35,37.2,0.0,1,1006.8,10.6,330,28,861.0,37.9,0.131
Kedah,6.1184,100.3685,2026-01-17T15:00,35.0,33,37.1,0.0,1,1005.3,11.1,321,36,806.0,39.1,0.131
Kedah,6.1184,100.3685,2026-01-17T16:00,34.3,36,35.9,0.0,2,1004.5,12.8,304,60,706.0,39.5,0.131
Kedah,6.1184,100.3685,2026-01-17T17:00,33.7,38,34.4,0.0,1,1004.4,12.4,298,32,532.0,39.2,0.131
Kedah,6.1184,100.3685,2026-01-17T18:00,31.9,49,33.6,0.0,1,1004.7,14.2,270,47,351.0,38.3,0.131
Kedah,6.1184,100.3685,2026-01-17T19:00,29.9,58,32.3,0.0,0,1005.5,12.5,278,9,114.0,36.5,0.131
Kedah,6.1184,100.3685,2026-01-17T20:00,29.0,69,32.6,0.0,1,1006.2,10.9,297,24,5.0,35.0,0.128
Kedah,6.1184,100.3685,2026-01-17T21:00,28.6,70,32.4,0.0,2,1007.0,9.9,316,70,0.0,33.5,0.128
Kedah,6.1184,100.3685,2026-01-17T22:00,28.2,68,32.1,0.0,3,1007.9,5.6,15,92,0.0,32.4,0.128
Kedah,6.1184,100.3685,2026-01-17T23:00,27.8,68,31.5,0.0,0,1008.2,6.4,47,9,0.0,31.5,0.128
Kedah,6.1184,100.3685,2026-01-18T00:00,27.2,68,30.4,0.0,0,1008.2,7.3,48,17,0.0,30.7,0.128
Kedah,6.1184,100.3685,2026-01-18T01:00,26.5,70,29.4,0.0,2,1008.2,8.8,35,64,0.0,30.0,0.128
Kedah,6.1184,100.3685,2026-01-18T02:00,25.4,76,28.2,0.0,3,1007.6,10.5,35,86,0.0,29.1,0.131
Kedah,6.1184,100.3685,2026-01-18T03:00,24.7,79,27.6,0.0,3,1006.9,9.3,25,100,0.0,28.5,0.131
Kedah,6.1184,100.3685,2026-01-18T04:00,24.1,82,27.3,0.0,3,1006.6,7.2,27,100,0.0,27.8,0.131
Kedah,6.1184,100.3685,2026-01-18T05:00,23.5,85,26.7,0.0,3,1006.6,7.5,27,96,0.0,27.2,0.131
Kedah,6.1184,100.3685,2026-01-18T06:00,23.0,87,26.1,0.0,3,1006.7,8.0,20,82,0.0,26.7,0.131
Kedah,6.1184,100.3685,2026-01-18T07:00,22.5,89,25.7,0.0,3,1006.9,7.2,22,93,0.0,26.2,0.131
Kedah,6.1184,100.3685,2026-01-18T08:00,22.6,91,26.1,0.0,3,1007.4,6.2,30,97,8.0,26.1,0.13
Kedah,6.1184,100.3685,2026-01-18T09:00,25.0,78,28.7,0.0,3,1008.0,4.6,26,100,151.0,26.7,0.13
Kedah,6.1184,100.3685,2026-01-18T10:00,28.0,60,30.8,0.0,3,1008.3,6.1,40,100,372.0,28.4,0.13
Kedah,6.1184,100.3685,2026-01-18T11:00,31.0,42,32.3,0.0,3,1008.3,7.6,47,100,586.0,30.8,0.13
Kedah,6.1184,100.3685,2026-01-18T12:00,33.1,32,34.6,0.0,3,1007.8,7.8,42,100,756.0,33.3,0.13
Kedah,6.1184,100.3685,2026-01-18T13:00,34.5,29,36.6,0.0,3,1006.9,7.5,30,100,881.0,35.9,0.13
Kedah,6.1184,100.3685,2026-01-18T14:00,34.4,32,37.7,0.0,3,1005.9,5.7,11,100,921.0,38.0,0.156
Kedah,6.1184,100.3685,2026-01-18T15:00,35.8,28,38.5,0.0,3,1004.5,4.0,360,100,843.0,39.7,0.156
Kedah,6.1184,100.3685,2026-01-18T16:00,35.5,29,37.7,0.0,3,1003.7,3.9,344,100,749.0,40.7,0.156
Kedah,6.1184,100.3685,2026-01-18T17:00,35.2,29,36.2,0.0,3,1003.4,3.5,339,98,577.0,40.8,0.156
Kedah,6.1184,100.3685,2026-01-18T18:00,33.2,38,34.6,0.0,3,1003.8,7.5,297,89,372.0,40.0,0.156
Kedah,6.1184,100.3685,2026-01-18T19:00,30.6,57,33.8,0.0,3,1004.7,9.3,278,99,118.0,38.0,0.156
Kedah,6.1184,100.3685,2026-01-18T20:00,30.4,45,31.7,0.0,3,1005.8,8.5,353,97,6.0,36.1,0.15
Kedah,6.1184,100.3685,2026-01-18T21:00,29.2,55,31.0,0.0,3,1006.8,12.2,34,95,0.0,34.5,0.15
Kedah,6.1184,100.3685,2026-01-18T22:00,28.2,58,29.8,0.0,3,1007.6,12.7,57,99,0.0,33.2,0.15
Kedah,6.1184,100.3685,2026-01-18T23:00,27.3,58,28.8,0.0,3,1008.1,10.8,54,99,0.0,32.0,0.15
Kedah,6.1184,100.3685,2026-01-19T00:00,26.6,58,27.7,0.0,1,1008.2,11.3,47,46,0.0,31.0,0.15
Kedah,6.1184,100.3685,2026-01-19T01:00,25.8,60,26.7,0.0,3,1008.3,11.8,39,98,0.0,30.0,0.15
Kedah,6.1184,100.3685,2026-01-19T02:00,25.0,65,26.1,0.0,3,1007.9,12.1,40,99,0.0,29.5,0.15
Kedah,6.1184,100.3685,2026-01-19T03:00,24.2,71,25.8,0.0,3,1007.2,11.3,37,100,0.0,28.6,0.15
Kedah,6.1184,100.3685,2026-01-19T04:00,23.7,76,25.7,0.0,3,1006.7,10.1,40,100,0.0,28.0,0.15
Kedah,6.1184,100.3685,2026-01-19T05:00,23.2,79,25.3,0.0,3,1006.9,10.1,39,100,0.0,27.2,0.15
Kedah,6.1184,100.3685,2026-01-19T06:00,22.8,80,24.9,0.0,3,1007.0,8.9,34,100,0.0,26.7,0.15
Kedah,6.1184,100.3685,2026-01-19T07:00,22.4,80,24.5,0.0,3,1007.1,7.4,22,100,0.0,26.1,0.15
Kedah,6.1184,100.3685,2026-01-19T08:00,22.4,84,24.8,0.0,2,1007.6,8.3,14,70,8.0,26.1,0.15
Kedah,6.1184,100.3685,2026-01-19T09:00,24.6,72,27.3,0.0,2,1008.6,6.4,29,63,153.0,26.6,0.15
Kedah,6.1184,100.3685,2026-01-19T10:00,28.0,56,29.9,0.0,3,1009.0,8.3,39,99,384.0,28.3,0.15
Kedah,6.1184,100.3685,2026-01-19T11:00,30.9,44,32.5,0.0,3,1009.0,7.9,39,100,592.0,30.6,0.15
Kedah,6.1184,100.3685,2026-01-19T12:00,33.0,37,35.8,0.0,3,1008.8,5.1,39,98,778.0,33.3,0.15
Kedah,6.1184,100.3685,2026-01-19T13:00,34.5,32,37.9,0.0,3,1007.9,4.1,38,100,888.0,36.1,0.15
Kedah,6.1184,100.3685,2026-01-19T14:00,34.2,32,38.2,0.0,3,1007.4,1.8,11,99,924.0,38.5,0.15
Kedah,6.1184,100.3685,2026-01-19T15:00,35.3,29,38.3,0.0,3,1006.5,4.7,261,99,880.0,40.3,0.15
Kedah,6.1184,100.3685,2026-01-19T16:00,34.0,38,35.9,0.0,3,1005.8,12.7,252,100,749.0,40.6,0.15
Kedah,6.1184,100.3685,2026-01-19T17:00,33.2,39,33.9,0.0,3,1005.5,13.5,254,100,590.0,40.0,0.15
Kedah,6.1184,100.3685,2026-01-19T18:00,32.2,42,33.0,0.0,3,1005.7,13.0,253,98,353.0,38.7,0.15
Kedah,6.1184,100.3685,2026-01-19T19:00,30.7,51,32.8,0.0,3,1006.5,9.7,267,100,130.0,37.0,0.15
Kedah,6.1184,100.3685,2026-01-19T20:00,29.4,57,32.0,0.0,3,1007.7,8.0,340,98,6.0,35.5,0.15
Kedah,6.1184,100.3685,2026-01-19T21:00,28.7,59,30.9,0.0,3,1008.4,11.1,25,100,0.0,34.0,0.15
Kedah,6.1184,100.3685,2026-01-19T22:00,27.8,61,29.6,0.0,3,1009.5,12.2,46,91,0.0,32.7,0.15
Kedah,6.1184,100.3685,2026-01-19T23:00,26.8,65,28.9,0.0,0,1009.7,11.5,49,5,0.0,31.5,0.15
Kedah,6.1184,100.3685,2026-01-20T00:00,26.0,71,28.0,0.0,3,1009.6,13.8,43,97,0.0,30.5,0.15
Kedah,6.1184,100.3685,2026-01-20T01:00,25.1,77,27.5,0.0,3,1009.6,12.5,44,92,0.0,29.6,0.15
Kedah,6.1184,100.3685,2026-01-20T02:00,24.6,80,27.2,0.0,3,1008.9,11.9,41,95,0.0,29.0,0.15
Kedah,6.1184,100.3685,2026-01-20T03:00,24.1,83,26.8,0.0,3,1008.2,11.6,44,99,0.0,28.2,0.15
Kedah,6.1184,100.3685,2026-01-20T04:00,23.7,83,26.3,0.0,3,1007.6,10.9,44,100,0.0,27.6,0.15
Kedah,6.1184,100.3685,2026-01-20T05:00,23.5,83,25.9,0.0,3,1007.6,10.8,47,100,0.0,27.1,0.15
Kedah,6.1184,100.3685,2026-01-20T06:00,23.2,82,25.3,0.0,3,1007.8,11.5,46,100,0.0,26.6,0.15
Kedah,6.1184,100.3685,2026-01-20T07:00,23.0,81,25.0,0.0,3,1008.2,11.0,48,100,0.0,26.2,0.15
Kedah,6.1184,100.3685,2026-01-20T08:00,23.0,83,25.2,0.0,3,1009.0,11.2,41,100,7.0,26.0,0.153
Kedah,6.1184,100.3685,2026-01-20T09:00,24.9,74,27.2,0.0,3,1010.0,10.3,47,100,134.0,26.5,0.153
Kedah,6.1184,100.3685,2026-01-20T10:00,27.9,60,29.8,0.0,3,1010.7,11.1,60,100,362.0,28.0,0.153
Kedah,6.1184,100.3685,2026-01-20T11:00,30.6,46,31.9,0.0,3,1010.8,11.8,59,100,583.0,30.2,0.153
Kedah,6.1184,100.3685,2026-01-20T12:00,32.5,37,34.1,0.0,3,1010.3,11.9,61,100,762.0,32.7,0.153
Kedah,6.1184,100.3685,2026-01-20T13:00,34.0,33,35.9,0.0,3,1009.5,11.9,59,100,882.0,35.0,0.153
Kedah,6.1184,100.3685,2026-01-20T14:00,34.3,32,36.4,0.0,3,1008.6,12.3,53,100,924.0,37.1,0.158
Kedah,6.1184,100.3685,2026-01-20T15:00,35.1,30,37.1,0.0,3,1007.2,9.8,50,100,864.0,38.5,0.157
Kedah,6.1184,100.3685,2026-01-20T16:00,34.9,29,37.3,0.0,3,1006.4,2.7,42,100,749.0,39.5,0.157
Kedah,6.1184,100.3685,2026-01-20T17:00,34.2,31,35.4,0.0,3,1006.1,2.6,258,100,557.0,39.8,0.157
Kedah,6.1184,100.3685,2026-01-20T18:00,32.4,39,34.7,0.0,3,1006.4,0.9,259,100,323.0,38.9,0.156
Kedah,6.1184,100.3685,2026-01-20T19:00,31.4,42,32.7,0.0,3,1006.8,6.7,87,100,127.0,37.4,0.156
Kedah,6.1184,100.3685,2026-01-20T20:00,30.6,46,31.9,0.0,3,1007.3,10.2,45,100,6.0,36.0,0.15
Kedah,6.1184,100.3685,2026-01-20T21:00,29.4,53,31.8,0.0,3,1008.5,6.7,85,100,0.0,34.5,0.15
Kedah,6.1184,100.3685,2026-01-20T22:00,28.5,55,30.0,0.0,3,1009.7,12.1,60,100,0.0,33.2,0.15
Kedah,6.1184,100.3685,2026-01-20T23:00,27.5,58,28.5,0.0,3,1010.3,13.7,67,100,0.0,32.0,0.15
Kedah,6.1184,100.3685,2026-01-21T00:00,26.1,65,27.6,0.0,3,1010.5,12.9,57,100,0.0,31.0,0.15
Kedah,6.1184,100.3685,2026-01-21T01:00,25.4,71,27.3,0.0,3,1010.4,11.7,61,100,0.0,30.0,0.15
Kedah,6.1184,100.3685,2026-01-21T02:00,24.8,75,26.8,0.0,3,1009.9,13.1,57,100,0.0,29.4,0.15
Kedah,6.1184,100.3685,2026-01-21T03:00,25.0,73,26.8,0.0,3,1009.2,12.6,56,100,0.0,28.8,0.15
Kedah,6.1184,100.3685,2026-01-21T04:00,24.3,72,25.9,0.0,3,1008.7,11.9,60,100,0.0,28.1,0.15
Kedah,6.1184,100.3685,2026-01-21T05:00,24.0,73,25.6,0.0,3,1008.5,11.0,64,100,0.0,27.5,0.15
Kedah,6.1184,100.3685,2026-01-21T06:00,23.6,74,25.4,0.0,3,1008.8,9.9,71,100,0.0,27.0,0.15
Kedah,6.1184,100.3685,2026-01-21T07:00,23.4,75,25.2,0.0,3,1009.0,9.4,55,100,0.0,26.6,0.15
Kedah,6.1184,100.3685,2026-01-21T08:00,23.0,75,24.6,0.0,3,1009.5,10.5,57,100,7.0,25.9,0.15
Kedah,6.1184,100.3685,2026-01-21T09:00,25.1,67,27.0,0.0,3,1010.4,8.8,57,100,148.0,26.5,0.15
Kedah,6.1184,100.3685,2026-01-21T10:00,27.8,56,29.1,0.0,3,1010.9,11.5,58,100,360.0,28.0,0.15
Kedah,6.1184,100.3685,2026-01-21T11:00,30.5,44,31.3,0.0,3,1011.1,13.4,61,100,591.0,30.2,0.15
Kedah,6.1184,100.3685,2026-01-21T12:00,32.4,36,32.7,0.0,3,1010.7,18.2,60,100,773.0,32.5,0.15
Kedah,6.1184,100.3685,2026-01-21T13:00,33.5,32,33.7,0.0,3,1010.0,20.4,62,100,886.0,34.5,0.15
Kedah,6.1184,100.3685,2026-01-21T14:00,32.1,36,32.7,0.0,3,1009.7,20.4,63,100,926.0,36.2,0.15
Kedah,6.1184,100.3685,2026-01-21T15:00,32.2,37,31.2,0.0,3,1008.6,19.9,61,100,530.0,36.2,0.15
Kedah,6.1184,100.3685,2026-01-21T16:00,33.8,34,34.0,0.0,3,1007.7,16.6,70,100,692.0,37.0,0.15
Kedah,6.1184,100.3685,2026-01-21T17:00,32.2,39,31.3,0.0,3,1007.7,21.6,71,100,449.0,36.8,0.15
Kedah,6.1184,100.3685,2026-01-21T18:00,31.4,41,30.7,0.0,3,1008.2,20.1,62,100,309.0,36.0,0.15
Kedah,6.1184,100.3685,2026-01-21T19:00,29.8,46,29.1,0.0,3,1008.6,21.3,56,100,127.0,34.8,0.15
Kedah,6.1184,100.3685,2026-01-21T20:00,28.8,50,28.9,0.0,3,1009.3,17.4,53,100,6.0,34.0,0.15
Kedah,6.1184,100.3685,2026-01-21T21:00,28.0,57,28.5,0.0,3,1009.9,17.9,51,100,0.0,32.8,0.15
Kedah,6.1184,100.3685,2026-01-21T22:00,27.3,61,28.1,0.0,3,1010.8,17.8,60,98,0.0,31.7,0.15
Kedah,6.1184,100.3685,2026-01-21T23:00,26.4,64,27.3,0.0,3,1011.5,17.3,70,100,0.0,30.7,0.15
Kedah,6.1184,100.3685,2026-01-22T00:00,25.9,65,27.0,0.0,3,1011.7,15.4,74,99,0.0,29.9,0.15
Kedah,6.1184,100.3685,2026-01-22T01:00,25.5,66,26.6,0.0,3,1011.6,15.0,67,95,0.0,29.1,0.15
Kedah,6.1184,100.3685,2026-01-22T02:00,24.9,69,26.2,0.0,3,1011.1,14.2,60,84,0.0,28.4,0.15
Kedah,6.1184,100.3685,2026-01-22T03:00,24.4,71,25.7,0.0,1,1010.5,13.5,56,38,0.0,27.8,0.15
Kedah,6.1184,100.3685,2026-01-22T04:00,23.9,72,25.1,0.0,1,1009.7,13.5,57,25,0.0,27.3,0.15
Kedah,6.1184,100.3685,2026-01-22T05:00,23.6,71,24.5,0.0,2,1009.4,13.6,56,54,0.0,26.8,0.15
Kedah,6.1184,100.3685,2026-01-22T06:00,23.5,69,24.1,0.0,1,1009.9,13.8,59,30,0.0,26.4,0.15
Kedah,6.1184,100.3685,2026-01-22T07:00,23.3,68,23.8,0.0,0,1010.5,13.7,63,0,0.0,26.0,0.15
Kedah,6.1184,100.3685,2026-01-22T08:00,24.1,65,23.9,0.0,0,1010.7,18.7,61,1,7.0,25.6,0.15
Kedah,6.1184,100.3685,2026-01-22T09:00,25.6,60,25.7,0.0,2,1011.5,17.1,57,59,153.0,26.2,0.15
Kedah,6.1184,100.3685,2026-01-22T10:00,28.1,49,27.6,0.0,1,1012.3,18.8,66,30,390.0,27.6,0.15
Kedah,6.1184,100.3685,2026-01-22T11:00,30.4,42,29.8,0.0,0,1012.4,19.7,67,4,609.0,29.7,0.15
Kedah,6.1184,100.3685,2026-01-22T12:00,32.0,35,31.5,0.0,0,1011.8,21.8,66,5,787.0,31.9,0.15
Kedah,6.1184,100.3685,2026-01-22T13:00,33.2,32,32.9,0.0,3,1010.8,22.9,64,99,901.0,33.9,0.15
Kedah,6.1184,100.3685,2026-01-22T14:00,32.8,37,33.6,0.0,3,1010.2,21.7,56,98,941.0,35.5,0.15
Kedah,6.1184,100.3685,2026-01-22T15:00,33.4,36,34.1,0.0,3,1009.4,20.6,58,100,869.0,36.7,0.15
Kedah,6.1184,100.3685,2026-01-22T16:00,33.2,36,33.1,0.0,3,1008.5,21.6,58,98,770.0,37.2,0.15
Kedah,6.1184,100.3685,2026-01-22T17:00,32.8,36,31.9,0.0,3,1008.2,21.5,59,94,606.0,37.2,0.149
Kedah,6.1184,100.3685,2026-01-22T18:00,31.8,38,30.3,0.0,3,1008.6,22.9,61,93,377.0,36.4,0.149
Kedah,6.1184,100.3685,2026-01-22T19:00,30.1,41,28.7,0.0,3,1009.2,23.1,61,97,150.0,35.0,0.149
Kedah,6.1184,100.3685,2026-01-22T20:00,29.1,46,28.5,0.0,3,1010.2,19.4,54,97,7.0,33.8,0.149
Kedah,6.1184,100.3685,2026-01-22T21:00,27.9,53,27.6,0.0,3,1011.3,19.5,58,99,0.0,32.5,0.149
Kedah,6.1184,100.3685,2026-01-22T22:00,26.8,60,27.0,0.0,1,1012.2,19.7,60,47,0.0,31.3,0.149
Kedah,6.1184,100.3685,2026-01-22T23:00,26.0,63,26.2,0.0,1,1012.3,20.0,63,28,0.0,30.2,0.149
Kedah,6.1184,100.3685,2026-01-23T00:00,25.4,66,25.9,0.0,0,1012.4,18.6,65,2,0.0,29.4,0.149
Kedah,6.1184,100.3685,2026-01-23T01:00,25.0,67,25.5,0.0,2,1012.5,18.4,63,75,0.0,28.6,0.149
Kedah,6.1184,100.3685,2026-01-23T02:00,24.5,71,24.9,0.0,3,1012.3,18.9,62,98,0.0,27.8,0.15
Kedah,6.1184,100.3685,2026-01-23T03:00,24.1,73,24.9,0.0,3,1011.9,18.0,63,99,0.0,27.2,0.15
Kedah,6.1184,100.3685,2026-01-23T04:00,24.0,71,24.7,0.0,3,1011.4,16.8,63,99,0.0,26.9,0.15
Kedah,6.1184,100.3685,2026-01-23T05:00,23.9,70,24.2,0.0,3,1010.9,17.3,59,91,0.0,26.5,0.15
Kedah,6.1184,100.3685,2026-01-23T06:00,23.8,69,24.1,0.0,3,1010.9,16.8,59,96,0.0,26.2,0.15
Kedah,6.1184,100.3685,2026-01-23T07:00,23.7,70,24.1,0.0,3,1011.6,16.9,59,98,0.0,26.0,0.15
Kedah,6.1184,100.3685,2026-01-23T08:00,24.0,74,24.7,0.0,3,1012.3,17.8,62,100,7.0,25.6,0.15
Kedah,6.1184,100.3685,2026-01-23T09:00,25.6,67,26.6,0.0,3,1013.3,16.7,65,99,148.0,26.2,0.15
Kedah,6.1184,100.3685,2026-01-23T10:00,28.0,56,28.4,0.0,3,1013.8,18.7,69,98,381.0,27.6,0.15
Kedah,6.1184,100.3685,2026-01-23T11:00,30.0,49,30.2,0.0,3,1013.8,20.6,68,97,598.0,29.6,0.15
Kedah,6.1184,100.3685,2026-01-23T12:00,31.4,45,32.0,0.0,3,1013.2,23.3,64,99,776.0,31.6,0.15
Kedah,6.1184,100.3685,2026-01-23T13:00,32.8,39,33.6,0.0,3,1012.5,22.9,66,100,893.0,33.7,0.149
Kedah,6.1184,100.3685,2026-01-23T14:00,33.2,38,34.4,0.0,3,1011.9,20.9,63,90,936.0,35.3,0.149
Kedah,6.1184,100.3685,2026-01-23T15:00,33.8,35,35.0,0.0,3,1010.6,18.9,58,84,881.0,36.7,0.149
Kedah,6.1184,100.3685,2026-01-23T16:00,34.0,34,34.5,0.0,3,1009.3,19.1,52,95,783.0,37.5,0.149
Kedah,6.1184,100.3685,2026-01-23T17:00,33.6,35,33.0,0.0,3,1008.8,20.1,51,84,612.0,37.5,0.149
Kedah,6.1184,100.3685,2026-01-23T18:00,32.5,38,31.5,0.0,1,1009.1,21.7,54,23,391.0,36.8,0.149
Kedah,6.1184,100.3685,2026-01-23T19:00,30.5,44,29.7,0.0,0,1009.7,22.0,55,8,155.0,35.4,0.149
Kedah,6.1184,100.3685,2026-01-23T20:00,29.6,48,29.8,0.0,3,1010.7,17.0,51,98,8.0,34.0,0.149
Kedah,6.1184,100.3685,2026-01-23T21:00,28.2,55,28.4,0.0,3,1011.6,20.0,55,99,0.0,32.7,0.149
Kedah,6.1184,100.3685,2026-01-23T22:00,26.6,64,27.1,0.0,3,1012.4,20.9,58,92,0.0,31.5,0.149
Kedah,6.1184,100.3685,2026-01-23T23:00,25.9,68,26.3,0.0,3,1012.9,21.8,58,90,0.0,30.3,0.149
Kedah,6.1184,100.3685,2026-01-24T00:00,25.4,72,26.0,0.0,3,1012.9,21.7,61,98,0.0,29.4,0.149
Kedah,6.1184,100.3685,2026-01-24T01:00,25.0,73,25.8,0.0,3,1013.2,20.9,63,95,0.0,28.6,0.149
Kedah,6.1184,100.3685,2026-01-24T02:00,25.0,73,25.9,0.0,3,1012.6,19.3,65,84,0.0,28.3,0.149
Kedah,6.1184,100.3685,2026-01-24T03:00,24.6,73,25.7,0.0,3,1012.3,17.6,63,85,0.0,27.8,0.149
Kedah,6.1184,100.3685,2026-01-24T04:00,24.4,75,25.6,0.0,3,1012.0,17.2,64,96,0.0,27.2,0.149
Kedah,6.1184,100.3685,2026-01-24T05:00,24.1,75,25.2,0.0,3,1011.7,17.1,65,88,0.0,26.9,0.149
Kedah,6.1184,100.3685,2026-01-24T06:00,24.1,74,25.0,0.0,2,1011.8,17.5,63,55,0.0,26.5,0.149
Kedah,6.1184,100.3685,2026-01-24T07:00,24.0,73,24.9,0.0,0,1012.4,17.3,63,4,0.0,26.2,0.149
Kedah,6.1184,100.3685,2026-01-24T08:00,24.0,74,25.1,0.0,0,1013.0,15.7,60,0,7.0,25.9,0.149
Kedah,6.1184,100.3685,2026-01-24T09:00,26.0,64,27.0,0.0,0,1013.6,15.1,63,9,152.0,26.5,0.149
Kedah,6.1184,100.3685,2026-01-24T10:00,28.4,54,28.7,0.0,0,1014.1,18.0,70,14,388.0,27.9,0.149
Kedah,6.1184,100.3685,2026-01-24T11:00,30.7,43,30.6,0.0,0,1013.9,19.0,73,13,613.0,29.9,0.149
Kedah,6.1184,100.3685,2026-01-24T12:00,32.4,38,32.9,0.0,1,1013.1,19.9,72,34,792.0,32.1,0.149
Kedah,6.1184,100.3685,2026-01-24T13:00,33.9,33,34.5,0.0,3,1011.8,19.9,69,94,906.0,34.2,0.149
Kedah,6.1184,100.3685,2026-01-24T14:00,34.1,32,35.0,0.0,3,1011.0,19.3,65,83,944.0,36.0,0.149
Kedah,6.1184,100.3685,2026-01-24T15:00,34.7,31,35.2,0.0,3,1009.7,20.1,58,84,907.0,37.3,0.149
Kedah,6.1184,100.3685,2026-01-24T16:00,34.6,32,34.6,0.0,0,1008.8,20.3,54,13,794.0,38.0,0.149
Kedah,6.1184,100.3685,2026-01-24T17:00,34.0,33,33.1,0.0,1,1008.2,20.2,49,49,566.0,37.8,0.149
Kedah,6.1184,100.3685,2026-01-24T18:00,32.7,36,31.1,0.0,3,1008.3,23.8,43,97,370.0,37.0,0.149
Kedah,6.1184,100.3685,2026-01-24T19:00,30.9,42,29.7,0.0,3,1009.1,23.1,50,100,153.0,35.7,0.149
Kedah,6.1184,100.3685,2026-01-24T20:00,29.7,49,29.9,0.0,3,1009.9,18.5,49,100,8.0,34.3,0.149
Kedah,6.1184,100.3685,2026-01-24T21:00,28.6,53,29.1,0.0,3,1010.9,17.1,56,92,0.0,33.0,0.149
Kedah,6.1184,100.3685,2026-01-24T22:00,27.0,63,27.2,0.0,3,1011.7,22.6,63,84,0.0,31.7,0.149
Kedah,6.1184,100.3685,2026-01-24T23:00,25.9,68,26.3,0.0,3,1012.0,22.4,61,100,0.0,30.6,0.149
Kedah,6.1184,100.3685,2026-01-25T00:00,25.5,70,26.1,0.0,1,1011.9,21.8,64,34,0.0,29.6,0.149
Kedah,6.1184,100.3685,2026-01-25T01:00,25.1,71,25.8,0.0,0,1012.3,20.0,63,9,0.0,28.9,0.149
Kedah,6.1184,100.3685,2026-01-25T02:00,25.0,74,26.2,0.0,0,1011.6,18.7,69,15,0.0,29.0,0.149
Kedah,6.1184,100.3685,2026-01-25T03:00,24.9,74,26.0,0.0,3,1011.0,18.4,67,98,0.0,28.4,0.149
Kedah,6.1184,100.3685,2026-01-25T04:00,24.7,73,25.5,0.0,3,1010.4,18.9,69,100,0.0,27.8,0.149
Kedah,6.1184,100.3685,2026-01-25T05:00,24.5,73,25.5,0.0,3,1010.3,17.2,75,100,0.0,27.4,0.149
Kedah,6.1184,100.3685,2026-01-25T06:00,24.3,74,25.5,0.0,3,1010.5,16.4,73,100,0.0,27.0,0.149
Kedah,6.1184,100.3685,2026-01-25T07:00,24.1,74,25.4,0.0,3,1010.8,15.4,69,100,0.0,26.6,0.149
Kedah,6.1184,100.3685,2026-01-25T08:00,24.5,76,25.9,0.0,3,1011.4,16.2,73,100,7.0,26.5,0.149
Kedah,6.1184,100.3685,2026-01-25T09:00,26.1,68,27.6,0.0,3,1012.1,16.3,72,91,144.0,27.0,0.149
Kedah,6.1184,100.3685,2026-01-25T10:00,28.5,57,29.7,0.0,1,1012.6,15.2,80,34,374.0,28.4,0.149
Kedah,6.1184,100.3685,2026-01-25T11:00,31.0,46,32.3,0.0,1,1012.4,13.7,85,34,612.0,30.5,0.149
Kedah,6.1184,100.3685,2026-01-25T12:00,33.0,37,34.9,0.0,2,1011.7,11.9,89,68,791.0,33.0,0.149
Kedah,6.1184,100.3685,2026-01-25T13:00,34.7,32,37.4,0.0,3,1010.9,8.6,89,100,894.0,35.5,0.149
Kedah,6.1184,100.3685,2026-01-25T14:00,34.8,31,38.1,0.0,3,1010.1,3.8,98,100,893.0,37.8,0.149
Kedah,6.1184,100.3685,2026-01-25T15:00,36.2,27,39.6,0.0,3,1008.9,2.0,315,100,905.0,40.0,0.149
Kedah,6.1184,100.3685,2026-01-25T16:00,35.8,28,37.7,0.0,3,1008.1,6.3,285,100,773.0,41.0,0.149
Kedah,6.1184,100.3685,2026-01-25T17:00,34.0,36,34.4,0.0,3,1008.0,12.6,251,99,490.0,40.2,0.149
Kedah,6.1184,100.3685,2026-01-25T18:00,31.4,50,33.4,0.0,3,1008.6,12.3,233,100,285.0,38.8,0.149
Kedah,6.1184,100.3685,2026-01-25T19:00,30.2,53,33.5,0.0,3,1009.7,2.4,132,99,138.0,37.1,0.149
Kedah,6.1184,100.3685,2026-01-25T20:00,29.4,57,32.8,0.0,3,1010.1,2.8,50,99,7.0,35.1,0.155
Kedah,6.1184,100.3685,2026-01-25T21:00,27.6,63,30.0,0.3,51,1011.0,10.2,53,98,0.0,33.1,0.159
Kedah,6.1184,100.3685,2026-01-25T22:00,27.1,65,29.2,0.0,3,1011.7,12.7,52,98,0.0,31.7,0.159
Kedah,6.1184,100.3685,2026-01-25T23:00,25.9,70,27.9,0.0,3,1011.8,13.1,60,98,0.0,30.6,0.159
Kedah,6.1184,100.3685,2026-01-26T00:00,25.8,70,27.4,0.0,3,1011.7,14.7,57,98,0.0,29.9,0.159
Kedah,6.1184,100.3685,2026-01-26T01:00,25.6,71,27.3,0.0,3,1011.8,14.7,63,100,0.0,29.2,0.158
Kedah,6.1184,100.3685,2026-01-26T02:00,25.5,71,26.9,0.0,3,1011.5,16.5,66,99,0.0,29.4,0.158
Kedah,6.1184,100.3685,2026-01-26T03:00,25.4,71,26.6,0.0,3,1011.1,16.4,69,93,0.0,28.8,0.158
Kedah,6.1184,100.3685,2026-01-26T04:00,25.0,72,26.4,0.0,3,1010.8,15.3,63,100,0.0,28.2,0.158
Kedah,6.1184,100.3685,2026-01-26T05:00,24.8,73,26.1,0.0,3,1010.7,15.6,57,100,0.0,27.8,0.158
Kedah,6.1184,100.3685,2026-01-26T06:00,24.5,73,25.9,0.0,3,1011.1,15.2,63,88,0.0,27.4,0.158
Kedah,6.1184,100.3685,2026-01-26T07:00,24.4,73,25.5,0.0,0,1011.5,15.8,64,6,0.0,27.0,0.158
Kedah,6.1184,100.3685,2026-01-26T08:00,25.0,72,26.3,0.0,0,1011.9,16.0,60,4,7.0,27.0,0.16
Kedah,6.1184,100.3685,2026-01-26T09:00,26.4,66,27.5,0.0,0,1012.7,16.3,62,1,140.0,27.4,0.16
Kedah,6.1184,100.3685,2026-01-26T10:00,28.8,54,29.2,0.0,0,1013.0,18.5,71,0,381.0,28.7,0.16
Kedah,6.1184,100.3685,2026-01-26T11:00,30.9,45,31.4,0.0,1,1012.6,17.2,76,25,604.0,30.5,0.159
Kedah,6.1184,100.3685,2026-01-26T12:00,32.7,40,34.1,0.0,0,1011.7,16.1,74,9,781.0,32.8,0.159
Kedah,6.1184,100.3685,2026-01-26T13:00,34.2,36,36.2,0.0,1,1010.9,14.7,65,30,899.0,35.0,0.158
Kedah,6.1184,100.3685,2026-01-26T14:00,34.6,34,37.0,0.0,1,1009.9,12.8,51,37,908.0,36.8,0.16
Kedah,6.1184,100.3685,2026-01-26T15:00,34.9,33,35.9,0.0,1,1008.9,15.0,38,38,733.0,37.8,0.159
Kedah,6.1184,100.3685,2026-01-26T16:00,33.6,37,33.4,0.0,0,1008.2,18.7,34,7,522.0,37.6,0.159
Kedah,6.1184,100.3685,2026-01-26T17:00,34.0,36,34.2,0.0,1,1007.8,16.8,27,20,592.0,37.7,0.158
Kedah,6.1184,100.3685,2026-01-26T18:00,32.9,39,32.7,0.0,1,1008.3,18.8,25,26,386.0,37.0,0.158
Kedah,6.1184,100.3685,2026-01-26T19:00,30.6,46,30.8,0.0,0,1009.0,18.2,35,0,148.0,35.7,0.158
Kedah,6.1184,100.3685,2026-01-26T20:00,29.5,53,30.3,0.0,0,1010.2,16.3,47,2,8.0,34.8,0.153
Kedah,6.1184,100.3685,2026-01-26T21:00,28.6,56,29.4,0.0,0,1011.1,17.6,50,2,0.0,33.4,0.153
Kedah,6.1184,100.3685,2026-01-26T22:00,27.5,58,28.1,0.0,0,1012.1,17.6,53,3,0.0,32.2,0.153
Kedah,6.1184,100.3685,2026-01-26T23:00,26.8,59,27.1,0.0,0,1012.3,18.2,56,0,0.0,31.1,0.153
Kedah,6.1184,100.3685,2026-01-27T00:00,25.9,62,26.1,0.0,0,1012.1,18.7,56,18,0.0,30.1,0.153
Kedah,6.1184,100.3685,2026-01-27T01:00,25.4,65,25.6,0.0,2,1012.1,19.2,58,66,0.0,29.4,0.153
Kedah,6.1184,100.3685,2026-01-27T02:00,24.8,70,25.5,0.0,0,1012.1,18.0,58,12,0.0,28.8,0.153
Kedah,6.1184,100.3685,2026-01-27T03:00,24.4,73,25.4,0.0,0,1012.0,17.2,58,2,0.0,28.1,0.153
Kedah,6.1184,100.3685,2026-01-27T04:00,24.1,75,25.1,0.0,0,1011.6,17.7,53,9,0.0,27.5,0.153
Kedah,6.1184,100.3685,2026-01-27T05:00,23.9,76,25.0,0.0,0,1011.5,16.6,56,12,0.0,27.1,0.154
Kedah,6.1184,100.3685,2026-01-27T06:00,23.8,76,24.9,0.0,0,1011.7,16.4,57,17,0.0,26.7,0.154
Kedah,6.1184,100.3685,2026-01-27T07:00,23.5,77,24.6,0.0,1,1012.1,16.6,56,32,0.0,26.4,0.154
Kedah,6.1184,100.3685,2026-01-27T08:00,24.0,75,25.0,0.0,0,1012.9,16.5,55,5,7.0,26.0,0.153
Kedah,6.1184,100.3685,2026-01-27T09:00,25.5,68,26.6,0.0,0,1013.7,17.1,55,6,148.0,26.5,0.153
Kedah,6.1184,100.3685,2026-01-27T10:00,28.0,58,28.5,0.0,0,1014.0,19.2,63,5,382.0,28.0,0.153
Kedah,6.1184,100.3685,2026-01-27T11:00,30.4,47,30.4,0.0,0,1013.7,21.1,65,12,604.0,29.9,0.153
Kedah,6.1184,100.3685,2026-01-27T12:00,32.3,39,32.8,0.0,1,1013.1,20.6,60,22,781.0,32.2,0.153
Kedah,6.1184,100.3685,2026-01-27T13:00,33.5,35,34.4,0.0,1,1012.0,19.8,56,38,896.0,34.2,0.153
Kedah,6.1184,100.3685,2026-01-27T14:00,34.0,33,35.6,0.0,1,1011.1,16.1,56,47,937.0,36.2,0.153
Kedah,6.1184,100.3685,2026-01-27T15:00,34.7,32,36.2,0.0,2,1009.9,15.5,52,59,893.0,37.7,0.153
Kedah,6.1184,100.3685,2026-01-27T16:00,35.2,32,36.2,0.0,0,1008.8,14.8,51,15,789.0,38.5,0.153
Kedah,6.1184,100.3685,2026-01-27T17:00,35.0,31,34.9,0.0,3,1008.2,14.5,54,84,572.0,38.7,0.153
Kedah,6.1184,100.3685,2026-01-27T18:00,33.9,35,33.3,0.0,3,1008.4,18.2,48,91,335.0,37.9,0.153
Kedah,6.1184,100.3685,2026-01-27T19:00,31.7,41,31.0,0.0,3,1008.9,21.2,42,96,145.0,36.5,0.153
Kedah,6.1184,100.3685,2026-01-27T20:00,30.1,46,30.1,0.0,3,1009.8,18.2,42,84,9.0,35.0,0.153
Kedah,6.1184,100.3685,2026-01-27T21:00,29.0,49,29.2,0.0,2,1010.7,16.4,46,77,0.0,33.5,0.153
Kedah,6.1184,100.3685,2026-01-27T22:00,27.9,54,28.1,0.0,3,1011.8,17.9,50,88,0.0,32.3,0.153
Kedah,6.1184,100.3685,2026-01-27T23:00,26.5,64,27.0,0.0,3,1012.2,19.5,53,100,0.0,31.1,0.153
Kedah,6.1184,100.3685,2026-01-28T00:00,25.8,69,26.9,0.0,3,1012.4,17.5,55,95,0.0,30.1,0.153
Kedah,6.1184,100.3685,2026-01-28T01:00,25.1,75,26.6,0.0,3,1012.5,17.7,55,88,0.0,29.4,0.153
Kedah,6.1184,100.3685,2026-01-28T02:00,24.8,78,26.3,0.0,0,1012.3,18.0,53,18,0.0,28.5,0.153
Kedah,6.1184,100.3685,2026-01-28T03:00,24.4,79,26.1,0.0,3,1011.5,17.2,53,100,0.0,28.0,0.153
Kedah,6.1184,100.3685,2026-01-28T04:00,24.4,78,25.9,0.0,3,1011.0,16.8,58,99,0.0,27.5,0.153
Kedah,6.1184,100.3685,2026-01-28T05:00,24.1,79,25.7,0.0,3,1010.7,16.5,60,100,0.0,27.1,0.153
Kedah,6.1184,100.3685,2026-01-28T06:00,23.8,80,25.3,0.0,3,1010.6,16.5,61,99,0.0,26.8,0.153
Kedah,6.1184,100.3685,2026-01-28T07:00,23.7,79,25.3,0.0,3,1011.2,15.2,60,100,0.0,26.5,0.153
Kedah,6.1184,100.3685,2026-01-28T08:00,24.1,78,25.9,0.0,3,1011.8,14.7,48,100,6.0,26.4,0.153
Kedah,6.1184,100.3685,2026-01-28T09:00,25.8,70,27.3,0.0,3,1012.6,16.2,47,99,133.0,26.9,0.153
Kedah,6.1184,100.3685,2026-01-28T10:00,28.2,58,28.8,0.0,3,1013.0,18.9,55,100,375.0,28.2,0.153
Kedah,6.1184,100.3685,2026-01-28T11:00,30.1,49,30.4,0.0,3,1012.8,19.5,57,100,579.0,30.0,0.153
Kedah,6.1184,100.3685,2026-01-28T12:00,31.6,44,32.5,0.0,3,1012.6,18.8,58,100,700.0,32.0,0.153
Kedah,6.1184,100.3685,2026-01-28T13:00,32.8,42,34.5,0.0,3,1011.9,19.5,54,91,847.0,34.0,0.153
Kedah,6.1184,100.3685,2026-01-28T14:00,33.3,39,35.5,0.0,2,1011.4,16.5,50,64,903.0,35.8,0.153
Kedah,6.1184,100.3685,2026-01-28T15:00,34.5,35,36.8,0.0,3,1010.0,13.7,45,98,880.0,37.3,0.153
Kedah,6.1184,100.3685,2026-01-28T16:00,34.1,37,35.6,0.3,51,1008.9,13.5,45,100,708.0,37.8,0.156
Kedah,6.1184,100.3685,2026-01-28T17:00,34.1,36,35.0,0.3,51,1008.5,12.0,39,100,581.0,38.0,0.159
Kedah,6.1184,100.3685,2026-01-28T18:00,32.3,42,32.5,0.3,51,1008.7,18.2,39,96,338.0,37.0,0.162
Kedah,6.1184,100.3685,2026-01-28T19:00,31.4,44,31.8,0.0,2,1009.3,16.3,38,66,150.0,35.6,0.162
Kedah,6.1184,100.3685,2026-01-28T20:00,30.1,48,30.7,0.0,2,1010.6,14.8,57,66,9.0,34.7,0.152
Kedah,6.1184,100.3685,2026-01-28T21:00,29.0,52,29.4,0.0,0,1011.2,17.9,50,6,0.0,33.3,0.152
Kedah,6.1184,100.3685,2026-01-28T22:00,27.9,58,28.4,0.0,0,1011.8,18.9,52,2,0.0,32.2,0.152
Kedah,6.1184,100.3685,2026-01-28T23:00,26.8,65,27.8,0.0,0,1012.4,18.3,56,6,0.0,31.0,0.152
Kedah,6.1184,100.3685,2026-01-29T00:00,26.0,69,27.2,0.0,2,1012.4,17.6,53,55,0.0,30.1,0.152
Kedah,6.1184,100.3685,2026-01-29T01:00,25.5,72,26.8,0.0,2,1012.3,18.1,55,73,0.0,29.4,0.152
Kedah,6.1184,100.3685,2026-01-29T02:00,25.0,76,26.6,0.0,3,1012.1,17.1,58,99,0.0,28.8,0.152
Kedah,6.1184,100.3685,2026-01-29T03:00,24.7,78,26.5,0.0,3,1011.6,16.3,56,100,0.0,28.2,0.152
Kedah,6.1184,100.3685,2026-01-29T04:00,24.5,79,26.1,0.0,3,1010.8,16.8,57,100,0.0,27.7,0.152
Kedah,6.1184,100.3685,2026-01-29T05:00,24.2,80,26.0,0.0,3,1010.7,16.0,60,100,0.0,27.3,0.152
Kedah,6.1184,100.3685,2026-01-29T06:00,24.1,80,25.9,0.0,3,1010.9,15.3,62,100,0.0,26.9,0.152
Kedah,6.1184,100.3685,2026-01-29T07:00,23.9,80,25.5,0.0,3,1011.1,16.2,59,98,0.0,26.6,0.152
Kedah,6.1184,100.3685,2026-01-29T08:00,24.1,79,25.5,0.0,3,1011.3,18.3,57,100,6.0,26.5,0.152
Kedah,6.1184,100.3685,2026-01-29T09:00,25.7,73,27.4,0.0,3,1012.1,15.9,63,95,133.0,26.9,0.152
Kedah,6.1184,100.3685,2026-01-29T10:00,28.2,60,29.5,0.0,3,1012.6,17.0,66,83,359.0,28.2,0.152
Kedah,6.1184,100.3685,2026-01-29T11:00,30.8,47,31.3,0.0,3,1012.6,18.5,62,98,585.0,30.2,0.152
Kedah,6.1184,100.3685,2026-01-29T12:00,32.7,40,33.9,0.0,0,1012.2,17.5,63,3,773.0,32.5,0.152
Kedah,6.1184,100.3685,2026-01-29T13:00,34.1,36,36.1,0.0,0,1011.3,16.0,60,10,898.0,34.8,0.152
Kedah,6.1184,100.3685,2026-01-29T14:00,34.5,37,37.3,0.0,2,1010.5,14.0,60,74,942.0,37.0,0.164
Kedah,6.1184,100.3685,2026-01-29T15:00,34.6,37,37.0,0.0,2,1009.3,11.9,41,71,785.0,37.8,0.163
Kedah,6.1184,100.3685,2026-01-29T16:00,34.8,36,37.2,0.2,51,1008.6,9.0,20,38,712.0,38.5,0.165
Kedah,6.1184,100.3685,2026-01-29T17:00,34.0,38,35.0,0.3,51,1008.3,12.3,39,46,541.0,38.3,0.167
Kedah,6.1184,100.3685,2026-01-29T18:00,31.8,47,33.5,1.0,55,1008.8,11.7,59,60,321.0,36.8,0.177
Kedah,6.1184,100.3685,2026-01-29T19:00,30.7,50,32.9,0.7,53,1009.5,8.2,64,48,136.0,34.8,0.185
Kedah,6.1184,100.3685,2026-01-29T20:00,30.4,49,32.5,0.0,3,1010.4,7.3,25,98,7.0,35.3,0.153
Kedah,6.1184,100.3685,2026-01-29T21:00,29.6,52,30.2,0.0,1,1011.3,17.6,53,33,0.0,34.0,0.153
Kedah,6.1184,100.3685,2026-01-29T22:00,28.0,58,28.8,0.0,0,1012.2,17.8,58,9,0.0,32.8,0.153
Kedah,6.1184,100.3685,2026-01-29T23:00,27.0,64,27.9,0.0,0,1012.7,19.0,57,13,0.0,31.6,0.153
Kedah,6.1184,100.3685,2026-01-30T00:00,26.1,69,27.4,0.0,0,1012.9,17.4,59,6,0.0,30.6,0.153
Kedah,6.1184,100.3685,2026-01-30T01:00,25.5,71,26.9,0.0,0,1013.0,17.2,57,6,0.0,29.8,0.153
Kedah,6.1184,100.3685,2026-01-30T02:00,25.0,74,26.5,0.0,0,1012.6,16.9,57,8,0.0,29.0,0.153
Kedah,6.1184,100.3685,2026-01-30T03:00,24.8,75,26.2,0.0,0,1011.9,16.2,60,5,0.0,28.4,0.153
Kedah,6.1184,100.3685,2026-01-30T04:00,24.5,76,26.1,0.0,0,1011.6,15.1,62,5,0.0,27.9,0.153
Kedah,6.1184,100.3685,2026-01-30T05:00,24.2,78,26.1,0.0,0,1011.6,13.7,55,1,0.0,27.4,0.153
Kedah,6.1184,100.3685,2026-01-30T06:00,24.0,78,26.1,0.0,1,1011.9,12.0,50,33,0.0,27.0,0.153
Kedah,6.1184,100.3685,2026-01-30T07:00,23.7,79,25.8,0.0,3,1012.3,11.0,52,87,0.0,26.6,0.153
Kedah,6.1184,100.3685,2026-01-30T08:00,24.0,77,25.7,0.0,3,1012.6,14.8,46,91,7.0,26.4,0.153
Kedah,6.1184,100.3685,2026-01-30T09:00,26.0,68,27.4,0.0,3,1013.4,15.3,44,88,147.0,26.9,0.153
Kedah,6.1184,100.3685,2026-01-30T10:00,28.4,56,29.0,0.0,1,1013.8,17.8,50,34,383.0,28.3,0.153
Kedah,6.1184,100.3685,2026-01-30T11:00,30.5,47,30.8,0.0,0,1013.6,20.2,55,2,607.0,30.3,0.153
Kedah,6.1184,100.3685,2026-01-30T12:00,32.5,40,33.2,0.0,0,1013.0,19.8,55,8,787.0,32.5,0.153
Kedah,6.1184,100.3685,2026-01-30T13:00,33.8,36,35.2,0.0,0,1012.2,18.4,53,0,902.0,34.7,0.153
Kedah,6.1184,100.3685,2026-01-30T14:00,34.4,36,36.3,0.0,0,1011.1,17.6,56,0,943.0,36.5,0.153
Kedah,6.1184,100.3685,2026-01-30T15:00,35.2,34,37.2,0.0,0,1009.8,15.7,49,15,898.0,38.0,0.153
Kedah,6.1184,100.3685,2026-01-30T16:00,35.0,35,36.3,0.0,1,1009.0,15.5,42,22,745.0,38.8,0.153
Kedah,6.1184,100.3685,2026-01-30T17:00,34.5,37,35.0,0.1,51,1008.5,16.2,41,13,570.0,38.6,0.155
Kedah,6.1184,100.3685,2026-01-30T18:00,33.5,39,33.6,0.0,0,1008.4,18.0,46,8,380.0,38.0,0.155
Kedah,6.1184,100.3685,2026-01-30T19:00,31.9,43,32.0,0.0,0,1009.3,18.8,50,2,155.0,36.7,0.155
Kedah,6.1184,100.3685,2026-01-30T20:00,30.8,48,31.7,0.0,0,1010.2,15.1,38,4,9.0,35.4,0.153
Kedah,6.1184,100.3685,2026-01-30T21:00,29.5,53,30.7,0.0,0,1011.1,14.6,33,2,0.0,34.0,0.153
Kedah,6.1184,100.3685,2026-01-30T22:00,28.3,59,29.5,0.0,0,1012.0,16.5,34,2,0.0,32.8,0.153
Kedah,6.1184,100.3685,2026-01-30T23:00,27.0,68,29.0,0.0,0,1012.6,15.0,46,3,0.0,31.6,0.153
Kedah,6.1184,100.3685,2026-01-31T00:00,26.3,73,28.3,0.0,0,1013.0,16.2,56,4,0.0,30.7,0.153
Kedah,6.1184,100.3685,2026-01-31T01:00,25.9,75,27.6,0.0,0,1012.5,17.9,54,2,0.0,29.9,0.153
Kedah,6.1184,100.3685,2026-01-31T02:00,25.2,78,27.1,0.0,0,1012.3,17.0,53,0,0.0,29.2,0.153
Kedah,6.1184,100.3685,2026-01-31T03:00,24.9,78,26.8,0.0,0,1011.8,16.7,52,0,0.0,28.6,0.153
Kedah,6.1184,100.3685,2026-01-31T04:00,24.5,80,26.4,0.0,0,1011.2,16.7,48,0,0.0,28.0,0.153
Kedah,6.1184,100.3685,2026-01-31T05:00,24.2,81,26.1,0.0,0,1011.0,16.6,49,0,0.0,27.5,0.153
Kedah,6.1184,100.3685,2026-01-31T06:00,24.0,82,26.0,0.0,0,1011.4,16.1,50,16,0.0,27.1,0.153
Kedah,6.1184,100.3685,2026-01-31T07:00,24.0,82,25.8,0.0,3,1011.7,16.1,53,100,0.0,26.8,0.153
Kedah,6.1184,100.3685,2026-01-31T08:00,24.3,81,26.3,0.0,3,1012.4,15.4,48,88,7.0,26.2,0.154
Kedah,6.1184,100.3685,2026-01-31T09:00,26.0,74,28.1,0.0,3,1013.2,15.6,50,88,147.0,26.8,0.154
Kedah,6.1184,100.3685,2026-01-31T10:00,28.2,62,29.7,0.0,3,1013.8,17.6,57,98,382.0,28.2,0.154
Kedah,6.1184,100.3685,2026-01-31T11:00,30.5,51,31.7,0.0,0,1013.7,17.6,58,9,607.0,30.3,0.154
Kedah,6.1184,100.3685,2026-01-31T12:00,32.3,43,34.1,0.0,0,1013.4,17.3,57,16,786.0,32.6,0.154
Kedah,6.1184,100.3685,2026-01-31T13:00,33.6,39,35.7,0.0,1,1012.4,17.0,56,29,901.0,34.8,0.154
Kedah,6.1184,100.3685,2026-01-31T14:00,34.0,38,36.7,0.0,0,1011.8,14.2,50,9,938.0,36.7,0.158
Kedah,6.1184,100.3685,2026-01-31T15:00,34.8,36,37.2,0.0,1,1010.5,13.8,49,46,874.0,38.1,0.157
Kedah,6.1184,100.3685,2026-01-31T16:00,35.1,35,36.9,0.0,3,1009.4,14.7,48,80,790.0,39.0,0.157
Kedah,6.1184,100.3685,2026-01-31T17:00,34.5,36,35.0,0.0,3,1008.8,16.3,48,98,591.0,38.9,0.157
Kedah,6.1184,100.3685,2026-01-31T18:00,33.3,40,33.6,0.0,3,1008.8,17.6,48,88,400.0,38.2,0.157
Kedah,6.1184,100.3685,2026-01-31T19:00,31.7,44,32.0,0.0,3,1009.3,18.0,48,91,149.0,36.8,0.156
Kedah,6.1184,100.3685,2026-01-31T20:00,30.4,47,30.7,0.0,3,1010.3,17.4,45,88,10.0,35.6,0.153
Kedah,6.1184,100.3685,2026-01-31T21:00,29.4,52,29.9,0.0,3,1011.0,18.4,53,86,0.0,34.2,0.153
Kedah,6.1184,100.3685,2026-01-31T22:00,28.4,56,29.1,0.0,3,1012.0,17.8,56,82,0.0,32.9,0.153
Kedah,6.1184,100.3685,2026-01-31T23:00,27.2,64,28.4,0.0,3,1012.5,17.5,60,91,0.0,31.8,0.153
Kedah,6.1184,100.3685,2026-02-01T00:00,26.4,71,28.0,0.0,0,1012.5,17.1,61,11,0.0,30.8,0.153
Kedah,6.1184,100.3685,2026-02-01T01:00,25.9,73,27.8,0.0,0,1012.3,15.2,64,3,0.0,29.9,0.153
Kedah,6.1184,100.3685,2026-02-01T02:00,25.5,75,27.3,0.0,0,1011.7,15.7,60,11,0.0,29.2,0.153
Kedah,6.1184,100.3685,2026-02-01T03:00,25.2,75,27.1,0.0,0,1011.0,15.2,57,2,0.0,28.6,0.153
Kedah,6.1184,100.3685,2026-02-01T04:00,25.0,75,26.8,0.0,0,1010.3,15.5,54,1,0.0,28.1,0.153
Kedah,6.1184,100.3685,2026-02-01T05:00,24.8,76,26.8,0.0,0,1010.0,13.1,56,5,0.0,27.7,0.153
Kedah,6.1184,100.3685,2026-02-01T06:00,24.5,77,26.7,0.0,0,1010.5,11.7,53,9,0.0,27.4,0.153
Kedah,6.1184,100.3685,2026-02-01T07:00,24.1,77,26.2,0.0,1,1010.8,12.0,47,20,0.0,27.0,0.153
Kedah,6.1184,100.3685,2026-02-01T08:00,24.3,75,26.1,0.0,0,1011.7,12.8,48,2,7.0,26.7,0.153
Kedah,6.1184,100.3685,2026-02-01T09:00,26.2,68,27.9,0.0,0,1012.5,14.5,54,0,148.0,27.2,0.153
Kedah,6.1184,100.3685,2026-02-01T10:00,29.0,56,30.0,0.0,0,1013.1,17.2,64,0,384.0,28.7,0.153
Kedah,6.1184,100.3685,2026-02-01T11:00,31.3,45,31.9,0.0,0,1012.9,17.5,70,2,609.0,30.8,0.153
Kedah,6.1184,100.3685,2026-02-01T12:00,33.2,39,34.4,0.0,0,1012.4,17.7,69,9,790.0,33.1,0.153
Kedah,6.1184,100.3685,2026-02-01T13:00,34.5,34,36.2,0.0,0,1011.4,16.7,68,3,905.0,35.3,0.153
Kedah,6.1184,100.3685,2026-02-01T14:00,34.8,33,36.6,0.0,0,1010.9,16.2,53,7,943.0,37.3,0.153
Kedah,6.1184,100.3685,2026-02-01T15:00,34.9,33,35.8,0.0,1,1009.6,19.9,47,33,872.0,38.4,0.152
Kedah,6.1184,100.3685,2026-02-01T16:00,34.4,35,34.9,0.0,1,1008.9,19.1,47,41,750.0,38.8,0.152
Kedah,6.1184,100.3685,2026-02-01T17:00,33.3,38,32.7,0.0,2,1008.7,21.7,48,60,533.0,38.4,0.152
Kedah,6.1184,100.3685,2026-02-01T18:00,32.5,40,31.9,0.0,3,1008.8,22.5,54,98,335.0,37.5,0.153
Kedah,6.1184,100.3685,2026-02-01T19:00,30.6,46,29.9,0.0,3,1009.5,24.3,55,100,157.0,36.0,0.153
Kedah,6.1184,100.3685,2026-02-01T20:00,29.7,51,29.9,0.0,3,1010.3,20.3,50,100,10.0,34.5,0.152
Kedah,6.1184,100.3685,2026-02-01T21:00,28.7,55,29.3,0.0,3,1011.4,18.0,56,96,0.0,33.2,0.152
Kedah,6.1184,100.3685,2026-02-01T22:00,27.8,58,28.4,0.0,3,1012.4,18.2,63,88,0.0,32.0,0.152
Kedah,6.1184,100.3685,2026-02-01T23:00,27.0,60,27.5,0.0,3,1012.7,17.6,59,92,0.0,31.0,0.152
Kedah,6.1184,100.3685,2026-02-02T00:00,26.2,64,26.9,0.0,3,1012.6,17.9,56,96,0.0,30.2,0.152
Kedah,6.1184,100.3685,2026-02-02T01:00,25.5,68,26.4,0.0,3,1012.8,18.1,58,99,0.0,29.4,0.152
Kedah,6.1184,100.3685,2026-02-02T02:00,25.1,69,25.7,0.0,3,1012.3,19.8,60,98,0.0,28.8,0.152
Kedah,6.1184,100.3685,2026-02-02T03:00,24.8,69,25.3,0.0,3,1011.7,19.2,63,100,0.0,28.2,0.152
Kedah,6.1184,100.3685,2026-02-02T04:00,24.5,70,25.0,0.0,3,1011.2,19.2,68,100,0.0,27.7,0.152
Kedah,6.1184,100.3685,2026-02-02T05:00,24.3,71,24.7,0.0,3,1010.7,19.5,62,98,0.0,27.3,0.152
Kedah,6.1184,100.3685,2026-02-02T06:00,24.1,70,24.6,0.0,3,1010.8,17.5,66,99,0.0,26.9,0.152
Kedah,6.1184,100.3685,2026-02-02T07:00,24.0,70,24.6,0.0,3,1011.2,16.5,65,99,0.0,26.5,0.152
Kedah,6.1184,100.3685,2026-02-02T08:00,24.5,69,24.8,0.0,3,1011.9,18.8,63,100,7.0,26.4,0.152
Kedah,6.1184,100.3685,2026-02-02T09:00,26.1,63,26.7,0.0,3,1012.6,17.0,69,99,149.0,26.9,0.152
Kedah,6.1184,100.3685,2026-02-02T10:00,28.6,52,28.4,0.0,3,1012.8,21.2,71,98,386.0,28.3,0.152
Kedah,6.1184,100.3685,2026-02-02T11:00,30.8,40,29.1,0.0,3,1012.6,26.3,67,98,614.0,30.1,0.152
Kedah,6.1184,100.3685,2026-02-02T12:00,32.2,34,30.8,0.0,3,1012.2,27.5,66,100,795.0,32.1,0.152
Kedah,6.1184,100.3685,2026-02-02T13:00,32.8,36,32.4,0.0,3,1011.3,27.2,65,100,905.0,33.9,0.152
Kedah,6.1184,100.3685,2026-02-02T14:00,33.3,34,33.4,0.0,3,1010.7,23.8,62,98,950.0,35.5,0.152
Kedah,6.1184,100.3685,2026-02-02T15:00,34.0,32,34.0,0.0,3,1009.7,23.5,61,97,910.0,36.8,0.152
Kedah,6.1184,100.3685,2026-02-02T16:00,34.0,31,33.2,0.0,3,1008.7,23.1,61,100,800.0,37.5,0.152
Kedah,6.1184,100.3685,2026-02-02T17:00,33.4,30,31.4,0.0,3,1008.6,23.6,58,99,628.0,37.5,0.152
Kedah,6.1184,100.3685,2026-02-02T18:00,32.2,32,29.7,0.0,3,1008.9,24.8,58,98,403.0,36.8,0.152
Kedah,6.1184,100.3685,2026-02-02T19:00,30.6,36,28.2,0.0,3,1009.2,25.0,54,89,167.0,35.4,0.152
Kedah,6.1184,100.3685,2026-02-02T20:00,29.1,39,27.3,0.0,3,1010.3,20.6,51,94,11.0,34.0,0.152
Kedah,6.1184,100.3685,2026-02-02T21:00,28.1,46,27.1,0.0,3,1011.2,19.6,47,83,0.0,32.7,0.152
Kedah,6.1184,100.3685,2026-02-02T22:00,27.1,54,26.7,0.0,2,1012.1,19.4,49,64,0.0,31.5,0.152
Kedah,6.1184,100.3685,2026-02-02T23:00,26.1,63,26.5,0.0,0,1012.8,18.9,57,5,0.0,30.4,0.152
Kedah,6.1184,100.3685,2026-02-03T00:00,25.5,66,25.8,0.0,0,1013.0,20.2,58,0,0.0,29.5,0.152
Kedah,6.1184,100.3685,2026-02-03T01:00,25.1,68,25.3,0.0,0,1013.2,21.0,60,0,0.0,28.8,0.152
Kedah,6.1184,100.3685,2026-02-03T02:00,24.7,71,25.1,0.0,0,1012.6,20.9,61,5,0.0,28.3,0.152
Kedah,6.1184,100.3685,2026-02-03T03:00,24.4,74,25.0,0.0,0,1012.1,20.9,63,2,0.0,27.7,0.152
Kedah,6.1184,100.3685,2026-02-03T04:00,24.2,72,24.6,0.0,0,1011.8,20.9,65,2,0.0,27.2,0.152
Kedah,6.1184,100.3685,2026-02-03T05:00,24.1,69,24.1,0.0,0,1011.5,20.2,69,0,0.0,26.9,0.152
Kedah,6.1184,100.3685,2026-02-03T06:00,23.9,69,24.0,0.0,0,1011.7,18.9,74,2,0.0,26.5,0.152
Kedah,6.1184,100.3685,2026-02-03T07:00,23.9,68,23.9,0.0,0,1012.1,18.2,73,4,0.0,26.2,0.152
Kedah,6.1184,100.3685,2026-02-03T08:00,24.1,71,24.5,0.0,0,1012.5,18.8,67,0,7.0,26.0,0.152
Kedah,6.1184,100.3685,2026-02-03T09:00,25.8,65,26.3,0.0,0,1013.2,18.3,66,0,151.0,26.5,0.152
Kedah,6.1184,100.3685,2026-02-03T10:00,28.3,54,27.9,0.0,0,1013.7,22.9,70,5,390.0,28.0,0.152
Kedah,6.1184,100.3685,2026-02-03T11:00,30.4,45,29.7,0.0,0,1013.7,24.2,69,12,618.0,29.8,0.152
Kedah,6.1184,100.3685,2026-02-03T12:00,32.3,36,31.7,0.0,2,1013.0,24.4,68,58,799.0,32.0,0.152
Kedah,6.1184,100.3685,2026-02-03T13:00,33.5,30,32.9,0.0,2,1012.1,24.2,65,79,912.0,34.0,0.152
Kedah,6.1184,100.3685,2026-02-03T14:00,33.6,30,33.5,0.0,3,1011.5,22.3,64,91,959.0,35.8,0.152
Kedah,6.1184,100.3685,2026-02-03T15:00,34.3,29,34.2,0.0,3,1010.2,20.7,64,90,914.0,37.0,0.152
Kedah,6.1184,100.3685,2026-02-03T16:00,35.2,27,35.2,0.0,3,1009.1,16.5,52,85,792.0,37.9,0.152
Kedah,6.1184,100.3685,2026-02-03T17:00,34.3,30,32.7,0.0,2,1008.5,20.4,44,69,476.0,37.7,0.152
Kedah,6.1184,100.3685,2026-02-03T18:00,33.0,35,31.7,0.0,1,1008.5,21.3,79,28,283.0,36.9,0.152
Kedah,6.1184,100.3685,2026-02-03T19:00,32.0,34,30.4,0.0,0,1009.2,21.3,63,16,156.0,35.8,0.152
Kedah,6.1184,100.3685,2026-02-03T20:00,31.0,39,29.8,0.0,1,1010.4,19.8,53,21,11.0,34.6,0.152
Kedah,6.1184,100.3685,2026-02-03T21:00,28.3,52,27.6,0.0,0,1011.5,23.6,60,2,0.0,33.2,0.152
Kedah,6.1184,100.3685,2026-02-03T22:00,27.6,56,27.5,0.0,0,1012.3,21.1,63,0,0.0,31.9,0.152
Kedah,6.1184,100.3685,2026-02-03T23:00,26.7,62,27.1,0.0,0,1012.7,20.0,67,2,0.0,30.9,0.152
Kedah,6.1184,100.3685,2026-02-04T00:00,26.1,65,27.1,0.0,0,1012.9,16.7,73,0,0.0,30.0,0.152
Kedah,6.1184,100.3685,2026-02-04T01:00,25.7,67,27.1,0.0,0,1013.1,14.0,77,4,0.0,29.2,0.152
Kedah,6.1184,100.3685,2026-02-04T02:00,25.0,72,26.2,0.0,0,1012.6,15.9,68,5,0.0,28.6,0.152
Kedah,6.1184,100.3685,2026-02-04T03:00,24.6,73,26.2,0.0,3,1012.0,13.7,65,97,0.0,28.0,0.152
Kedah,6.1184,100.3685,2026-02-04T04:00,24.2,74,26.0,0.0,3,1011.7,12.2,66,93,0.0,27.5,0.152
Kedah,6.1184,100.3685,2026-02-04T05:00,24.1,75,25.7,0.0,3,1011.5,13.9,61,90,0.0,27.1,0.152
Kedah,6.1184,100.3685,2026-02-04T06:00,23.9,78,25.5,0.0,2,1011.7,14.5,63,79,0.0,26.7,0.152
Kedah,6.1184,100.3685,2026-02-04T07:00,23.8,79,25.4,0.0,2,1011.9,15.0,60,59,0.0,26.4,0.152
Kedah,6.1184,100.3685,2026-02-04T08:00,24.4,76,25.8,0.0,3,1012.4,16.2,60,98,7.0,25.9,0.152
Kedah,6.1184,100.3685,2026-02-04T09:00,26.0,70,27.7,0.0,3,1013.3,15.9,62,92,145.0,26.5,0.152
Kedah,6.1184,100.3685,2026-02-04T10:00,28.5,60,29.5,0.0,3,1013.7,19.4,69,95,381.0,28.0,0.152
Kedah,6.1184,100.3685,2026-02-04T11:00,30.6,52,31.5,0.0,2,1013.4,21.3,69,71,606.0,30.0,0.152
Kedah,6.1184,100.3685,2026-02-04T12:00,32.4,46,34.0,0.0,0,1012.9,20.7,67,18,789.0,32.2,0.152
Kedah,6.1184,100.3685,2026-02-04T13:00,34.2,39,36.3,0.0,3,1011.9,17.9,71,95,899.0,34.5,0.152
Kedah,6.1184,100.3685,2026-02-04T14:00,34.7,35,36.9,0.0,1,1011.0,15.2,66,20,928.0,36.5,0.152
Kedah,6.1184,100.3685,2026-02-04T15:00,35.7,33,37.7,0.0,3,1009.7,15.2,61,100,875.0,38.0,0.152
Kedah,6.1184,100.3685,2026-02-04T16:00,36.0,32,37.6,0.0,3,1008.9,15.0,64,100,791.0,39.0,0.152
Kedah,6.1184,100.3685,2026-02-04T17:00,34.8,36,36.7,0.0,3,1008.6,6.8,78,100,594.0,39.3,0.152
Kedah,6.1184,100.3685,2026-02-04T18:00,30.4,55,33.3,0.3,51,1009.6,7.5,190,100,344.0,38.5,0.155
Kedah,6.1184,100.3685,2026-02-04T19:00,27.5,75,32.6,1.2,55,1010.7,1.8,37,98,35.0,35.3,0.167
Kedah,6.1184,100.3685,2026-02-04T20:00,28.5,60,31.8,0.4,51,1011.6,5.0,75,90,5.0,33.2,0.153
Kedah,6.1184,100.3685,2026-02-04T21:00,28.0,63,30.3,0.0,3,1012.4,12.4,73,100,0.0,32.0,0.153
Kedah,6.1184,100.3685,2026-02-04T22:00,27.0,68,28.5,0.0,3,1012.8,18.3,62,100,0.0,31.0,0.153
Kedah,6.1184,100.3685,2026-02-04T23:00,26.8,69,28.6,0.0,3,1013.0,16.7,61,100,0.0,30.4,0.153
Kedah,6.1184,100.3685,2026-02-05T00:00,26.2,72,28.1,0.0,3,1013.0,15.7,60,100,0.0,29.7,0.153
Kedah,6.1184,100.3685,2026-02-05T01:00,26.2,71,28.3,0.0,3,1013.4,14.0,62,91,0.0,29.2,0.153
Kedah,6.1184,100.3685,2026-02-05T02:00,25.9,72,28.0,0.0,2,1012.7,13.5,65,57,0.0,29.2,0.146
Kedah,6.1184,100.3685,2026-02-05T03:00,25.5,73,27.6,0.0,3,1012.0,13.1,56,100,0.0,28.6,0.146
Kedah,6.1184,100.3685,2026-02-05T04:00,25.1,74,27.4,0.0,3,1011.6,11.8,54,100,0.0,28.2,0.146
Kedah,6.1184,100.3685,2026-02-05T05:00,24.9,75,27.1,0.0,3,1011.3,11.4,53,100,0.0,27.8,0.146
Kedah,6.1184,100.3685,2026-02-05T06:00,24.5,77,26.8,0.0,2,1011.5,11.4,64,63,0.0,27.4,0.146
Kedah,6.1184,100.3685,2026-02-05T07:00,24.4,78,26.8,0.0,3,1011.5,10.8,64,96,0.0,27.0,0.146
Kedah,6.1184,100.3685,2026-02-05T08:00,24.3,79,26.9,0.0,1,1012.1,10.1,65,45,6.0,26.2,0.159
Kedah,6.1184,100.3685,2026-02-05T09:00,26.4,70,28.9,0.0,2,1012.9,11.2,66,74,141.0,26.9,0.159
Kedah,6.1184,100.3685,2026-02-05T10:00,29.2,57,30.8,0.0,3,1013.4,14.7,73,91,378.0,28.5,0.159
Kedah,6.1184,100.3685,2026-02-05T11:00,31.5,47,32.8,0.0,3,1013.0,15.0,73,100,593.0,30.5,0.158
Kedah,6.1184,100.3685,2026-02-05T12:00,33.2,42,35.3,0.0,3,1012.0,15.5,70,99,772.0,32.8,0.158
Kedah,6.1184,100.3685,2026-02-05T13:00,34.5,39,37.2,0.0,3,1011.0,15.1,63,100,891.0,35.2,0.158
Kedah,6.1184,100.3685,2026-02-05T14:00,35.6,37,39.1,0.0,2,1009.9,12.4,49,54,940.0,37.1,0.162
Kedah,6.1184,100.3685,2026-02-05T15:00,36.1,36,39.6,0.0,2,1008.8,10.9,44,59,885.0,38.5,0.161
Kedah,6.1184,100.3685,2026-02-05T16:00,35.4,38,39.3,0.0,3,1008.0,3.5,345,94,719.0,39.5,0.16
Kedah,6.1184,100.3685,2026-02-05T17:00,33.8,43,36.0,0.1,51,1007.9,9.0,293,80,554.0,39.5,0.16
Kedah,6.1184,100.3685,2026-02-05T18:00,32.5,48,35.0,0.5,53,1008.4,8.7,5,98,297.0,38.0,0.165
Kedah,6.1184,100.3685,2026-02-05T19:00,30.9,53,33.0,0.0,3,1009.5,12.7,57,99,117.0,36.4,0.165
Kedah,6.1184,100.3685,2026-02-05T20:00,29.9,61,31.9,0.0,3,1009.9,18.3,17,100,8.0,35.6,0.165
Kedah,6.1184,100.3685,2026-02-05T21:00,28.9,66,31.9,0.0,2,1011.3,12.9,25,71,0.0,34.0,0.165
Kedah,6.1184,100.3685,2026-02-05T22:00,28.2,70,31.5,0.0,0,1012.1,12.4,30,12,0.0,32.7,0.165
Kedah,6.1184,100.3685,2026-02-05T23:00,27.6,72,30.8,0.0,0,1012.4,12.4,40,19,0.0,31.6,0.164
Kedah,6.1184,100.3685,2026-02-06T00:00,27.0,73,30.0,0.0,0,1012.4,12.5,47,9,0.0,30.8,0.164
Kedah,6.1184,100.3685,2026-02-06T01:00,26.4,74,29.1,0.0,0,1012.5,12.7,47,1,0.0,30.0,0.164
Kedah,6.1184,100.3685,2026-02-06T02:00,25.8,76,28.5,0.0,0,1012.0,12.3,38,2,0.0,29.5,0.161
Kedah,6.1184,100.3685,2026-02-06T03:00,25.2,79,28.0,0.0,0,1011.5,11.8,39,8,0.0,28.8,0.161
Kedah,6.1184,100.3685,2026-02-06T04:00,25.0,80,27.8,0.0,0,1011.1,11.6,42,2,0.0,28.2,0.161
Kedah,6.1184,100.3685,2026-02-06T05:00,24.6,82,27.4,0.0,0,1010.8,11.8,51,15,0.0,27.8,0.161
Kedah,6.1184,100.3685,2026-02-06T06:00,24.5,81,27.3,0.0,0,1011.0,11.2,52,2,0.0,27.4,0.161
Kedah,6.1184,100.3685,2026-02-06T07:00,24.1,82,27.2,0.0,3,1011.2,8.7,52,89,0.0,27.0,0.161
Kedah,6.1184,100.3685,2026-02-06T08:00,24.3,82,27.5,0.0,2,1011.6,8.0,23,61,7.0,27.1,0.158
Kedah,6.1184,100.3685,2026-02-06T09:00,26.4,73,29.8,0.0,0,1012.4,6.5,19,4,146.0,27.6,0.158
Kedah,6.1184,100.3685,2026-02-06T10:00,29.4,55,32.1,0.0,0,1012.8,5.3,35,13,383.0,29.4,0.158
Kedah,6.1184,100.3685,2026-02-06T11:00,31.9,43,34.5,0.0,0,1013.0,3.9,34,8,608.0,31.9,0.158
Kedah,6.1184,100.3685,2026-02-06T12:00,33.9,36,37.2,0.0,1,1012.5,3.8,360,39,788.0,34.7,0.157
Kedah,6.1184,100.3685,2026-02-06T13:00,35.2,33,38.8,0.0,2,1011.4,6.1,302,55,904.0,37.3,0.157
Kedah,6.1184,100.3685,2026-02-06T14:00,35.0,40,38.7,0.0,3,1010.5,13.2,267,98,945.0,39.2,0.161
Kedah,6.1184,100.3685,2026-02-06T15:00,34.3,40,36.9,0.1,51,1009.6,14.9,258,92,844.0,39.7,0.161
Kedah,6.1184,100.3685,2026-02-06T16:00,33.0,41,34.0,0.0,2,1008.7,15.2,247,60,600.0,39.2,0.16
Kedah,6.1184,100.3685,2026-02-06T17:00,31.9,50,33.7,0.0,1,1008.2,14.8,247,41,474.0,38.5,0.16
Kedah,6.1184,100.3685,2026-02-06T18:00,30.5,59,33.1,0.0,2,1008.6,13.4,246,56,315.0,37.3,0.159
Kedah,6.1184,100.3685,2026-02-06T19:00,29.1,68,33.0,0.0,3,1009.7,9.6,253,80,132.0,35.8,0.159
Kedah,6.1184,100.3685,2026-02-06T20:00,28.6,67,32.1,0.0,1,1010.1,10.1,260,46,7.0,34.1,0.169
Kedah,6.1184,100.3685,2026-02-06T21:00,28.3,70,32.3,0.0,1,1011.0,8.1,246,38,0.0,32.8,0.169
Kedah,6.1184,100.3685,2026-02-06T22:00,28.0,76,32.7,0.0,2,1011.8,7.1,246,55,0.0,31.8,0.169
Kedah,6.1184,100.3685,2026-02-06T23:00,27.8,79,32.8,0.0,3,1012.2,6.1,267,98,0.0,31.0,0.168
Kedah,6.1184,100.3685,2026-02-07T00:00,27.6,79,32.6,0.0,3,1012.1,6.5,283,100,0.0,30.4,0.168
Kedah,6.1184,100.3685,2026-02-07T01:00,27.4,80,32.6,0.0,3,1012.1,4.8,292,100,0.0,29.9,0.168
Kedah,6.1184,100.3685,2026-02-07T02:00,26.5,83,32.1,0.0,3,1011.5,0.6,18,100,0.0,29.0,0.166
Kedah,6.1184,100.3685,2026-02-07T03:00,25.8,87,31.5,0.0,3,1010.7,0.7,76,100,0.0,28.5,0.166
Kedah,6.1184,100.3685,2026-02-07T04:00,25.2,90,30.7,0.0,3,1010.1,2.4,63,100,0.0,28.1,0.166
Kedah,6.1184,100.3685,2026-02-07T05:00,24.8,92,30.0,0.0,3,1010.0,3.7,67,100,0.0,27.8,0.166
Kedah,6.1184,100.3685,2026-02-07T06:00,24.5,91,29.2,0.0,3,1010.3,4.9,80,100,0.0,27.5,0.166
Kedah,6.1184,100.3685,2026-02-07T07:00,24.4,87,28.5,0.0,2,1010.7,6.1,93,74,0.0,27.1,0.166
Kedah,6.1184,100.3685,2026-02-07T08:00,24.2,93,28.9,0.0,0,1011.1,6.4,65,13,6.0,26.7,0.169
Kedah,6.1184,100.3685,2026-02-07T09:00,26.5,80,31.0,0.0,3,1011.9,5.7,79,98,147.0,27.4,0.168
Kedah,6.1184,100.3685,2026-02-07T10:00,28.5,70,33.1,0.0,2,1012.3,4.7,83,50,335.0,28.9,0.168
Kedah,6.1184,100.3685,2026-02-07T11:00,30.6,59,34.9,0.0,1,1012.2,4.6,54,26,572.0,31.0,0.167
Kedah,6.1184,100.3685,2026-02-07T12:00,32.4,51,37.2,0.0,3,1011.5,5.0,30,91,742.0,33.5,0.166
Kedah,6.1184,100.3685,2026-02-07T13:00,33.7,46,38.8,0.0,3,1010.4,4.3,360,100,814.0,35.7,0.164
Kedah,6.1184,100.3685,2026-02-07T14:00,33.5,46,38.6,0.0,3,1009.4,3.7,313,100,800.0,37.3,0.167
Kedah,6.1184,100.3685,2026-02-07T15:00,33.9,44,38.3,0.0,3,1008.3,6.5,276,99,788.0,38.5,0.165
Kedah,6.1184,100.3685,2026-02-07T16:00,32.3,52,35.1,0.4,51,1007.3,12.2,268,100,581.0,38.3,0.168
Kedah,6.1184,100.3685,2026-02-07T17:00,31.4,57,34.3,0.2,51,1006.8,13.4,263,100,513.0,37.7,0.17
Kedah,6.1184,100.3685,2026-02-07T18:00,30.1,61,32.8,0.0,3,1006.7,15.3,271,100,312.0,36.5,0.169
Kedah,6.1184,100.3685,2026-02-07T19:00,29.0,66,31.8,0.0,3,1007.4,15.2,275,100,130.0,35.0,0.168
Kedah,6.1184,100.3685,2026-02-07T20:00,28.1,81,32.7,0.0,3,1007.8,12.0,283,100,9.0,33.2,0.175
Kedah,6.1184,100.3685,2026-02-07T21:00,28.0,84,33.5,0.0,3,1008.9,9.5,279,98,0.0,32.0,0.174
Kedah,6.1184,100.3685,2026-02-07T22:00,28.0,85,34.1,0.0,2,1010.0,5.9,315,59,0.0,31.1,0.174
Kedah,6.1184,100.3685,2026-02-07T23:00,27.5,81,32.4,0.0,3,1010.7,7.5,8,88,0.0,30.4,0.174
Kedah,6.1184,100.3685,2026-02-08T00:00,26.5,77,30.5,0.0,3,1010.6,7.3,10,91,0.0,29.7,0.174
Kedah,6.1184,100.3685,2026-02-08T01:00,26.0,76,29.6,0.0,2,1010.5,6.9,9,70,0.0,29.0,0.173
Kedah,6.1184,100.3685,2026-02-08T02:00,25.4,79,28.9,0.0,0,1009.7,7.7,9,17,0.0,29.0,0.167
Kedah,6.1184,100.3685,2026-02-08T03:00,25.0,81,29.0,0.0,1,1009.1,5.5,19,22,0.0,28.4,0.167
Kedah,6.1184,100.3685,2026-02-08T04:00,24.6,84,28.5,0.0,0,1008.9,6.3,27,4,0.0,27.8,0.166
Kedah,6.1184,100.3685,2026-02-08T05:00,24.1,86,27.9,0.0,0,1008.7,6.6,41,10,0.0,27.2,0.166
Kedah,6.1184,100.3685,2026-02-08T06:00,23.8,88,27.6,0.0,1,1009.3,6.5,60,20,0.0,26.8,0.166
Kedah,6.1184,100.3685,2026-02-08T07:00,23.5,90,27.2,0.0,0,1010.0,7.7,53,0,0.0,26.4,0.166
Kedah,6.1184,100.3685,2026-02-08T08:00,23.6,92,27.4,0.0,0,1010.2,8.5,44,0,7.0,26.0,0.166
Kedah,6.1184,100.3685,2026-02-08T09:00,26.2,79,30.4,0.0,0,1011.3,6.5,51,6,150.0,26.7,0.166
Kedah,6.1184,100.3685,2026-02-08T10:00,29.0,67,33.0,0.0,0,1011.9,6.3,59,1,387.0,28.5,0.166
Kedah,6.1184,100.3685,2026-02-08T11:00,31.4,54,35.2,0.0,0,1011.8,5.6,45,13,612.0,30.9,0.165
Kedah,6.1184,100.3685,2026-02-08T12:00,33.0,44,37.2,0.1,51,1011.1,4.9,33,20,754.0,33.5,0.164
Kedah,6.1184,100.3685,2026-02-08T13:00,34.5,40,38.8,0.1,51,1010.2,6.3,3,26,852.0,35.8,0.164
Kedah,6.1184,100.3685,2026-02-08T14:00,34.6,40,38.9,0.0,0,1009.1,7.4,338,14,874.0,37.6,0.166
Kedah,6.1184,100.3685,2026-02-08T15:00,35.4,37,39.7,0.0,1,1007.9,6.1,330,38,872.0,39.0,0.164
Kedah,6.1184,100.3685,2026-02-08T16:00,35.0,38,38.1,0.0,1,1006.9,7.4,293,33,718.0,39.5,0.163
Kedah,6.1184,100.3685,2026-02-08T17:00,34.7,39,37.2,0.1,51,1006.4,6.2,303,26,585.0,39.6,0.163
Kedah,6.1184,100.3685,2026-02-08T18:00,33.3,41,35.6,0.1,51,1007.0,5.2,304,43,353.0,38.8,0.164
Kedah,6.1184,100.3685,2026-02-08T19:00,31.6,46,33.9,0.1,51,1007.8,6.6,9,38,140.0,37.3,0.165
Kedah,6.1184,100.3685,2026-02-08T20:00,29.8,58,31.9,0.0,3,1008.9,14.0,44,96,10.0,35.1,0.167
Kedah,6.1184,100.3685,2026-02-08T21:00,28.9,65,31.6,0.0,3,1009.4,13.5,49,82,0.0,33.6,0.167
Kedah,6.1184,100.3685,2026-02-08T22:00,28.1,69,30.8,0.0,3,1010.0,14.5,63,95,0.0,32.3,0.167
Kedah,6.1184,100.3685,2026-02-08T23:00,27.2,72,29.6,0.0,2,1010.4,16.2,60,66,0.0,31.3,0.167
Kedah,6.1184,100.3685,2026-02-09T00:00,26.4,75,28.7,0.0,2,1010.5,16.5,58,64,0.0,30.4,0.166
Kedah,6.1184,100.3685,2026-02-09T01:00,25.8,77,28.0,0.0,3,1010.5,16.8,52,97,0.0,29.5,0.166
Kedah,6.1184,100.3685,2026-02-09T02:00,25.6,76,27.3,0.0,2,1009.8,19.0,55,51,0.0,29.4,0.155
Kedah,6.1184,100.3685,2026-02-09T03:00,25.4,75,26.7,0.0,1,1009.4,19.3,59,28,0.0,28.7,0.155
Kedah,6.1184,100.3685,2026-02-09T04:00,25.1,74,26.1,0.0,0,1008.5,20.3,61,0,0.0,28.2,0.155
Kedah,6.1184,100.3685,2026-02-09T05:00,24.9,74,25.9,0.0,0,1008.2,18.8,67,0,0.0,27.8,0.155
Kedah,6.1184,100.3685,2026-02-09T06:00,24.5,74,25.9,0.0,0,1008.5,15.6,76,0,0.0,27.4,0.155
Kedah,6.1184,100.3685,2026-02-09T07:00,24.3,72,25.5,0.0,1,1009.4,14.5,71,38,0.0,27.0,0.155
Kedah,6.1184,100.3685,2026-02-09T08:00,24.6,72,26.1,0.0,1,1009.6,14.0,60,41,7.0,26.4,0.164
Kedah,6.1184,100.3685,2026-02-09T09:00,26.3,64,27.7,0.0,2,1010.4,13.7,60,63,154.0,27.0,0.163
Kedah,6.1184,100.3685,2026-02-09T10:00,28.7,54,29.4,0.0,1,1011.0,16.2,75,22,398.0,28.4,0.163
Kedah,6.1184,100.3685,2026-02-09T11:00,30.6,48,31.6,0.0,1,1010.7,16.8,78,32,627.0,30.4,0.162
Kedah,6.1184,100.3685,2026-02-09T12:00,32.7,42,34.3,0.0,0,1010.2,17.3,78,1,809.0,32.6,0.161
Kedah,6.1184,100.3685,2026-02-09T13:00,34.2,36,35.9,0.0,2,1009.1,18.3,74,76,929.0,34.8,0.16
Kedah,6.1184,100.3685,2026-02-09T14:00,35.0,34,36.6,0.0,1,1008.2,19.2,64,36,966.0,36.6,0.161
Kedah,6.1184,100.3685,2026-02-09T15:00,35.8,30,36.6,0.0,2,1007.2,20.9,62,60,928.0,37.8,0.16
Kedah,6.1184,100.3685,2026-02-09T16:00,36.0,31,36.1,0.0,0,1006.3,22.5,61,10,823.0,38.5,0.159
Kedah,6.1184,100.3685,2026-02-09T17:00,35.5,32,34.4,0.0,1,1006.0,24.1,63,44,637.0,38.5,0.159
Kedah,6.1184,100.3685,2026-02-09T18:00,34.8,32,33.7,0.0,2,1006.2,20.7,71,69,399.0,37.8,0.158
Kedah,6.1184,100.3685,2026-02-09T19:00,32.0,39,32.0,0.0,1,1007.3,15.7,66,20,157.0,36.7,0.158
Kedah,6.1184,100.3685,2026-02-09T20:00,30.4,44,31.0,0.0,0,1008.7,11.8,51,14,12.0,35.5,0.154
Kedah,6.1184,100.3685,2026-02-09T21:00,29.6,48,30.0,0.0,0,1009.9,15.7,72,9,0.0,34.0,0.154
Kedah,6.1184,100.3685,2026-02-09T22:00,28.5,53,28.8,0.0,0,1010.7,17.1,73,3,0.0,32.8,0.154
Kedah,6.1184,100.3685,2026-02-09T23:00,27.3,59,27.9,0.0,3,1011.0,18.0,66,81,0.0,31.7,0.154
Kedah,6.1184,100.3685,2026-02-10T00:00,26.7,62,27.4,0.0,2,1010.9,17.8,68,63,0.0,30.8,0.154
Kedah,6.1184,100.3685,2026-02-10T01:00,26.0,65,27.0,0.0,0,1010.8,16.5,62,0,0.0,29.9,0.154
Kedah,6.1184,100.3685,2026-02-10T02:00,25.2,70,26.4,0.0,0,1010.5,16.5,63,0,0.0,29.5,0.148
Kedah,6.1184,100.3685,2026-02-10T03:00,24.9,72,26.1,0.0,0,1010.1,16.9,61,0,0.0,28.8,0.148
Kedah,6.1184,100.3685,2026-02-10T04:00,24.5,73,25.8,0.0,0,1009.6,16.0,64,0,0.0,28.1,0.148
Kedah,6.1184,100.3685,2026-02-10T05:00,24.2,73,25.5,0.0,0,1009.4,15.1,64,0,0.0,27.5,0.148
Kedah,6.1184,100.3685,2026-02-10T06:00,24.0,74,25.3,0.0,0,1009.6,14.4,68,0,0.0,27.1,0.148
Kedah,6.1184,100.3685,2026-02-10T07:00,23.7,75,25.1,0.0,0,1010.0,13.2,73,0,0.0,26.6,0.148
Kedah,6.1184,100.3685,2026-02-10T08:00,23.8,75,25.2,0.0,0,1010.6,13.8,74,0,7.0,26.0,0.149
Kedah,6.1184,100.3685,2026-02-10T09:00,25.9,67,27.6,0.0,0,1011.2,11.7,80,0,157.0,26.6,0.149
Kedah,6.1184,100.3685,2026-02-10T10:00,29.1,53,30.5,0.0,0,1011.5,11.7,80,0,403.0,28.4,0.149
Kedah,6.1184,100.3685,2026-02-10T11:00,32.1,41,33.6,0.0,0,1011.4,10.9,83,5,636.0,30.9,0.149
Kedah,6.1184,100.3685,2026-02-10T12:00,34.5,33,36.4,0.0,1,1010.9,11.0,88,41,819.0,33.7,0.149
Kedah,6.1184,100.3685,2026-02-10T13:00,36.2,30,38.7,0.0,2,1009.8,11.3,88,72,934.0,36.4,0.149
Kedah,6.1184,100.3685,2026-02-10T14:00,36.6,27,38.2,0.0,3,1008.8,11.8,73,95,864.0,38.5,0.152
Kedah,6.1184,100.3685,2026-02-10T15:00,37.4,24,38.5,0.0,3,1007.9,9.7,68,99,806.0,40.0,0.152
Kedah,6.1184,100.3685,2026-02-10T16:00,36.6,24,38.0,0.0,3,1007.2,3.5,195,91,715.0,41.0,0.152
Kedah,6.1184,100.3685,2026-02-10T17:00,33.0,47,34.7,0.0,2,1007.4,16.3,252,70,587.0,40.7,0.152
Kedah,6.1184,100.3685,2026-02-10T18:00,32.2,46,33.7,0.0,3,1007.8,13.1,277,100,355.0,39.2,0.152
Kedah,6.1184,100.3685,2026-02-10T19:00,31.2,49,34.0,0.1,51,1008.7,5.4,300,100,144.0,37.6,0.152
Kedah,6.1184,100.3685,2026-02-10T20:00,29.4,69,33.5,0.1,51,1009.3,9.4,266,99,11.0,35.2,0.141
Kedah,6.1184,100.3685,2026-02-10T21:00,28.9,71,33.4,0.0,3,1010.5,7.6,324,100,0.0,33.8,0.141
Kedah,6.1184,100.3685,2026-02-10T22:00,28.6,65,31.7,0.1,51,1011.3,10.5,78,100,0.0,32.8,0.142
Kedah,6.1184,100.3685,2026-02-10T23:00,27.6,64,28.8,0.0,3,1011.9,19.0,59,100,0.0,31.8,0.142
Kedah,6.1184,100.3685,2026-02-11T00:00,26.8,68,28.2,0.0,3,1012.1,18.1,63,99,0.0,30.9,0.142
Kedah,6.1184,100.3685,2026-02-11T01:00,26.4,68,27.7,0.0,3,1012.1,17.4,66,100,0.0,30.1,0.142
Kedah,6.1184,100.3685,2026-02-11T02:00,26.2,71,28.0,0.0,3,1011.6,16.3,62,100,0.0,30.1,0.138
Kedah,6.1184,100.3685,2026-02-11T03:00,26.0,74,28.0,0.0,3,1011.3,15.9,62,100,0.0,29.4,0.138
Kedah,6.1184,100.3685,2026-02-11T04:00,25.7,77,28.0,0.0,3,1010.6,15.6,60,86,0.0,28.9,0.138
Kedah,6.1184,100.3685,2026-02-11T05:00,25.6,76,27.8,0.0,1,1010.3,15.3,60,20,0.0,28.4,0.138
Kedah,6.1184,100.3685,2026-02-11T06:00,25.6,76,27.7,0.0,0,1010.5,15.9,62,16,0.0,28.0,0.138
Kedah,6.1184,100.3685,2026-02-11T07:00,25.5,76,27.7,0.0,2,1011.2,15.3,65,75,0.0,27.8,0.138
Kedah,6.1184,100.3685,2026-02-11T08:00,25.9,73,28.2,0.0,3,1011.7,13.4,70,100,6.0,28.0,0.137
Kedah,6.1184,100.3685,2026-02-11T09:00,26.9,70,29.7,0.3,51,1012.5,11.1,59,98,83.0,27.9,0.14
Kedah,6.1184,100.3685,2026-02-11T10:00,29.1,58,31.3,0.0,3,1013.1,11.4,66,99,253.0,29.0,0.14
Kedah,6.1184,100.3685,2026-02-11T11:00,32.3,47,34.0,0.0,3,1013.1,14.5,62,100,605.0,31.4,0.14
Kedah,6.1184,100.3685,2026-02-11T12:00,33.8,43,35.4,0.0,3,1012.1,21.6,58,98,784.0,33.7,0.14
Kedah,6.1184,100.3685,2026-02-11T13:00,34.8,41,36.6,0.2,51,1010.9,23.7,59,99,867.0,35.5,0.143
Kedah,6.1184,100.3685,2026-02-11T14:00,34.6,43,36.0,1.3,61,1010.4,25.1,58,94,795.0,35.8,0.162
Kedah,6.1184,100.3685,2026-02-11T15:00,34.1,46,36.1,0.0,3,1008.9,21.4,72,97,730.0,36.5,0.162
Kedah,6.1184,100.3685,2026-02-11T16:00,32.2,51,33.5,0.4,51,1008.5,19.9,44,80,472.0,36.5,0.165
Kedah,6.1184,100.3685,2026-02-11T17:00,30.5,61,34.0,1.9,61,1008.5,10.3,54,95,411.0,35.2,0.188
Kedah,6.1184,100.3685,2026-02-11T18:00,30.2,61,32.7,0.0,3,1008.7,16.4,50,98,242.0,34.3,0.187
Kedah,6.1184,100.3685,2026-02-11T19:00,27.2,78,30.8,3.4,63,1009.9,12.7,69,98,78.0,32.5,0.229
Kedah,6.1184,100.3685,2026-02-11T20:00,26.5,86,31.2,1.6,61,1010.3,9.9,74,100,4.0,30.7,0.222
Kedah,6.1184,100.3685,2026-02-11T21:00,26.5,85,30.7,0.1,51,1010.8,12.5,67,99,0.0,29.6,0.223
Kedah,6.1184,100.3685,2026-02-11T22:00,26.4,84,30.2,0.0,3,1011.7,13.4,64,95,0.0,28.9,0.223
Kedah,6.1184,100.3685,2026-02-11T23:00,25.9,84,29.2,0.0,3,1012.2,14.1,52,86,0.0,28.3,0.222
Kedah,6.1184,100.3685,2026-02-12T00:00,25.4,86,28.9,0.0,3,1012.2,12.6,46,97,0.0,27.8,0.222
Kedah,6.1184,100.3685,2026-02-12T01:00,25.0,86,28.1,0.0,3,1011.7,14.6,55,98,0.0,27.4,0.221
Kedah,6.1184,100.3685,2026-02-12T02:00,25.0,85,27.8,0.0,3,1011.7,15.2,59,95,0.0,27.6,0.216
Kedah,6.1184,100.3685,2026-02-12T03:00,24.7,85,27.4,0.0,3,1010.8,15.2,59,91,0.0,27.1,0.216
Kedah,6.1184,100.3685,2026-02-12T04:00,24.3,86,26.9,0.0,3,1010.1,15.3,60,99,0.0,26.8,0.215
Kedah,6.1184,100.3685,2026-02-12T05:00,24.0,86,26.5,0.0,3,1009.7,14.2,64,95,0.0,26.4,0.215
Kedah,6.1184,100.3685,2026-02-12T06:00,23.8,87,26.4,0.0,3,1010.1,13.4,63,98,0.0,26.0,0.215
Kedah,6.1184,100.3685,2026-02-12T07:00,23.6,87,26.1,0.0,2,1010.4,14.1,58,73,0.0,25.8,0.214
Kedah,6.1184,100.3685,2026-02-12T08:00,23.8,86,26.3,0.0,0,1011.2,13.3,62,9,7.0,25.6,0.215
Kedah,6.1184,100.3685,2026-02-12T09:00,25.5,79,28.2,0.0,0,1011.8,12.8,74,1,153.0,26.0,0.214
Kedah,6.1184,100.3685,2026-02-12T10:00,28.0,65,30.3,0.0,1,1012.5,13.3,77,43,394.0,27.3,0.213
Kedah,6.1184,100.3685,2026-02-12T11:00,30.5,52,32.7,0.0,1,1012.5,13.0,79,24,624.0,29.0,0.21
Kedah,6.1184,100.3685,2026-02-12T12:00,32.6,44,35.2,0.0,2,1011.7,14.2,81,63,802.0,31.0,0.206
Kedah,6.1184,100.3685,2026-02-12T13:00,34.1,39,37.3,0.0,2,1010.4,12.4,89,71,912.0,32.8,0.201
Kedah,6.1184,100.3685,2026-02-12T14:00,34.6,38,39.3,0.0,3,1009.9,5.6,151,99,965.0,34.6,0.197
Kedah,6.1184,100.3685,2026-02-12T15:00,34.0,40,37.1,0.0,3,1008.6,5.8,187,99,682.0,35.3,0.193
Kedah,6.1184,100.3685,2026-02-12T16:00,34.8,36,38.1,0.0,3,1007.4,2.8,162,99,703.0,36.2,0.189
Kedah,6.1184,100.3685,2026-02-12T17:00,34.8,35,37.5,0.0,3,1006.9,0.6,198,100,595.0,36.5,0.186
Kedah,6.1184,100.3685,2026-02-12T18:00,34.0,36,35.3,0.0,3,1006.8,8.0,25,100,307.0,35.9,0.184
Kedah,6.1184,100.3685,2026-02-12T19:00,32.5,41,33.4,0.0,3,1007.3,11.9,42,100,153.0,34.8,0.182
Kedah,6.1184,100.3685,2026-02-12T20:00,30.5,55,32.4,0.0,1,1008.2,14.6,58,30,12.0,32.9,0.177
Kedah,6.1184,100.3685,2026-02-12T21:00,29.1,63,31.2,0.0,3,1009.1,16.6,59,100,0.0,31.8,0.176
Kedah,6.1184,100.3685,2026-02-12T22:00,28.0,69,30.2,0.0,3,1010.1,17.8,60,100,0.0,31.0,0.176
Kedah,6.1184,100.3685,2026-02-12T23:00,27.6,71,29.7,0.0,3,1010.4,18.8,58,100,0.0,30.2,0.175
Kedah,6.1184,100.3685,2026-02-13T00:00,27.0,73,28.9,0.0,3,1010.3,19.5,60,100,0.0,29.5,0.175
Kedah,6.1184,100.3685,2026-02-13T01:00,26.7,73,28.7,0.0,3,1009.9,18.3,66,98,0.0,29.0,0.174
Kedah,6.1184,100.3685,2026-02-13T02:00,26.5,75,28.6,0.0,3,1009.6,18.1,67,100,0.0,29.0,0.172
Kedah,6.1184,100.3685,2026-02-13T03:00,26.4,76,28.8,0.0,1,1008.8,16.4,67,48,0.0,28.5,0.172
Kedah,6.1184,100.3685,2026-02-13T04:00,26.0,77,28.4,0.0,1,1008.1,16.8,62,24,0.0,28.1,0.171
Kedah,6.1184,100.3685,2026-02-13T05:00,25.7,79,28.3,0.0,3,1007.8,15.2,66,95,0.0,27.7,0.171
Kedah,6.1184,100.3685,2026-02-13T06:00,25.7,80,28.4,0.0,3,1008.0,15.0,64,92,0.0,27.5,0.171
Kedah,6.1184,100.3685,2026-02-13T07:00,25.5,80,28.3,0.0,3,1008.2,14.3,65,83,0.0,27.2,0.171
Kedah,6.1184,100.3685,2026-02-13T08:00,25.4,80,28.1,0.0,1,1009.0,13.9,69,30,7.0,27.3,0.169
Kedah,6.1184,100.3685,2026-02-13T09:00,27.0,73,29.9,0.0,0,1009.9,13.3,74,2,152.0,27.7,0.169
Kedah,6.1184,100.3685,2026-02-13T10:00,29.5,62,32.5,0.0,0,1010.5,10.6,88,0,389.0,29.0,0.168
Kedah,6.1184,100.3685,2026-02-13T11:00,31.8,52,35.2,0.0,0,1010.7,8.0,84,1,618.0,31.2,0.167
Kedah,6.1184,100.3685,2026-02-13T12:00,33.7,43,37.9,0.0,1,1010.0,6.2,97,21,801.0,33.7,0.165
Kedah,6.1184,100.3685,2026-02-13T13:00,35.0,39,39.8,0.0,2,1008.8,4.6,138,55,893.0,36.0,0.164
Kedah,6.1184,100.3685,2026-02-13T14:00,34.7,39,40.2,0.0,1,1008.2,1.9,197,28,944.0,38.2,0.165
Kedah,6.1184,100.3685,2026-02-13T15:00,35.0,39,38.7,0.0,1,1007.2,8.4,242,33,829.0,39.5,0.163
Kedah,6.1184,100.3685,2026-02-13T16:00,33.5,45,36.5,0.3,51,1006.3,11.7,229,59,690.0,39.5,0.165
Kedah,6.1184,100.3685,2026-02-13T17:00,32.3,53,35.1,0.1,51,1006.2,12.9,230,73,555.0,38.9,0.166
Kedah,6.1184,100.3685,2026-02-13T18:00,31.1,60,34.4,0.0,3,1006.6,12.3,226,88,347.0,37.7,0.166
Kedah,6.1184,100.3685,2026-02-13T19:00,29.9,68,33.9,0.0,3,1007.5,12.0,210,98,129.0,36.0,0.165
Kedah,6.1184,100.3685,2026-02-13T20:00,29.9,70,34.5,0.5,53,1007.8,9.2,271,99,10.0,34.2,0.187
Kedah,6.1184,100.3685,2026-02-13T21:00,29.2,70,34.3,0.4,51,1008.9,3.9,43,100,0.0,32.9,0.191
Kedah,6.1184,100.3685,2026-02-13T22:00,28.5,76,32.9,0.1,51,1009.4,10.6,72,100,0.0,31.6,0.192
Kedah,6.1184,100.3685,2026-02-13T23:00,27.8,68,29.8,0.0,3,1010.2,17.3,68,94,0.0,30.6,0.191
Kedah,6.1184,100.3685,2026-02-14T00:00,26.9,74,29.1,0.0,3,1010.3,17.7,63,100,0.0,29.8,0.191
Kedah,6.1184,100.3685,2026-02-14T01:00,26.4,78,28.7,0.0,3,1010.1,18.8,61,100,0.0,29.1,0.19
Kedah,6.1184,100.3685,2026-02-14T02:00,26.4,76,28.5,0.0,3,1009.4,18.0,62,100,0.0,29.3,0.182
Kedah,6.1184,100.3685,2026-02-14T03:00,26.1,76,28.3,0.0,3,1008.5,17.4,64,100,0.0,28.7,0.182
Kedah,6.1184,100.3685,2026-02-14T04:00,25.7,78,28.2,0.0,3,1008.2,15.2,63,99,0.0,28.2,0.181
Kedah,6.1184,100.3685,2026-02-14T05:00,25.3,80,28.0,0.0,3,1007.4,13.4,59,100,0.0,27.8,0.181
Kedah,6.1184,100.3685,2026-02-14T06:00,25.0,82,28.4,0.0,3,1007.9,10.2,53,100,0.0,27.4,0.181
Kedah,6.1184,100.3685,2026-02-14T07:00,24.8,84,28.3,0.0,3,1008.7,9.0,55,100,0.0,27.0,0.18
Kedah,6.1184,100.3685,2026-02-14T08:00,24.7,85,28.1,0.0,3,1008.9,10.0,39,100,7.0,26.6,0.193
Kedah,6.1184,100.3685,2026-02-14T09:00,26.5,76,29.8,0.0,1,1009.8,11.3,43,26,148.0,27.1,0.192
Kedah,6.1184,100.3685,2026-02-14T10:00,29.0,65,32.0,0.0,1,1010.1,12.3,59,40,390.0,28.5,0.191
Kedah,6.1184,100.3685,2026-02-14T11:00,31.4,54,34.0,0.0,3,1010.1,13.6,75,96,620.0,30.2,0.188
Kedah,6.1184,100.3685,2026-02-14T12:00,32.8,48,36.9,0.0,2,1009.7,9.6,99,52,799.0,32.3,0.185
Kedah,6.1184,100.3685,2026-02-14T13:00,34.0,44,38.4,0.0,2,1008.5,10.0,82,78,885.0,34.3,0.182
Kedah,6.1184,100.3685,2026-02-14T14:00,34.1,44,39.1,0.1,51,1008.1,8.2,57,98,950.0,36.2,0.184
Kedah,6.1184,100.3685,2026-02-14T15:00,35.0,42,39.2,0.0,3,1006.4,6.7,9,100,757.0,37.1,0.181
Kedah,6.1184,100.3685,2026-02-14T16:00,30.2,59,33.4,2.1,61,1006.5,9.3,127,99,419.0,36.5,0.206
Kedah,6.1184,100.3685,2026-02-14T17:00,26.2,84,30.8,10.7,65,1006.8,7.2,194,73,305.0,33.5,0.351
Kedah,6.1184,100.3685,2026-02-14T18:00,27.5,77,32.7,0.1,51,1006.5,2.1,20,89,211.0,32.3,0.349
Kedah,6.1184,100.3685,2026-02-14T19:00,27.9,78,32.6,0.1,51,1006.6,7.3,54,52,132.0,31.4,0.349
Kedah,6.1184,100.3685,2026-02-14T20:00,28.7,72,32.8,0.0,2,1007.3,9.8,41,77,11.0,32.0,0.185
Kedah,6.1184,100.3685,2026-02-14T21:00,27.8,75,32.1,0.4,51,1008.5,7.7,66,96,0.0,30.9,0.189
Kedah,6.1184,100.3685,2026-02-14T22:00,27.2,77,30.5,0.0,3,1009.3,14.4,57,88,0.0,30.0,0.189
Kedah,6.1184,100.3685,2026-02-14T23:00,26.5,79,29.5,0.0,3,1010.0,15.6,60,91,0.0,29.2,0.189
Kedah,6.1184,100.3685,2026-02-15T00:00,26.0,81,29.1,0.0,3,1010.0,14.7,61,98,0.0,28.6,0.188
Kedah,6.1184,100.3685,2026-02-15T01:00,25.8,82,28.8,0.0,1,1009.8,14.5,56,35,0.0,28.1,0.188
Kedah,6.1184,100.3685,2026-02-15T02:00,25.9,80,28.7,0.0,3,1009.2,14.3,53,100,0.0,28.1,0.183
Kedah,6.1184,100.3685,2026-02-15T03:00,25.5,81,28.4,0.0,2,1008.1,14.1,52,58,0.0,27.7,0.183
Kedah,6.1184,100.3685,2026-02-15T04:00,25.4,78,27.9,0.0,3,1007.5,14.3,55,99,0.0,27.4,0.182
Kedah,6.1184,100.3685,2026-02-15T05:00,25.2,78,27.7,0.0,3,1007.4,13.8,53,100,0.0,27.0,0.182
Kedah,6.1184,100.3685,2026-02-15T06:00,25.0,79,27.5,0.0,3,1007.7,13.5,53,92,0.0,26.8,0.182
Kedah,6.1184,100.3685,2026-02-15T07:00,24.9,80,27.5,0.0,3,1008.3,12.9,57,92,0.0,26.5,0.181
Kedah,6.1184,100.3685,2026-02-15T08:00,25.2,82,28.4,0.0,3,1008.4,10.9,38,97,7.0,26.6,0.178
Kedah,6.1184,100.3685,2026-02-15T09:00,26.9,75,30.1,0.0,3,1009.1,12.7,46,99,146.0,27.2,0.178
Kedah,6.1184,100.3685,2026-02-15T10:00,29.0,67,32.0,0.0,3,1009.9,13.4,57,98,380.0,28.5,0.177
Kedah,6.1184,100.3685,2026-02-15T11:00,30.9,58,33.8,0.0,3,1010.1,13.3,65,99,572.0,30.3,0.175
Kedah,6.1184,100.3685,2026-02-15T12:00,32.2,52,35.1,0.0,3,1009.4,16.0,75,99,682.0,32.0,0.174
Kedah,6.1184,100.3685,2026-02-15T13:00,33.0,49,36.4,0.0,3,1008.4,15.1,67,96,765.0,33.8,0.171
Kedah,6.1184,100.3685,2026-02-15T14:00,34.3,45,38.6,0.0,3,1007.4,13.8,79,95,912.0,35.5,0.169
Kedah,6.1184,100.3685,2026-02-15T15:00,34.8,42,38.1,0.0,2,1006.3,16.2,71,71,869.0,36.8,0.167
Kedah,6.1184,100.3685,2026-02-15T16:00,34.5,43,37.4,0.4,51,1005.2,14.6,74,59,757.0,37.5,0.17
Kedah,6.1184,100.3685,2026-02-15T17:00,33.0,48,34.3,0.5,53,1005.0,19.2,70,96,521.0,37.2,0.175
Kedah,6.1184,100.3685,2026-02-15T18:00,26.3,86,31.5,5.3,63,1006.4,5.2,224,80,102.0,33.8,0.242
Kedah,6.1184,100.3685,2026-02-15T19:00,26.5,86,31.8,0.4,51,1006.7,4.4,291,35,80.0,31.8,0.247
Kedah,6.1184,100.3685,2026-02-15T20:00,28.5,71,32.5,0.0,2,1006.6,10.1,50,63,11.0,31.4,0.211
Kedah,6.1184,100.3685,2026-02-15T21:00,28.0,73,31.4,0.0,2,1007.8,13.1,48,63,0.0,30.4,0.21
Kedah,6.1184,100.3685,2026-02-15T22:00,27.4,74,30.3,0.0,3,1008.9,15.3,58,98,0.0,29.6,0.209
Kedah,6.1184,100.3685,2026-02-15T23:00,27.0,76,30.0,0.0,3,1009.5,14.5,58,100,0.0,29.1,0.208
Kedah,6.1184,100.3685,2026-02-16T00:00,26.8,75,29.6,0.0,3,1009.7,14.3,56,100,0.0,28.6,0.208
Kedah,6.1184,100.3685,2026-02-16T01:00,26.5,75,29.2,0.0,3,1009.4,13.6,61,100,0.0,28.2,0.207
Kedah,6.1184,100.3685,2026-02-16T02:00,26.4,77,29.5,0.8,53,1008.8,12.8,62,100,0.0,27.6,0.217
Kedah,6.1184,100.3685,2026-02-16T03:00,26.2,78,29.3,0.0,3,1007.9,12.5,67,100,0.0,27.5,0.217
Kedah,6.1184,100.3685,2026-02-16T04:00,26.0,79,29.1,0.0,3,1007.4,11.9,67,100,0.0,27.2,0.216
Kedah,6.1184,100.3685,2026-02-16T05:00,25.6,80,28.8,0.0,3,1006.9,11.5,56,100,0.0,27.0,0.216
Kedah,6.1184,100.3685,2026-02-16T06:00,25.5,81,28.7,0.0,3,1007.4,11.2,52,100,0.0,26.9,0.215
Kedah,6.1184,100.3685,2026-02-16T07:00,25.5,79,28.7,0.0,3,1007.9,10.9,54,100,0.0,26.7,0.215
Kedah,6.1184,100.3685,2026-02-16T08:00,25.7,81,29.1,0.0,3,1008.1,10.8,62,88,4.0,27.0,0.206
Kedah,6.1184,100.3685,2026-02-16T09:00,26.8,76,29.9,0.0,3,1008.9,12.8,55,99,112.0,27.2,0.206
Kedah,6.1184,100.3685,2026-02-16T10:00,28.8,67,31.4,0.0,3,1009.2,15.3,69,90,343.0,28.3,0.204
Kedah,6.1184,100.3685,2026-02-16T11:00,29.6,62,32.0,0.0,3,1009.5,16.2,69,100,376.0,29.2,0.202
Kedah,6.1184,100.3685,2026-02-16T12:00,30.8,57,33.0,0.0,3,1008.9,15.7,68,100,509.0,30.4,0.2
Kedah,6.1184,100.3685,2026-02-16T13:00,31.7,53,33.8,0.0,3,1007.8,15.1,67,100,546.0,31.5,0.197
Kedah,6.1184,100.3685,2026-02-16T14:00,32.8,48,35.3,0.0,3,1006.2,13.7,57,100,619.0,32.5,0.194
Kedah,6.1184,100.3685,2026-02-16T15:00,34.2,44,36.9,0.0,3,1004.7,13.2,44,98,697.0,33.8,0.191
Kedah,6.1184,100.3685,2026-02-16T16:00,32.3,50,33.7,1.3,61,1004.5,19.2,68,100,526.0,34.2,0.203
Kedah,6.1184,100.3685,2026-02-16T17:00,26.6,84,32.4,12.7,65,1005.6,1.4,293,100,198.0,31.8,0.376
Kedah,6.1184,100.3685,2026-02-16T18:00,26.6,88,32.5,1.2,55,1005.9,3.9,47,99,69.0,30.3,0.392
Kedah,6.1184,100.3685,2026-02-16T19:00,26.6,83,31.5,1.2,55,1006.5,6.5,138,100,59.0,29.4,0.406
Kedah,6.1184,100.3685,2026-02-16T20:00,25.1,92,29.6,0.3,51,1007.2,10.3,157,100,5.0,28.4,0.408
Kedah,6.1184,100.3685,2026-02-16T21:00,24.7,94,29.8,0.0,3,1007.4,5.9,133,100,0.0,27.6,0.407
Kedah,6.1184,100.3685,2026-02-16T22:00,24.6,93,29.8,0.0,3,1008.3,3.4,122,100,0.0,27.1,0.406
Kedah,6.1184,100.3685,2026-02-16T23:00,24.5,95,30.0,0.0,3,1009.1,3.2,106,100,0.0,26.9,0.406
Penang,5.4164,100.3327,2026-01-17T00:00,27.4,82,32.3,0.0,0,1009.7,8.3,330,7,0.0,29.8,0.201
Penang,5.4164,100.3327,2026-01-17T01:00,27.3,79,32.0,0.0,0,1009.3,6.6,351,4,0.0,29.3,0.201
Penang,5.4164,100.3327,2026-01-17T02:00,26.7,79,31.1,0.0,0,1009.0,6.3,355,13,0.0,29.2,0.196
Penang,5.4164,100.3327,2026-01-17T03:00,26.4,81,31.0,0.0,0,1008.6,5.7,351,12,0.0,28.7,0.197
Penang,5.4164,100.3327,2026-01-17T04:00,26.1,84,30.8,0.0,0,1007.8,5.8,5,16,0.0,28.3,0.197
Penang,5.4164,100.3327,2026-01-17T05:00,25.8,85,30.5,0.0,0,1007.5,5.8,7,7,0.0,27.9,0.197
Penang,5.4164,100.3327,2026-01-17T06:00,25.4,86,30.0,0.0,0,1007.6,5.1,39,5,0.0,27.5,0.197
Penang,5.4164,100.3327,2026-01-17T07:00,24.9,87,29.4,0.0,0,1007.8,5.1,42,3,0.0,27.1,0.197
Penang,5.4164,100.3327,2026-01-17T08:00,25.3,85,30.0,0.0,0,1008.2,4.0,32,2,8.0,26.9,0.198
Penang,5.4164,100.3327,2026-01-17T09:00,27.0,75,31.3,0.0,0,1009.2,5.0,41,2,153.0,27.6,0.198
Penang,5.4164,100.3327,2026-01-17T10:00,29.1,63,32.7,0.0,0,1009.8,6.1,34,19,385.0,29.0,0.198
Penang,5.4164,100.3327,2026-01-17T11:00,31.0,51,33.7,0.0,2,1009.5,8.9,9,77,602.0,30.8,0.198
Penang,5.4164,100.3327,2026-01-17T12:00,32.1,48,35.3,0.0,0,1009.0,11.6,345,11,778.0,32.7,0.198
Penang,5.4164,100.3327,2026-01-17T13:00,32.4,47,35.6,0.0,1,1008.4,15.3,326,40,891.0,34.2,0.198
Penang,5.4164,100.3327,2026-01-17T14:00,31.9,45,34.2,0.0,1,1007.5,16.8,322,26,878.0,35.1,0.2
Penang,5.4164,100.3327,2026-01-17T15:00,32.6,39,34.3,0.0,2,1006.1,14.9,322,62,830.0,35.9,0.2
Penang,5.4164,100.3327,2026-01-17T16:00,32.7,40,34.5,0.0,0,1005.2,13.8,318,17,778.0,36.3,0.2
Penang,5.4164,100.3327,2026-01-17T17:00,32.1,43,33.4,0.0,0,1005.1,12.8,301,11,609.0,36.3,0.2
Penang,5.4164,100.3327,2026-01-17T18:00,31.4,45,32.4,0.0,1,1005.2,13.3,289,20,387.0,35.7,0.2
Penang,5.4164,100.3327,2026-01-17T19:00,29.4,60,31.9,0.0,1,1005.7,11.7,287,48,151.0,34.4,0.2
Penang,5.4164,100.3327,2026-01-17T20:00,28.5,69,32.5,0.0,1,1006.3,7.8,275,38,7.0,33.2,0.198
Penang,5.4164,100.3327,2026-01-17T21:00,27.9,77,32.4,0.0,2,1006.9,8.5,291,75,0.0,32.0,0.198
Penang,5.4164,100.3327,2026-01-17T22:00,27.6,82,32.7,0.0,1,1007.9,6.9,307,27,0.0,31.0,0.198
Penang,5.4164,100.3327,2026-01-17T23:00,27.4,84,32.7,0.0,2,1008.2,7.3,324,76,0.0,30.3,0.198
Penang,5.4164,100.3327,2026-01-18T00:00,27.4,83,32.2,0.0,2,1008.2,9.7,336,65,0.0,29.7,0.198
Penang,5.4164,100.3327,2026-01-18T01:00,27.7,74,31.5,0.0,2,1008.1,10.4,340,73,0.0,29.3,0.198
Penang,5.4164,100.3327,2026-01-18T02:00,27.5,74,31.3,0.0,3,1007.4,8.7,338,100,0.0,28.9,0.201
Penang,5.4164,100.3327,2026-01-18T03:00,26.8,78,30.9,0.0,3,1006.9,7.7,342,100,0.0,28.5,0.201
Penang,5.4164,100.3327,2026-01-18T04:00,26.2,82,30.7,0.0,3,1006.5,6.9,351,100,0.0,28.2,0.201
Penang,5.4164,100.3327,2026-01-18T05:00,25.7,86,30.6,0.0,1,1006.6,4.1,337,44,0.0,27.7,0.201
Penang,5.4164,100.3327,2026-01-18T06:00,25.3,89,30.4,0.0,3,1006.7,3.3,347,91,0.0,27.2,0.201
Penang,5.4164,100.3327,2026-01-18T07:00,24.9,91,30.1,0.0,3,1006.9,3.3,9,99,0.0,26.8,0.201
Penang,5.4164,100.3327,2026-01-18T08:00,24.9,85,29.2,0.0,3,1007.2,4.4,27,98,8.0,26.7,0.199
Penang,5.4164,100.3327,2026-01-18T09:00,26.6,74,30.5,0.0,3,1007.9,5.6,25,100,141.0,27.3,0.199
Penang,5.4164,100.3327,2026-01-18T10:00,28.7,64,32.4,0.0,3,1008.3,4.9,17,100,356.0,28.6,0.199
Penang,5.4164,100.3327,2026-01-18T11:00,30.7,52,33.8,0.0,3,1008.5,5.8,355,100,582.0,30.5,0.199
Penang,5.4164,100.3327,2026-01-18T12:00,31.7,47,35.0,0.0,3,1008.0,9.0,340,100,746.0,32.4,0.199
Penang,5.4164,100.3327,2026-01-18T13:00,32.5,42,35.6,0.0,3,1007.2,11.1,333,100,867.0,34.0,0.199
Penang,5.4164,100.3327,2026-01-18T14:00,31.7,47,35.2,0.0,3,1006.5,12.3,328,98,902.0,35.3,0.218
Penang,5.4164,100.3327,2026-01-18T15:00,32.5,43,35.6,0.0,3,1005.2,11.4,337,96,852.0,35.9,0.216
Penang,5.4164,100.3327,2026-01-18T16:00,32.9,42,35.7,0.0,3,1004.3,10.2,329,91,772.0,36.2,0.215
Penang,5.4164,100.3327,2026-01-18T17:00,32.0,45,33.8,0.0,3,1004.2,11.8,295,98,601.0,36.0,0.214
Penang,5.4164,100.3327,2026-01-18T18:00,30.9,46,32.0,0.0,3,1004.4,12.4,268,97,377.0,35.2,0.213
Penang,5.4164,100.3327,2026-01-18T19:00,29.6,53,31.4,0.0,3,1005.0,10.5,262,98,147.0,34.0,0.213
Penang,5.4164,100.3327,2026-01-18T20:00,28.0,64,31.0,0.0,3,1006.0,7.6,270,95,7.0,32.7,0.215
Penang,5.4164,100.3327,2026-01-18T21:00,27.6,68,31.5,0.0,3,1006.8,4.0,275,87,0.0,31.4,0.215
Penang,5.4164,100.3327,2026-01-18T22:00,27.3,73,31.8,0.0,2,1007.7,3.1,336,64,0.0,30.3,0.214
Penang,5.4164,100.3327,2026-01-18T23:00,27.2,77,31.6,0.0,3,1008.0,5.9,305,84,0.0,29.5,0.214
Penang,5.4164,100.3327,2026-01-19T00:00,27.1,81,32.4,0.0,3,1007.9,3.5,336,99,0.0,29.0,0.214
Penang,5.4164,100.3327,2026-01-19T01:00,26.6,85,32.3,0.0,3,1008.2,2.7,70,100,0.0,28.4,0.214
Penang,5.4164,100.3327,2026-01-19T02:00,25.9,90,31.5,0.0,3,1007.7,3.9,22,100,0.0,28.2,0.215
Penang,5.4164,100.3327,2026-01-19T03:00,25.8,88,31.1,0.0,3,1007.1,4.2,12,99,0.0,27.7,0.215
Penang,5.4164,100.3327,2026-01-19T04:00,25.5,86,30.4,0.0,3,1006.5,3.8,8,100,0.0,27.2,0.215
Penang,5.4164,100.3327,2026-01-19T05:00,25.3,83,29.8,0.0,3,1006.8,4.1,15,100,0.0,26.8,0.215
Penang,5.4164,100.3327,2026-01-19T06:00,25.0,81,29.0,0.0,3,1006.9,4.6,36,100,0.0,26.4,0.215
Penang,5.4164,100.3327,2026-01-19T07:00,24.6,79,28.0,0.0,3,1007.1,5.0,44,99,0.0,26.1,0.215
Penang,5.4164,100.3327,2026-01-19T08:00,25.0,78,28.7,0.0,2,1007.5,4.3,28,72,8.0,26.6,0.216
Penang,5.4164,100.3327,2026-01-19T09:00,26.7,66,29.8,0.0,2,1008.5,5.1,45,56,153.0,27.2,0.215
Penang,5.4164,100.3327,2026-01-19T10:00,28.8,57,31.7,0.0,2,1009.0,4.2,50,77,387.0,28.5,0.215
Penang,5.4164,100.3327,2026-01-19T11:00,30.9,50,34.4,0.0,3,1009.3,2.1,20,91,594.0,30.3,0.214
Penang,5.4164,100.3327,2026-01-19T12:00,32.4,44,36.8,0.0,3,1009.1,2.2,355,98,775.0,32.4,0.213
Penang,5.4164,100.3327,2026-01-19T13:00,33.1,42,37.8,0.0,3,1008.3,3.6,323,100,883.0,34.2,0.212
Penang,5.4164,100.3327,2026-01-19T14:00,31.9,49,36.2,0.0,3,1008.1,9.6,300,100,875.0,35.5,0.233
Penang,5.4164,100.3327,2026-01-19T15:00,31.6,54,36.2,0.1,51,1007.3,10.6,285,100,834.0,35.7,0.232
Penang,5.4164,100.3327,2026-01-19T16:00,31.6,56,35.7,0.0,3,1006.5,9.8,277,100,699.0,35.6,0.23
Penang,5.4164,100.3327,2026-01-19T17:00,31.3,56,34.6,0.0,3,1006.1,9.0,268,100,569.0,35.3,0.229
Penang,5.4164,100.3327,2026-01-19T18:00,30.5,58,33.9,0.0,3,1006.2,7.4,266,100,359.0,34.6,0.227
Penang,5.4164,100.3327,2026-01-19T19:00,29.2,62,32.7,0.0,3,1006.9,6.1,227,100,142.0,33.4,0.227
Penang,5.4164,100.3327,2026-01-19T20:00,27.8,68,31.1,0.0,2,1007.9,8.5,269,56,7.0,32.9,0.209
Penang,5.4164,100.3327,2026-01-19T21:00,27.6,69,31.3,0.0,3,1008.4,6.1,267,98,0.0,31.7,0.209
Penang,5.4164,100.3327,2026-01-19T22:00,27.5,71,31.4,0.0,3,1009.4,6.0,321,100,0.0,30.6,0.209
Penang,5.4164,100.3327,2026-01-19T23:00,27.3,76,31.6,0.0,3,1009.6,7.1,319,100,0.0,29.9,0.209
Penang,5.4164,100.3327,2026-01-20T00:00,27.0,80,32.2,0.0,3,1009.3,2.7,20,100,0.0,29.3,0.209
Penang,5.4164,100.3327,2026-01-20T01:00,26.6,82,31.6,0.0,3,1009.5,4.4,125,91,0.0,28.7,0.209
Penang,5.4164,100.3327,2026-01-20T02:00,25.7,88,31.1,0.0,3,1008.8,2.6,124,100,0.0,28.4,0.208
Penang,5.4164,100.3327,2026-01-20T03:00,25.5,90,31.1,0.0,3,1008.0,1.5,14,100,0.0,27.8,0.208
Penang,5.4164,100.3327,2026-01-20T04:00,25.1,91,30.6,0.0,3,1007.5,2.4,9,100,0.0,27.3,0.208
Penang,5.4164,100.3327,2026-01-20T05:00,24.8,92,30.0,0.0,3,1007.5,3.1,28,100,0.0,27.0,0.208
Penang,5.4164,100.3327,2026-01-20T06:00,24.6,89,29.4,0.0,3,1007.7,3.1,50,100,0.0,26.6,0.208
Penang,5.4164,100.3327,2026-01-20T07:00,24.4,85,28.5,0.0,3,1008.2,4.5,61,100,0.0,26.3,0.208
Penang,5.4164,100.3327,2026-01-20T08:00,24.4,82,27.9,0.0,3,1008.9,6.0,65,100,7.0,26.3,0.215
Penang,5.4164,100.3327,2026-01-20T09:00,25.9,73,29.2,0.0,3,1010.1,5.2,65,100,127.0,26.7,0.215
Penang,5.4164,100.3327,2026-01-20T10:00,27.8,63,30.9,0.0,3,1010.9,5.3,72,100,323.0,27.9,0.215
Penang,5.4164,100.3327,2026-01-20T11:00,30.1,55,33.4,0.0,3,1011.1,4.0,63,100,565.0,29.7,0.214
Penang,5.4164,100.3327,2026-01-20T12:00,31.8,47,36.3,0.0,3,1010.5,2.7,37,100,766.0,31.7,0.213
Penang,5.4164,100.3327,2026-01-20T13:00,32.6,43,37.2,0.1,51,1009.9,3.2,344,100,853.0,33.6,0.213
Penang,5.4164,100.3327,2026-01-20T14:00,32.0,47,36.0,0.0,3,1009.2,7.9,321,100,832.0,34.9,0.218
Penang,5.4164,100.3327,2026-01-20T15:00,31.3,56,35.8,0.3,51,1008.2,8.7,283,100,773.0,35.2,0.22
Penang,5.4164,100.3327,2026-01-20T16:00,31.2,58,35.6,0.0,3,1007.3,9.3,257,100,714.0,35.4,0.218
Penang,5.4164,100.3327,2026-01-20T17:00,30.8,59,34.2,0.0,3,1007.0,9.8,235,100,562.0,35.2,0.217
Penang,5.4164,100.3327,2026-01-20T18:00,29.7,61,32.6,0.0,3,1007.0,11.4,219,100,331.0,34.4,0.217
Penang,5.4164,100.3327,2026-01-20T19:00,28.6,65,31.8,0.0,3,1007.1,9.7,215,100,137.0,33.2,0.216
Penang,5.4164,100.3327,2026-01-20T20:00,28.2,72,32.2,0.0,3,1007.9,8.3,174,100,7.0,32.2,0.214
Penang,5.4164,100.3327,2026-01-20T21:00,27.9,75,32.6,0.0,3,1008.7,5.1,207,100,0.0,31.2,0.214
Penang,5.4164,100.3327,2026-01-20T22:00,27.4,75,31.2,0.3,51,1009.9,9.3,130,100,0.0,30.3,0.217
Penang,5.4164,100.3327,2026-01-20T23:00,27.1,75,31.6,0.1,51,1010.3,3.1,36,100,0.0,29.6,0.217
Penang,5.4164,100.3327,2026-01-21T00:00,25.4,85,29.7,0.6,53,1010.9,6.7,24,100,0.0,28.8,0.222
Penang,5.4164,100.3327,2026-01-21T01:00,25.1,88,29.8,0.1,51,1010.5,4.8,127,100,0.0,28.1,0.223
Penang,5.4164,100.3327,2026-01-21T02:00,24.9,92,30.0,0.0,3,1010.0,4.2,95,99,0.0,27.8,0.217
Penang,5.4164,100.3327,2026-01-21T03:00,24.6,93,30.1,0.0,3,1009.2,1.5,159,100,0.0,27.3,0.217
Penang,5.4164,100.3327,2026-01-21T04:00,24.6,94,30.0,0.0,3,1008.6,2.8,63,99,0.0,27.0,0.217
Penang,5.4164,100.3327,2026-01-21T05:00,24.2,96,29.4,0.0,3,1008.6,4.3,57,99,0.0,26.6,0.217
Penang,5.4164,100.3327,2026-01-21T06:00,23.9,93,28.6,0.0,3,1008.8,4.3,45,100,0.0,26.2,0.217
Penang,5.4164,100.3327,2026-01-21T07:00,23.8,87,27.8,0.0,3,1009.0,4.3,48,100,0.0,25.9,0.217
Penang,5.4164,100.3327,2026-01-21T08:00,24.3,80,27.1,0.0,3,1009.5,8.8,62,100,7.0,26.1,0.229
Penang,5.4164,100.3327,2026-01-21T09:00,25.4,73,28.5,0.0,3,1010.3,6.4,65,100,139.0,26.4,0.228
Penang,5.4164,100.3327,2026-01-21T10:00,27.6,65,30.9,0.0,3,1010.9,5.7,72,100,372.0,27.6,0.228
Penang,5.4164,100.3327,2026-01-21T11:00,29.9,57,33.7,0.0,3,1011.2,4.1,77,99,593.0,29.3,0.227
Penang,5.4164,100.3327,2026-01-21T12:00,31.8,46,35.8,0.0,3,1010.9,4.2,59,100,765.0,31.2,0.225
Penang,5.4164,100.3327,2026-01-21T13:00,32.9,38,36.8,0.0,3,1010.2,2.8,11,100,845.0,33.0,0.223
Penang,5.4164,100.3327,2026-01-21T14:00,31.3,47,35.5,0.0,3,1009.8,5.9,322,100,859.0,34.3,0.232
Penang,5.4164,100.3327,2026-01-21T15:00,31.4,46,34.5,0.0,3,1008.7,7.5,291,100,743.0,34.8,0.23
Penang,5.4164,100.3327,2026-01-21T16:00,28.5,64,30.6,0.1,51,1008.6,16.1,241,100,471.0,34.1,0.229
Penang,5.4164,100.3327,2026-01-21T17:00,28.9,67,32.2,0.0,3,1008.2,11.0,212,100,284.0,33.2,0.229
Penang,5.4164,100.3327,2026-01-21T18:00,27.8,72,31.2,0.0,3,1008.8,11.2,186,100,186.0,32.3,0.228
Penang,5.4164,100.3327,2026-01-21T19:00,27.7,74,31.7,0.0,3,1009.0,8.6,158,100,65.0,31.3,0.228
Penang,5.4164,100.3327,2026-01-21T20:00,27.6,69,31.7,0.0,3,1009.3,3.4,164,100,4.0,31.4,0.225
Penang,5.4164,100.3327,2026-01-21T21:00,27.3,73,31.5,0.0,3,1010.1,4.7,122,100,0.0,30.5,0.225
Penang,5.4164,100.3327,2026-01-21T22:00,26.9,77,31.4,0.0,3,1011.0,4.7,137,100,0.0,29.8,0.225
Penang,5.4164,100.3327,2026-01-21T23:00,26.7,81,31.7,0.0,3,1011.6,3.4,137,100,0.0,29.3,0.224
Penang,5.4164,100.3327,2026-01-22T00:00,26.7,82,31.9,0.0,3,1011.6,3.1,111,100,0.0,28.9,0.224
Penang,5.4164,100.3327,2026-01-22T01:00,26.6,84,31.9,0.0,3,1011.6,3.6,110,98,0.0,28.6,0.224
Penang,5.4164,100.3327,2026-01-22T02:00,26.1,85,30.9,0.0,0,1011.0,5.3,57,5,0.0,28.0,0.228
Penang,5.4164,100.3327,2026-01-22T03:00,25.9,77,29.4,0.0,0,1010.3,7.7,49,15,0.0,27.6,0.228
Penang,5.4164,100.3327,2026-01-22T04:00,25.5,67,27.6,0.0,3,1009.7,8.2,58,97,0.0,27.2,0.228
Penang,5.4164,100.3327,2026-01-22T05:00,24.9,67,26.7,0.0,2,1009.4,8.3,51,75,0.0,26.8,0.227
Penang,5.4164,100.3327,2026-01-22T06:00,24.5,68,26.3,0.0,0,1009.9,7.8,44,17,0.0,26.4,0.227
Penang,5.4164,100.3327,2026-01-22T07:00,24.2,69,25.9,0.0,1,1010.3,8.2,41,24,0.0,26.0,0.227
Penang,5.4164,100.3327,2026-01-22T08:00,24.9,70,27.3,0.0,1,1010.5,7.0,40,45,8.0,25.4,0.234
Penang,5.4164,100.3327,2026-01-22T09:00,26.1,63,27.9,0.0,1,1011.4,9.0,44,34,149.0,26.0,0.233
Penang,5.4164,100.3327,2026-01-22T10:00,28.1,52,28.9,0.0,1,1012.3,11.7,52,43,387.0,27.3,0.232
Penang,5.4164,100.3327,2026-01-22T11:00,30.2,41,30.4,0.0,0,1012.3,13.7,58,13,611.0,28.8,0.231
Penang,5.4164,100.3327,2026-01-22T12:00,31.8,37,32.9,0.0,2,1011.6,12.9,60,64,786.0,30.5,0.229
Penang,5.4164,100.3327,2026-01-22T13:00,33.1,33,35.3,0.0,3,1010.7,9.9,63,95,902.0,32.3,0.227
Penang,5.4164,100.3327,2026-01-22T14:00,33.2,34,36.0,0.0,3,1010.0,8.1,359,92,916.0,33.9,0.229
Penang,5.4164,100.3327,2026-01-22T15:00,33.4,37,36.6,0.0,3,1009.1,8.0,326,100,888.0,34.9,0.227
Penang,5.4164,100.3327,2026-01-22T16:00,33.0,40,35.4,0.0,3,1008.0,10.0,298,100,760.0,35.3,0.225
Penang,5.4164,100.3327,2026-01-22T17:00,32.5,42,33.6,0.0,3,1007.5,12.9,307,98,577.0,35.2,0.223
Penang,5.4164,100.3327,2026-01-22T18:00,32.6,42,33.5,0.0,3,1007.6,13.9,324,98,383.0,34.7,0.222
Penang,5.4164,100.3327,2026-01-22T19:00,31.2,52,34.0,0.0,3,1007.9,7.2,3,89,146.0,33.8,0.221
Penang,5.4164,100.3327,2026-01-22T20:00,28.4,55,29.9,0.0,3,1009.5,11.0,205,99,8.0,32.5,0.21
Penang,5.4164,100.3327,2026-01-22T21:00,28.3,59,30.9,0.0,2,1010.5,6.8,119,70,0.0,31.4,0.21
Penang,5.4164,100.3327,2026-01-22T22:00,27.7,65,30.4,0.0,2,1011.6,9.2,97,57,0.0,30.5,0.21
Penang,5.4164,100.3327,2026-01-22T23:00,27.1,69,30.0,0.0,1,1012.0,9.5,51,20,0.0,29.8,0.209
Penang,5.4164,100.3327,2026-01-23T00:00,26.8,64,28.6,0.0,1,1012.1,11.8,64,30,0.0,29.2,0.209
Penang,5.4164,100.3327,2026-01-23T01:00,26.2,63,27.6,0.0,0,1012.4,12.3,59,8,0.0,28.7,0.209
Penang,5.4164,100.3327,2026-01-23T02:00,25.6,65,27.0,0.0,2,1012.1,12.3,55,74,0.0,28.1,0.209
Penang,5.4164,100.3327,2026-01-23T03:00,25.1,66,26.4,0.0,3,1011.6,11.8,44,91,0.0,27.7,0.209
Penang,5.4164,100.3327,2026-01-23T04:00,24.7,67,25.8,0.0,3,1011.1,12.3,44,91,0.0,27.3,0.209
Penang,5.4164,100.3327,2026-01-23T05:00,24.3,68,25.5,0.0,3,1010.6,11.5,55,91,0.0,26.9,0.209
Penang,5.4164,100.3327,2026-01-23T06:00,24.0,68,25.3,0.0,3,1010.8,10.7,55,98,0.0,26.5,0.208
Penang,5.4164,100.3327,2026-01-23T07:00,23.9,68,25.3,0.0,3,1011.4,9.6,52,95,0.0,26.2,0.208
Penang,5.4164,100.3327,2026-01-23T08:00,24.3,69,25.9,0.0,3,1012.2,10.4,44,99,8.0,25.8,0.212
Penang,5.4164,100.3327,2026-01-23T09:00,25.9,62,27.1,0.0,3,1013.1,11.4,49,100,147.0,26.3,0.212
Penang,5.4164,100.3327,2026-01-23T10:00,28.2,51,28.9,0.0,3,1013.5,12.5,62,100,370.0,27.5,0.212
Penang,5.4164,100.3327,2026-01-23T11:00,30.5,42,30.8,0.0,3,1013.5,12.9,67,100,589.0,29.2,0.211
Penang,5.4164,100.3327,2026-01-23T12:00,32.3,37,33.5,0.0,3,1013.0,13.0,63,100,768.0,31.1,0.21
Penang,5.4164,100.3327,2026-01-23T13:00,33.9,33,36.1,0.0,3,1012.3,11.1,60,99,892.0,33.1,0.21
Penang,5.4164,100.3327,2026-01-23T14:00,34.0,35,36.8,0.0,3,1011.6,11.3,36,100,938.0,34.9,0.217
Penang,5.4164,100.3327,2026-01-23T15:00,34.7,34,37.3,0.0,3,1010.1,10.3,355,99,888.0,35.9,0.215
Penang,5.4164,100.3327,2026-01-23T16:00,33.8,39,36.4,0.0,3,1009.0,10.3,329,92,765.0,36.4,0.214
Penang,5.4164,100.3327,2026-01-23T17:00,33.2,43,35.3,0.0,3,1008.6,11.5,312,98,614.0,36.3,0.213
Penang,5.4164,100.3327,2026-01-23T18:00,32.2,47,33.6,0.0,3,1008.7,13.9,303,100,389.0,35.7,0.212
Penang,5.4164,100.3327,2026-01-23T19:00,30.5,59,33.2,0.0,3,1009.1,13.0,287,100,151.0,34.5,0.212
Penang,5.4164,100.3327,2026-01-23T20:00,28.5,55,29.9,0.0,3,1010.3,12.0,256,99,8.0,33.2,0.202
Penang,5.4164,100.3327,2026-01-23T21:00,28.4,63,31.5,0.0,3,1010.9,7.1,330,99,0.0,32.0,0.202
Penang,5.4164,100.3327,2026-01-23T22:00,28.5,61,30.9,0.0,3,1011.7,11.0,50,100,0.0,31.1,0.202
Penang,5.4164,100.3327,2026-01-23T23:00,27.8,62,29.9,0.0,3,1012.3,11.4,55,99,0.0,30.4,0.202
Penang,5.4164,100.3327,2026-01-24T00:00,27.1,62,28.7,0.0,3,1012.4,12.5,57,100,0.0,29.8,0.202
Penang,5.4164,100.3327,2026-01-24T01:00,26.3,65,27.6,0.0,3,1012.9,15.0,58,98,0.0,29.2,0.202
Penang,5.4164,100.3327,2026-01-24T02:00,25.9,68,27.8,0.0,3,1012.4,11.8,54,98,0.0,28.9,0.201
Penang,5.4164,100.3327,2026-01-24T03:00,25.3,72,27.2,0.0,3,1011.9,12.7,45,99,0.0,28.4,0.201
Penang,5.4164,100.3327,2026-01-24T04:00,24.8,74,26.7,0.0,3,1011.6,12.7,45,98,0.0,27.9,0.201
Penang,5.4164,100.3327,2026-01-24T05:00,24.4,74,26.1,0.0,3,1011.4,12.7,45,98,0.0,27.4,0.201
Penang,5.4164,100.3327,2026-01-24T06:00,24.3,73,26.0,0.0,2,1011.6,12.1,49,66,0.0,27.0,0.201
Penang,5.4164,100.3327,2026-01-24T07:00,24.2,73,25.9,0.0,1,1012.2,11.5,51,32,0.0,26.7,0.201
Penang,5.4164,100.3327,2026-01-24T08:00,24.6,70,26.1,0.0,2,1012.8,12.0,47,60,8.0,26.4,0.203
Penang,5.4164,100.3327,2026-01-24T09:00,26.3,63,27.8,0.0,2,1013.4,12.4,49,78,151.0,26.9,0.203
Penang,5.4164,100.3327,2026-01-24T10:00,28.7,52,29.5,0.0,2,1013.8,13.4,61,67,389.0,28.1,0.203
Penang,5.4164,100.3327,2026-01-24T11:00,31.2,42,32.0,0.0,0,1013.6,12.3,68,19,616.0,30.0,0.203
Penang,5.4164,100.3327,2026-01-24T12:00,33.2,34,35.0,0.0,1,1012.9,9.6,69,25,796.0,32.1,0.203
Penang,5.4164,100.3327,2026-01-24T13:00,34.7,30,37.1,0.0,3,1011.8,8.0,72,96,912.0,34.3,0.203
Penang,5.4164,100.3327,2026-01-24T14:00,34.8,28,36.9,0.0,3,1010.9,9.3,18,97,951.0,36.3,0.202
Penang,5.4164,100.3327,2026-01-24T15:00,34.8,31,37.5,0.0,3,1009.6,8.5,324,91,911.0,37.6,0.202
Penang,5.4164,100.3327,2026-01-24T16:00,33.5,41,35.9,0.0,3,1008.9,13.2,274,98,790.0,37.9,0.202
Penang,5.4164,100.3327,2026-01-24T17:00,32.5,42,33.4,0.0,3,1008.6,15.6,247,87,616.0,37.4,0.202
Penang,5.4164,100.3327,2026-01-24T18:00,32.0,41,32.5,0.0,3,1008.7,13.0,248,97,398.0,36.6,0.202
Penang,5.4164,100.3327,2026-01-24T19:00,30.1,50,31.3,0.0,3,1009.2,12.8,248,98,159.0,35.2,0.202
Penang,5.4164,100.3327,2026-01-24T20:00,28.3,59,30.5,0.0,3,1009.9,9.9,233,100,9.0,33.6,0.193
Penang,5.4164,100.3327,2026-01-24T21:00,27.9,60,30.6,0.0,3,1010.8,6.3,180,98,0.0,32.3,0.193
Penang,5.4164,100.3327,2026-01-24T22:00,27.7,62,30.7,0.0,3,1011.5,5.3,135,99,0.0,31.3,0.193
Penang,5.4164,100.3327,2026-01-24T23:00,27.5,65,30.8,0.0,3,1011.8,5.2,110,97,0.0,30.5,0.193
Penang,5.4164,100.3327,2026-01-25T00:00,27.0,71,30.4,0.0,1,1011.8,7.3,70,36,0.0,29.8,0.193
Penang,5.4164,100.3327,2026-01-25T01:00,26.6,71,29.1,0.0,0,1012.2,11.5,50,10,0.0,29.3,0.193
Penang,5.4164,100.3327,2026-01-25T02:00,26.3,68,28.0,0.0,3,1011.4,14.4,61,100,0.0,29.4,0.191
Penang,5.4164,100.3327,2026-01-25T03:00,25.9,71,27.8,0.0,3,1010.8,13.3,62,100,0.0,28.9,0.191
Penang,5.4164,100.3327,2026-01-25T04:00,25.5,72,27.6,0.0,3,1010.4,11.8,69,100,0.0,28.4,0.191
Penang,5.4164,100.3327,2026-01-25T05:00,25.2,74,27.6,0.0,3,1010.2,10.1,71,100,0.0,28.0,0.191
Penang,5.4164,100.3327,2026-01-25T06:00,24.8,76,27.4,0.0,3,1010.5,9.6,74,100,0.0,27.6,0.191
Penang,5.4164,100.3327,2026-01-25T07:00,24.6,77,27.4,0.0,3,1010.8,7.9,77,98,0.0,27.3,0.191
Penang,5.4164,100.3327,2026-01-25T08:00,25.1,68,26.9,0.0,1,1011.4,10.2,67,36,7.0,27.1,0.204
Penang,5.4164,100.3327,2026-01-25T09:00,26.9,61,28.7,0.0,1,1012.2,9.3,58,28,137.0,27.6,0.204
Penang,5.4164,100.3327,2026-01-25T10:00,29.2,51,30.7,0.0,1,1012.7,9.5,68,36,366.0,28.9,0.204
Penang,5.4164,100.3327,2026-01-25T11:00,31.4,42,33.0,0.0,0,1012.5,7.4,87,16,586.0,30.7,0.204
Penang,5.4164,100.3327,2026-01-25T12:00,32.8,38,35.8,0.0,3,1012.0,4.8,135,99,765.0,32.9,0.204
Penang,5.4164,100.3327,2026-01-25T13:00,33.8,36,37.2,0.0,3,1011.4,5.6,178,93,872.0,34.8,0.204
Penang,5.4164,100.3327,2026-01-25T14:00,33.9,34,36.7,0.0,3,1010.5,6.4,220,100,845.0,36.3,0.211
Penang,5.4164,100.3327,2026-01-25T15:00,33.5,37,36.4,0.0,3,1009.5,8.4,239,99,839.0,37.1,0.211
Penang,5.4164,100.3327,2026-01-25T16:00,32.6,42,34.7,0.1,51,1009.1,8.8,237,99,625.0,37.0,0.211
Penang,5.4164,100.3327,2026-01-25T17:00,31.4,51,33.7,0.7,53,1008.9,11.0,229,95,516.0,36.2,0.217
Penang,5.4164,100.3327,2026-01-25T18:00,30.4,57,33.0,0.0,3,1008.9,11.1,227,98,367.0,35.2,0.216
Penang,5.4164,100.3327,2026-01-25T19:00,29.1,62,32.2,0.0,3,1009.4,9.0,217,100,151.0,34.0,0.216
Penang,5.4164,100.3327,2026-01-25T20:00,28.3,74,32.7,0.0,3,1009.9,8.4,225,100,9.0,33.1,0.208
Penang,5.4164,100.3327,2026-01-25T21:00,28.0,77,32.7,0.0,3,1010.5,7.4,229,100,0.0,31.9,0.208
Penang,5.4164,100.3327,2026-01-25T22:00,27.7,77,33.0,0.0,3,1011.4,3.1,208,100,0.0,30.9,0.208
Penang,5.4164,100.3327,2026-01-25T23:00,27.6,77,32.4,0.0,3,1011.6,5.1,188,100,0.0,30.2,0.208
Penang,5.4164,100.3327,2026-01-26T00:00,25.8,88,29.7,0.0,3,1011.8,13.4,27,100,0.0,29.5,0.208
Penang,5.4164,100.3327,2026-01-26T01:00,24.9,87,28.7,0.0,3,1012.1,9.6,67,100,0.0,28.9,0.208
Penang,5.4164,100.3327,2026-01-26T02:00,24.7,91,29.3,0.0,3,1011.8,6.4,29,100,0.0,29.2,0.206
Penang,5.4164,100.3327,2026-01-26T03:00,25.0,86,29.5,0.0,3,1011.2,4.7,106,100,0.0,28.5,0.206
Penang,5.4164,100.3327,2026-01-26T04:00,24.9,83,29.1,0.3,51,1011.1,4.0,198,100,0.0,28.0,0.209
Penang,5.4164,100.3327,2026-01-26T05:00,25.2,77,28.8,0.0,3,1010.6,5.2,16,93,0.0,27.5,0.209
Penang,5.4164,100.3327,2026-01-26T06:00,25.1,75,27.5,0.0,2,1011.0,11.2,58,62,0.0,27.1,0.209
Penang,5.4164,100.3327,2026-01-26T07:00,24.8,73,26.9,0.0,2,1011.6,9.9,57,64,0.0,26.8,0.209
Penang,5.4164,100.3327,2026-01-26T08:00,25.1,75,27.7,0.0,0,1011.9,10.1,31,5,7.0,26.5,0.223
Penang,5.4164,100.3327,2026-01-26T09:00,26.8,66,29.2,0.0,0,1012.6,10.0,41,5,143.0,27.0,0.222
Penang,5.4164,100.3327,2026-01-26T10:00,28.7,55,30.2,0.0,0,1013.0,11.8,59,5,378.0,28.2,0.222
Penang,5.4164,100.3327,2026-01-26T11:00,31.0,47,32.8,0.0,0,1012.7,10.8,69,6,603.0,29.8,0.221
Penang,5.4164,100.3327,2026-01-26T12:00,32.7,41,35.7,0.0,2,1011.9,8.4,74,71,778.0,31.7,0.219
Penang,5.4164,100.3327,2026-01-26T13:00,34.1,36,38.3,0.0,3,1010.9,3.3,54,100,900.0,33.7,0.218
Penang,5.4164,100.3327,2026-01-26T14:00,33.1,42,36.7,0.0,2,1010.0,8.1,336,55,837.0,35.1,0.219
Penang,5.4164,100.3327,2026-01-26T15:00,33.3,41,36.7,0.1,51,1009.3,9.3,310,52,856.0,36.0,0.218
Penang,5.4164,100.3327,2026-01-26T16:00,33.0,42,35.7,0.1,51,1008.5,9.8,293,68,729.0,36.2,0.217
Penang,5.4164,100.3327,2026-01-26T17:00,32.3,48,34.5,0.0,3,1008.1,11.4,281,96,550.0,35.9,0.216
Penang,5.4164,100.3327,2026-01-26T18:00,30.8,55,33.5,0.0,2,1008.5,10.0,276,61,372.0,35.2,0.216
Penang,5.4164,100.3327,2026-01-26T19:00,29.7,57,32.3,0.0,0,1009.1,8.3,256,6,153.0,34.0,0.215
Penang,5.4164,100.3327,2026-01-26T20:00,28.7,69,32.6,0.0,0,1010.1,8.9,249,5,9.0,32.8,0.209
Penang,5.4164,100.3327,2026-01-26T21:00,28.3,71,32.8,0.0,0,1010.7,4.5,236,4,0.0,31.7,0.209
Penang,5.4164,100.3327,2026-01-26T22:00,27.9,74,32.3,0.0,0,1011.6,6.2,338,12,0.0,30.8,0.209
Penang,5.4164,100.3327,2026-01-26T23:00,27.4,78,32.2,0.0,0,1011.8,5.3,28,9,0.0,30.1,0.209
Penang,5.4164,100.3327,2026-01-27T00:00,27.1,75,31.0,0.0,0,1011.8,7.8,46,10,0.0,29.5,0.209
Penang,5.4164,100.3327,2026-01-27T01:00,26.9,68,29.4,0.0,0,1011.9,10.7,45,19,0.0,29.1,0.208
Penang,5.4164,100.3327,2026-01-27T02:00,26.4,66,28.2,0.0,0,1011.7,11.8,44,16,0.0,29.0,0.207
Penang,5.4164,100.3327,2026-01-27T03:00,25.8,68,27.9,0.0,1,1011.7,10.1,49,44,0.0,28.5,0.207
Penang,5.4164,100.3327,2026-01-27T04:00,25.4,66,26.9,0.0,2,1011.3,11.1,50,51,0.0,28.1,0.207
Penang,5.4164,100.3327,2026-01-27T05:00,25.0,66,26.3,0.0,1,1011.1,11.2,49,27,0.0,27.7,0.207
Penang,5.4164,100.3327,2026-01-27T06:00,24.7,66,26.0,0.0,0,1011.5,9.8,55,2,0.0,27.3,0.207
Penang,5.4164,100.3327,2026-01-27T07:00,24.4,67,25.9,0.0,0,1012.0,9.4,60,4,0.0,27.0,0.207
Penang,5.4164,100.3327,2026-01-27T08:00,24.9,71,26.6,0.0,3,1012.6,11.6,39,88,7.0,26.7,0.209
Penang,5.4164,100.3327,2026-01-27T09:00,26.4,65,28.2,0.0,2,1013.5,10.8,44,63,146.0,27.2,0.209
Penang,5.4164,100.3327,2026-01-27T10:00,28.6,54,29.8,0.0,1,1013.8,12.7,50,30,365.0,28.3,0.209
Penang,5.4164,100.3327,2026-01-27T11:00,31.0,44,31.8,0.0,0,1013.5,14.1,53,9,598.0,30.0,0.208
Penang,5.4164,100.3327,2026-01-27T12:00,33.0,37,34.6,0.0,0,1012.9,12.5,53,17,783.0,32.0,0.208
Penang,5.4164,100.3327,2026-01-27T13:00,34.5,32,37.0,0.0,0,1012.0,8.8,33,9,897.0,34.0,0.207
Penang,5.4164,100.3327,2026-01-27T14:00,34.1,35,36.9,0.0,2,1011.1,10.6,11,50,940.0,35.8,0.217
Penang,5.4164,100.3327,2026-01-27T15:00,34.5,36,37.9,0.0,1,1009.9,8.2,341,26,898.0,36.7,0.215
Penang,5.4164,100.3327,2026-01-27T16:00,34.1,37,36.3,0.0,1,1008.9,11.1,321,38,788.0,37.1,0.214
Penang,5.4164,100.3327,2026-01-27T17:00,33.8,37,34.6,0.0,1,1008.5,12.8,321,44,609.0,36.9,0.213
Penang,5.4164,100.3327,2026-01-27T18:00,32.8,41,34.2,0.0,0,1008.6,9.6,296,16,378.0,36.2,0.212
Penang,5.4164,100.3327,2026-01-27T19:00,30.6,53,33.4,0.0,1,1009.1,6.3,239,46,159.0,35.0,0.212
Penang,5.4164,100.3327,2026-01-27T20:00,29.3,54,31.7,0.0,3,1009.8,6.6,241,85,9.0,33.7,0.205
Penang,5.4164,100.3327,2026-01-27T21:00,28.8,59,31.7,0.0,3,1010.2,6.1,272,95,0.0,32.5,0.205
Penang,5.4164,100.3327,2026-01-27T22:00,28.8,63,32.0,0.0,3,1011.2,7.7,18,95,0.0,31.5,0.205
Penang,5.4164,100.3327,2026-01-27T23:00,28.5,56,30.4,0.0,2,1011.8,9.3,50,70,0.0,30.8,0.205
Penang,5.4164,100.3327,2026-01-28T00:00,27.7,61,30.1,0.0,1,1011.9,7.9,74,23,0.0,30.2,0.205
Penang,5.4164,100.3327,2026-01-28T01:00,27.0,70,30.6,0.0,1,1012.2,6.2,69,39,0.0,29.7,0.205
Penang,5.4164,100.3327,2026-01-28T02:00,26.7,65,29.1,0.0,3,1011.6,8.6,41,92,0.0,29.4,0.203
Penang,5.4164,100.3327,2026-01-28T03:00,26.3,65,28.3,0.0,3,1011.1,9.4,40,81,0.0,29.0,0.203
Penang,5.4164,100.3327,2026-01-28T04:00,25.7,67,27.6,0.0,3,1010.8,10.7,48,98,0.0,28.5,0.203
Penang,5.4164,100.3327,2026-01-28T05:00,25.2,70,27.3,0.0,3,1010.5,9.4,55,100,0.0,28.1,0.203
Penang,5.4164,100.3327,2026-01-28T06:00,24.9,71,27.1,0.0,3,1010.5,9.4,58,98,0.0,27.7,0.203
Penang,5.4164,100.3327,2026-01-28T07:00,24.6,73,26.9,0.0,3,1011.0,8.2,58,100,0.0,27.4,0.203
Penang,5.4164,100.3327,2026-01-28T08:00,24.8,73,27.1,0.0,3,1011.6,8.9,50,98,7.0,27.3,0.207
Penang,5.4164,100.3327,2026-01-28T09:00,26.4,66,28.8,0.0,3,1012.6,7.8,53,99,135.0,27.6,0.207
Penang,5.4164,100.3327,2026-01-28T10:00,28.6,56,30.7,0.0,3,1013.0,8.4,48,100,371.0,28.8,0.207
Penang,5.4164,100.3327,2026-01-28T11:00,31.0,44,32.8,0.0,3,1012.7,8.2,33,100,600.0,30.6,0.206
Penang,5.4164,100.3327,2026-01-28T12:00,32.8,38,35.2,0.0,3,1012.4,8.3,20,100,765.0,32.6,0.206
Penang,5.4164,100.3327,2026-01-28T13:00,33.7,36,36.6,0.0,3,1011.8,8.1,360,100,857.0,34.4,0.206
Penang,5.4164,100.3327,2026-01-28T14:00,33.1,40,36.0,0.0,3,1011.4,10.3,349,100,851.0,35.8,0.218
Penang,5.4164,100.3327,2026-01-28T15:00,33.5,40,36.4,0.0,3,1010.1,9.8,342,100,817.0,36.3,0.217
Penang,5.4164,100.3327,2026-01-28T16:00,33.2,42,35.6,0.0,1,1009.1,11.5,330,34,744.0,36.6,0.215
Penang,5.4164,100.3327,2026-01-28T17:00,33.1,42,34.3,0.0,1,1008.6,14.5,337,43,607.0,36.4,0.214
Penang,5.4164,100.3327,2026-01-28T18:00,32.1,47,34.0,0.0,2,1008.8,11.6,311,56,398.0,35.8,0.213
Penang,5.4164,100.3327,2026-01-28T19:00,30.7,54,33.8,0.0,1,1009.5,5.9,256,26,153.0,34.7,0.213
Penang,5.4164,100.3327,2026-01-28T20:00,29.6,61,33.3,0.0,3,1010.3,5.6,245,99,10.0,34.0,0.206
Penang,5.4164,100.3327,2026-01-28T21:00,29.4,66,34.5,0.0,3,1010.7,0.8,117,97,0.0,32.8,0.206
Penang,5.4164,100.3327,2026-01-28T22:00,29.1,63,32.3,0.0,3,1011.3,9.4,50,83,0.0,31.9,0.206
Penang,5.4164,100.3327,2026-01-28T23:00,28.6,62,31.2,0.0,0,1012.1,9.6,76,10,0.0,31.2,0.206
Penang,5.4164,100.3327,2026-01-29T00:00,27.9,67,31.6,0.0,1,1012.1,5.8,90,38,0.0,30.5,0.206
Penang,5.4164,100.3327,2026-01-29T01:00,27.5,70,31.8,0.0,3,1012.1,2.9,60,80,0.0,29.9,0.206
Penang,5.4164,100.3327,2026-01-29T02:00,27.1,65,29.8,0.0,3,1011.9,7.8,34,99,0.0,29.7,0.206
Penang,5.4164,100.3327,2026-01-29T03:00,26.5,68,29.5,0.0,2,1011.4,5.2,68,52,0.0,29.2,0.206
Penang,5.4164,100.3327,2026-01-29T04:00,25.8,71,28.4,0.0,3,1010.7,8.7,38,84,0.0,28.8,0.206
Penang,5.4164,100.3327,2026-01-29T05:00,25.4,73,28.3,0.0,1,1010.5,7.6,56,41,0.0,28.4,0.206
Penang,5.4164,100.3327,2026-01-29T06:00,25.1,74,27.8,0.0,2,1010.5,8.0,44,59,0.0,28.0,0.206
Penang,5.4164,100.3327,2026-01-29T07:00,24.8,76,27.5,0.0,0,1010.8,8.9,58,16,0.0,27.6,0.206
Penang,5.4164,100.3327,2026-01-29T08:00,25.0,75,27.5,0.0,1,1011.4,10.0,51,28,7.0,27.2,0.21
Penang,5.4164,100.3327,2026-01-29T09:00,26.2,71,29.0,0.0,2,1012.1,8.8,51,72,142.0,27.6,0.21
Penang,5.4164,100.3327,2026-01-29T10:00,28.4,61,31.0,0.0,3,1012.5,8.8,47,91,356.0,28.7,0.21
Penang,5.4164,100.3327,2026-01-29T11:00,31.0,50,33.7,0.0,2,1012.6,6.4,68,59,580.0,30.5,0.209
Penang,5.4164,100.3327,2026-01-29T12:00,32.6,44,36.4,0.0,3,1012.3,3.5,75,100,728.0,32.5,0.209
Penang,5.4164,100.3327,2026-01-29T13:00,33.0,41,36.8,0.0,3,1011.7,2.7,242,88,761.0,34.3,0.208
Penang,5.4164,100.3327,2026-01-29T14:00,31.5,47,35.7,0.0,1,1011.0,1.9,197,23,745.0,35.4,0.208
Penang,5.4164,100.3327,2026-01-29T15:00,33.2,43,37.9,0.1,51,1009.9,2.7,318,36,829.0,36.8,0.209
Penang,5.4164,100.3327,2026-01-29T16:00,32.2,47,35.9,0.2,51,1009.4,5.2,254,53,688.0,37.1,0.21
Penang,5.4164,100.3327,2026-01-29T17:00,31.9,49,34.9,0.2,51,1008.9,5.3,190,19,535.0,36.8,0.211
Penang,5.4164,100.3327,2026-01-29T18:00,31.6,53,35.1,0.1,51,1008.8,4.8,146,20,374.0,36.2,0.212
Penang,5.4164,100.3327,2026-01-29T19:00,30.2,60,34.1,0.1,51,1009.4,5.1,170,13,156.0,35.0,0.212
Penang,5.4164,100.3327,2026-01-29T20:00,29.4,62,33.6,0.0,1,1010.5,2.9,101,21,10.0,33.7,0.207
Penang,5.4164,100.3327,2026-01-29T21:00,29.1,65,33.3,0.0,0,1011.1,3.7,47,7,0.0,32.6,0.207
Penang,5.4164,100.3327,2026-01-29T22:00,28.7,67,33.0,0.0,0,1011.8,4.4,19,13,0.0,31.7,0.207
Penang,5.4164,100.3327,2026-01-29T23:00,28.3,71,32.9,0.0,0,1012.6,4.2,18,11,0.0,30.9,0.207
Penang,5.4164,100.3327,2026-01-30T00:00,28.0,74,32.9,0.0,0,1012.7,3.8,8,16,0.0,30.3,0.207
Penang,5.4164,100.3327,2026-01-30T01:00,27.5,78,32.3,0.0,0,1012.8,5.6,40,13,0.0,29.8,0.207
Penang,5.4164,100.3327,2026-01-30T02:00,26.9,76,31.1,0.0,0,1012.4,6.5,48,9,0.0,29.3,0.207
Penang,5.4164,100.3327,2026-01-30T03:00,26.5,71,29.6,0.0,0,1012.0,8.0,42,10,0.0,28.9,0.207
Penang,5.4164,100.3327,2026-01-30T04:00,25.9,71,28.6,0.0,0,1011.7,8.5,44,6,0.0,28.6,0.207
Penang,5.4164,100.3327,2026-01-30T05:00,25.3,73,28.0,0.0,2,1011.6,8.0,65,74,0.0,28.2,0.207
Penang,5.4164,100.3327,2026-01-30T06:00,24.8,75,28.0,0.0,2,1011.9,4.9,94,75,0.0,27.8,0.207
Penang,5.4164,100.3327,2026-01-30T07:00,24.6,77,27.9,0.0,0,1012.2,4.3,92,7,0.0,27.4,0.207
Penang,5.4164,100.3327,2026-01-30T08:00,25.0,75,27.7,0.0,3,1012.5,8.8,35,95,7.0,27.0,0.208
Penang,5.4164,100.3327,2026-01-30T09:00,26.3,71,29.4,0.0,0,1013.3,7.4,34,10,144.0,27.5,0.208
Penang,5.4164,100.3327,2026-01-30T10:00,28.5,60,31.1,0.0,0,1013.7,8.0,38,0,380.0,28.8,0.208
Penang,5.4164,100.3327,2026-01-30T11:00,30.8,48,33.2,0.0,0,1013.6,7.9,35,9,603.0,30.6,0.207
Penang,5.4164,100.3327,2026-01-30T12:00,32.7,41,35.8,0.0,0,1013.1,6.9,17,16,784.0,32.6,0.207
Penang,5.4164,100.3327,2026-01-30T13:00,33.9,38,37.4,0.0,0,1012.3,8.3,358,5,899.0,34.6,0.206
Penang,5.4164,100.3327,2026-01-30T14:00,34.0,37,37.2,0.0,2,1011.2,10.5,6,51,939.0,36.1,0.213
Penang,5.4164,100.3327,2026-01-30T15:00,35.0,35,38.2,0.0,1,1009.8,9.5,341,38,902.0,37.1,0.212
Penang,5.4164,100.3327,2026-01-30T16:00,34.3,37,36.2,0.2,51,1008.9,12.1,319,22,732.0,37.4,0.213
Penang,5.4164,100.3327,2026-01-30T17:00,33.7,38,34.5,0.0,0,1008.6,12.7,320,9,535.0,37.0,0.212
Penang,5.4164,100.3327,2026-01-30T18:00,32.4,46,34.0,0.0,0,1008.6,13.4,299,18,377.0,36.4,0.211
Penang,5.4164,100.3327,2026-01-30T19:00,30.6,58,33.9,0.0,1,1009.4,8.9,245,34,148.0,35.2,0.211
Penang,5.4164,100.3327,2026-01-30T20:00,29.4,63,32.3,0.0,0,1010.4,11.7,217,12,10.0,34.6,0.205
Penang,5.4164,100.3327,2026-01-30T21:00,29.0,66,32.1,0.0,1,1010.9,11.5,230,23,0.0,33.3,0.205
Penang,5.4164,100.3327,2026-01-30T22:00,28.7,70,33.4,0.0,0,1011.8,4.4,212,15,0.0,32.3,0.205
Penang,5.4164,100.3327,2026-01-30T23:00,28.4,72,33.4,0.0,1,1012.3,2.7,122,25,0.0,31.5,0.205
Penang,5.4164,100.3327,2026-01-31T00:00,27.5,80,32.1,0.0,1,1012.6,8.5,148,33,0.0,30.8,0.205
Penang,5.4164,100.3327,2026-01-31T01:00,26.7,83,31.4,0.0,0,1012.3,8.2,144,2,0.0,30.1,0.205
Penang,5.4164,100.3327,2026-01-31T02:00,26.6,87,32.1,0.0,0,1011.9,4.7,113,9,0.0,30.0,0.201
Penang,5.4164,100.3327,2026-01-31T03:00,26.1,88,31.1,0.0,0,1011.3,7.6,68,2,0.0,29.5,0.201
Penang,5.4164,100.3327,2026-01-31T04:00,25.6,86,30.2,0.0,1,1010.9,6.7,63,30,0.0,28.9,0.201
Penang,5.4164,100.3327,2026-01-31T05:00,25.4,82,29.5,0.0,3,1010.7,6.4,50,88,0.0,28.5,0.201
Penang,5.4164,100.3327,2026-01-31T06:00,25.3,80,28.7,0.0,3,1011.0,8.4,43,95,0.0,28.1,0.201
Penang,5.4164,100.3327,2026-01-31T07:00,25.0,80,28.1,0.0,3,1011.5,9.3,43,97,0.0,27.8,0.201
Penang,5.4164,100.3327,2026-01-31T08:00,25.3,79,28.8,0.0,1,1012.3,7.6,38,31,7.0,27.5,0.207
Penang,5.4164,100.3327,2026-01-31T09:00,26.5,71,29.5,0.0,0,1013.1,8.1,37,11,145.0,28.0,0.207
Penang,5.4164,100.3327,2026-01-31T10:00,28.6,59,31.3,0.0,0,1013.8,7.8,46,1,381.0,29.2,0.206
Penang,5.4164,100.3327,2026-01-31T11:00,30.9,49,33.3,0.0,0,1013.8,8.0,42,0,606.0,30.9,0.206
Penang,5.4164,100.3327,2026-01-31T12:00,32.8,41,36.0,0.0,3,1013.4,7.3,36,84,787.0,33.0,0.206
Penang,5.4164,100.3327,2026-01-31T13:00,34.2,35,37.6,0.0,3,1012.4,7.2,12,88,902.0,34.9,0.206
Penang,5.4164,100.3327,2026-01-31T14:00,33.1,43,37.0,0.0,2,1011.8,11.0,337,62,947.0,36.6,0.205
Penang,5.4164,100.3327,2026-01-31T15:00,34.0,41,37.6,0.0,1,1010.6,11.7,333,38,895.0,37.5,0.205
Penang,5.4164,100.3327,2026-01-31T16:00,33.8,42,36.6,0.0,2,1009.5,11.8,333,66,768.0,37.8,0.205
Penang,5.4164,100.3327,2026-01-31T17:00,33.1,43,35.0,0.0,1,1009.0,9.7,331,39,540.0,37.6,0.205
Penang,5.4164,100.3327,2026-01-31T18:00,32.7,44,35.0,0.0,3,1009.0,6.2,327,91,336.0,36.9,0.205
Penang,5.4164,100.3327,2026-01-31T19:00,31.1,52,34.2,0.0,3,1009.5,4.6,228,91,132.0,35.9,0.205
Penang,5.4164,100.3327,2026-01-31T20:00,30.2,62,34.7,0.0,1,1010.3,2.7,247,45,9.0,34.6,0.205
Penang,5.4164,100.3327,2026-01-31T21:00,29.7,63,33.4,0.0,3,1010.6,7.4,227,81,0.0,33.5,0.205
Penang,5.4164,100.3327,2026-01-31T22:00,29.4,63,33.7,0.0,2,1011.7,3.0,25,55,0.0,32.6,0.205
Penang,5.4164,100.3327,2026-01-31T23:00,28.5,70,32.5,0.3,51,1012.1,8.8,39,34,0.0,31.6,0.208
Penang,5.4164,100.3327,2026-02-01T00:00,27.9,72,31.7,0.0,1,1012.2,9.3,82,25,0.0,30.8,0.208
Penang,5.4164,100.3327,2026-02-01T01:00,27.3,79,32.1,0.0,1,1012.0,6.0,99,38,0.0,30.2,0.208
Penang,5.4164,100.3327,2026-02-01T02:00,26.9,78,31.0,0.0,0,1011.3,8.1,32,16,0.0,29.9,0.208
Penang,5.4164,100.3327,2026-02-01T03:00,26.7,69,29.4,0.0,0,1010.7,9.4,43,9,0.0,29.4,0.208
Penang,5.4164,100.3327,2026-02-01T04:00,26.1,68,28.6,0.0,0,1010.2,8.5,58,16,0.0,29.0,0.208
Penang,5.4164,100.3327,2026-02-01T05:00,25.6,69,28.0,0.0,1,1009.9,9.0,55,30,0.0,28.5,0.208
Penang,5.4164,100.3327,2026-02-01T06:00,25.3,72,27.8,0.0,1,1010.3,9.0,57,43,0.0,28.2,0.208
Penang,5.4164,100.3327,2026-02-01T07:00,24.9,75,27.6,0.0,1,1010.7,8.1,61,24,0.0,27.8,0.208
Penang,5.4164,100.3327,2026-02-01T08:00,25.5,70,27.9,0.0,1,1011.5,9.4,38,20,7.0,27.7,0.208
Penang,5.4164,100.3327,2026-02-01T09:00,27.2,63,29.7,0.0,1,1012.5,8.2,33,46,143.0,28.2,0.208
Penang,5.4164,100.3327,2026-02-01T10:00,29.1,55,31.4,0.0,2,1013.2,7.9,60,70,368.0,29.4,0.208
Penang,5.4164,100.3327,2026-02-01T11:00,31.3,47,33.7,0.0,3,1013.1,7.0,80,84,600.0,31.2,0.207
Penang,5.4164,100.3327,2026-02-01T12:00,32.9,43,36.7,0.0,1,1012.6,5.2,92,30,779.0,33.2,0.207
Penang,5.4164,100.3327,2026-02-01T13:00,33.7,40,38.3,0.0,1,1011.7,2.1,121,23,854.0,35.1,0.207
Penang,5.4164,100.3327,2026-02-01T14:00,32.9,43,37.4,0.0,1,1011.1,4.8,304,35,869.0,36.7,0.217
Penang,5.4164,100.3327,2026-02-01T15:00,33.1,45,37.1,0.9,53,1010.0,9.1,297,40,848.0,37.0,0.223
Penang,5.4164,100.3327,2026-02-01T16:00,32.3,51,35.9,0.7,53,1009.3,11.2,265,18,719.0,36.4,0.229
Penang,5.4164,100.3327,2026-02-01T17:00,32.1,51,34.7,0.0,3,1008.6,11.6,252,99,576.0,36.0,0.227
Penang,5.4164,100.3327,2026-02-01T18:00,31.2,53,33.9,0.0,3,1008.9,9.4,269,99,386.0,35.3,0.226
Penang,5.4164,100.3327,2026-02-01T19:00,30.3,55,33.5,0.0,3,1009.1,5.1,253,100,149.0,34.2,0.225
Penang,5.4164,100.3327,2026-02-01T20:00,29.3,68,34.0,0.0,3,1010.1,4.2,301,100,11.0,33.8,0.203
Penang,5.4164,100.3327,2026-02-01T21:00,29.1,69,34.0,0.0,3,1011.0,2.8,243,98,0.0,32.7,0.203
Penang,5.4164,100.3327,2026-02-01T22:00,28.9,69,33.2,0.0,3,1011.9,6.4,25,98,0.0,31.8,0.203
Penang,5.4164,100.3327,2026-02-01T23:00,28.6,61,31.0,0.0,3,1012.1,10.6,62,98,0.0,31.3,0.203
Penang,5.4164,100.3327,2026-02-02T00:00,27.9,63,30.0,0.0,3,1012.2,13.1,56,100,0.0,30.7,0.203
Penang,5.4164,100.3327,2026-02-02T01:00,27.3,59,28.4,0.0,3,1012.4,13.6,49,100,0.0,30.2,0.203
Penang,5.4164,100.3327,2026-02-02T02:00,27.0,61,28.2,0.0,3,1011.9,14.8,48,98,0.0,29.9,0.2
Penang,5.4164,100.3327,2026-02-02T03:00,26.5,61,27.3,0.0,3,1011.3,15.0,46,100,0.0,29.4,0.2
Penang,5.4164,100.3327,2026-02-02T04:00,25.9,61,26.4,0.0,3,1010.7,15.4,46,99,0.0,28.9,0.2
Penang,5.4164,100.3327,2026-02-02T05:00,25.5,63,26.2,0.0,3,1010.6,14.6,51,99,0.0,28.5,0.2
Penang,5.4164,100.3327,2026-02-02T06:00,25.1,64,25.8,0.0,3,1010.8,14.9,56,98,0.0,28.1,0.2
Penang,5.4164,100.3327,2026-02-02T07:00,25.0,63,25.7,0.0,3,1011.0,13.2,59,99,0.0,27.8,0.2
Penang,5.4164,100.3327,2026-02-02T08:00,25.2,65,26.1,0.0,3,1011.8,14.5,44,99,7.0,27.5,0.197
Penang,5.4164,100.3327,2026-02-02T09:00,26.5,61,27.4,0.0,3,1012.3,15.3,42,98,148.0,27.9,0.197
Penang,5.4164,100.3327,2026-02-02T10:00,28.8,51,28.8,0.0,3,1012.6,18.6,52,98,385.0,29.0,0.197
Penang,5.4164,100.3327,2026-02-02T11:00,31.0,43,30.8,0.0,3,1012.3,19.7,58,98,610.0,30.5,0.197
Penang,5.4164,100.3327,2026-02-02T12:00,33.0,36,33.5,0.0,3,1011.8,18.7,58,100,788.0,32.3,0.197
Penang,5.4164,100.3327,2026-02-02T13:00,34.7,30,35.6,0.0,3,1010.7,17.1,51,100,903.0,34.2,0.197
Penang,5.4164,100.3327,2026-02-02T14:00,34.5,28,35.6,0.0,3,1010.2,14.7,42,99,943.0,35.9,0.204
Penang,5.4164,100.3327,2026-02-02T15:00,35.8,27,36.8,0.0,3,1009.1,14.0,33,98,905.0,37.2,0.204
Penang,5.4164,100.3327,2026-02-02T16:00,35.6,28,35.9,0.0,3,1007.9,15.2,16,94,757.0,37.7,0.204
Penang,5.4164,100.3327,2026-02-02T17:00,35.4,31,35.6,0.0,3,1007.2,14.0,352,98,584.0,37.9,0.204
Penang,5.4164,100.3327,2026-02-02T18:00,34.3,36,35.4,0.0,3,1007.3,9.9,29,99,322.0,37.3,0.204
Penang,5.4164,100.3327,2026-02-02T19:00,33.4,35,33.5,0.0,3,1007.8,12.5,67,99,155.0,36.4,0.204
Penang,5.4164,100.3327,2026-02-02T20:00,31.5,36,30.8,0.0,3,1009.3,15.3,27,100,11.0,35.3,0.193
Penang,5.4164,100.3327,2026-02-02T21:00,30.4,36,29.1,0.0,0,1010.4,17.2,30,16,0.0,34.1,0.193
Penang,5.4164,100.3327,2026-02-02T22:00,29.5,41,28.3,0.0,0,1011.3,18.5,38,16,0.0,33.0,0.193
Penang,5.4164,100.3327,2026-02-02T23:00,28.8,44,28.1,0.0,0,1012.0,16.6,53,14,0.0,32.2,0.193
Penang,5.4164,100.3327,2026-02-03T00:00,27.8,48,27.7,0.0,1,1012.3,14.4,52,40,0.0,31.4,0.193
Penang,5.4164,100.3327,2026-02-03T01:00,26.6,57,27.3,0.1,51,1012.8,13.3,81,62,0.0,30.6,0.193
Penang,5.4164,100.3327,2026-02-03T02:00,26.5,60,27.4,0.2,51,1012.0,14.2,58,38,0.0,30.2,0.19
Penang,5.4164,100.3327,2026-02-03T03:00,25.9,63,26.6,0.0,1,1011.8,15.2,68,23,0.0,29.6,0.19
Penang,5.4164,100.3327,2026-02-03T04:00,25.4,63,26.0,0.0,1,1011.5,15.0,60,27,0.0,29.0,0.19
Penang,5.4164,100.3327,2026-02-03T05:00,25.3,62,26.0,0.0,1,1011.2,14.3,56,23,0.0,28.6,0.19
Penang,5.4164,100.3327,2026-02-03T06:00,25.0,65,25.6,0.0,2,1011.4,15.3,58,55,0.0,28.2,0.19
Penang,5.4164,100.3327,2026-02-03T07:00,24.7,65,25.2,0.0,1,1011.9,16.0,56,20,0.0,27.8,0.19
Penang,5.4164,100.3327,2026-02-03T08:00,25.2,63,25.8,0.0,0,1012.2,14.1,58,0,7.0,27.5,0.193
Penang,5.4164,100.3327,2026-02-03T09:00,26.7,57,27.3,0.0,0,1013.0,14.3,53,2,148.0,27.9,0.193
Penang,5.4164,100.3327,2026-02-03T10:00,29.0,46,28.7,0.0,0,1013.6,16.1,58,4,384.0,29.0,0.193
Penang,5.4164,100.3327,2026-02-03T11:00,31.2,38,30.8,0.0,0,1013.6,17.0,62,2,610.0,30.7,0.193
Penang,5.4164,100.3327,2026-02-03T12:00,33.2,31,33.7,0.0,0,1012.9,14.3,67,5,790.0,32.6,0.193
Penang,5.4164,100.3327,2026-02-03T13:00,34.8,28,36.5,0.0,0,1011.9,10.5,74,9,909.0,34.6,0.193
Penang,5.4164,100.3327,2026-02-03T14:00,35.2,28,37.4,0.0,3,1011.1,9.9,52,89,951.0,36.6,0.203
Penang,5.4164,100.3327,2026-02-03T15:00,35.0,29,36.9,0.0,2,1009.9,6.9,275,78,811.0,37.9,0.203
Penang,5.4164,100.3327,2026-02-03T16:00,31.4,46,32.1,0.0,1,1009.7,15.9,250,49,544.0,37.3,0.203
Penang,5.4164,100.3327,2026-02-03T17:00,32.6,38,33.8,0.0,3,1009.2,6.3,243,98,503.0,37.0,0.203
Penang,5.4164,100.3327,2026-02-03T18:00,31.3,47,32.7,0.0,3,1008.9,12.2,224,100,395.0,36.5,0.203
Penang,5.4164,100.3327,2026-02-03T19:00,29.0,58,30.7,0.0,3,1009.4,14.4,226,96,167.0,35.1,0.203
Penang,5.4164,100.3327,2026-02-03T20:00,28.9,59,31.7,0.0,0,1010.6,7.5,228,7,11.0,34.0,0.187
Penang,5.4164,100.3327,2026-02-03T21:00,28.3,65,31.8,0.0,0,1011.5,5.9,180,6,0.0,32.8,0.187
Penang,5.4164,100.3327,2026-02-03T22:00,28.0,68,31.8,0.0,0,1012.1,5.3,152,3,0.0,31.8,0.187
Penang,5.4164,100.3327,2026-02-03T23:00,27.7,71,31.8,0.0,0,1012.6,5.5,109,3,0.0,31.0,0.187
Penang,5.4164,100.3327,2026-02-04T00:00,27.2,77,31.5,0.0,0,1012.8,6.9,60,1,0.0,30.4,0.187
Penang,5.4164,100.3327,2026-02-04T01:00,26.8,73,30.2,0.0,0,1013.0,8.6,36,0,0.0,29.8,0.187
Penang,5.4164,100.3327,2026-02-04T02:00,26.1,61,27.1,0.0,3,1012.5,13.2,60,86,0.0,29.4,0.187
Penang,5.4164,100.3327,2026-02-04T03:00,25.7,64,27.1,0.0,3,1011.9,10.8,58,96,0.0,28.9,0.187
Penang,5.4164,100.3327,2026-02-04T04:00,25.2,67,27.1,0.0,3,1011.6,8.3,60,95,0.0,28.4,0.187
Penang,5.4164,100.3327,2026-02-04T05:00,24.7,70,27.0,0.0,3,1011.3,7.0,61,88,0.0,28.0,0.187
Penang,5.4164,100.3327,2026-02-04T06:00,24.3,73,26.7,0.0,3,1011.5,7.4,51,95,0.0,27.6,0.187
Penang,5.4164,100.3327,2026-02-04T07:00,24.2,74,26.6,0.0,3,1011.7,7.7,51,81,0.0,27.2,0.187
Penang,5.4164,100.3327,2026-02-04T08:00,25.2,70,27.4,0.0,3,1012.3,9.1,52,95,7.0,27.0,0.198
Penang,5.4164,100.3327,2026-02-04T09:00,26.9,62,29.1,0.0,3,1013.2,8.3,46,98,144.0,27.6,0.198
Penang,5.4164,100.3327,2026-02-04T10:00,28.8,55,30.6,0.0,3,1013.8,10.5,52,95,376.0,28.9,0.198
Penang,5.4164,100.3327,2026-02-04T11:00,31.0,48,32.9,0.0,2,1013.6,10.8,57,66,603.0,30.7,0.198
Penang,5.4164,100.3327,2026-02-04T12:00,33.0,40,36.1,0.0,2,1013.0,7.3,65,55,780.0,32.8,0.198
Penang,5.4164,100.3327,2026-02-04T13:00,34.3,36,38.8,0.0,3,1012.2,1.8,90,82,895.0,35.0,0.198
Penang,5.4164,100.3327,2026-02-04T14:00,33.4,38,37.1,0.0,0,1011.4,7.0,273,18,939.0,36.8,0.205
Penang,5.4164,100.3327,2026-02-04T15:00,32.2,47,35.3,0.2,51,1010.7,14.9,259,91,875.0,37.3,0.206
Penang,5.4164,100.3327,2026-02-04T16:00,32.6,45,35.3,0.1,51,1009.8,11.6,255,83,726.0,37.3,0.207
Penang,5.4164,100.3327,2026-02-04T17:00,30.8,57,33.7,0.1,51,1009.5,13.4,246,75,592.0,36.8,0.208
Penang,5.4164,100.3327,2026-02-04T18:00,29.6,63,32.9,0.1,51,1009.6,10.6,236,35,358.0,35.8,0.209
Penang,5.4164,100.3327,2026-02-04T19:00,29.2,64,33.3,0.0,2,1010.3,4.0,172,62,143.0,34.6,0.208
Penang,5.4164,100.3327,2026-02-04T20:00,29.0,69,34.3,0.0,3,1011.2,0.4,360,95,10.0,33.5,0.206
Penang,5.4164,100.3327,2026-02-04T21:00,28.1,71,31.7,0.4,51,1012.4,9.8,66,99,0.0,32.4,0.209
Penang,5.4164,100.3327,2026-02-04T22:00,27.6,73,31.5,0.0,3,1013.0,7.7,25,100,0.0,31.3,0.209
Penang,5.4164,100.3327,2026-02-04T23:00,27.3,74,31.9,0.0,3,1013.1,3.4,360,98,0.0,30.5,0.209
Penang,5.4164,100.3327,2026-02-05T00:00,27.4,75,31.7,0.0,3,1013.1,5.8,346,100,0.0,30.0,0.209
Penang,5.4164,100.3327,2026-02-05T01:00,27.4,72,31.3,0.0,3,1013.5,6.6,21,98,0.0,29.6,0.209
Penang,5.4164,100.3327,2026-02-05T02:00,27.2,69,30.4,0.0,2,1012.8,8.3,46,50,0.0,29.6,0.209
Penang,5.4164,100.3327,2026-02-05T03:00,26.7,71,30.0,0.0,2,1012.1,7.1,34,63,0.0,29.2,0.209
Penang,5.4164,100.3327,2026-02-05T04:00,26.3,74,29.7,0.0,3,1011.6,7.2,27,92,0.0,28.8,0.209
Penang,5.4164,100.3327,2026-02-05T05:00,26.1,75,29.6,0.0,3,1011.2,7.2,35,93,0.0,28.5,0.209
Penang,5.4164,100.3327,2026-02-05T06:00,25.7,77,29.5,0.0,3,1011.6,5.4,84,99,0.0,28.3,0.209
Penang,5.4164,100.3327,2026-02-05T07:00,25.4,80,29.4,0.0,3,1011.5,4.7,106,100,0.0,28.0,0.209
Penang,5.4164,100.3327,2026-02-05T08:00,25.2,83,29.3,0.0,3,1012.1,6.1,67,100,6.0,27.8,0.202
Penang,5.4164,100.3327,2026-02-05T09:00,26.9,73,30.7,0.0,3,1012.8,6.1,62,87,131.0,28.2,0.202
Penang,5.4164,100.3327,2026-02-05T10:00,29.3,61,32.6,0.0,3,1013.2,6.9,65,100,371.0,29.6,0.202
Penang,5.4164,100.3327,2026-02-05T11:00,31.3,53,34.6,0.0,1,1013.0,7.2,63,45,587.0,31.3,0.202
Penang,5.4164,100.3327,2026-02-05T12:00,33.1,46,37.3,0.0,3,1012.2,6.7,59,93,779.0,33.4,0.202
Penang,5.4164,100.3327,2026-02-05T13:00,34.3,41,39.1,0.0,2,1011.3,4.8,20,78,889.0,35.4,0.202
Penang,5.4164,100.3327,2026-02-05T14:00,33.7,44,38.5,0.0,1,1010.3,8.7,317,30,938.0,37.0,0.217
Penang,5.4164,100.3327,2026-02-05T15:00,32.4,53,37.1,0.0,1,1009.6,12.9,278,28,902.0,37.4,0.216
Penang,5.4164,100.3327,2026-02-05T16:00,32.8,53,36.7,0.0,2,1008.7,12.8,266,58,709.0,37.2,0.215
Penang,5.4164,100.3327,2026-02-05T17:00,31.0,60,34.3,0.5,53,1008.4,12.3,252,58,496.0,36.2,0.219
Penang,5.4164,100.3327,2026-02-05T18:00,30.8,62,34.8,0.0,3,1008.6,8.5,245,99,313.0,35.3,0.218
Penang,5.4164,100.3327,2026-02-05T19:00,29.8,67,34.6,0.0,3,1009.5,3.8,245,90,114.0,34.2,0.218
Penang,5.4164,100.3327,2026-02-05T20:00,29.0,70,33.5,0.0,3,1010.4,6.7,270,95,8.0,33.8,0.207
Penang,5.4164,100.3327,2026-02-05T21:00,28.7,73,33.5,0.0,3,1011.3,6.2,260,99,0.0,32.7,0.207
Penang,5.4164,100.3327,2026-02-05T22:00,28.5,73,33.4,0.0,2,1012.0,5.2,236,64,0.0,31.9,0.207
Penang,5.4164,100.3327,2026-02-05T23:00,28.2,76,33.6,0.0,1,1012.3,2.9,223,48,0.0,31.2,0.207
Penang,5.4164,100.3327,2026-02-06T00:00,27.9,77,32.8,0.0,1,1012.2,6.3,95,23,0.0,30.6,0.207
Penang,5.4164,100.3327,2026-02-06T01:00,27.4,80,32.6,0.0,0,1012.4,5.1,73,5,0.0,30.1,0.207
Penang,5.4164,100.3327,2026-02-06T02:00,26.8,82,32.3,0.0,2,1011.8,1.9,56,77,0.0,30.0,0.205
Penang,5.4164,100.3327,2026-02-06T03:00,26.8,83,32.1,0.0,3,1011.2,3.5,24,92,0.0,29.5,0.205
Penang,5.4164,100.3327,2026-02-06T04:00,26.0,85,31.4,1.2,55,1011.1,2.1,322,81,0.0,29.2,0.215
Penang,5.4164,100.3327,2026-02-06T05:00,24.6,96,30.1,3.1,63,1010.9,3.8,95,98,0.0,28.2,0.253
Penang,5.4164,100.3327,2026-02-06T06:00,24.9,93,29.7,0.4,51,1011.0,7.6,83,99,0.0,27.4,0.258
Penang,5.4164,100.3327,2026-02-06T07:00,24.6,97,30.0,0.0,3,1011.6,5.1,135,91,0.0,26.9,0.258
Penang,5.4164,100.3327,2026-02-06T08:00,26.0,84,31.0,0.0,0,1011.6,3.9,66,9,6.0,28.5,0.192
Penang,5.4164,100.3327,2026-02-06T09:00,27.8,73,32.8,0.0,0,1012.8,1.8,11,2,144.0,29.0,0.192
Penang,5.4164,100.3327,2026-02-06T10:00,30.0,60,34.0,0.0,0,1012.9,4.6,13,3,377.0,30.4,0.192
Penang,5.4164,100.3327,2026-02-06T11:00,32.0,51,35.9,0.0,1,1013.2,4.0,357,34,603.0,32.2,0.192
Penang,5.4164,100.3327,2026-02-06T12:00,32.9,49,37.6,0.0,3,1013.0,6.7,340,99,774.0,34.1,0.192
Penang,5.4164,100.3327,2026-02-06T13:00,32.8,51,37.9,0.0,3,1012.0,8.5,305,100,852.0,35.7,0.192
Penang,5.4164,100.3327,2026-02-06T14:00,31.4,62,37.4,0.0,3,1011.5,10.1,264,100,880.0,36.8,0.2
Penang,5.4164,100.3327,2026-02-06T15:00,32.1,57,37.2,0.0,3,1010.3,8.4,260,99,732.0,37.2,0.2
Penang,5.4164,100.3327,2026-02-06T16:00,31.4,59,35.5,0.0,3,1009.4,7.3,245,100,487.0,36.9,0.2
Penang,5.4164,100.3327,2026-02-06T17:00,30.8,60,34.7,0.0,3,1009.0,7.3,239,97,360.0,36.3,0.2
Penang,5.4164,100.3327,2026-02-06T18:00,30.4,60,34.2,0.0,3,1009.0,6.7,234,98,270.0,35.5,0.201
Penang,5.4164,100.3327,2026-02-06T19:00,29.1,68,33.3,0.0,3,1009.9,7.6,202,99,109.0,34.4,0.201
Penang,5.4164,100.3327,2026-02-06T20:00,28.6,67,32.4,0.0,3,1010.3,6.5,257,95,9.0,32.2,0.227
Penang,5.4164,100.3327,2026-02-06T21:00,28.0,73,32.7,0.0,3,1011.3,4.2,250,98,0.0,31.3,0.227
Penang,5.4164,100.3327,2026-02-06T22:00,27.7,78,33.1,0.0,3,1012.2,2.3,266,84,0.0,30.5,0.227
Penang,5.4164,100.3327,2026-02-06T23:00,27.4,84,33.7,0.0,3,1012.6,1.0,338,91,0.0,29.9,0.227
Penang,5.4164,100.3327,2026-02-07T00:00,27.3,84,33.4,0.0,1,1012.6,0.5,225,40,0.0,29.4,0.227
Penang,5.4164,100.3327,2026-02-07T01:00,27.0,84,33.0,0.0,2,1012.5,0.9,217,69,0.0,29.0,0.227
Penang,5.4164,100.3327,2026-02-07T02:00,26.1,91,32.2,0.0,3,1011.8,1.6,117,94,0.0,28.3,0.227
Penang,5.4164,100.3327,2026-02-07T03:00,25.9,93,32.2,0.0,1,1011.1,1.0,121,45,0.0,28.0,0.227
Penang,5.4164,100.3327,2026-02-07T04:00,25.7,94,32.0,0.0,3,1010.4,1.6,117,100,0.0,27.7,0.227
Penang,5.4164,100.3327,2026-02-07T05:00,25.5,96,31.7,0.0,3,1010.2,2.0,90,100,0.0,27.5,0.227
Penang,5.4164,100.3327,2026-02-07T06:00,25.3,97,31.4,0.0,3,1010.5,2.9,86,100,0.0,27.3,0.227
Penang,5.4164,100.3327,2026-02-07T07:00,25.2,97,31.2,0.0,3,1010.8,2.9,83,100,0.0,27.2,0.227
Penang,5.4164,100.3327,2026-02-07T08:00,25.7,93,31.3,0.0,1,1011.3,4.6,81,41,6.0,27.1,0.229
Penang,5.4164,100.3327,2026-02-07T09:00,26.8,82,32.0,0.0,3,1012.1,3.6,81,96,128.0,27.7,0.228
Penang,5.4164,100.3327,2026-02-07T10:00,28.6,73,33.6,0.0,1,1012.4,3.9,47,37,351.0,28.8,0.228
Penang,5.4164,100.3327,2026-02-07T11:00,30.2,63,34.5,0.0,0,1012.4,6.7,16,11,569.0,30.4,0.227
Penang,5.4164,100.3327,2026-02-07T12:00,31.4,58,36.2,0.0,1,1011.8,9.4,353,35,770.0,32.0,0.225
Penang,5.4164,100.3327,2026-02-07T13:00,31.8,56,36.9,0.0,3,1011.0,11.1,335,100,877.0,33.4,0.224
Penang,5.4164,100.3327,2026-02-07T14:00,32.2,52,36.9,0.0,3,1010.0,11.8,335,88,898.0,34.5,0.224
Penang,5.4164,100.3327,2026-02-07T15:00,32.6,49,36.6,0.0,3,1008.8,11.5,329,100,843.0,35.2,0.222
Penang,5.4164,100.3327,2026-02-07T16:00,32.4,51,36.2,0.0,3,1007.6,12.4,326,100,776.0,35.7,0.22
Penang,5.4164,100.3327,2026-02-07T17:00,31.4,57,34.6,0.0,3,1007.0,12.2,317,84,579.0,35.4,0.219
Penang,5.4164,100.3327,2026-02-07T18:00,30.5,60,33.8,0.0,3,1007.0,10.7,299,84,372.0,34.8,0.218
Penang,5.4164,100.3327,2026-02-07T19:00,29.2,69,33.2,0.0,3,1007.8,10.2,280,99,151.0,33.8,0.218
Penang,5.4164,100.3327,2026-02-07T20:00,28.4,78,33.2,0.0,2,1008.0,9.7,259,55,11.0,32.5,0.223
Penang,5.4164,100.3327,2026-02-07T21:00,28.0,81,33.2,0.0,0,1009.2,7.6,252,16,0.0,31.5,0.223
Penang,5.4164,100.3327,2026-02-07T22:00,27.7,83,33.6,0.0,1,1010.2,4.3,272,27,0.0,30.8,0.222
Penang,5.4164,100.3327,2026-02-07T23:00,27.7,87,34.3,0.0,2,1011.2,1.5,234,50,0.0,30.1,0.222
Penang,5.4164,100.3327,2026-02-08T00:00,27.4,82,33.1,0.3,51,1010.7,2.9,277,59,0.0,29.7,0.225
Penang,5.4164,100.3327,2026-02-08T01:00,26.6,88,32.6,0.1,51,1010.8,2.9,137,46,0.0,29.1,0.226
Penang,5.4164,100.3327,2026-02-08T02:00,26.1,93,32.2,0.6,53,1010.1,3.2,124,42,0.0,29.5,0.219
Penang,5.4164,100.3327,2026-02-08T03:00,25.9,93,31.9,0.0,1,1009.2,3.2,214,33,0.0,28.9,0.219
Penang,5.4164,100.3327,2026-02-08T04:00,26.0,93,32.3,0.0,1,1008.9,2.0,180,27,0.0,28.4,0.219
Penang,5.4164,100.3327,2026-02-08T05:00,25.7,96,32.1,0.0,0,1008.8,2.2,138,5,0.0,28.0,0.219
Penang,5.4164,100.3327,2026-02-08T06:00,25.4,96,31.7,0.3,51,1009.4,2.2,138,44,0.0,27.7,0.221
Penang,5.4164,100.3327,2026-02-08T07:00,24.9,94,29.9,0.6,53,1010.2,6.6,159,26,0.0,27.2,0.227
Penang,5.4164,100.3327,2026-02-08T08:00,25.1,98,30.7,0.0,1,1010.4,6.5,85,31,6.0,27.1,0.216
Penang,5.4164,100.3327,2026-02-08T09:00,26.6,86,32.2,0.0,0,1011.4,3.4,90,5,146.0,27.6,0.216
Penang,5.4164,100.3327,2026-02-08T10:00,28.8,73,33.9,0.0,0,1011.9,3.9,47,0,384.0,29.0,0.216
Penang,5.4164,100.3327,2026-02-08T11:00,30.8,61,35.4,0.0,0,1011.9,5.6,31,15,610.0,30.7,0.216
Penang,5.4164,100.3327,2026-02-08T12:00,32.1,53,37.3,0.1,51,1011.3,4.9,358,23,778.0,32.6,0.215
Penang,5.4164,100.3327,2026-02-08T13:00,32.3,53,37.8,0.2,51,1010.6,7.3,332,35,865.0,34.1,0.216
Penang,5.4164,100.3327,2026-02-08T14:00,31.4,60,36.8,0.3,51,1009.7,12.2,327,39,887.0,35.1,0.222
Penang,5.4164,100.3327,2026-02-08T15:00,31.9,55,36.6,2.0,61,1008.8,11.9,329,52,845.0,34.8,0.24
Penang,5.4164,100.3327,2026-02-08T16:00,31.4,58,35.4,0.2,51,1007.7,11.9,319,21,675.0,34.4,0.24
Penang,5.4164,100.3327,2026-02-08T17:00,31.4,54,34.7,0.0,0,1007.2,9.2,309,12,591.0,34.4,0.238
Penang,5.4164,100.3327,2026-02-08T18:00,31.2,54,34.4,0.0,0,1007.5,6.0,297,11,387.0,34.1,0.237
Penang,5.4164,100.3327,2026-02-08T19:00,30.3,57,33.6,0.0,0,1008.0,5.6,297,18,162.0,33.2,0.236
Penang,5.4164,100.3327,2026-02-08T20:00,29.6,67,34.6,0.0,3,1009.0,2.3,225,88,12.0,33.3,0.208
Penang,5.4164,100.3327,2026-02-08T21:00,29.0,70,33.9,0.0,2,1009.4,4.3,22,66,0.0,32.3,0.208
Penang,5.4164,100.3327,2026-02-08T22:00,27.3,78,32.0,0.4,51,1010.2,6.3,342,70,0.0,31.3,0.211
Penang,5.4164,100.3327,2026-02-08T23:00,27.0,82,32.2,0.0,3,1010.6,4.3,107,82,0.0,30.4,0.211
Penang,5.4164,100.3327,2026-02-09T00:00,26.6,84,31.6,0.0,2,1010.4,6.1,109,73,0.0,29.7,0.211
Penang,5.4164,100.3327,2026-02-09T01:00,26.5,83,31.7,0.0,2,1010.3,3.9,127,73,0.0,29.2,0.211
Penang,5.4164,100.3327,2026-02-09T02:00,26.9,81,32.1,0.0,2,1009.4,3.2,360,53,0.0,29.4,0.2
Penang,5.4164,100.3327,2026-02-09T03:00,26.8,73,29.5,0.0,1,1009.0,13.4,40,47,0.0,28.9,0.2
Penang,5.4164,100.3327,2026-02-09T04:00,26.0,68,27.7,0.0,1,1008.3,14.1,52,40,0.0,28.4,0.2
Penang,5.4164,100.3327,2026-02-09T05:00,25.6,68,27.1,0.0,0,1008.1,13.2,53,2,0.0,28.0,0.2
Penang,5.4164,100.3327,2026-02-09T06:00,25.1,68,26.5,0.0,0,1008.5,13.0,66,4,0.0,27.7,0.2
Penang,5.4164,100.3327,2026-02-09T07:00,25.0,66,26.3,0.0,0,1009.1,11.7,70,0,0.0,27.4,0.2
Penang,5.4164,100.3327,2026-02-09T08:00,25.3,66,26.9,0.0,0,1009.3,10.2,69,4,7.0,27.0,0.204
Penang,5.4164,100.3327,2026-02-09T09:00,26.9,59,28.7,0.0,0,1010.1,7.2,71,8,151.0,27.5,0.204
Penang,5.4164,100.3327,2026-02-09T10:00,29.3,53,31.6,0.0,1,1010.9,6.3,66,30,390.0,29.0,0.204
Penang,5.4164,100.3327,2026-02-09T11:00,31.1,49,34.4,0.0,1,1010.7,3.6,81,45,616.0,31.0,0.204
Penang,5.4164,100.3327,2026-02-09T12:00,32.7,45,37.4,0.0,1,1010.3,2.2,132,30,786.0,33.2,0.204
Penang,5.4164,100.3327,2026-02-09T13:00,33.2,44,38.2,0.0,3,1009.5,4.2,223,84,889.0,35.2,0.204
Penang,5.4164,100.3327,2026-02-09T14:00,33.2,42,37.4,0.1,51,1008.6,7.0,244,59,910.0,36.4,0.204
Penang,5.4164,100.3327,2026-02-09T15:00,33.3,45,37.9,0.0,2,1007.8,8.6,250,52,918.0,37.5,0.204
Penang,5.4164,100.3327,2026-02-09T16:00,33.2,46,37.0,0.1,51,1007.0,8.4,247,51,757.0,37.8,0.205
Penang,5.4164,100.3327,2026-02-09T17:00,32.1,53,35.0,0.1,51,1006.7,11.6,228,35,575.0,37.4,0.205
Penang,5.4164,100.3327,2026-02-09T18:00,31.0,58,34.0,0.0,0,1006.7,12.3,218,13,391.0,36.6,0.205
Penang,5.4164,100.3327,2026-02-09T19:00,29.1,68,32.8,0.0,0,1007.7,10.7,216,3,170.0,35.2,0.205
Penang,5.4164,100.3327,2026-02-09T20:00,29.0,70,33.7,0.0,0,1008.7,5.1,203,19,13.0,34.0,0.193
Penang,5.4164,100.3327,2026-02-09T21:00,28.5,74,33.3,0.0,2,1009.7,6.5,174,51,0.0,32.8,0.193
Penang,5.4164,100.3327,2026-02-09T22:00,28.3,77,33.5,0.0,2,1010.5,4.8,146,66,0.0,31.9,0.193
Penang,5.4164,100.3327,2026-02-09T23:00,28.1,78,33.2,0.0,3,1010.9,5.4,94,95,0.0,31.2,0.193
Penang,5.4164,100.3327,2026-02-10T00:00,27.0,80,31.3,0.1,51,1010.9,9.0,52,47,0.0,30.5,0.194
Penang,5.4164,100.3327,2026-02-10T01:00,27.0,76,31.3,0.0,0,1010.8,5.4,34,16,0.0,29.9,0.194
Penang,5.4164,100.3327,2026-02-10T02:00,26.2,68,28.5,0.0,0,1010.3,10.1,43,9,0.0,30.1,0.191
Penang,5.4164,100.3327,2026-02-10T03:00,25.7,64,27.4,0.0,0,1010.1,9.9,57,8,0.0,29.3,0.191
Penang,5.4164,100.3327,2026-02-10T04:00,25.3,67,27.0,0.0,0,1009.5,10.3,47,2,0.0,28.6,0.191
Penang,5.4164,100.3327,2026-02-10T05:00,25.0,68,27.0,0.0,0,1009.4,8.5,73,0,0.0,28.1,0.191
Penang,5.4164,100.3327,2026-02-10T06:00,24.6,70,26.8,0.0,0,1009.7,7.0,67,2,0.0,27.6,0.191
Penang,5.4164,100.3327,2026-02-10T07:00,24.2,73,26.7,0.0,0,1010.1,6.1,62,0,0.0,27.2,0.191
Penang,5.4164,100.3327,2026-02-10T08:00,24.7,67,26.7,0.0,0,1010.7,6.9,75,6,7.0,27.2,0.184
Penang,5.4164,100.3327,2026-02-10T09:00,26.5,60,28.4,0.0,0,1011.4,6.5,76,1,151.0,27.7,0.184
Penang,5.4164,100.3327,2026-02-10T10:00,29.4,49,31.2,0.0,0,1011.7,5.9,79,7,395.0,29.1,0.184
Penang,5.4164,100.3327,2026-02-10T11:00,31.9,39,34.0,0.0,1,1011.7,3.5,129,30,629.0,31.2,0.184
Penang,5.4164,100.3327,2026-02-10T12:00,33.8,32,36.9,0.0,3,1011.4,2.0,207,95,817.0,33.6,0.183
Penang,5.4164,100.3327,2026-02-10T13:00,34.9,29,38.1,0.0,3,1010.4,4.2,282,91,938.0,35.8,0.183
Penang,5.4164,100.3327,2026-02-10T14:00,34.6,30,37.2,0.0,3,1009.4,8.8,268,100,961.0,37.4,0.188
Penang,5.4164,100.3327,2026-02-10T15:00,35.1,35,37.9,0.0,3,1008.4,12.3,230,91,924.0,38.3,0.188
Penang,5.4164,100.3327,2026-02-10T16:00,34.3,40,36.6,0.0,3,1007.7,14.7,247,99,790.0,38.6,0.188
Penang,5.4164,100.3327,2026-02-10T17:00,33.0,43,34.3,0.0,3,1007.7,14.2,261,98,584.0,38.0,0.188
Penang,5.4164,100.3327,2026-02-10T18:00,31.2,56,33.8,0.0,3,1007.8,14.0,254,100,388.0,37.1,0.188
Penang,5.4164,100.3327,2026-02-10T19:00,30.0,64,33.7,0.0,3,1008.4,9.9,245,100,171.0,35.7,0.188
Penang,5.4164,100.3327,2026-02-10T20:00,29.1,74,34.1,0.0,3,1009.4,7.3,261,100,13.0,34.4,0.17
Penang,5.4164,100.3327,2026-02-10T21:00,28.6,79,34.5,0.0,3,1010.4,3.9,236,100,0.0,33.1,0.17
Penang,5.4164,100.3327,2026-02-10T22:00,28.6,79,34.9,0.0,3,1011.2,0.9,217,100,0.0,32.1,0.17
Penang,5.4164,100.3327,2026-02-10T23:00,28.2,83,34.9,0.0,3,1011.8,0.2,90,100,0.0,31.3,0.17
Penang,5.4164,100.3327,2026-02-11T00:00,27.1,81,31.6,0.1,51,1012.3,9.6,355,100,0.0,30.6,0.171
Penang,5.4164,100.3327,2026-02-11T01:00,27.2,81,32.4,0.0,3,1012.3,4.3,17,97,0.0,30.1,0.171
Penang,5.4164,100.3327,2026-02-11T02:00,26.6,85,32.4,0.0,3,1011.7,1.7,311,100,0.0,30.4,0.16
Penang,5.4164,100.3327,2026-02-11T03:00,26.8,84,32.6,0.0,3,1011.2,1.4,90,100,0.0,29.8,0.16
Penang,5.4164,100.3327,2026-02-11T04:00,26.7,80,31.0,0.0,3,1010.5,7.6,45,100,0.0,29.2,0.16
Penang,5.4164,100.3327,2026-02-11T05:00,26.1,75,29.0,0.0,3,1010.0,10.6,39,100,0.0,28.8,0.16
Penang,5.4164,100.3327,2026-02-11T06:00,25.8,74,28.4,0.0,3,1010.4,10.9,50,84,0.0,28.5,0.16
Penang,5.4164,100.3327,2026-02-11T07:00,25.6,74,28.3,0.0,2,1011.1,10.4,51,57,0.0,28.1,0.16
Penang,5.4164,100.3327,2026-02-11T08:00,26.1,71,28.4,0.0,3,1011.9,11.7,44,97,7.0,28.4,0.164
Penang,5.4164,100.3327,2026-02-11T09:00,27.8,65,30.4,0.0,3,1012.5,9.7,55,99,143.0,28.8,0.164
Penang,5.4164,100.3327,2026-02-11T10:00,29.6,56,32.1,0.0,3,1013.1,9.1,52,94,334.0,29.9,0.164
Penang,5.4164,100.3327,2026-02-11T11:00,31.6,49,34.4,0.0,3,1013.1,7.3,46,90,588.0,31.6,0.164
Penang,5.4164,100.3327,2026-02-11T12:00,33.5,43,37.4,0.0,3,1012.1,5.7,44,90,779.0,33.7,0.164
Penang,5.4164,100.3327,2026-02-11T13:00,33.8,43,38.9,0.0,2,1011.1,5.6,335,68,904.0,35.8,0.164
Penang,5.4164,100.3327,2026-02-11T14:00,33.0,45,37.4,0.3,51,1010.7,8.7,322,98,888.0,37.0,0.165
Penang,5.4164,100.3327,2026-02-11T15:00,32.2,51,35.5,0.3,51,1009.3,9.1,345,98,610.0,36.9,0.168
Penang,5.4164,100.3327,2026-02-11T16:00,29.0,71,32.8,1.3,61,1009.2,12.2,358,100,503.0,35.5,0.179
Penang,5.4164,100.3327,2026-02-11T17:00,29.9,67,35.2,0.1,51,1008.6,0.9,259,98,413.0,35.0,0.18
Penang,5.4164,100.3327,2026-02-11T18:00,28.7,71,32.8,3.7,63,1009.4,8.7,32,100,274.0,34.3,0.224
Penang,5.4164,100.3327,2026-02-11T19:00,27.2,81,32.0,0.1,51,1010.0,7.1,10,100,79.0,32.2,0.225
Penang,5.4164,100.3327,2026-02-11T20:00,26.7,90,32.9,0.0,3,1010.0,2.8,40,100,8.0,29.1,0.462
Penang,5.4164,100.3327,2026-02-11T21:00,26.5,91,32.7,0.1,51,1010.9,3.1,66,98,0.0,28.6,0.459
Penang,5.4164,100.3327,2026-02-11T22:00,26.3,94,32.6,0.0,3,1011.8,3.6,49,89,0.0,28.2,0.455
Penang,5.4164,100.3327,2026-02-11T23:00,25.8,95,31.5,0.0,3,1012.0,7.2,53,96,0.0,27.9,0.452
Penang,5.4164,100.3327,2026-02-12T00:00,25.3,96,31.1,0.0,3,1012.2,4.1,67,98,0.0,27.5,0.449
Penang,5.4164,100.3327,2026-02-12T01:00,25.2,94,30.8,0.0,2,1011.8,3.4,84,74,0.0,27.3,0.447
Penang,5.4164,100.3327,2026-02-12T02:00,25.5,92,30.6,0.0,3,1011.4,7.2,58,95,0.0,27.7,0.437
Penang,5.4164,100.3327,2026-02-12T03:00,25.4,88,29.6,0.0,3,1010.8,9.6,49,95,0.0,27.3,0.435
Penang,5.4164,100.3327,2026-02-12T04:00,24.8,88,28.8,0.0,3,1010.3,9.0,59,91,0.0,26.9,0.433
Penang,5.4164,100.3327,2026-02-12T05:00,24.3,89,28.3,0.0,3,1009.8,7.5,60,96,0.0,26.6,0.432
Penang,5.4164,100.3327,2026-02-12T06:00,24.0,89,28.0,0.0,3,1009.9,6.9,53,96,0.0,26.3,0.43
Penang,5.4164,100.3327,2026-02-12T07:00,23.8,89,27.8,0.0,2,1010.3,5.9,59,66,0.0,26.0,0.429
Penang,5.4164,100.3327,2026-02-12T08:00,24.2,85,27.6,0.0,3,1011.1,8.3,48,84,6.0,25.9,0.434
Penang,5.4164,100.3327,2026-02-12T09:00,25.3,81,29.1,0.0,1,1011.8,6.5,60,40,135.0,26.2,0.431
Penang,5.4164,100.3327,2026-02-12T10:00,27.1,74,31.2,0.0,1,1012.4,5.4,69,27,330.0,27.0,0.428
Penang,5.4164,100.3327,2026-02-12T11:00,29.4,64,33.2,0.0,0,1012.6,7.6,68,6,581.0,28.3,0.422
Penang,5.4164,100.3327,2026-02-12T12:00,31.1,56,35.7,0.0,1,1011.9,9.1,58,34,782.0,29.6,0.416
Penang,5.4164,100.3327,2026-02-12T13:00,32.4,51,37.3,0.0,3,1011.0,8.7,58,98,876.0,30.9,0.408
Penang,5.4164,100.3327,2026-02-12T14:00,28.9,71,34.3,0.0,3,1011.0,14.4,10,96,899.0,31.9,0.403
Penang,5.4164,100.3327,2026-02-12T15:00,31.9,56,37.8,0.1,51,1009.3,5.2,56,93,831.0,32.4,0.397
Penang,5.4164,100.3327,2026-02-12T16:00,32.5,52,36.8,0.0,3,1008.1,4.3,85,94,621.0,32.6,0.392
Penang,5.4164,100.3327,2026-02-12T17:00,32.1,52,36.0,0.0,3,1007.4,3.6,49,100,386.0,32.4,0.388
Penang,5.4164,100.3327,2026-02-12T18:00,31.7,55,36.0,0.0,3,1007.5,2.7,8,99,276.0,32.1,0.385
Penang,5.4164,100.3327,2026-02-12T19:00,30.5,64,35.5,0.0,3,1007.7,2.8,225,97,127.0,31.6,0.383
Penang,5.4164,100.3327,2026-02-12T20:00,29.0,71,33.5,0.0,3,1008.5,7.7,211,98,12.0,30.7,0.379
Penang,5.4164,100.3327,2026-02-12T21:00,28.4,75,33.0,0.0,3,1009.2,7.5,215,98,0.0,29.9,0.378
Penang,5.4164,100.3327,2026-02-12T22:00,28.1,81,34.0,0.0,3,1009.8,2.6,192,100,0.0,29.3,0.377
Penang,5.4164,100.3327,2026-02-12T23:00,28.3,79,34.0,0.0,3,1010.4,3.5,348,100,0.0,29.0,0.377
Penang,5.4164,100.3327,2026-02-13T00:00,27.9,83,33.8,0.0,3,1010.4,4.6,339,100,0.0,28.7,0.376
Penang,5.4164,100.3327,2026-02-13T01:00,27.6,85,33.6,0.1,51,1010.2,3.6,330,100,0.0,28.5,0.376
Penang,5.4164,100.3327,2026-02-13T02:00,27.5,86,33.8,0.5,53,1009.6,2.3,4,91,0.0,28.6,0.377
Penang,5.4164,100.3327,2026-02-13T03:00,27.2,85,33.0,0.0,3,1008.8,3.6,30,84,0.0,28.2,0.376
Penang,5.4164,100.3327,2026-02-13T04:00,26.8,83,31.9,0.0,1,1008.1,6.0,49,20,0.0,27.9,0.376
Penang,5.4164,100.3327,2026-02-13T05:00,26.1,82,30.6,0.0,0,1007.9,6.5,51,18,0.0,27.6,0.375
Penang,5.4164,100.3327,2026-02-13T06:00,25.8,84,30.5,0.0,0,1007.8,4.5,56,11,0.0,27.2,0.375
Penang,5.4164,100.3327,2026-02-13T07:00,25.6,85,30.5,0.0,3,1008.3,4.0,82,100,0.0,27.0,0.375
Penang,5.4164,100.3327,2026-02-13T08:00,25.5,88,30.2,0.0,0,1008.9,6.1,50,2,6.0,27.3,0.37
Penang,5.4164,100.3327,2026-02-13T09:00,27.1,81,32.1,0.0,0,1009.9,5.3,57,12,148.0,27.6,0.369
Penang,5.4164,100.3327,2026-02-13T10:00,28.9,71,33.6,0.0,2,1010.7,6.0,74,55,374.0,28.3,0.366
Penang,5.4164,100.3327,2026-02-13T11:00,30.2,69,35.7,0.1,51,1010.9,4.0,87,64,574.0,29.5,0.363
Penang,5.4164,100.3327,2026-02-13T12:00,31.1,66,37.7,0.1,51,1010.6,3.8,139,96,717.0,30.8,0.359
Penang,5.4164,100.3327,2026-02-13T13:00,31.4,65,37.9,0.2,51,1009.5,5.9,149,90,736.0,31.7,0.356
Penang,5.4164,100.3327,2026-02-13T14:00,30.9,67,37.8,0.0,3,1009.2,5.8,279,98,830.0,32.6,0.35
Penang,5.4164,100.3327,2026-02-13T15:00,30.3,72,36.0,0.3,51,1008.3,4.8,285,46,489.0,32.4,0.35
Penang,5.4164,100.3327,2026-02-13T16:00,30.8,70,36.9,0.1,51,1006.9,6.2,216,95,641.0,32.7,0.346
Penang,5.4164,100.3327,2026-02-13T17:00,29.9,72,35.7,0.1,51,1006.9,2.7,266,100,318.0,32.3,0.345
Penang,5.4164,100.3327,2026-02-13T18:00,29.8,73,35.4,0.1,51,1007.2,5.0,221,99,282.0,31.9,0.344
Penang,5.4164,100.3327,2026-02-13T19:00,29.2,72,34.0,1.8,61,1008.1,7.7,196,100,114.0,31.0,0.359
Penang,5.4164,100.3327,2026-02-13T20:00,28.2,85,35.0,0.5,53,1008.1,0.9,90,100,6.0,30.2,0.339
Penang,5.4164,100.3327,2026-02-13T21:00,28.2,83,34.4,0.0,3,1008.6,2.6,164,100,0.0,29.6,0.339
Penang,5.4164,100.3327,2026-02-13T22:00,28.2,81,34.2,0.0,3,1009.4,3.8,49,88,0.0,29.1,0.339
Penang,5.4164,100.3327,2026-02-13T23:00,26.3,87,31.6,1.9,61,1010.7,5.2,16,100,0.0,28.4,0.357
Penang,5.4164,100.3327,2026-02-14T00:00,26.0,94,32.3,0.1,51,1010.5,2.4,197,100,0.0,27.8,0.358
Penang,5.4164,100.3327,2026-02-14T01:00,25.6,96,32.1,0.0,3,1010.2,1.5,150,99,0.0,27.3,0.358
Penang,5.4164,100.3327,2026-02-14T02:00,26.5,95,33.2,0.0,3,1009.0,2.1,38,100,0.0,27.9,0.35
Penang,5.4164,100.3327,2026-02-14T03:00,26.2,95,32.4,0.0,3,1008.8,5.3,78,100,0.0,27.5,0.35
Penang,5.4164,100.3327,2026-02-14T04:00,25.9,90,31.2,0.0,3,1008.0,5.3,52,100,0.0,27.1,0.35
Penang,5.4164,100.3327,2026-02-14T05:00,25.5,87,30.4,0.0,3,1007.6,4.2,20,100,0.0,26.6,0.35
Penang,5.4164,100.3327,2026-02-14T06:00,25.1,89,30.2,0.0,3,1008.3,3.2,19,100,0.0,26.2,0.35
Penang,5.4164,100.3327,2026-02-14T07:00,24.8,90,30.2,0.0,3,1008.6,0.9,90,100,0.0,26.0,0.35
Penang,5.4164,100.3327,2026-02-14T08:00,24.8,87,29.5,0.0,3,1009.1,3.6,60,80,7.0,26.4,0.334
Penang,5.4164,100.3327,2026-02-14T09:00,26.9,83,32.7,0.0,0,1009.5,1.0,22,16,142.0,26.8,0.334
Penang,5.4164,100.3327,2026-02-14T10:00,28.9,74,34.2,0.0,1,1010.3,4.7,81,40,380.0,27.9,0.332
Penang,5.4164,100.3327,2026-02-14T11:00,29.5,73,35.0,0.5,53,1010.8,5.6,202,53,574.0,29.1,0.333
Penang,5.4164,100.3327,2026-02-14T12:00,30.3,68,36.7,0.4,51,1010.0,1.5,166,30,639.0,30.2,0.334
Penang,5.4164,100.3327,2026-02-14T13:00,31.0,67,38.4,0.3,51,1009.3,5.0,255,89,863.0,31.5,0.332
Penang,5.4164,100.3327,2026-02-14T14:00,30.1,71,35.9,0.2,51,1008.6,10.8,275,48,738.0,32.1,0.332
Penang,5.4164,100.3327,2026-02-14T15:00,31.5,68,38.4,0.1,51,1007.2,8.5,275,74,797.0,32.6,0.329
Penang,5.4164,100.3327,2026-02-14T16:00,30.8,68,36.3,0.1,51,1006.2,8.3,283,100,642.0,32.7,0.326
Penang,5.4164,100.3327,2026-02-14T17:00,30.5,67,35.9,0.4,51,1006.3,3.4,87,99,468.0,32.6,0.326
Penang,5.4164,100.3327,2026-02-14T18:00,26.7,85,31.3,2.8,63,1006.8,9.6,94,96,213.0,31.0,0.357
Penang,5.4164,100.3327,2026-02-14T19:00,26.3,87,32.0,0.5,53,1007.2,2.2,175,80,74.0,29.7,0.361
Penang,5.4164,100.3327,2026-02-14T20:00,26.7,93,32.9,0.0,3,1007.5,5.5,212,94,11.0,29.4,0.409
Penang,5.4164,100.3327,2026-02-14T21:00,26.6,93,33.3,0.0,3,1008.3,2.7,152,86,0.0,28.6,0.408
Penang,5.4164,100.3327,2026-02-14T22:00,26.8,90,33.1,0.0,2,1009.4,3.1,31,78,0.0,28.2,0.407
Penang,5.4164,100.3327,2026-02-14T23:00,26.6,89,32.3,0.0,3,1010.0,5.9,349,100,0.0,27.7,0.406
Penang,5.4164,100.3327,2026-02-15T00:00,26.3,90,32.3,0.0,3,1009.9,3.1,7,99,0.0,27.4,0.406
Penang,5.4164,100.3327,2026-02-15T01:00,26.2,92,32.2,0.0,3,1009.6,3.3,61,100,0.0,27.1,0.405
Penang,5.4164,100.3327,2026-02-15T02:00,26.1,91,32.0,0.0,3,1009.0,3.9,56,100,0.0,27.5,0.399
Penang,5.4164,100.3327,2026-02-15T03:00,26.1,89,31.5,0.0,3,1008.0,5.5,44,100,0.0,27.1,0.398
Penang,5.4164,100.3327,2026-02-15T04:00,26.1,87,30.7,0.0,3,1007.3,8.5,27,100,0.0,26.8,0.397
Penang,5.4164,100.3327,2026-02-15T05:00,25.5,87,29.8,0.0,3,1007.3,8.8,49,99,0.0,26.5,0.397
Penang,5.4164,100.3327,2026-02-15T06:00,25.1,88,29.1,0.0,0,1007.7,9.4,54,9,0.0,26.2,0.396
Penang,5.4164,100.3327,2026-02-15T07:00,24.8,87,28.7,0.0,0,1008.2,8.5,52,16,0.0,25.9,0.396
Penang,5.4164,100.3327,2026-02-15T08:00,25.3,86,29.5,0.0,3,1008.3,7.2,35,100,7.0,25.8,0.397
Penang,5.4164,100.3327,2026-02-15T09:00,26.7,81,31.3,0.0,1,1009.3,6.1,47,20,149.0,26.3,0.396
Penang,5.4164,100.3327,2026-02-15T10:00,28.6,70,32.8,0.0,3,1010.1,7.2,65,93,384.0,27.3,0.393
Penang,5.4164,100.3327,2026-02-15T11:00,30.4,62,34.9,0.0,3,1010.2,5.4,86,100,605.0,28.6,0.389
Penang,5.4164,100.3327,2026-02-15T12:00,31.6,56,37.1,0.0,3,1009.6,4.9,118,100,769.0,30.0,0.383
Penang,5.4164,100.3327,2026-02-15T13:00,32.3,55,38.8,0.0,2,1008.7,4.4,171,77,892.0,31.4,0.376
Penang,5.4164,100.3327,2026-02-15T14:00,31.7,58,37.7,0.1,51,1007.6,5.8,265,66,838.0,32.3,0.371
Penang,5.4164,100.3327,2026-02-15T15:00,31.0,64,37.7,0.2,51,1007.0,2.8,195,71,771.0,32.7,0.367
Penang,5.4164,100.3327,2026-02-15T16:00,29.6,69,34.0,0.8,53,1006.3,8.3,182,66,547.0,32.6,0.37
Penang,5.4164,100.3327,2026-02-15T17:00,27.5,81,32.8,0.8,53,1005.8,5.5,283,73,446.0,31.4,0.375
Penang,5.4164,100.3327,2026-02-15T18:00,27.8,80,33.4,0.0,3,1006.1,2.7,82,82,266.0,30.9,0.374
Penang,5.4164,100.3327,2026-02-15T19:00,25.1,96,30.8,11.6,65,1007.7,4.6,81,98,52.0,29.5,0.512
Penang,5.4164,100.3327,2026-02-15T20:00,26.0,90,31.3,1.3,61,1007.1,6.0,99,99,4.0,27.9,0.482
Penang,5.4164,100.3327,2026-02-15T21:00,26.1,90,31.7,0.0,3,1008.0,4.3,114,100,0.0,27.5,0.476
Penang,5.4164,100.3327,2026-02-15T22:00,26.1,93,31.7,0.0,3,1009.0,6.7,99,100,0.0,27.3,0.472
Penang,5.4164,100.3327,2026-02-15T23:00,25.9,95,31.8,0.0,3,1009.4,4.7,83,100,0.0,27.1,0.468
Penang,5.4164,100.3327,2026-02-16T00:00,25.7,95,31.5,0.2,51,1009.8,5.2,74,100,0.0,27.0,0.466
Penang,5.4164,100.3327,2026-02-16T01:00,25.6,94,31.1,0.2,51,1009.8,6.4,80,100,0.0,26.8,0.464
Penang,5.4164,100.3327,2026-02-16T02:00,25.5,94,31.5,0.1,51,1009.0,2.2,76,100,0.0,26.5,0.462
Penang,5.4164,100.3327,2026-02-16T03:00,25.5,93,31.3,0.0,3,1008.1,2.7,62,100,0.0,26.4,0.459
Penang,5.4164,100.3327,2026-02-16T04:00,25.7,89,31.0,0.0,3,1007.6,4.3,62,100,0.0,26.3,0.457
Penang,5.4164,100.3327,2026-02-16T05:00,25.5,89,30.7,0.0,3,1007.1,3.8,85,100,0.0,26.2,0.455
Penang,5.4164,100.3327,2026-02-16T06:00,25.1,91,30.5,0.0,3,1007.5,2.9,94,100,0.0,26.1,0.452
Penang,5.4164,100.3327,2026-02-16T07:00,25.2,91,30.3,0.0,3,1007.9,5.1,42,100,0.0,26.0,0.45
Penang,5.4164,100.3327,2026-02-16T08:00,25.0,90,29.8,0.0,3,1008.0,5.0,60,100,2.0,26.3,0.445
Penang,5.4164,100.3327,2026-02-16T09:00,26.0,85,31.0,0.0,3,1008.9,4.0,69,100,112.0,26.5,0.443
Penang,5.4164,100.3327,2026-02-16T10:00,27.2,79,31.8,0.0,3,1009.7,6.2,73,100,264.0,27.1,0.44
Penang,5.4164,100.3327,2026-02-16T11:00,28.9,71,33.3,0.0,3,1009.6,7.8,52,100,526.0,28.1,0.435
Penang,5.4164,100.3327,2026-02-16T12:00,30.2,65,35.0,0.0,3,1009.2,10.9,54,99,707.0,29.2,0.43
Penang,5.4164,100.3327,2026-02-16T13:00,30.9,62,35.9,0.0,3,1008.1,10.7,53,100,754.0,30.1,0.424
Penang,5.4164,100.3327,2026-02-16T14:00,31.2,62,37.2,0.0,3,1006.8,6.7,27,99,803.0,30.9,0.418
Penang,5.4164,100.3327,2026-02-16T15:00,28.8,72,34.4,2.9,63,1005.9,6.3,263,100,688.0,31.3,0.447
Penang,5.4164,100.3327,2026-02-16T16:00,26.9,84,31.6,1.5,61,1005.8,9.2,196,100,323.0,29.9,0.46
Penang,5.4164,100.3327,2026-02-16T17:00,26.2,84,30.6,3.5,63,1006.2,8.0,166,100,231.0,28.9,0.494
Penang,5.4164,100.3327,2026-02-16T18:00,25.0,97,30.6,1.2,55,1006.3,6.2,165,100,84.0,27.8,0.495
Penang,5.4164,100.3327,2026-02-16T19:00,24.8,98,30.5,0.4,51,1006.8,5.1,174,100,40.0,27.0,0.49
Penang,5.4164,100.3327,2026-02-16T20:00,24.9,96,30.5,0.6,53,1007.4,3.7,119,100,5.0,26.6,0.491
Penang,5.4164,100.3327,2026-02-16T21:00,24.6,97,29.9,0.4,51,1007.7,5.2,160,100,0.0,26.2,0.488
Penang,5.4164,100.3327,2026-02-16T22:00,24.5,97,30.3,0.0,3,1008.5,2.3,151,100,0.0,25.9,0.482
Penang,5.4164,100.3327,2026-02-16T23:00,24.5,97,30.2,0.0,3,1009.2,2.6,124,100,0.0,25.8,0.477
Perak,4.5921,101.0901,2026-01-17T00:00,25.8,83,30.9,0.0,3,1005.2,1.0,31,88,0.0,29.1,0.159
Perak,4.5921,101.0901,2026-01-17T01:00,24.9,85,29.6,0.0,1,1004.8,1.9,34,47,0.0,28.4,0.159
Perak,4.5921,101.0901,2026-01-17T02:00,24.0,88,28.1,0.0,1,1004.4,4.9,24,23,0.0,28.3,0.158
Perak,4.5921,101.0901,2026-01-17T03:00,23.8,84,27.1,0.0,1,1004.1,7.2,6,21,0.0,27.5,0.157
Perak,4.5921,101.0901,2026-01-17T04:00,23.1,85,26.2,0.0,0,1003.1,6.7,2,12,0.0,26.9,0.157
Perak,4.5921,101.0901,2026-01-17T05:00,22.5,88,25.7,0.0,0,1003.0,6.7,354,5,0.0,26.3,0.157
Perak,4.5921,101.0901,2026-01-17T06:00,22.0,91,25.3,0.0,0,1003.2,6.5,355,8,0.0,25.8,0.157
Perak,4.5921,101.0901,2026-01-17T07:00,21.6,95,25.0,0.0,0,1003.4,6.3,358,5,0.0,25.2,0.157
Perak,4.5921,101.0901,2026-01-17T08:00,22.5,88,25.5,0.0,0,1003.7,7.4,353,2,13.0,25.4,0.158
Perak,4.5921,101.0901,2026-01-17T09:00,25.9,73,29.2,0.0,0,1004.5,6.2,350,13,172.0,26.0,0.158
Perak,4.5921,101.0901,2026-01-17T10:00,29.0,61,32.2,0.0,2,1005.1,6.7,344,71,411.0,27.9,0.158
Perak,4.5921,101.0901,2026-01-17T11:00,31.5,49,34.4,0.0,1,1004.6,7.1,336,42,628.0,30.4,0.157
Perak,4.5921,101.0901,2026-01-17T12:00,33.3,41,37.1,0.0,1,1004.1,6.0,321,31,804.0,33.2,0.156
Perak,4.5921,101.0901,2026-01-17T13:00,34.8,36,38.7,0.0,3,1003.1,5.3,298,82,870.0,36.0,0.156
Perak,4.5921,101.0901,2026-01-17T14:00,35.2,33,38.6,0.0,3,1002.1,6.0,291,99,856.0,38.1,0.156
Perak,4.5921,101.0901,2026-01-17T15:00,36.0,31,39.2,0.0,3,1000.7,5.2,250,88,847.0,39.9,0.155
Perak,4.5921,101.0901,2026-01-17T16:00,35.5,31,37.4,0.1,51,999.9,7.4,214,67,711.0,40.8,0.156
Perak,4.5921,101.0901,2026-01-17T17:00,34.5,35,35.8,0.3,51,999.9,8.0,196,50,531.0,40.4,0.159
Perak,4.5921,101.0901,2026-01-17T18:00,33.1,40,34.9,0.2,51,1000.4,6.0,164,98,349.0,39.5,0.161
Perak,4.5921,101.0901,2026-01-17T19:00,30.9,53,33.4,0.1,51,1000.9,9.8,163,93,134.0,37.7,0.162
Perak,4.5921,101.0901,2026-01-17T20:00,29.4,64,33.3,0.0,1,1001.7,5.4,159,44,5.0,35.3,0.157
Perak,4.5921,101.0901,2026-01-17T21:00,28.1,68,32.4,0.0,0,1002.6,4.1,75,2,0.0,33.7,0.157
Perak,4.5921,101.0901,2026-01-17T22:00,27.1,71,31.1,0.0,3,1003.3,4.1,34,99,0.0,32.3,0.157
Perak,4.5921,101.0901,2026-01-17T23:00,26.2,75,30.4,0.0,3,1003.5,3.1,21,100,0.0,31.1,0.157
Perak,4.5921,101.0901,2026-01-18T00:00,25.6,78,29.2,0.0,3,1003.6,6.7,2,99,0.0,30.0,0.157
Perak,4.5921,101.0901,2026-01-18T01:00,25.0,79,28.7,0.0,3,1003.5,5.8,2,100,0.0,29.1,0.157
Perak,4.5921,101.0901,2026-01-18T02:00,24.4,81,28.0,0.0,3,1002.7,4.9,4,100,0.0,28.4,0.157
Perak,4.5921,101.0901,2026-01-18T03:00,23.8,83,27.2,0.0,3,1002.3,5.0,358,100,0.0,27.6,0.157
Perak,4.5921,101.0901,2026-01-18T04:00,23.4,82,26.5,0.0,3,1002.1,5.1,23,100,0.0,27.0,0.157
Perak,4.5921,101.0901,2026-01-18T05:00,22.7,83,25.6,0.0,3,1002.3,5.3,18,100,0.0,26.4,0.157
Perak,4.5921,101.0901,2026-01-18T06:00,22.1,85,24.8,0.0,3,1002.4,5.8,7,98,0.0,25.8,0.157
Perak,4.5921,101.0901,2026-01-18T07:00,21.6,87,24.2,0.0,3,1002.5,6.7,355,99,0.0,25.3,0.157
Perak,4.5921,101.0901,2026-01-18T08:00,22.0,82,24.1,0.0,3,1002.8,7.9,1,100,12.0,25.4,0.154
Perak,4.5921,101.0901,2026-01-18T09:00,25.2,69,27.9,0.0,3,1003.3,5.4,340,100,162.0,26.0,0.154
Perak,4.5921,101.0901,2026-01-18T10:00,28.4,59,31.4,0.0,3,1004.0,4.3,315,100,389.0,27.9,0.154
Perak,4.5921,101.0901,2026-01-18T11:00,31.1,47,34.3,0.0,3,1003.9,3.0,284,100,602.0,30.6,0.154
Perak,4.5921,101.0901,2026-01-18T12:00,33.3,37,37.1,0.0,3,1003.1,1.7,311,100,783.0,33.8,0.154
Perak,4.5921,101.0901,2026-01-18T13:00,35.0,31,38.8,0.0,3,1002.2,1.9,236,100,896.0,36.8,0.154
Perak,4.5921,101.0901,2026-01-18T14:00,35.4,30,39.2,0.0,3,1001.1,3.0,232,99,929.0,39.2,0.159
Perak,4.5921,101.0901,2026-01-18T15:00,36.0,29,38.2,0.0,3,999.8,7.9,204,99,799.0,40.5,0.157
Perak,4.5921,101.0901,2026-01-18T16:00,33.6,43,35.0,0.0,3,999.4,17.1,206,88,632.0,40.2,0.157
Perak,4.5921,101.0901,2026-01-18T17:00,32.6,46,34.4,0.1,51,999.5,12.7,205,100,563.0,39.7,0.157
Perak,4.5921,101.0901,2026-01-18T18:00,32.3,49,35.2,0.0,3,999.9,7.3,208,99,300.0,38.7,0.156
Perak,4.5921,101.0901,2026-01-18T19:00,30.7,56,33.9,0.0,3,1000.7,8.1,183,95,122.0,37.2,0.156
Perak,4.5921,101.0901,2026-01-18T20:00,28.9,64,32.8,0.0,3,1001.9,4.7,122,89,5.0,35.2,0.154
Perak,4.5921,101.0901,2026-01-18T21:00,28.5,64,32.5,0.0,3,1002.6,3.2,38,92,0.0,33.8,0.154
Perak,4.5921,101.0901,2026-01-18T22:00,27.6,67,31.6,0.0,3,1003.1,2.4,13,87,0.0,32.5,0.154
Perak,4.5921,101.0901,2026-01-18T23:00,26.7,72,30.4,0.0,3,1003.3,4.9,8,99,0.0,31.4,0.154
Perak,4.5921,101.0901,2026-01-19T00:00,25.8,77,29.8,0.0,3,1003.6,3.5,15,100,0.0,30.4,0.154
Perak,4.5921,101.0901,2026-01-19T01:00,25.0,79,29.3,0.0,3,1004.0,1.8,101,100,0.0,29.5,0.154
Perak,4.5921,101.0901,2026-01-19T02:00,24.2,83,28.4,0.0,3,1003.4,1.6,63,100,0.0,29.0,0.152
Perak,4.5921,101.0901,2026-01-19T03:00,23.5,84,27.6,0.2,51,1002.9,1.7,41,100,0.0,28.2,0.154
Perak,4.5921,101.0901,2026-01-19T04:00,23.5,85,27.0,0.0,3,1002.3,5.2,354,100,0.0,27.5,0.155
Perak,4.5921,101.0901,2026-01-19T05:00,23.2,86,27.1,0.0,3,1002.6,3.2,16,100,0.0,27.0,0.155
Perak,4.5921,101.0901,2026-01-19T06:00,22.7,87,25.9,0.0,3,1002.8,6.1,3,100,0.0,26.5,0.155
Perak,4.5921,101.0901,2026-01-19T07:00,22.2,87,25.3,0.0,3,1003.1,5.8,2,100,0.0,26.0,0.155
Perak,4.5921,101.0901,2026-01-19T08:00,23.5,80,26.3,0.0,3,1003.2,6.9,354,97,11.0,26.5,0.155
Perak,4.5921,101.0901,2026-01-19T09:00,25.9,67,28.6,0.0,3,1004.2,5.5,341,98,164.0,27.1,0.155
Perak,4.5921,101.0901,2026-01-19T10:00,28.8,56,31.9,0.0,3,1004.8,2.3,356,100,405.0,29.0,0.155
Perak,4.5921,101.0901,2026-01-19T11:00,30.9,51,34.5,0.0,3,1005.0,2.7,188,99,611.0,31.5,0.155
Perak,4.5921,101.0901,2026-01-19T12:00,32.5,46,36.6,0.0,3,1004.7,5.3,192,100,782.0,34.2,0.154
Perak,4.5921,101.0901,2026-01-19T13:00,33.3,43,37.1,0.0,3,1004.0,7.7,198,100,811.0,36.5,0.154
Perak,4.5921,101.0901,2026-01-19T14:00,33.8,39,37.4,0.0,3,1003.4,8.5,197,100,872.0,38.2,0.158
Perak,4.5921,101.0901,2026-01-19T15:00,33.3,42,35.8,0.0,3,1002.6,11.3,205,100,707.0,38.9,0.157
Perak,4.5921,101.0901,2026-01-19T16:00,32.3,47,35.5,0.0,3,1002.1,9.4,204,100,707.0,39.4,0.156
Perak,4.5921,101.0901,2026-01-19T17:00,30.4,56,33.2,0.7,53,1002.0,10.0,193,100,411.0,38.2,0.164
Perak,4.5921,101.0901,2026-01-19T18:00,30.4,59,33.9,0.0,3,1002.0,7.2,192,100,332.0,37.2,0.163
Perak,4.5921,101.0901,2026-01-19T19:00,29.1,62,32.6,0.1,51,1002.8,7.1,204,100,111.0,35.7,0.164
Perak,4.5921,101.0901,2026-01-19T20:00,24.7,87,29.4,0.0,3,1004.0,3.0,194,99,5.0,33.5,0.162
Perak,4.5921,101.0901,2026-01-19T21:00,25.4,84,30.4,0.0,3,1004.4,1.7,302,96,0.0,31.7,0.163
Perak,4.5921,101.0901,2026-01-19T22:00,25.2,83,29.5,0.0,3,1005.0,4.9,332,100,0.0,30.4,0.163
Perak,4.5921,101.0901,2026-01-19T23:00,25.0,82,28.3,0.1,51,1005.5,9.6,357,99,0.0,29.4,0.164
Perak,4.5921,101.0901,2026-01-20T00:00,24.9,81,28.6,0.0,3,1005.2,5.5,349,100,0.0,28.6,0.164
Perak,4.5921,101.0901,2026-01-20T01:00,24.5,82,28.2,0.0,3,1005.4,5.6,7,100,0.0,27.9,0.163
Perak,4.5921,101.0901,2026-01-20T02:00,24.3,83,27.7,0.0,3,1004.5,7.8,8,98,0.0,27.6,0.16
Perak,4.5921,101.0901,2026-01-20T03:00,23.4,87,26.7,0.0,3,1003.7,8.1,359,100,0.0,27.0,0.16
Perak,4.5921,101.0901,2026-01-20T04:00,22.7,91,26.7,0.0,3,1003.5,2.9,330,100,0.0,26.5,0.16
Perak,4.5921,101.0901,2026-01-20T05:00,22.9,89,27.1,0.0,3,1003.6,1.1,90,100,0.0,26.0,0.16
Perak,4.5921,101.0901,2026-01-20T06:00,23.0,91,27.4,0.1,51,1004.0,1.1,279,100,0.0,25.8,0.161
Perak,4.5921,101.0901,2026-01-20T07:00,22.8,89,26.4,0.0,3,1004.4,4.1,56,100,0.0,25.4,0.161
Perak,4.5921,101.0901,2026-01-20T08:00,23.0,89,26.9,0.0,3,1004.9,2.7,4,100,11.0,25.1,0.176
Perak,4.5921,101.0901,2026-01-20T09:00,24.8,79,28.6,0.0,3,1005.9,4.2,342,100,145.0,25.6,0.176
Perak,4.5921,101.0901,2026-01-20T10:00,27.0,70,31.1,0.0,3,1006.6,3.2,333,100,373.0,27.2,0.175
Perak,4.5921,101.0901,2026-01-20T11:00,29.1,62,33.3,0.0,3,1006.8,2.8,220,100,587.0,29.4,0.173
Perak,4.5921,101.0901,2026-01-20T12:00,30.5,54,34.6,0.0,3,1006.5,7.1,199,100,749.0,31.5,0.171
Perak,4.5921,101.0901,2026-01-20T13:00,31.2,51,35.0,0.0,3,1005.7,7.2,199,100,726.0,33.2,0.169
Perak,4.5921,101.0901,2026-01-20T14:00,32.3,45,36.5,0.0,3,1004.6,7.6,188,100,884.0,35.2,0.166
Perak,4.5921,101.0901,2026-01-20T15:00,32.5,47,36.6,0.1,51,1003.4,8.4,190,100,835.0,36.5,0.164
Perak,4.5921,101.0901,2026-01-20T16:00,31.5,51,35.1,0.1,51,1002.6,8.3,200,100,697.0,37.2,0.163
Perak,4.5921,101.0901,2026-01-20T17:00,28.3,66,31.4,2.4,61,1003.3,10.1,243,100,503.0,36.3,0.19
Perak,4.5921,101.0901,2026-01-20T18:00,28.1,67,31.9,0.5,53,1003.2,5.4,165,100,270.0,34.9,0.194
Perak,4.5921,101.0901,2026-01-20T19:00,27.0,74,30.7,0.0,3,1003.5,7.3,160,99,130.0,33.3,0.193
Perak,4.5921,101.0901,2026-01-20T20:00,26.1,80,30.4,0.0,3,1003.9,6.1,192,100,6.0,32.3,0.169
Perak,4.5921,101.0901,2026-01-20T21:00,26.0,82,30.9,0.0,3,1004.7,3.2,297,100,0.0,31.0,0.169
Perak,4.5921,101.0901,2026-01-20T22:00,26.0,82,31.3,0.0,3,1005.6,0.7,346,100,0.0,30.0,0.169
Perak,4.5921,101.0901,2026-01-20T23:00,25.6,85,30.6,0.0,3,1006.0,2.8,11,100,0.0,29.1,0.169
Perak,4.5921,101.0901,2026-01-21T00:00,25.1,89,29.9,0.0,3,1006.2,6.0,357,100,0.0,28.4,0.169
Perak,4.5921,101.0901,2026-01-21T01:00,24.5,90,28.9,0.1,51,1006.1,6.9,25,100,0.0,27.7,0.169
Perak,4.5921,101.0901,2026-01-21T02:00,24.0,89,27.8,0.0,3,1005.7,7.9,16,99,0.0,27.6,0.164
Perak,4.5921,101.0901,2026-01-21T03:00,23.3,90,26.6,0.0,3,1004.9,9.6,344,100,0.0,26.9,0.165
Perak,4.5921,101.0901,2026-01-21T04:00,23.5,89,27.1,0.1,51,1004.3,7.6,346,100,0.0,26.5,0.165
Perak,4.5921,101.0901,2026-01-21T05:00,23.6,89,28.0,0.0,3,1004.4,2.0,243,100,0.0,26.1,0.165
Perak,4.5921,101.0901,2026-01-21T06:00,23.4,91,27.6,0.0,3,1004.9,3.8,169,100,0.0,25.9,0.165
Perak,4.5921,101.0901,2026-01-21T07:00,23.0,93,27.5,0.0,3,1005.1,2.3,94,100,0.0,25.6,0.165
Perak,4.5921,101.0901,2026-01-21T08:00,23.0,94,27.2,0.0,3,1005.4,5.2,6,100,4.0,24.9,0.167
Perak,4.5921,101.0901,2026-01-21T09:00,24.8,85,29.3,0.0,3,1006.2,3.5,15,100,151.0,25.6,0.167
Perak,4.5921,101.0901,2026-01-21T10:00,27.5,69,31.6,0.0,3,1006.6,2.5,30,100,375.0,27.3,0.167
Perak,4.5921,101.0901,2026-01-21T11:00,29.7,57,33.8,0.0,3,1006.8,1.0,225,100,592.0,29.6,0.165
Perak,4.5921,101.0901,2026-01-21T12:00,30.6,53,34.2,0.0,3,1006.6,4.5,187,100,607.0,31.6,0.164
Perak,4.5921,101.0901,2026-01-21T13:00,30.6,53,33.4,0.0,3,1006.1,7.9,163,100,517.0,32.8,0.162
Perak,4.5921,101.0901,2026-01-21T14:00,26.5,70,31.4,0.0,3,1006.1,4.4,153,100,775.0,34.6,0.162
Perak,4.5921,101.0901,2026-01-21T15:00,26.3,73,29.7,1.6,61,1004.8,7.5,222,100,360.0,33.3,0.179
Perak,4.5921,101.0901,2026-01-21T16:00,27.0,70,30.4,0.0,3,1004.3,6.6,201,100,267.0,32.7,0.179
Perak,4.5921,101.0901,2026-01-21T17:00,26.5,78,30.3,0.0,3,1004.3,9.0,203,100,281.0,32.2,0.177
Perak,4.5921,101.0901,2026-01-21T18:00,26.0,81,30.4,0.0,3,1004.9,5.9,162,100,137.0,31.3,0.177
Perak,4.5921,101.0901,2026-01-21T19:00,25.6,83,29.9,0.0,3,1005.1,6.5,167,100,44.0,30.3,0.176
Perak,4.5921,101.0901,2026-01-21T20:00,25.2,86,30.1,0.0,3,1005.5,2.7,127,100,3.0,31.4,0.164
Perak,4.5921,101.0901,2026-01-21T21:00,25.1,88,30.1,0.0,3,1006.1,2.9,158,100,0.0,30.2,0.163
Perak,4.5921,101.0901,2026-01-21T22:00,25.0,89,30.5,0.0,3,1006.9,0.8,297,100,0.0,29.4,0.163
Perak,4.5921,101.0901,2026-01-21T23:00,25.1,88,30.1,0.0,3,1007.3,3.1,7,100,0.0,28.7,0.163
Perak,4.5921,101.0901,2026-01-22T00:00,25.2,88,30.2,0.0,3,1007.4,3.6,354,100,0.0,28.2,0.163
Perak,4.5921,101.0901,2026-01-22T01:00,25.2,89,30.2,0.0,3,1007.2,4.9,356,100,0.0,27.8,0.163
Perak,4.5921,101.0901,2026-01-22T02:00,24.5,92,29.0,0.0,3,1006.5,6.7,9,100,0.0,27.0,0.165
Perak,4.5921,101.0901,2026-01-22T03:00,23.6,96,28.2,0.0,3,1005.7,6.8,358,100,0.0,26.5,0.164
Perak,4.5921,101.0901,2026-01-22T04:00,23.0,99,27.5,0.0,3,1005.0,6.7,5,100,0.0,26.1,0.164
Perak,4.5921,101.0901,2026-01-22T05:00,22.4,100,26.6,0.0,3,1004.9,6.7,9,100,0.0,25.6,0.164
Perak,4.5921,101.0901,2026-01-22T06:00,22.0,98,26.1,0.0,3,1005.5,5.5,11,98,0.0,25.2,0.164
Perak,4.5921,101.0901,2026-01-22T07:00,21.6,97,25.1,0.0,3,1005.9,6.2,21,99,0.0,24.8,0.164
Perak,4.5921,101.0901,2026-01-22T08:00,22.0,85,24.5,0.0,3,1006.1,7.5,11,98,11.0,24.2,0.164
Perak,4.5921,101.0901,2026-01-22T09:00,24.6,71,27.3,0.0,3,1007.1,4.7,2,99,163.0,24.9,0.164
Perak,4.5921,101.0901,2026-01-22T10:00,26.8,63,29.5,0.0,3,1007.8,4.9,336,100,386.0,26.6,0.163
Perak,4.5921,101.0901,2026-01-22T11:00,29.5,50,32.1,0.0,3,1007.8,4.3,355,98,616.0,29.1,0.162
Perak,4.5921,101.0901,2026-01-22T12:00,31.6,41,35.5,0.0,2,1007.0,0.2,270,63,765.0,31.8,0.16
Perak,4.5921,101.0901,2026-01-22T13:00,33.1,37,36.8,0.0,3,1006.2,5.1,203,93,897.0,34.6,0.159
Perak,4.5921,101.0901,2026-01-22T14:00,34.4,32,37.9,0.0,3,1005.2,5.1,212,96,951.0,37.0,0.158
Perak,4.5921,101.0901,2026-01-22T15:00,34.9,32,37.4,0.0,1,1004.3,9.5,190,41,888.0,38.7,0.157
Perak,4.5921,101.0901,2026-01-22T16:00,32.7,44,34.5,0.0,2,1003.4,15.7,176,65,690.0,38.9,0.156
Perak,4.5921,101.0901,2026-01-22T17:00,31.7,49,33.7,0.0,3,1003.5,11.5,200,97,509.0,38.5,0.156
Perak,4.5921,101.0901,2026-01-22T18:00,31.1,53,33.3,0.0,0,1003.9,12.4,210,11,331.0,37.6,0.155
Perak,4.5921,101.0901,2026-01-22T19:00,29.0,65,32.6,0.0,1,1004.6,8.4,205,21,148.0,36.0,0.155
Perak,4.5921,101.0901,2026-01-22T20:00,28.0,70,32.1,0.2,51,1005.8,5.2,134,20,6.0,34.7,0.153
Perak,4.5921,101.0901,2026-01-22T21:00,27.2,73,31.4,0.0,1,1006.8,4.6,121,22,0.0,33.1,0.153
Perak,4.5921,101.0901,2026-01-22T22:00,26.1,77,30.2,0.0,3,1007.9,5.6,333,99,0.0,31.8,0.153
Perak,4.5921,101.0901,2026-01-22T23:00,25.7,79,30.1,0.1,51,1007.9,2.7,208,98,0.0,30.7,0.154
Perak,4.5921,101.0901,2026-01-23T00:00,25.2,82,29.8,0.0,2,1007.7,1.5,36,70,0.0,29.8,0.154
Perak,4.5921,101.0901,2026-01-23T01:00,24.4,89,28.6,0.0,2,1008.0,6.0,10,67,0.0,28.9,0.154
Perak,4.5921,101.0901,2026-01-23T02:00,23.8,92,27.9,0.0,3,1007.7,6.3,18,99,0.0,28.4,0.151
Perak,4.5921,101.0901,2026-01-23T03:00,22.8,95,26.6,0.0,3,1007.3,7.2,4,100,0.0,27.6,0.151
Perak,4.5921,101.0901,2026-01-23T04:00,22.0,97,25.4,0.0,3,1006.6,8.8,1,100,0.0,26.9,0.151
Perak,4.5921,101.0901,2026-01-23T05:00,21.6,95,24.7,0.0,3,1006.3,8.7,355,100,0.0,26.2,0.151
Perak,4.5921,101.0901,2026-01-23T06:00,21.4,93,24.1,0.0,3,1006.6,8.5,360,99,0.0,25.6,0.151
Perak,4.5921,101.0901,2026-01-23T07:00,21.0,94,23.7,0.0,3,1007.1,8.3,355,100,0.0,25.0,0.151
Perak,4.5921,101.0901,2026-01-23T08:00,21.2,88,23.7,0.0,3,1008.0,7.3,11,99,12.0,24.8,0.155
Perak,4.5921,101.0901,2026-01-23T09:00,23.6,75,26.1,0.0,3,1008.9,6.1,348,99,158.0,25.3,0.155
Perak,4.5921,101.0901,2026-01-23T10:00,27.0,57,28.8,0.0,3,1009.2,6.5,316,100,391.0,27.1,0.155
Perak,4.5921,101.0901,2026-01-23T11:00,29.8,43,31.7,0.0,3,1009.2,4.1,311,100,623.0,29.7,0.155
Perak,4.5921,101.0901,2026-01-23T12:00,32.2,36,35.3,0.0,3,1008.6,1.8,264,100,792.0,32.8,0.154
Perak,4.5921,101.0901,2026-01-23T13:00,33.7,33,37.2,0.0,3,1007.7,4.0,210,96,908.0,35.8,0.154
Perak,4.5921,101.0901,2026-01-23T14:00,35.0,29,38.7,0.0,3,1006.6,3.1,234,98,956.0,38.3,0.155
Perak,4.5921,101.0901,2026-01-23T15:00,36.5,25,39.0,0.0,3,1005.2,5.9,220,100,917.0,40.5,0.154
Perak,4.5921,101.0901,2026-01-23T16:00,35.4,30,36.5,0.0,3,1004.1,9.0,185,100,678.0,41.0,0.154
Perak,4.5921,101.0901,2026-01-23T17:00,33.6,41,34.5,0.0,3,1003.9,15.3,176,100,568.0,40.7,0.154
Perak,4.5921,101.0901,2026-01-23T18:00,31.2,50,32.6,0.0,3,1004.6,15.2,210,98,360.0,39.3,0.154
Perak,4.5921,101.0901,2026-01-23T19:00,29.7,58,32.7,0.1,51,1005.2,8.4,220,99,128.0,37.5,0.155
Perak,4.5921,101.0901,2026-01-23T20:00,29.0,63,32.6,0.0,3,1006.3,6.0,189,97,7.0,35.4,0.152
Perak,4.5921,101.0901,2026-01-23T21:00,28.0,70,32.0,0.0,3,1007.0,5.6,97,99,0.0,33.9,0.152
Perak,4.5921,101.0901,2026-01-23T22:00,27.0,73,31.5,0.1,51,1007.7,2.0,85,100,0.0,32.5,0.153
Perak,4.5921,101.0901,2026-01-23T23:00,26.3,77,31.1,0.2,51,1008.1,1.2,39,99,0.0,31.5,0.155
Perak,4.5921,101.0901,2026-01-24T00:00,24.9,89,29.8,0.3,51,1008.1,4.1,15,98,0.0,30.2,0.157
Perak,4.5921,101.0901,2026-01-24T01:00,24.4,92,29.1,0.1,51,1008.6,5.6,21,99,0.0,29.2,0.158
Perak,4.5921,101.0901,2026-01-24T02:00,23.5,99,28.4,0.0,3,1008.2,4.9,17,100,0.0,28.8,0.157
Perak,4.5921,101.0901,2026-01-24T03:00,23.1,97,27.6,0.0,3,1007.9,5.8,5,100,0.0,28.0,0.157
Perak,4.5921,101.0901,2026-01-24T04:00,22.8,94,26.4,0.0,1,1007.5,8.1,1,20,0.0,27.2,0.157
Perak,4.5921,101.0901,2026-01-24T05:00,22.2,92,25.5,0.0,0,1007.2,7.0,3,1,0.0,26.5,0.157
Perak,4.5921,101.0901,2026-01-24T06:00,21.6,93,24.6,0.0,0,1007.4,7.0,359,0,0.0,25.9,0.157
Perak,4.5921,101.0901,2026-01-24T07:00,21.1,93,23.9,0.0,0,1007.9,7.4,6,1,0.0,25.4,0.157
Perak,4.5921,101.0901,2026-01-24T08:00,22.0,84,24.3,0.0,0,1008.4,7.7,1,3,12.0,25.4,0.153
Perak,4.5921,101.0901,2026-01-24T09:00,24.4,71,26.9,0.0,0,1009.2,5.6,343,1,175.0,26.0,0.153
Perak,4.5921,101.0901,2026-01-24T10:00,27.5,57,29.6,0.0,2,1009.5,6.1,326,69,418.0,27.8,0.153
Perak,4.5921,101.0901,2026-01-24T11:00,30.5,44,32.8,0.0,3,1009.3,4.2,317,83,645.0,30.5,0.153
Perak,4.5921,101.0901,2026-01-24T12:00,32.7,38,36.3,0.0,3,1008.6,3.1,234,98,823.0,33.6,0.153
Perak,4.5921,101.0901,2026-01-24T13:00,34.0,35,37.5,0.0,3,1007.4,6.9,195,99,929.0,36.5,0.153
Perak,4.5921,101.0901,2026-01-24T14:00,35.7,28,38.9,0.0,3,1006.1,5.9,198,99,969.0,38.7,0.153
Perak,4.5921,101.0901,2026-01-24T15:00,36.5,26,38.3,0.0,3,1004.6,10.9,189,100,925.0,40.5,0.153
Perak,4.5921,101.0901,2026-01-24T16:00,33.9,36,34.1,0.0,3,1004.1,19.5,183,100,687.0,40.6,0.153
Perak,4.5921,101.0901,2026-01-24T17:00,32.8,38,33.1,0.0,3,1004.0,14.1,208,98,495.0,39.8,0.153
Perak,4.5921,101.0901,2026-01-24T18:00,32.5,44,33.9,0.0,3,1004.1,11.7,214,99,377.0,39.2,0.153
Perak,4.5921,101.0901,2026-01-24T19:00,29.5,61,32.3,0.0,3,1005.1,10.8,213,100,148.0,37.4,0.153
Perak,4.5921,101.0901,2026-01-24T20:00,29.0,61,32.7,0.0,3,1005.7,4.0,153,99,7.0,35.6,0.139
Perak,4.5921,101.0901,2026-01-24T21:00,28.5,63,32.0,0.0,3,1006.7,5.9,130,99,0.0,34.1,0.139
Perak,4.5921,101.0901,2026-01-24T22:00,27.4,70,31.5,0.2,51,1007.4,3.4,96,41,0.0,32.7,0.141
Perak,4.5921,101.0901,2026-01-24T23:00,26.6,74,31.1,0.1,51,1007.6,1.4,40,82,0.0,31.5,0.142
Perak,4.5921,101.0901,2026-01-25T00:00,26.0,77,30.1,0.0,3,1007.5,3.8,3,93,0.0,30.5,0.142
Perak,4.5921,101.0901,2026-01-25T01:00,25.1,81,29.2,0.0,3,1007.9,4.0,3,100,0.0,29.6,0.143
Perak,4.5921,101.0901,2026-01-25T02:00,25.0,83,29.5,0.0,3,1007.3,2.0,350,100,0.0,29.5,0.138
Perak,4.5921,101.0901,2026-01-25T03:00,23.8,86,27.1,0.0,3,1007.3,7.7,126,100,0.0,28.8,0.138
Perak,4.5921,101.0901,2026-01-25T04:00,23.5,84,27.5,0.0,3,1006.5,1.5,45,100,0.0,28.1,0.139
Perak,4.5921,101.0901,2026-01-25T05:00,23.5,84,27.4,0.0,3,1006.3,2.3,4,94,0.0,27.5,0.139
Perak,4.5921,101.0901,2026-01-25T06:00,23.2,86,27.3,0.0,3,1006.6,1.5,36,94,0.0,26.9,0.139
Perak,4.5921,101.0901,2026-01-25T07:00,22.8,87,26.2,0.0,1,1007.0,5.0,41,28,0.0,26.4,0.139
Perak,4.5921,101.0901,2026-01-25T08:00,23.2,79,25.6,0.0,3,1007.4,8.0,9,100,11.0,26.8,0.137
Perak,4.5921,101.0901,2026-01-25T09:00,25.2,70,28.1,0.0,0,1008.1,4.7,344,16,163.0,27.2,0.137
Perak,4.5921,101.0901,2026-01-25T10:00,28.0,58,30.9,0.0,1,1008.6,2.9,281,34,399.0,29.0,0.137
Perak,4.5921,101.0901,2026-01-25T11:00,30.3,47,33.3,0.0,3,1008.5,2.4,222,89,632.0,31.5,0.137
Perak,4.5921,101.0901,2026-01-25T12:00,32.3,39,35.8,0.0,3,1007.6,3.3,189,99,810.0,34.4,0.137
Perak,4.5921,101.0901,2026-01-25T13:00,33.3,36,36.6,0.0,3,1006.8,6.3,193,100,887.0,37.0,0.137
Perak,4.5921,101.0901,2026-01-25T14:00,33.8,34,36.5,0.0,3,1006.2,6.0,196,100,809.0,38.5,0.142
Perak,4.5921,101.0901,2026-01-25T15:00,33.9,34,36.1,0.0,3,1005.1,9.5,182,99,836.0,40.0,0.143
Perak,4.5921,101.0901,2026-01-25T16:00,33.5,35,35.0,0.0,3,1004.5,11.0,183,99,735.0,40.5,0.143
Perak,4.5921,101.0901,2026-01-25T17:00,33.2,38,34.0,0.0,3,1003.9,10.5,197,100,539.0,40.2,0.142
Perak,4.5921,101.0901,2026-01-25T18:00,31.9,45,33.6,0.1,51,1004.3,9.8,220,100,347.0,39.2,0.143
Perak,4.5921,101.0901,2026-01-25T19:00,30.6,50,33.2,0.0,3,1005.0,5.9,247,100,111.0,37.6,0.144
Perak,4.5921,101.0901,2026-01-25T20:00,29.5,56,32.6,0.0,3,1005.5,5.1,186,100,7.0,35.8,0.136
Perak,4.5921,101.0901,2026-01-25T21:00,28.9,61,32.4,0.0,3,1006.2,3.7,203,100,0.0,34.3,0.136
Perak,4.5921,101.0901,2026-01-25T22:00,28.4,63,31.9,0.0,3,1007.1,4.3,2,100,0.0,33.0,0.136
Perak,4.5921,101.0901,2026-01-25T23:00,27.6,64,30.8,0.0,3,1007.1,5.5,27,100,0.0,32.0,0.136
Perak,4.5921,101.0901,2026-01-26T00:00,27.0,65,30.1,0.0,3,1007.0,4.8,20,100,0.0,31.1,0.136
Perak,4.5921,101.0901,2026-01-26T01:00,26.2,67,29.3,0.0,3,1007.2,4.3,22,100,0.0,30.4,0.136
Perak,4.5921,101.0901,2026-01-26T02:00,26.2,71,29.5,0.0,3,1006.8,5.4,30,100,0.0,30.5,0.136
Perak,4.5921,101.0901,2026-01-26T03:00,26.0,70,29.1,0.0,3,1006.5,5.9,14,100,0.0,29.9,0.136
Perak,4.5921,101.0901,2026-01-26T04:00,25.5,72,28.6,0.0,3,1006.2,6.0,25,98,0.0,29.1,0.136
Perak,4.5921,101.0901,2026-01-26T05:00,24.8,75,28.5,0.0,2,1006.3,1.1,252,50,0.0,28.5,0.136
Perak,4.5921,101.0901,2026-01-26T06:00,24.1,78,27.6,0.0,1,1006.8,3.0,14,40,0.0,27.9,0.136
Perak,4.5921,101.0901,2026-01-26T07:00,23.6,79,26.3,0.0,1,1007.4,6.6,9,27,0.0,27.4,0.136
Perak,4.5921,101.0901,2026-01-26T08:00,23.8,77,26.3,0.0,2,1007.5,7.6,12,64,9.0,26.8,0.138
Perak,4.5921,101.0901,2026-01-26T09:00,26.0,66,28.8,0.0,3,1008.3,4.9,6,100,163.0,27.4,0.138
Perak,4.5921,101.0901,2026-01-26T10:00,28.8,55,31.4,0.0,3,1008.8,4.4,330,99,386.0,29.1,0.137
Perak,4.5921,101.0901,2026-01-26T11:00,31.3,44,34.3,0.0,3,1008.3,0.5,315,88,605.0,31.7,0.137
Perak,4.5921,101.0901,2026-01-26T12:00,33.0,38,36.4,0.0,2,1007.5,4.7,180,73,807.0,34.7,0.137
Perak,4.5921,101.0901,2026-01-26T13:00,33.6,37,37.1,0.0,1,1006.6,6.5,177,23,888.0,37.2,0.137
Perak,4.5921,101.0901,2026-01-26T14:00,34.3,34,37.2,0.0,0,1005.5,8.0,171,13,872.0,39.1,0.137
Perak,4.5921,101.0901,2026-01-26T15:00,34.8,33,36.7,0.0,1,1004.3,14.1,175,35,878.0,40.5,0.137
Perak,4.5921,101.0901,2026-01-26T16:00,33.5,37,34.2,0.0,1,1003.6,15.0,191,48,644.0,40.4,0.137
Perak,4.5921,101.0901,2026-01-26T17:00,33.4,39,34.6,0.0,1,1003.4,10.5,221,20,523.0,40.1,0.137
Perak,4.5921,101.0901,2026-01-26T18:00,32.9,40,34.2,0.0,1,1003.9,10.0,216,26,378.0,39.5,0.137
Perak,4.5921,101.0901,2026-01-26T19:00,30.8,53,33.4,0.0,0,1004.8,9.3,209,13,124.0,37.8,0.138
Perak,4.5921,101.0901,2026-01-26T20:00,28.8,64,32.6,0.0,0,1006.1,5.3,162,13,7.0,35.7,0.135
Perak,4.5921,101.0901,2026-01-26T21:00,28.3,65,32.2,0.0,0,1006.6,4.1,113,5,0.0,34.1,0.135
Perak,4.5921,101.0901,2026-01-26T22:00,28.0,65,32.1,0.0,0,1007.1,0.2,360,5,0.0,32.8,0.135
Perak,4.5921,101.0901,2026-01-26T23:00,27.4,67,31.0,0.0,0,1007.5,4.5,360,14,0.0,31.8,0.135
Perak,4.5921,101.0901,2026-01-27T00:00,26.8,69,30.2,0.0,1,1007.5,4.9,28,38,0.0,30.9,0.135
Perak,4.5921,101.0901,2026-01-27T01:00,26.0,71,29.2,0.0,1,1007.8,5.8,160,38,0.0,30.0,0.135
Perak,4.5921,101.0901,2026-01-27T02:00,25.4,77,29.8,0.0,2,1007.4,0.4,360,67,0.0,29.7,0.132
Perak,4.5921,101.0901,2026-01-27T03:00,25.0,79,29.2,0.0,2,1007.3,1.7,13,57,0.0,29.0,0.132
Perak,4.5921,101.0901,2026-01-27T04:00,24.4,80,28.0,0.0,2,1007.0,4.1,13,63,0.0,28.4,0.132
Perak,4.5921,101.0901,2026-01-27T05:00,23.6,83,27.0,0.0,1,1006.9,5.6,360,43,0.0,27.8,0.132
Perak,4.5921,101.0901,2026-01-27T06:00,23.2,85,26.5,0.0,1,1007.2,5.5,351,34,0.0,27.2,0.132
Perak,4.5921,101.0901,2026-01-27T07:00,22.8,87,25.9,0.0,1,1007.8,6.5,360,22,0.0,26.7,0.132
Perak,4.5921,101.0901,2026-01-27T08:00,23.2,77,25.6,0.0,1,1008.3,6.3,360,39,10.0,26.5,0.136
Perak,4.5921,101.0901,2026-01-27T09:00,25.3,67,27.8,0.0,2,1009.3,5.2,344,64,159.0,27.1,0.136
Perak,4.5921,101.0901,2026-01-27T10:00,28.0,56,30.4,0.0,1,1009.5,5.3,332,24,404.0,28.9,0.136
Perak,4.5921,101.0901,2026-01-27T11:00,30.6,46,33.4,0.0,0,1009.2,3.3,299,12,605.0,31.4,0.136
Perak,4.5921,101.0901,2026-01-27T12:00,32.8,40,36.5,0.0,0,1008.5,3.1,220,19,783.0,34.3,0.136
Perak,4.5921,101.0901,2026-01-27T13:00,34.2,36,38.1,0.0,1,1007.6,5.9,203,20,917.0,37.2,0.136
Perak,4.5921,101.0901,2026-01-27T14:00,35.1,31,39.1,0.0,3,1006.3,1.8,225,85,919.0,39.3,0.141
Perak,4.5921,101.0901,2026-01-27T15:00,36.3,30,39.3,0.0,3,1005.0,7.2,215,99,887.0,41.3,0.141
Perak,4.5921,101.0901,2026-01-27T16:00,35.1,36,37.2,0.1,51,1004.3,11.6,204,90,746.0,41.9,0.142
Perak,4.5921,101.0901,2026-01-27T17:00,33.6,43,35.3,0.0,3,1004.0,14.2,195,99,598.0,41.5,0.142
Perak,4.5921,101.0901,2026-01-27T18:00,32.0,51,34.4,0.0,3,1004.2,11.3,194,100,388.0,40.3,0.142
Perak,4.5921,101.0901,2026-01-27T19:00,30.8,58,34.2,0.0,3,1004.6,9.1,210,100,152.0,38.6,0.142
Perak,4.5921,101.0901,2026-01-27T20:00,29.6,64,33.6,0.0,3,1005.4,6.4,198,100,8.0,36.4,0.148
Perak,4.5921,101.0901,2026-01-27T21:00,28.9,69,33.3,0.0,3,1005.9,6.0,185,100,0.0,34.8,0.148
Perak,4.5921,101.0901,2026-01-27T22:00,28.4,75,33.2,0.0,3,1007.2,6.2,187,100,0.0,33.5,0.148
Perak,4.5921,101.0901,2026-01-27T23:00,26.9,79,31.8,0.3,51,1007.8,3.6,87,100,0.0,32.3,0.152
Perak,4.5921,101.0901,2026-01-28T00:00,25.3,85,30.1,0.5,53,1008.6,2.5,135,92,0.0,31.0,0.157
Perak,4.5921,101.0901,2026-01-28T01:00,24.5,86,29.3,0.3,51,1008.7,1.5,144,99,0.0,29.9,0.161
Perak,4.5921,101.0901,2026-01-28T02:00,24.0,95,29.3,0.3,51,1007.6,2.0,90,100,0.0,29.4,0.164
Perak,4.5921,101.0901,2026-01-28T03:00,24.0,98,29.4,0.1,51,1006.9,3.1,324,100,0.0,28.5,0.166
Perak,4.5921,101.0901,2026-01-28T04:00,24.1,96,29.5,0.0,3,1006.5,2.7,302,98,0.0,27.8,0.166
Perak,4.5921,101.0901,2026-01-28T05:00,23.9,93,28.7,0.1,51,1006.3,3.6,330,98,0.0,27.2,0.167
Perak,4.5921,101.0901,2026-01-28T06:00,23.8,94,28.9,0.1,51,1006.3,1.7,342,99,0.0,26.8,0.167
Perak,4.5921,101.0901,2026-01-28T07:00,23.9,92,28.3,0.0,3,1007.0,5.1,328,100,0.0,26.5,0.167
Perak,4.5921,101.0901,2026-01-28T08:00,23.2,92,27.0,0.0,3,1007.4,7.2,357,100,10.0,26.4,0.176
Perak,4.5921,101.0901,2026-01-28T09:00,25.0,77,28.3,0.0,3,1008.2,6.1,360,100,156.0,26.8,0.176
Perak,4.5921,101.0901,2026-01-28T10:00,27.1,65,30.3,0.0,3,1008.7,4.6,349,100,353.0,28.0,0.175
Perak,4.5921,101.0901,2026-01-28T11:00,29.1,57,32.6,0.0,3,1008.6,1.8,354,100,507.0,29.7,0.173
Perak,4.5921,101.0901,2026-01-28T12:00,31.4,49,35.5,0.0,3,1008.2,3.3,167,100,724.0,32.0,0.17
Perak,4.5921,101.0901,2026-01-28T13:00,32.7,45,36.9,0.0,3,1007.4,5.4,174,100,805.0,34.1,0.167
Perak,4.5921,101.0901,2026-01-28T14:00,33.0,43,37.6,0.1,51,1006.6,5.0,154,100,857.0,36.0,0.17
Perak,4.5921,101.0901,2026-01-28T15:00,33.5,42,37.4,0.0,3,1005.4,8.7,174,100,841.0,37.3,0.167
Perak,4.5921,101.0901,2026-01-28T16:00,32.4,45,34.8,0.8,53,1004.8,12.4,201,99,714.0,37.8,0.174
Perak,4.5921,101.0901,2026-01-28T17:00,29.4,65,32.5,0.2,51,1005.1,12.6,178,88,440.0,36.8,0.175
Perak,4.5921,101.0901,2026-01-28T18:00,29.0,66,32.3,0.0,3,1005.2,11.0,186,99,300.0,35.7,0.173
Perak,4.5921,101.0901,2026-01-28T19:00,28.2,70,32.3,0.0,3,1005.7,7.2,180,83,144.0,34.2,0.172
Perak,4.5921,101.0901,2026-01-28T20:00,27.1,76,32.1,0.0,2,1006.2,1.2,321,78,8.0,32.7,0.174
Perak,4.5921,101.0901,2026-01-28T21:00,26.8,79,31.8,0.0,3,1006.8,2.6,335,90,0.0,31.4,0.174
Perak,4.5921,101.0901,2026-01-28T22:00,26.1,84,31.3,0.0,3,1007.3,3.2,357,92,0.0,30.3,0.173
Perak,4.5921,101.0901,2026-01-28T23:00,25.5,88,30.5,0.0,3,1007.9,4.8,13,95,0.0,29.4,0.173
Perak,4.5921,101.0901,2026-01-29T00:00,24.6,92,29.8,0.0,3,1007.8,3.8,31,99,0.0,28.6,0.173
Perak,4.5921,101.0901,2026-01-29T01:00,23.8,96,29.1,0.0,3,1008.0,1.9,34,100,0.0,28.0,0.173
Perak,4.5921,101.0901,2026-01-29T02:00,23.5,96,28.6,0.0,3,1007.6,2.5,45,100,0.0,27.8,0.17
Perak,4.5921,101.0901,2026-01-29T03:00,23.9,92,28.4,0.0,3,1006.9,4.6,13,99,0.0,27.3,0.17
Perak,4.5921,101.0901,2026-01-29T04:00,23.3,92,27.2,0.0,3,1006.3,6.5,5,98,0.0,26.8,0.169
Perak,4.5921,101.0901,2026-01-29T05:00,23.2,92,27.8,0.0,3,1006.4,1.4,140,100,0.0,26.4,0.169
Perak,4.5921,101.0901,2026-01-29T06:00,23.1,93,27.7,0.0,2,1006.5,2.7,132,71,0.0,26.0,0.17
Perak,4.5921,101.0901,2026-01-29T07:00,23.1,92,27.4,0.0,3,1007.0,3.4,6,100,0.0,25.6,0.17
Perak,4.5921,101.0901,2026-01-29T08:00,22.9,83,25.8,0.0,1,1007.2,6.2,345,45,9.0,25.2,0.184
Perak,4.5921,101.0901,2026-01-29T09:00,24.6,76,28.1,0.0,2,1008.2,2.7,4,63,160.0,25.8,0.183
Perak,4.5921,101.0901,2026-01-29T10:00,26.6,68,30.4,0.0,2,1008.6,1.3,106,73,361.0,27.1,0.182
Perak,4.5921,101.0901,2026-01-29T11:00,28.8,59,31.9,0.0,1,1008.8,5.8,173,38,571.0,29.1,0.18
Perak,4.5921,101.0901,2026-01-29T12:00,30.3,55,34.2,0.0,3,1008.4,6.7,180,80,698.0,31.0,0.177
Perak,4.5921,101.0901,2026-01-29T13:00,31.2,52,35.4,0.2,51,1007.5,6.3,211,45,738.0,32.8,0.176
Perak,4.5921,101.0901,2026-01-29T14:00,31.9,47,36.6,0.5,53,1006.6,3.6,207,43,814.0,34.3,0.181
Perak,4.5921,101.0901,2026-01-29T15:00,32.0,49,36.0,0.8,53,1005.5,5.5,207,50,692.0,35.2,0.187
Perak,4.5921,101.0901,2026-01-29T16:00,31.7,53,35.8,0.1,51,1004.9,8.2,203,36,694.0,35.8,0.185
Perak,4.5921,101.0901,2026-01-29T17:00,28.0,67,31.6,1.3,61,1005.5,6.5,141,100,353.0,34.8,0.198
Perak,4.5921,101.0901,2026-01-29T18:00,26.6,77,31.0,0.6,53,1005.1,4.7,118,58,208.0,33.2,0.203
Perak,4.5921,101.0901,2026-01-29T19:00,26.2,79,31.3,0.0,3,1005.5,0.6,214,98,119.0,32.0,0.202
Perak,4.5921,101.0901,2026-01-29T20:00,28.1,71,33.2,0.0,0,1006.3,1.0,22,17,5.0,31.6,0.176
Perak,4.5921,101.0901,2026-01-29T21:00,27.3,78,32.5,0.0,0,1006.9,2.3,4,11,0.0,30.5,0.176
Perak,4.5921,101.0901,2026-01-29T22:00,26.2,85,31.5,0.0,0,1007.2,3.7,14,3,0.0,29.5,0.175
Perak,4.5921,101.0901,2026-01-29T23:00,25.2,92,30.6,0.0,0,1007.8,4.1,13,6,0.0,28.7,0.175
Perak,4.5921,101.0901,2026-01-30T00:00,24.5,94,29.6,0.0,0,1008.4,4.8,22,8,0.0,28.0,0.175
Perak,4.5921,101.0901,2026-01-30T01:00,23.9,94,28.5,0.0,0,1008.6,5.4,20,9,0.0,27.3,0.175
Perak,4.5921,101.0901,2026-01-30T02:00,23.1,97,27.7,0.0,0,1008.2,5.2,12,8,0.0,26.7,0.175
Perak,4.5921,101.0901,2026-01-30T03:00,22.6,98,26.9,0.0,2,1007.7,6.0,10,73,0.0,26.2,0.175
Perak,4.5921,101.0901,2026-01-30T04:00,22.1,99,26.0,0.0,2,1007.3,6.7,2,74,0.0,25.7,0.175
Perak,4.5921,101.0901,2026-01-30T05:00,21.9,97,25.5,0.0,2,1007.4,6.7,5,52,0.0,25.3,0.175
Perak,4.5921,101.0901,2026-01-30T06:00,21.6,96,24.8,0.0,1,1007.7,7.7,357,30,0.0,24.9,0.175
Perak,4.5921,101.0901,2026-01-30T07:00,21.8,93,24.7,0.0,2,1008.0,8.3,4,70,0.0,24.5,0.174
Perak,4.5921,101.0901,2026-01-30T08:00,22.1,89,24.8,0.0,0,1008.1,8.5,7,9,10.0,24.5,0.179
Perak,4.5921,101.0901,2026-01-30T09:00,24.5,79,27.7,0.0,0,1008.8,6.1,357,5,161.0,25.1,0.178
Perak,4.5921,101.0901,2026-01-30T10:00,27.2,67,30.4,0.0,0,1009.2,6.2,345,15,400.0,26.7,0.177
Perak,4.5921,101.0901,2026-01-30T11:00,30.1,55,34.0,0.0,0,1009.1,3.8,329,13,636.0,29.0,0.175
Perak,4.5921,101.0901,2026-01-30T12:00,32.3,46,37.3,0.0,0,1008.4,1.3,254,11,801.0,31.7,0.172
Perak,4.5921,101.0901,2026-01-30T13:00,33.7,40,38.9,0.0,1,1007.4,2.0,175,33,908.0,34.2,0.168
Perak,4.5921,101.0901,2026-01-30T14:00,34.8,34,39.2,0.0,2,1006.1,1.7,131,61,887.0,36.3,0.166
Perak,4.5921,101.0901,2026-01-30T15:00,36.5,31,39.8,0.0,1,1004.7,6.7,161,26,869.0,38.2,0.163
Perak,4.5921,101.0901,2026-01-30T16:00,34.8,37,36.6,0.0,2,1004.3,14.1,203,56,726.0,38.9,0.161
Perak,4.5921,101.0901,2026-01-30T17:00,30.9,57,33.3,0.8,53,1004.6,15.1,225,60,494.0,37.9,0.169
Perak,4.5921,101.0901,2026-01-30T18:00,30.7,58,33.8,0.0,1,1004.8,10.3,169,40,361.0,36.9,0.168
Perak,4.5921,101.0901,2026-01-30T19:00,27.9,72,31.5,0.0,0,1005.9,10.0,142,12,123.0,35.2,0.167
Perak,4.5921,101.0901,2026-01-30T20:00,27.9,73,32.7,0.0,0,1006.5,3.9,152,15,8.0,33.0,0.165
Perak,4.5921,101.0901,2026-01-30T21:00,27.4,76,32.5,0.0,0,1007.0,2.0,265,19,0.0,31.8,0.165
Perak,4.5921,101.0901,2026-01-30T22:00,26.9,80,31.7,0.0,0,1008.1,5.6,174,19,0.0,30.6,0.164
Perak,4.5921,101.0901,2026-01-30T23:00,25.6,87,30.3,0.0,1,1008.8,6.6,191,22,0.0,29.7,0.164
Perak,4.5921,101.0901,2026-01-31T00:00,24.6,91,29.5,1.0,55,1009.1,4.1,146,96,0.0,28.8,0.174
Perak,4.5921,101.0901,2026-01-31T01:00,24.0,94,29.2,0.3,51,1008.5,1.7,162,22,0.0,27.8,0.177
Perak,4.5921,101.0901,2026-01-31T02:00,24.5,92,29.6,0.0,1,1007.9,2.9,187,27,0.0,27.8,0.168
Perak,4.5921,101.0901,2026-01-31T03:00,24.3,92,29.6,0.0,3,1007.3,0.9,281,91,0.0,27.2,0.168
Perak,4.5921,101.0901,2026-01-31T04:00,24.1,92,29.2,0.2,51,1006.9,1.6,117,91,0.0,26.8,0.17
Perak,4.5921,101.0901,2026-01-31T05:00,24.0,93,29.1,0.0,3,1006.8,1.5,69,87,0.0,26.5,0.171
Perak,4.5921,101.0901,2026-01-31T06:00,23.7,94,28.9,0.1,51,1006.9,1.2,309,95,0.0,26.0,0.172
Perak,4.5921,101.0901,2026-01-31T07:00,23.5,95,28.7,0.0,2,1007.3,0.8,27,54,0.0,25.8,0.172
Perak,4.5921,101.0901,2026-01-31T08:00,22.9,97,27.5,0.0,1,1007.8,3.8,355,34,10.0,25.0,0.208
Perak,4.5921,101.0901,2026-01-31T09:00,24.6,87,29.3,0.0,0,1008.9,3.1,24,9,167.0,25.6,0.208
Perak,4.5921,101.0901,2026-01-31T10:00,26.8,75,31.6,0.0,0,1009.9,1.1,162,14,402.0,27.0,0.206
Perak,4.5921,101.0901,2026-01-31T11:00,28.9,66,33.7,0.0,0,1009.7,3.4,174,14,635.0,29.0,0.203
Perak,4.5921,101.0901,2026-01-31T12:00,30.5,58,35.9,0.0,3,1009.2,4.0,183,100,774.0,31.0,0.199
Perak,4.5921,101.0901,2026-01-31T13:00,31.4,55,36.3,0.0,3,1008.2,6.1,185,96,770.0,32.5,0.195
Perak,4.5921,101.0901,2026-01-31T14:00,32.6,50,37.8,0.0,1,1007.4,8.3,174,21,906.0,34.0,0.191
Perak,4.5921,101.0901,2026-01-31T15:00,32.3,47,35.8,1.1,55,1006.3,8.8,171,51,735.0,34.7,0.199
Perak,4.5921,101.0901,2026-01-31T16:00,32.0,50,35.9,0.5,53,1005.3,7.2,193,30,702.0,35.0,0.2
Perak,4.5921,101.0901,2026-01-31T17:00,31.2,58,35.0,0.0,1,1004.7,8.9,230,27,589.0,35.0,0.196
Perak,4.5921,101.0901,2026-01-31T18:00,28.7,69,32.1,0.1,51,1005.6,12.3,159,73,335.0,34.1,0.195
Perak,4.5921,101.0901,2026-01-31T19:00,27.2,76,31.7,0.1,51,1005.8,5.9,168,48,96.0,32.6,0.195
Perak,4.5921,101.0901,2026-01-31T20:00,27.1,75,31.5,0.0,1,1006.3,5.1,132,20,8.0,31.5,0.183
Perak,4.5921,101.0901,2026-01-31T21:00,26.6,80,31.6,0.0,1,1006.9,2.4,197,32,0.0,30.4,0.183
Perak,4.5921,101.0901,2026-01-31T22:00,26.4,85,31.9,0.0,0,1008.0,2.0,170,13,0.0,29.4,0.182
Perak,4.5921,101.0901,2026-01-31T23:00,25.9,86,31.4,0.0,0,1008.3,1.2,63,10,0.0,28.6,0.182
Perak,4.5921,101.0901,2026-02-01T00:00,25.0,90,30.1,0.0,1,1008.4,4.3,17,21,0.0,27.9,0.182
Perak,4.5921,101.0901,2026-02-01T01:00,24.4,93,29.3,0.0,1,1008.1,4.3,28,36,0.0,27.4,0.182
Perak,4.5921,101.0901,2026-02-01T02:00,24.4,92,29.2,0.0,1,1007.2,4.8,37,42,0.0,27.1,0.181
Perak,4.5921,101.0901,2026-02-01T03:00,23.6,95,28.4,0.0,1,1006.5,4.1,2,45,0.0,26.5,0.181
Perak,4.5921,101.0901,2026-02-01T04:00,23.2,96,27.5,0.0,0,1006.0,6.2,12,4,0.0,26.1,0.181
Perak,4.5921,101.0901,2026-02-01T05:00,22.8,96,26.9,0.0,0,1005.6,5.9,12,5,0.0,25.6,0.181
Perak,4.5921,101.0901,2026-02-01T06:00,22.5,94,26.4,0.0,0,1006.1,5.1,23,7,0.0,25.2,0.181
Perak,4.5921,101.0901,2026-02-01T07:00,22.4,95,27.0,0.0,0,1006.8,0.4,63,14,0.0,24.9,0.18
Perak,4.5921,101.0901,2026-02-01T08:00,23.1,90,27.0,0.0,1,1007.4,4.3,22,41,10.0,25.0,0.182
Perak,4.5921,101.0901,2026-02-01T09:00,25.0,79,29.1,0.0,2,1008.3,3.0,14,78,161.0,25.6,0.182
Perak,4.5921,101.0901,2026-02-01T10:00,27.3,68,31.4,0.0,1,1008.8,1.7,311,47,380.0,27.1,0.18
Perak,4.5921,101.0901,2026-02-01T11:00,29.9,56,34.2,0.0,2,1008.8,1.2,207,52,635.0,29.4,0.178
Perak,4.5921,101.0901,2026-02-01T12:00,31.5,49,36.2,0.0,2,1008.2,3.4,177,61,812.0,31.8,0.175
Perak,4.5921,101.0901,2026-02-01T13:00,32.8,44,37.6,0.0,3,1007.1,4.6,171,83,881.0,34.0,0.171
Perak,4.5921,101.0901,2026-02-01T14:00,34.2,36,38.1,0.1,51,1006.1,5.2,174,12,910.0,35.8,0.17
Perak,4.5921,101.0901,2026-02-01T15:00,34.5,37,37.2,0.0,1,1005.0,12.0,162,34,869.0,37.1,0.167
Perak,4.5921,101.0901,2026-02-01T16:00,32.2,47,34.2,0.5,53,1004.6,14.7,166,95,657.0,37.2,0.171
Perak,4.5921,101.0901,2026-02-01T17:00,32.2,46,34.3,0.0,3,1004.0,8.7,187,98,501.0,36.8,0.169
Perak,4.5921,101.0901,2026-02-01T18:00,31.8,50,34.2,0.0,3,1004.0,10.1,204,99,356.0,36.2,0.167
Perak,4.5921,101.0901,2026-02-01T19:00,29.6,64,33.1,0.0,3,1004.6,10.3,185,98,143.0,34.9,0.166
Perak,4.5921,101.0901,2026-02-01T20:00,28.5,66,32.6,1.3,61,1006.0,3.6,139,100,9.0,33.3,0.144
Perak,4.5921,101.0901,2026-02-01T21:00,28.0,68,31.9,0.1,51,1006.9,4.6,99,98,0.0,32.2,0.145
Perak,4.5921,101.0901,2026-02-01T22:00,27.2,72,31.5,0.1,51,1007.9,3.6,57,98,0.0,31.0,0.146
Perak,4.5921,101.0901,2026-02-01T23:00,26.2,79,31.0,0.3,51,1008.0,2.4,48,99,0.0,30.1,0.148
Perak,4.5921,101.0901,2026-02-02T00:00,25.2,88,30.3,0.1,51,1008.0,3.1,31,100,0.0,29.1,0.149
Perak,4.5921,101.0901,2026-02-02T01:00,24.6,91,29.5,0.0,3,1008.2,4.6,31,95,0.0,28.4,0.149
Perak,4.5921,101.0901,2026-02-02T02:00,24.0,94,28.7,0.0,3,1007.6,5.6,48,89,0.0,28.1,0.146
Perak,4.5921,101.0901,2026-02-02T03:00,23.5,93,28.0,0.0,3,1007.2,3.1,31,99,0.0,27.5,0.146
Perak,4.5921,101.0901,2026-02-02T04:00,22.8,94,26.8,0.0,3,1006.4,5.1,23,100,0.0,26.8,0.146
Perak,4.5921,101.0901,2026-02-02T05:00,22.5,94,26.4,0.0,3,1006.1,4.9,8,100,0.0,26.1,0.146
Perak,4.5921,101.0901,2026-02-02T06:00,22.1,94,25.7,0.0,3,1006.3,6.1,14,83,0.0,25.6,0.146
Perak,4.5921,101.0901,2026-02-02T07:00,22.0,91,25.0,0.0,2,1006.6,7.3,10,73,0.0,25.2,0.146
Perak,4.5921,101.0901,2026-02-02T08:00,22.4,81,24.5,0.0,3,1007.3,8.6,15,100,10.0,25.1,0.155
Perak,4.5921,101.0901,2026-02-02T09:00,24.9,69,27.2,0.0,3,1008.0,6.7,360,97,164.0,25.8,0.155
Perak,4.5921,101.0901,2026-02-02T10:00,27.9,55,29.8,0.0,3,1008.3,6.8,331,90,405.0,27.5,0.155
Perak,4.5921,101.0901,2026-02-02T11:00,30.8,42,32.8,0.0,3,1008.1,4.6,321,92,633.0,30.1,0.155
Perak,4.5921,101.0901,2026-02-02T12:00,32.9,36,36.5,0.0,3,1007.4,1.6,243,100,818.0,33.3,0.155
Perak,4.5921,101.0901,2026-02-02T13:00,34.5,32,38.2,0.0,3,1006.2,4.5,194,98,932.0,36.3,0.154
Perak,4.5921,101.0901,2026-02-02T14:00,35.4,30,38.7,0.0,3,1004.9,2.3,67,100,844.0,38.3,0.157
Perak,4.5921,101.0901,2026-02-02T15:00,35.8,29,37.0,0.0,3,1004.1,5.4,124,100,603.0,39.3,0.156
Perak,4.5921,101.0901,2026-02-02T16:00,35.1,32,36.7,0.0,3,1003.5,8.6,170,99,702.0,40.2,0.156
Perak,4.5921,101.0901,2026-02-02T17:00,34.4,35,35.3,0.0,3,1003.4,10.4,169,100,574.0,40.2,0.155
Perak,4.5921,101.0901,2026-02-02T18:00,33.2,39,34.4,0.5,53,1003.7,8.9,194,100,304.0,39.2,0.16
Perak,4.5921,101.0901,2026-02-02T19:00,29.4,63,32.2,0.5,53,1004.3,12.1,235,98,129.0,37.0,0.165
Perak,4.5921,101.0901,2026-02-02T20:00,30.0,54,33.1,0.0,3,1005.5,4.2,175,100,9.0,35.7,0.166
Perak,4.5921,101.0901,2026-02-02T21:00,28.1,67,30.9,0.1,51,1006.8,12.6,156,84,0.0,34.0,0.166
Perak,4.5921,101.0901,2026-02-02T22:00,26.8,73,30.2,0.1,51,1007.8,8.3,180,97,0.0,32.5,0.166
Perak,4.5921,101.0901,2026-02-02T23:00,26.3,77,30.8,0.0,3,1008.0,2.5,159,98,0.0,31.2,0.167
Perak,4.5921,101.0901,2026-02-03T00:00,25.9,80,30.6,0.0,3,1008.1,2.0,5,88,0.0,30.4,0.167
Perak,4.5921,101.0901,2026-02-03T01:00,25.6,81,30.1,0.2,51,1008.5,3.5,351,35,0.0,29.6,0.169
Perak,4.5921,101.0901,2026-02-03T02:00,25.0,88,29.8,0.2,51,1007.7,4.3,246,81,0.0,29.5,0.17
Perak,4.5921,101.0901,2026-02-03T03:00,24.8,91,30.1,0.2,51,1007.4,2.2,261,27,0.0,28.6,0.172
Perak,4.5921,101.0901,2026-02-03T04:00,24.5,89,29.3,1.0,55,1007.4,2.7,233,55,0.0,28.0,0.183
Perak,4.5921,101.0901,2026-02-03T05:00,23.9,88,28.6,0.8,53,1007.2,1.1,351,76,0.0,27.2,0.192
Perak,4.5921,101.0901,2026-02-03T06:00,23.6,87,27.6,0.0,3,1007.3,4.5,2,100,0.0,26.6,0.192
Perak,4.5921,101.0901,2026-02-03T07:00,23.4,88,26.9,0.0,0,1007.7,6.1,19,5,0.0,26.1,0.192
Perak,4.5921,101.0901,2026-02-03T08:00,22.8,77,24.9,0.0,0,1007.9,7.4,6,7,6.0,26.4,0.16
Perak,4.5921,101.0901,2026-02-03T09:00,24.6,68,27.0,0.0,0,1008.8,5.2,354,6,173.0,26.8,0.16
Perak,4.5921,101.0901,2026-02-03T10:00,27.1,55,29.2,0.0,0,1009.4,3.9,323,4,407.0,28.3,0.159
Perak,4.5921,101.0901,2026-02-03T11:00,29.6,43,32.0,0.0,0,1009.5,1.0,239,8,632.0,30.7,0.158
Perak,4.5921,101.0901,2026-02-03T12:00,31.5,37,34.1,0.0,1,1008.9,4.4,201,25,791.0,33.3,0.157
Perak,4.5921,101.0901,2026-02-03T13:00,32.8,34,35.2,0.0,1,1007.8,8.0,205,21,877.0,35.7,0.156
Perak,4.5921,101.0901,2026-02-03T14:00,33.6,34,35.6,0.0,1,1006.7,9.6,201,37,827.0,37.2,0.162
Perak,4.5921,101.0901,2026-02-03T15:00,34.1,34,36.1,0.0,3,1005.6,11.9,170,80,867.0,38.4,0.16
Perak,4.5921,101.0901,2026-02-03T16:00,33.7,36,35.7,0.0,1,1005.0,10.6,146,28,778.0,39.0,0.159
Perak,4.5921,101.0901,2026-02-03T17:00,33.0,38,34.2,0.0,1,1004.4,8.4,191,27,539.0,39.0,0.158
Perak,4.5921,101.0901,2026-02-03T18:00,32.4,42,34.0,0.0,1,1004.2,8.7,197,32,343.0,38.2,0.157
Perak,4.5921,101.0901,2026-02-03T19:00,30.8,50,32.8,0.0,1,1004.7,9.6,217,22,140.0,36.8,0.157
Perak,4.5921,101.0901,2026-02-03T20:00,29.0,60,32.3,0.0,3,1006.3,5.8,202,94,9.0,35.2,0.15
Perak,4.5921,101.0901,2026-02-03T21:00,27.8,69,31.7,0.0,3,1007.1,5.6,159,91,0.0,33.7,0.15
Perak,4.5921,101.0901,2026-02-03T22:00,26.9,74,31.3,0.0,1,1007.9,2.0,80,28,0.0,32.3,0.15
Perak,4.5921,101.0901,2026-02-03T23:00,26.0,76,30.3,0.0,0,1008.3,2.2,76,2,0.0,31.2,0.15
Perak,4.5921,101.0901,2026-02-04T00:00,25.2,77,29.1,0.0,3,1008.4,2.3,72,81,0.0,30.2,0.15
Perak,4.5921,101.0901,2026-02-04T01:00,24.6,77,28.2,0.0,3,1008.7,2.4,42,100,0.0,29.4,0.15
Perak,4.5921,101.0901,2026-02-04T02:00,23.9,77,26.7,0.0,2,1008.1,5.7,35,66,0.0,29.0,0.148
Perak,4.5921,101.0901,2026-02-04T03:00,23.5,76,25.9,0.0,2,1007.6,6.3,7,77,0.0,28.1,0.148
Perak,4.5921,101.0901,2026-02-04T04:00,23.0,76,24.9,0.0,2,1007.3,7.9,356,60,0.0,27.5,0.148
Perak,4.5921,101.0901,2026-02-04T05:00,22.7,76,24.5,0.0,2,1007.1,8.1,357,61,0.0,26.8,0.148
Perak,4.5921,101.0901,2026-02-04T06:00,22.5,77,24.4,0.0,3,1007.1,7.8,356,95,0.0,26.3,0.148
Perak,4.5921,101.0901,2026-02-04T07:00,22.2,78,24.2,0.0,2,1007.1,7.4,1,73,0.0,25.8,0.148
Perak,4.5921,101.0901,2026-02-04T08:00,22.8,74,24.5,0.0,3,1007.9,7.9,3,94,11.0,25.6,0.148
Perak,4.5921,101.0901,2026-02-04T09:00,25.1,65,27.1,0.0,3,1008.8,6.4,350,81,159.0,26.3,0.148
Perak,4.5921,101.0901,2026-02-04T10:00,28.0,53,29.9,0.0,2,1009.3,5.4,345,77,396.0,28.1,0.148
Perak,4.5921,101.0901,2026-02-04T11:00,30.5,42,32.4,0.0,2,1009.1,2.7,356,55,575.0,30.6,0.148
Perak,4.5921,101.0901,2026-02-04T12:00,32.3,35,34.8,0.0,2,1008.8,2.7,188,55,742.0,33.5,0.148
Perak,4.5921,101.0901,2026-02-04T13:00,33.8,31,36.2,0.0,3,1007.7,6.7,182,91,857.0,36.2,0.148
Perak,4.5921,101.0901,2026-02-04T14:00,34.2,30,37.0,0.0,1,1006.9,7.0,168,20,934.0,38.5,0.151
Perak,4.5921,101.0901,2026-02-04T15:00,34.3,33,36.8,0.0,1,1005.8,10.0,174,27,898.0,40.2,0.151
Perak,4.5921,101.0901,2026-02-04T16:00,34.3,35,36.1,0.0,1,1005.0,13.0,177,43,791.0,40.8,0.151
Perak,4.5921,101.0901,2026-02-04T17:00,31.5,47,32.8,0.2,51,1004.8,13.5,157,48,435.0,39.8,0.153
Perak,4.5921,101.0901,2026-02-04T18:00,30.3,55,33.5,0.1,51,1005.2,6.0,209,27,292.0,38.5,0.155
Perak,4.5921,101.0901,2026-02-04T19:00,29.6,58,32.9,0.0,2,1005.8,5.4,180,54,148.0,37.0,0.155
Perak,4.5921,101.0901,2026-02-04T20:00,25.7,81,30.1,0.0,3,1007.0,4.2,54,98,7.0,35.0,0.154
Perak,4.5921,101.0901,2026-02-04T21:00,26.0,80,30.4,0.0,3,1007.8,4.5,344,100,0.0,33.0,0.154
Perak,4.5921,101.0901,2026-02-04T22:00,26.1,79,30.8,0.0,3,1008.3,2.6,335,100,0.0,31.8,0.155
Perak,4.5921,101.0901,2026-02-04T23:00,26.2,80,31.1,0.1,51,1008.8,2.4,343,100,0.0,31.0,0.155
Perak,4.5921,101.0901,2026-02-05T00:00,26.3,80,31.0,0.0,3,1008.9,4.0,360,100,0.0,30.2,0.155
Perak,4.5921,101.0901,2026-02-05T01:00,26.1,79,30.3,0.0,3,1009.4,5.9,358,100,0.0,29.5,0.156
Perak,4.5921,101.0901,2026-02-05T02:00,26.0,74,29.6,0.2,51,1008.6,5.8,5,100,0.0,29.5,0.149
Perak,4.5921,101.0901,2026-02-05T03:00,25.1,78,28.5,0.2,51,1007.8,7.0,337,98,0.0,28.8,0.151
Perak,4.5921,101.0901,2026-02-05T04:00,24.8,80,28.3,0.0,3,1007.3,6.0,331,100,0.0,28.2,0.151
Perak,4.5921,101.0901,2026-02-05T05:00,24.7,81,28.4,0.0,3,1007.2,5.6,360,100,0.0,27.8,0.151
Perak,4.5921,101.0901,2026-02-05T06:00,24.8,82,28.7,0.0,3,1007.4,4.7,342,100,0.0,27.5,0.151
Perak,4.5921,101.0901,2026-02-05T07:00,24.5,84,28.4,0.0,3,1007.3,5.5,343,98,0.0,27.1,0.151
Perak,4.5921,101.0901,2026-02-05T08:00,23.8,90,27.6,0.0,2,1007.8,7.9,3,50,6.0,27.4,0.154
Perak,4.5921,101.0901,2026-02-05T09:00,26.2,74,29.8,0.0,3,1008.4,7.0,356,91,162.0,27.9,0.154
Perak,4.5921,101.0901,2026-02-05T10:00,29.2,58,32.4,0.0,3,1008.8,5.8,355,98,397.0,29.6,0.154
Perak,4.5921,101.0901,2026-02-05T11:00,31.9,46,35.0,0.0,3,1008.4,3.4,344,100,614.0,32.2,0.154
Perak,4.5921,101.0901,2026-02-05T12:00,34.0,38,38.4,0.0,2,1007.3,0.9,259,64,794.0,35.2,0.154
Perak,4.5921,101.0901,2026-02-05T13:00,35.5,33,39.8,0.0,1,1006.3,3.9,214,23,915.0,38.1,0.154
Perak,4.5921,101.0901,2026-02-05T14:00,36.0,32,39.7,0.0,1,1005.3,5.4,195,39,907.0,40.2,0.161
Perak,4.5921,101.0901,2026-02-05T15:00,35.2,34,37.2,0.3,51,1004.6,13.3,179,70,807.0,40.9,0.163
Perak,4.5921,101.0901,2026-02-05T16:00,33.3,45,35.4,0.1,51,1004.1,11.4,199,88,551.0,40.2,0.163
Perak,4.5921,101.0901,2026-02-05T17:00,32.3,46,34.6,0.1,51,1004.0,8.7,202,100,466.0,39.5,0.163
Perak,4.5921,101.0901,2026-02-05T18:00,30.9,54,34.0,0.0,3,1004.4,6.5,183,100,208.0,38.2,0.162
Perak,4.5921,101.0901,2026-02-05T19:00,29.7,60,33.2,0.0,3,1005.2,6.6,201,99,127.0,36.7,0.162
Perak,4.5921,101.0901,2026-02-05T20:00,29.2,68,34.1,0.0,3,1006.2,3.1,140,100,7.0,34.7,0.156
Perak,4.5921,101.0901,2026-02-05T21:00,28.4,71,33.2,0.0,3,1007.0,2.7,266,100,0.0,33.5,0.156
Perak,4.5921,101.0901,2026-02-05T22:00,28.4,70,33.3,0.0,3,1007.6,1.3,45,100,0.0,32.4,0.156
Perak,4.5921,101.0901,2026-02-05T23:00,28.0,72,33.1,0.0,3,1007.9,1.0,31,100,0.0,31.5,0.156
Perak,4.5921,101.0901,2026-02-06T00:00,27.4,74,32.1,0.0,3,1007.9,2.9,187,98,0.0,30.8,0.156
Perak,4.5921,101.0901,2026-02-06T01:00,26.8,77,31.7,0.0,1,1008.2,1.9,49,48,0.0,30.1,0.156
Perak,4.5921,101.0901,2026-02-06T02:00,23.5,96,28.4,4.7,63,1007.8,4.3,114,58,0.0,29.5,0.181
Perak,4.5921,101.0901,2026-02-06T03:00,23.4,95,27.8,0.0,3,1007.5,6.0,254,93,0.0,28.5,0.181
Perak,4.5921,101.0901,2026-02-06T04:00,23.4,93,28.2,1.1,55,1007.3,1.0,31,99,0.0,27.8,0.193
Perak,4.5921,101.0901,2026-02-06T05:00,23.0,96,26.8,7.5,63,1007.6,9.4,3,100,0.0,27.0,0.293
Perak,4.5921,101.0901,2026-02-06T06:00,23.0,97,27.1,0.1,51,1007.0,6.8,358,71,0.0,26.4,0.294
Perak,4.5921,101.0901,2026-02-06T07:00,22.9,98,27.6,0.0,3,1007.5,3.7,321,98,0.0,26.0,0.294
Perak,4.5921,101.0901,2026-02-06T08:00,24.1,97,29.0,0.0,2,1007.4,6.7,358,54,7.0,27.0,0.184
Perak,4.5921,101.0901,2026-02-06T09:00,26.0,87,31.8,0.0,3,1008.7,0.7,194,90,127.0,27.2,0.185
Perak,4.5921,101.0901,2026-02-06T10:00,27.7,78,32.6,0.1,51,1009.0,6.3,180,100,360.0,28.5,0.185
Perak,4.5921,101.0901,2026-02-06T11:00,28.1,74,32.2,0.8,53,1009.5,9.7,208,100,449.0,29.7,0.192
Perak,4.5921,101.0901,2026-02-06T12:00,27.6,77,32.3,3.8,63,1009.2,7.2,194,99,483.0,30.0,0.239
Perak,4.5921,101.0901,2026-02-06T13:00,29.1,72,34.8,0.3,51,1008.1,5.5,197,99,645.0,31.1,0.239
Perak,4.5921,101.0901,2026-02-06T14:00,29.6,69,34.7,0.3,51,1007.8,6.9,217,100,628.0,31.9,0.24
Perak,4.5921,101.0901,2026-02-06T15:00,30.3,62,35.3,0.2,51,1006.1,5.6,230,100,663.0,32.7,0.237
Perak,4.5921,101.0901,2026-02-06T16:00,29.1,66,33.7,0.0,3,1005.3,3.0,237,98,389.0,32.6,0.234
Perak,4.5921,101.0901,2026-02-06T17:00,24.6,87,29.5,7.4,63,1006.1,1.3,16,100,203.0,31.0,0.323
Perak,4.5921,101.0901,2026-02-06T18:00,24.4,89,29.4,0.7,53,1005.8,1.4,270,97,62.0,29.5,0.33
Perak,4.5921,101.0901,2026-02-06T19:00,24.4,90,29.1,0.0,3,1005.9,3.8,349,100,111.0,28.7,0.33
Perak,4.5921,101.0901,2026-02-06T20:00,26.4,85,31.5,0.0,3,1006.2,5.0,289,100,8.0,29.9,0.191
Perak,4.5921,101.0901,2026-02-06T21:00,26.0,88,31.2,0.0,3,1007.1,5.0,300,100,0.0,29.0,0.191
Perak,4.5921,101.0901,2026-02-06T22:00,25.7,89,31.2,0.0,3,1007.9,3.0,303,100,0.0,28.5,0.191
Perak,4.5921,101.0901,2026-02-06T23:00,25.5,91,31.6,0.0,3,1008.4,0.9,270,99,0.0,28.0,0.19
Perak,4.5921,101.0901,2026-02-07T00:00,25.5,92,31.4,0.0,3,1008.4,1.4,247,98,0.0,27.5,0.19
Perak,4.5921,101.0901,2026-02-07T01:00,25.2,94,31.1,0.0,3,1008.2,2.0,260,98,0.0,27.2,0.19
Perak,4.5921,101.0901,2026-02-07T02:00,24.6,94,30.2,0.0,2,1007.4,1.9,331,53,0.0,26.5,0.189
Perak,4.5921,101.0901,2026-02-07T03:00,24.2,95,29.6,0.0,1,1006.8,2.2,346,32,0.0,26.1,0.189
Perak,4.5921,101.0901,2026-02-07T04:00,24.0,96,28.9,0.0,1,1006.2,4.3,358,23,0.0,25.8,0.189
Perak,4.5921,101.0901,2026-02-07T05:00,23.4,97,28.3,0.0,3,1006.0,4.0,355,95,0.0,25.5,0.189
Perak,4.5921,101.0901,2026-02-07T06:00,22.9,99,27.6,0.0,3,1006.4,4.5,358,100,0.0,25.2,0.189
Perak,4.5921,101.0901,2026-02-07T07:00,22.5,100,26.9,0.0,3,1006.6,5.6,360,96,0.0,25.0,0.189
Perak,4.5921,101.0901,2026-02-07T08:00,23.6,96,28.1,0.0,3,1006.9,6.6,351,100,10.0,24.8,0.191
Perak,4.5921,101.0901,2026-02-07T09:00,25.1,87,29.6,0.0,3,1007.4,5.9,346,85,113.0,25.3,0.191
Perak,4.5921,101.0901,2026-02-07T10:00,27.9,73,32.3,0.0,0,1007.7,5.8,351,3,402.0,27.0,0.189
Perak,4.5921,101.0901,2026-02-07T11:00,30.2,60,34.5,0.0,0,1007.7,6.7,340,9,630.0,29.0,0.187
Perak,4.5921,101.0901,2026-02-07T12:00,32.2,51,37.0,0.0,0,1006.9,6.7,326,19,795.0,31.4,0.183
Perak,4.5921,101.0901,2026-02-07T13:00,33.2,47,37.8,0.0,1,1005.9,6.2,316,31,798.0,33.2,0.179
Perak,4.5921,101.0901,2026-02-07T14:00,33.0,45,38.0,0.0,2,1005.0,4.9,309,70,863.0,35.1,0.175
Perak,4.5921,101.0901,2026-02-07T15:00,34.4,42,38.8,0.0,3,1003.9,2.0,275,87,708.0,36.3,0.172
Perak,4.5921,101.0901,2026-02-07T16:00,33.7,43,36.6,0.0,2,1002.5,3.9,223,51,436.0,36.4,0.169
Perak,4.5921,101.0901,2026-02-07T17:00,34.0,42,36.7,0.0,1,1001.9,4.6,193,40,541.0,36.8,0.167
Perak,4.5921,101.0901,2026-02-07T18:00,32.4,47,34.8,0.1,51,1002.1,8.1,197,45,328.0,36.3,0.166
Perak,4.5921,101.0901,2026-02-07T19:00,30.2,62,33.9,0.1,51,1003.2,9.2,206,49,128.0,35.0,0.166
Perak,4.5921,101.0901,2026-02-07T20:00,28.0,73,32.6,0.0,1,1004.1,4.8,146,20,10.0,33.9,0.166
Perak,4.5921,101.0901,2026-02-07T21:00,27.5,75,32.3,0.0,1,1005.2,4.6,132,20,0.0,32.4,0.165
Perak,4.5921,101.0901,2026-02-07T22:00,27.4,77,32.2,0.0,1,1006.1,4.7,152,34,0.0,31.2,0.165
Perak,4.5921,101.0901,2026-02-07T23:00,26.9,81,32.0,0.0,1,1006.9,3.6,117,24,0.0,30.3,0.165
Perak,4.5921,101.0901,2026-02-08T00:00,25.5,86,29.9,0.0,2,1007.0,8.1,193,66,0.0,29.5,0.165
Perak,4.5921,101.0901,2026-02-08T01:00,24.9,87,29.7,0.8,53,1007.1,2.2,95,96,0.0,28.8,0.173
Perak,4.5921,101.0901,2026-02-08T02:00,23.8,91,27.9,1.2,55,1006.1,5.9,47,38,0.0,28.9,0.168
Perak,4.5921,101.0901,2026-02-08T03:00,23.3,93,27.9,0.5,53,1005.4,2.6,12,91,0.0,28.0,0.174
Perak,4.5921,101.0901,2026-02-08T04:00,22.5,96,26.8,2.9,63,1005.2,3.6,123,60,0.0,26.9,0.209
Perak,4.5921,101.0901,2026-02-08T05:00,22.7,95,26.6,0.3,51,1005.4,6.9,323,72,0.0,26.1,0.212
Perak,4.5921,101.0901,2026-02-08T06:00,22.9,94,27.1,0.4,51,1005.7,3.7,293,55,0.0,25.6,0.216
Perak,4.5921,101.0901,2026-02-08T07:00,22.7,95,26.7,0.0,1,1006.5,6.2,353,37,0.0,25.2,0.217
Perak,4.5921,101.0901,2026-02-08T08:00,24.2,95,29.2,0.0,0,1006.3,5.0,360,5,9.0,25.4,0.271
Perak,4.5921,101.0901,2026-02-08T09:00,25.4,90,30.2,0.0,0,1007.1,7.2,356,6,164.0,25.7,0.271
Perak,4.5921,101.0901,2026-02-08T10:00,27.3,80,32.3,0.0,0,1007.4,5.2,335,4,405.0,27.0,0.27
Perak,4.5921,101.0901,2026-02-08T11:00,29.5,67,34.8,0.0,0,1007.4,3.2,344,3,624.0,28.7,0.266
Perak,4.5921,101.0901,2026-02-08T12:00,31.0,59,37.2,0.0,0,1006.8,1.7,198,9,762.0,30.6,0.261
Perak,4.5921,101.0901,2026-02-08T13:00,32.3,53,38.2,0.0,0,1005.8,4.4,199,16,853.0,32.2,0.255
Perak,4.5921,101.0901,2026-02-08T14:00,33.0,49,38.3,0.0,0,1004.8,4.2,185,16,800.0,33.2,0.248
Perak,4.5921,101.0901,2026-02-08T15:00,32.6,52,37.9,0.0,1,1003.8,6.9,208,20,829.0,34.2,0.241
Perak,4.5921,101.0901,2026-02-08T16:00,30.4,63,33.8,1.0,55,1003.5,11.7,180,71,547.0,33.8,0.248
Perak,4.5921,101.0901,2026-02-08T17:00,28.2,73,32.4,2.6,63,1003.7,8.1,148,43,494.0,32.8,0.275
Perak,4.5921,101.0901,2026-02-08T18:00,28.0,74,32.4,0.1,51,1003.7,6.5,146,30,286.0,31.9,0.273
Perak,4.5921,101.0901,2026-02-08T19:00,27.4,77,32.2,0.0,2,1004.2,4.9,147,55,153.0,31.0,0.272
Perak,4.5921,101.0901,2026-02-08T20:00,26.1,92,31.9,0.0,2,1005.2,5.6,248,58,10.0,30.5,0.26
Perak,4.5921,101.0901,2026-02-08T21:00,25.1,94,30.5,2.4,61,1005.6,5.5,157,56,0.0,29.2,0.288
Perak,4.5921,101.0901,2026-02-08T22:00,24.3,94,28.8,1.4,61,1006.4,7.7,152,98,0.0,28.1,0.307
Perak,4.5921,101.0901,2026-02-08T23:00,23.5,92,28.2,1.7,61,1006.7,2.0,5,88,0.0,27.0,0.328
Perak,4.5921,101.0901,2026-02-09T00:00,23.5,94,27.7,0.2,51,1006.6,7.0,3,98,0.0,26.4,0.33
Perak,4.5921,101.0901,2026-02-09T01:00,23.5,96,27.9,0.0,3,1006.3,6.8,331,98,0.0,25.9,0.331
Perak,4.5921,101.0901,2026-02-09T02:00,23.7,98,29.0,0.0,3,1005.6,3.0,303,98,0.0,26.6,0.346
Perak,4.5921,101.0901,2026-02-09T03:00,23.6,99,28.7,0.1,51,1005.2,4.6,162,58,0.0,26.1,0.347
Perak,4.5921,101.0901,2026-02-09T04:00,23.5,98,29.1,0.0,1,1004.2,0.2,90,30,0.0,25.9,0.348
Perak,4.5921,101.0901,2026-02-09T05:00,23.2,99,28.3,0.0,1,1003.9,3.5,348,43,0.0,25.5,0.347
Perak,4.5921,101.0901,2026-02-09T06:00,22.9,100,27.8,0.0,3,1004.2,3.1,353,98,0.0,25.2,0.347
Perak,4.5921,101.0901,2026-02-09T07:00,22.8,100,27.5,0.0,3,1005.0,4.8,27,99,0.0,25.0,0.347
Perak,4.5921,101.0901,2026-02-09T08:00,23.1,100,27.7,0.0,1,1005.4,6.5,13,27,9.0,24.9,0.274
Perak,4.5921,101.0901,2026-02-09T09:00,24.5,94,29.3,0.0,1,1006.0,6.1,358,47,166.0,25.3,0.274
Perak,4.5921,101.0901,2026-02-09T10:00,26.5,82,31.2,0.0,0,1006.5,5.9,315,17,408.0,26.5,0.272
Perak,4.5921,101.0901,2026-02-09T11:00,28.4,68,33.0,0.0,1,1006.4,5.9,315,29,645.0,28.2,0.268
Perak,4.5921,101.0901,2026-02-09T12:00,30.5,57,36.1,0.0,2,1006.0,3.6,290,68,830.0,30.0,0.262
Perak,4.5921,101.0901,2026-02-09T13:00,31.7,52,37.7,0.0,0,1005.1,4.7,212,9,947.0,31.9,0.256
Perak,4.5921,101.0901,2026-02-09T14:00,32.5,48,37.9,0.0,0,1004.1,6.0,207,16,947.0,33.2,0.249
Perak,4.5921,101.0901,2026-02-09T15:00,32.5,47,36.8,0.0,1,1003.2,7.6,188,20,841.0,33.9,0.242
Perak,4.5921,101.0901,2026-02-09T16:00,32.6,46,35.6,0.0,0,1002.3,11.5,163,17,740.0,34.2,0.236
Perak,4.5921,101.0901,2026-02-09T17:00,31.3,51,33.3,0.0,1,1002.4,13.7,159,20,576.0,33.8,0.23
Perak,4.5921,101.0901,2026-02-09T18:00,30.2,63,33.6,0.0,0,1002.5,11.9,209,10,368.0,33.2,0.227
Perak,4.5921,101.0901,2026-02-09T19:00,28.5,73,32.5,0.0,0,1003.2,10.1,213,9,158.0,32.0,0.224
Perak,4.5921,101.0901,2026-02-09T20:00,27.6,78,33.0,0.0,3,1004.5,3.2,227,83,10.0,30.9,0.219
Perak,4.5921,101.0901,2026-02-09T21:00,27.5,77,32.8,0.0,2,1005.3,1.4,90,65,0.0,29.8,0.218
Perak,4.5921,101.0901,2026-02-09T22:00,25.8,86,30.8,0.0,1,1006.0,3.8,85,33,0.0,28.8,0.218
Perak,4.5921,101.0901,2026-02-09T23:00,24.2,92,29.3,0.0,0,1006.6,2.5,45,17,0.0,27.9,0.218
Perak,4.5921,101.0901,2026-02-10T00:00,23.4,95,28.2,0.0,0,1006.6,3.5,39,1,0.0,27.1,0.217
Perak,4.5921,101.0901,2026-02-10T01:00,23.0,94,27.6,0.0,0,1006.5,3.2,56,5,0.0,26.5,0.217
Perak,4.5921,101.0901,2026-02-10T02:00,22.5,95,27.1,0.0,0,1006.1,1.5,45,0,0.0,26.9,0.213
Perak,4.5921,101.0901,2026-02-10T03:00,22.4,94,26.3,0.0,0,1005.8,4.1,23,0,0.0,26.1,0.213
Perak,4.5921,101.0901,2026-02-10T04:00,22.0,93,25.8,0.0,0,1005.5,3.0,33,1,0.0,25.5,0.213
Perak,4.5921,101.0901,2026-02-10T05:00,21.6,93,25.6,0.0,0,1005.5,1.3,34,2,0.0,24.9,0.213
Perak,4.5921,101.0901,2026-02-10T06:00,21.3,94,24.8,0.0,0,1005.8,3.6,357,1,0.0,24.4,0.213
Perak,4.5921,101.0901,2026-02-10T07:00,20.7,95,23.6,0.0,0,1006.2,5.7,9,0,0.0,23.9,0.212
Perak,4.5921,101.0901,2026-02-10T08:00,20.6,86,22.6,0.0,0,1006.6,7.7,348,0,11.0,23.7,0.215
Perak,4.5921,101.0901,2026-02-10T09:00,23.1,75,25.6,0.0,0,1007.5,5.0,2,0,177.0,24.1,0.214
Perak,4.5921,101.0901,2026-02-10T10:00,25.8,65,28.2,0.0,1,1007.6,5.5,333,23,427.0,25.5,0.212
Perak,4.5921,101.0901,2026-02-10T11:00,28.8,52,31.9,0.0,2,1007.5,3.8,319,51,662.0,27.5,0.208
Perak,4.5921,101.0901,2026-02-10T12:00,31.1,41,34.6,0.0,1,1006.9,4.2,252,27,846.0,29.8,0.204
Perak,4.5921,101.0901,2026-02-10T13:00,32.7,36,36.1,0.0,3,1005.8,7.1,229,100,961.0,31.9,0.198
Perak,4.5921,101.0901,2026-02-10T14:00,34.3,35,37.9,0.0,3,1004.7,8.3,231,91,973.0,33.6,0.192
Perak,4.5921,101.0901,2026-02-10T15:00,35.0,34,37.7,0.0,3,1003.8,10.8,213,100,901.0,35.0,0.187
Perak,4.5921,101.0901,2026-02-10T16:00,34.5,35,36.1,0.0,3,1003.0,12.9,198,100,757.0,35.5,0.182
Perak,4.5921,101.0901,2026-02-10T17:00,33.9,35,34.3,0.0,3,1002.7,13.9,181,100,598.0,35.7,0.178
Perak,4.5921,101.0901,2026-02-10T18:00,33.0,39,33.6,0.0,3,1003.0,12.8,183,99,357.0,35.0,0.176
Perak,4.5921,101.0901,2026-02-10T19:00,30.4,62,33.9,0.0,3,1003.8,9.8,216,100,157.0,33.8,0.174
Perak,4.5921,101.0901,2026-02-10T20:00,28.5,74,33.8,0.0,3,1004.9,3.7,325,100,10.0,32.8,0.164
Perak,4.5921,101.0901,2026-02-10T21:00,28.4,76,34.1,0.0,3,1005.8,1.0,59,100,0.0,31.5,0.164
Perak,4.5921,101.0901,2026-02-10T22:00,27.5,83,33.6,0.0,3,1006.6,0.7,90,100,0.0,30.5,0.163
Perak,4.5921,101.0901,2026-02-10T23:00,26.5,85,32.2,0.0,3,1007.3,1.5,104,100,0.0,29.5,0.163
Perak,4.5921,101.0901,2026-02-11T00:00,25.5,87,30.9,0.0,3,1007.5,1.2,27,98,0.0,28.8,0.163
Perak,4.5921,101.0901,2026-02-11T01:00,24.6,89,29.1,0.0,3,1007.7,6.2,8,96,0.0,28.0,0.163
Perak,4.5921,101.0901,2026-02-11T02:00,24.3,89,28.6,0.0,3,1007.2,5.7,11,100,0.0,28.1,0.159
Perak,4.5921,101.0901,2026-02-11T03:00,24.1,86,28.0,0.0,3,1006.8,6.1,12,99,0.0,27.4,0.159
Perak,4.5921,101.0901,2026-02-11T04:00,23.5,86,27.0,0.0,3,1006.2,6.2,7,100,0.0,26.8,0.159
Perak,4.5921,101.0901,2026-02-11T05:00,23.1,84,26.1,0.0,2,1005.9,6.9,353,64,0.0,26.2,0.159
Perak,4.5921,101.0901,2026-02-11T06:00,22.6,86,25.7,0.0,3,1006.2,5.9,2,87,0.0,25.7,0.159
Perak,4.5921,101.0901,2026-02-11T07:00,22.2,89,25.3,0.0,3,1006.8,6.1,355,97,0.0,25.2,0.159
Perak,4.5921,101.0901,2026-02-11T08:00,22.5,87,25.4,0.0,2,1007.6,7.0,4,64,11.0,25.5,0.16
Perak,4.5921,101.0901,2026-02-11T09:00,25.1,75,28.4,0.0,3,1008.2,5.4,352,98,125.0,25.9,0.159
Perak,4.5921,101.0901,2026-02-11T10:00,27.2,66,30.6,0.0,3,1008.8,4.7,342,100,261.0,27.1,0.159
Perak,4.5921,101.0901,2026-02-11T11:00,29.0,57,32.0,0.0,3,1008.9,3.9,22,100,382.0,28.8,0.159
Perak,4.5921,101.0901,2026-02-11T12:00,29.0,55,32.1,0.0,3,1008.3,1.8,53,92,258.0,29.7,0.158
Perak,4.5921,101.0901,2026-02-11T13:00,31.8,45,36.0,0.0,3,1006.9,2.6,192,97,775.0,32.8,0.157
Perak,4.5921,101.0901,2026-02-11T14:00,33.0,42,37.7,0.0,3,1006.2,4.0,185,98,907.0,35.6,0.156
Perak,4.5921,101.0901,2026-02-11T15:00,34.6,39,38.5,0.0,1,1004.7,7.2,158,47,847.0,37.8,0.156
Perak,4.5921,101.0901,2026-02-11T16:00,33.0,44,35.9,0.1,51,1004.0,10.4,201,59,722.0,38.7,0.156
Perak,4.5921,101.0901,2026-02-11T17:00,28.9,69,32.9,1.4,61,1004.5,7.9,269,88,389.0,37.2,0.171
Perak,4.5921,101.0901,2026-02-11T18:00,27.8,72,31.7,0.3,51,1005.3,8.1,107,43,195.0,35.7,0.174
Perak,4.5921,101.0901,2026-02-11T19:00,26.8,77,31.4,0.1,51,1005.9,3.1,140,66,141.0,34.1,0.174
Perak,4.5921,101.0901,2026-02-11T20:00,26.3,84,31.3,0.3,51,1005.9,4.9,152,80,8.0,30.7,0.256
Perak,4.5921,101.0901,2026-02-11T21:00,26.0,85,31.5,0.0,3,1006.7,1.2,129,84,0.0,29.6,0.256
Perak,4.5921,101.0901,2026-02-11T22:00,25.5,88,30.8,0.0,3,1007.7,2.2,90,96,0.0,28.9,0.256
Perak,4.5921,101.0901,2026-02-11T23:00,25.2,88,30.3,0.0,3,1007.7,2.8,15,89,0.0,28.1,0.256
Perak,4.5921,101.0901,2026-02-12T00:00,24.8,93,29.6,0.0,3,1007.9,6.9,354,100,0.0,27.5,0.256
Perak,4.5921,101.0901,2026-02-12T01:00,24.4,95,29.1,0.0,3,1007.5,7.4,4,98,0.0,27.1,0.256
Perak,4.5921,101.0901,2026-02-12T02:00,24.6,97,30.1,0.0,3,1007.3,4.6,26,92,0.0,27.2,0.253
Perak,4.5921,101.0901,2026-02-12T03:00,24.1,99,29.5,0.0,3,1006.6,5.6,339,88,0.0,26.9,0.253
Perak,4.5921,101.0901,2026-02-12T04:00,23.9,100,29.2,0.0,3,1006.0,5.0,30,100,0.0,26.5,0.253
Perak,4.5921,101.0901,2026-02-12T05:00,23.5,100,28.6,0.0,3,1005.6,4.3,22,100,0.0,26.2,0.253
Perak,4.5921,101.0901,2026-02-12T06:00,23.4,100,28.1,0.0,3,1005.7,6.7,354,100,0.0,25.9,0.253
Perak,4.5921,101.0901,2026-02-12T07:00,23.1,100,27.8,0.0,3,1006.1,6.4,8,100,0.0,25.6,0.253
Perak,4.5921,101.0901,2026-02-12T08:00,23.6,96,27.8,0.0,3,1006.8,8.9,346,100,10.0,25.9,0.256
Perak,4.5921,101.0901,2026-02-12T09:00,24.9,89,29.4,0.0,3,1007.5,6.9,343,99,113.0,26.1,0.255
Perak,4.5921,101.0901,2026-02-12T10:00,26.6,83,31.7,0.0,3,1008.1,5.2,358,98,271.0,27.0,0.254
Perak,4.5921,101.0901,2026-02-12T11:00,28.6,73,33.4,0.0,2,1008.0,6.5,360,59,393.0,28.0,0.251
Perak,4.5921,101.0901,2026-02-12T12:00,31.3,57,37.1,0.0,3,1007.5,3.7,325,91,776.0,30.1,0.246
Perak,4.5921,101.0901,2026-02-12T13:00,32.3,52,37.9,0.0,3,1006.5,2.2,305,100,770.0,31.8,0.241
Perak,4.5921,101.0901,2026-02-12T14:00,33.8,46,40.3,0.0,3,1005.6,1.5,291,81,943.0,33.5,0.235
Perak,4.5921,101.0901,2026-02-12T15:00,34.5,44,40.1,0.0,3,1004.2,1.7,193,93,812.0,34.8,0.229
Perak,4.5921,101.0901,2026-02-12T16:00,28.2,71,31.9,0.8,53,1004.6,10.2,246,100,348.0,33.8,0.234
Perak,4.5921,101.0901,2026-02-12T17:00,28.5,70,32.9,0.2,51,1004.0,4.7,40,100,277.0,32.8,0.234
Perak,4.5921,101.0901,2026-02-12T18:00,29.6,63,33.6,0.0,3,1003.7,5.5,38,100,348.0,32.4,0.231
Perak,4.5921,101.0901,2026-02-12T19:00,29.0,64,33.3,0.0,3,1003.6,1.9,292,100,75.0,31.4,0.23
Perak,4.5921,101.0901,2026-02-12T20:00,28.3,72,33.3,0.0,3,1004.3,2.4,42,100,9.0,31.2,0.222
Perak,4.5921,101.0901,2026-02-12T21:00,27.9,76,33.1,0.0,3,1005.0,2.1,110,100,0.0,30.3,0.222
Perak,4.5921,101.0901,2026-02-12T22:00,27.1,82,32.7,0.0,3,1005.7,2.6,74,100,0.0,29.5,0.221
Perak,4.5921,101.0901,2026-02-12T23:00,26.4,89,32.6,0.0,3,1005.9,1.6,6,81,0.0,28.9,0.221
Perak,4.5921,101.0901,2026-02-13T00:00,26.0,93,32.1,0.0,3,1006.0,2.7,360,100,0.0,28.2,0.221
Perak,4.5921,101.0901,2026-02-13T01:00,25.7,93,31.4,0.0,3,1005.6,4.5,2,100,0.0,27.8,0.22
Perak,4.5921,101.0901,2026-02-13T02:00,25.9,91,31.6,0.0,3,1004.8,3.7,23,86,0.0,27.9,0.22
Perak,4.5921,101.0901,2026-02-13T03:00,25.1,93,30.6,0.0,3,1004.4,4.8,20,98,0.0,27.4,0.219
Perak,4.5921,101.0901,2026-02-13T04:00,24.8,95,30.8,0.0,3,1004.1,0.4,153,84,0.0,27.0,0.219
Perak,4.5921,101.0901,2026-02-13T05:00,24.5,95,30.2,0.0,1,1003.9,0.9,53,45,0.0,26.5,0.219
Perak,4.5921,101.0901,2026-02-13T06:00,23.6,97,28.6,0.0,1,1003.6,4.5,5,30,0.0,26.1,0.219
Perak,4.5921,101.0901,2026-02-13T07:00,23.5,98,28.2,0.0,2,1005.2,5.6,187,66,0.0,25.7,0.219
Perak,4.5921,101.0901,2026-02-13T08:00,23.6,97,28.7,0.0,1,1004.8,3.5,35,33,9.0,26.0,0.218
Perak,4.5921,101.0901,2026-02-13T09:00,25.5,89,30.9,0.0,1,1005.7,2.7,356,23,162.0,26.5,0.217
Perak,4.5921,101.0901,2026-02-13T10:00,28.0,75,33.2,0.0,2,1006.5,2.1,285,71,403.0,27.9,0.215
Perak,4.5921,101.0901,2026-02-13T11:00,29.8,67,35.5,0.2,51,1006.6,2.7,176,95,635.0,29.7,0.214
Perak,4.5921,101.0901,2026-02-13T12:00,31.0,65,37.0,0.2,51,1006.3,5.6,186,57,729.0,31.4,0.212
Perak,4.5921,101.0901,2026-02-13T13:00,32.3,59,39.0,0.1,51,1005.0,5.8,187,95,841.0,33.0,0.208
Perak,4.5921,101.0901,2026-02-13T14:00,33.7,52,40.0,0.0,3,1004.2,5.8,196,98,868.0,34.3,0.203
Perak,4.5921,101.0901,2026-02-13T15:00,34.2,49,39.9,0.0,3,1002.8,7.4,184,100,852.0,35.5,0.197
Perak,4.5921,101.0901,2026-02-13T16:00,29.6,67,33.8,1.6,61,1002.6,8.1,246,100,481.0,34.9,0.212
Perak,4.5921,101.0901,2026-02-13T17:00,28.3,73,33.3,0.1,51,1003.3,3.5,99,99,425.0,34.2,0.211
Perak,4.5921,101.0901,2026-02-13T18:00,27.6,76,32.9,0.1,51,1003.0,1.9,68,99,93.0,32.8,0.21
Perak,4.5921,101.0901,2026-02-13T19:00,27.0,81,32.4,1.5,61,1004.3,3.1,10,100,144.0,31.9,0.226
Perak,4.5921,101.0901,2026-02-13T20:00,27.9,76,33.2,7.1,63,1003.6,1.7,77,100,8.0,30.5,0.224
Perak,4.5921,101.0901,2026-02-13T21:00,27.0,82,32.4,0.0,3,1004.5,3.1,24,99,0.0,29.5,0.223
Perak,4.5921,101.0901,2026-02-13T22:00,26.8,84,32.5,0.0,3,1005.0,1.5,45,99,0.0,28.8,0.223
Perak,4.5921,101.0901,2026-02-13T23:00,26.0,88,31.7,0.0,3,1005.8,1.3,82,100,0.0,28.1,0.222
Perak,4.5921,101.0901,2026-02-14T00:00,25.4,91,31.3,0.0,3,1006.1,0.3,45,100,0.0,27.5,0.222
Perak,4.5921,101.0901,2026-02-14T01:00,24.9,92,29.6,0.0,3,1005.8,6.5,13,100,0.0,27.0,0.222
Perak,4.5921,101.0901,2026-02-14T02:00,26.1,85,31.7,0.0,3,1004.8,1.0,68,100,0.0,27.5,0.215
Perak,4.5921,101.0901,2026-02-14T03:00,25.6,86,31.1,0.0,3,1004.4,0.7,194,100,0.0,27.1,0.215
Perak,4.5921,101.0901,2026-02-14T04:00,24.9,91,30.0,0.0,3,1004.1,3.7,166,100,0.0,26.8,0.215
Perak,4.5921,101.0901,2026-02-14T05:00,24.4,94,29.7,0.0,3,1003.5,2.4,163,100,0.0,26.4,0.215
Perak,4.5921,101.0901,2026-02-14T06:00,24.0,94,29.1,0.0,3,1004.2,2.2,95,100,0.0,25.9,0.215
Perak,4.5921,101.0901,2026-02-14T07:00,23.4,98,28.4,0.0,3,1004.9,2.8,79,100,0.0,25.6,0.215
Perak,4.5921,101.0901,2026-02-14T08:00,23.5,93,28.3,0.0,3,1005.0,2.7,37,97,9.0,25.6,0.325
Perak,4.5921,101.0901,2026-02-14T09:00,25.5,82,30.1,0.0,2,1005.6,3.6,87,76,158.0,26.0,0.324
Perak,4.5921,101.0901,2026-02-14T10:00,27.5,75,32.2,0.0,1,1006.1,3.9,204,44,406.0,27.1,0.321
Perak,4.5921,101.0901,2026-02-14T11:00,28.8,72,33.8,0.0,3,1006.2,6.9,195,100,621.0,28.6,0.317
Perak,4.5921,101.0901,2026-02-14T12:00,30.1,66,35.8,0.0,3,1005.6,6.4,170,97,742.0,30.0,0.311
Perak,4.5921,101.0901,2026-02-14T13:00,31.2,60,37.3,0.0,3,1004.6,6.1,185,94,841.0,31.4,0.304
Perak,4.5921,101.0901,2026-02-14T14:00,31.2,61,36.7,1.3,61,1003.7,8.8,129,99,794.0,32.1,0.325
Perak,4.5921,101.0901,2026-02-14T15:00,29.7,66,34.8,0.1,51,1002.8,4.0,267,45,601.0,32.3,0.32
Perak,4.5921,101.0901,2026-02-14T16:00,29.9,68,35.8,0.0,3,1002.1,4.7,173,93,714.0,32.8,0.314
Perak,4.5921,101.0901,2026-02-14T17:00,27.5,78,31.8,0.0,3,1002.0,9.1,148,98,266.0,31.9,0.312
Perak,4.5921,101.0901,2026-02-14T18:00,27.2,79,32.1,0.0,2,1002.4,5.0,142,65,211.0,31.0,0.31
Perak,4.5921,101.0901,2026-02-14T19:00,26.1,84,31.2,0.1,51,1003.0,3.3,77,54,129.0,30.1,0.309
Perak,4.5921,101.0901,2026-02-14T20:00,26.5,85,32.3,0.7,53,1003.1,2.1,200,78,9.0,29.6,0.292
Perak,4.5921,101.0901,2026-02-14T21:00,26.3,89,32.4,0.0,3,1004.0,1.0,202,94,0.0,28.7,0.291
Perak,4.5921,101.0901,2026-02-14T22:00,26.1,87,31.7,0.0,2,1004.6,2.3,32,75,0.0,28.0,0.291
Perak,4.5921,101.0901,2026-02-14T23:00,25.9,90,31.5,0.0,3,1005.5,4.0,352,100,0.0,27.5,0.291
Perak,4.5921,101.0901,2026-02-15T00:00,25.5,94,31.1,0.0,3,1005.3,4.7,360,100,0.0,27.0,0.291
Perak,4.5921,101.0901,2026-02-15T01:00,25.0,97,30.8,0.0,3,1005.1,3.8,3,100,0.0,26.7,0.29
Perak,4.5921,101.0901,2026-02-15T02:00,25.8,94,32.3,0.0,3,1004.7,0.6,34,100,0.0,27.2,0.286
Perak,4.5921,101.0901,2026-02-15T03:00,25.4,96,31.8,0.0,3,1003.6,0.8,45,100,0.0,27.0,0.286
Perak,4.5921,101.0901,2026-02-15T04:00,24.9,98,30.9,0.0,3,1003.0,2.9,360,100,0.0,26.6,0.286
Perak,4.5921,101.0901,2026-02-15T05:00,24.5,97,30.5,0.0,2,1003.2,1.8,24,50,0.0,26.2,0.286
Perak,4.5921,101.0901,2026-02-15T06:00,23.7,99,28.7,0.0,3,1003.4,5.6,25,85,0.0,26.0,0.286
Perak,4.5921,101.0901,2026-02-15T07:00,23.8,97,28.7,0.0,3,1004.1,5.1,356,80,0.0,25.6,0.287
Perak,4.5921,101.0901,2026-02-15T08:00,24.0,93,28.9,0.1,51,1004.1,4.2,355,99,10.0,26.0,0.286
Perak,4.5921,101.0901,2026-02-15T09:00,25.9,84,31.0,0.0,3,1005.2,2.6,348,83,161.0,26.5,0.285
Perak,4.5921,101.0901,2026-02-15T10:00,27.9,74,33.0,0.0,3,1006.0,1.6,117,95,393.0,27.6,0.283
Perak,4.5921,101.0901,2026-02-15T11:00,29.5,65,34.5,0.0,2,1006.3,3.8,163,79,612.0,29.1,0.279
Perak,4.5921,101.0901,2026-02-15T12:00,30.7,60,36.2,0.0,2,1005.4,5.6,174,77,770.0,30.7,0.273
Perak,4.5921,101.0901,2026-02-15T13:00,31.4,58,36.5,0.0,2,1004.1,7.9,181,76,782.0,31.8,0.268
Perak,4.5921,101.0901,2026-02-15T14:00,30.5,64,35.9,0.5,53,1003.1,9.2,220,51,757.0,32.3,0.265
Perak,4.5921,101.0901,2026-02-15T15:00,28.8,73,34.2,0.7,53,1002.8,10.7,189,88,753.0,32.7,0.267
Perak,4.5921,101.0901,2026-02-15T16:00,28.5,74,32.4,0.5,53,1001.9,12.0,193,48,540.0,32.2,0.268
Perak,4.5921,101.0901,2026-02-15T17:00,28.5,73,32.5,0.0,2,1001.4,11.2,158,73,474.0,32.0,0.264
Perak,4.5921,101.0901,2026-02-15T18:00,27.0,79,31.3,0.1,51,1001.8,7.6,216,73,315.0,31.3,0.263
Perak,4.5921,101.0901,2026-02-15T19:00,25.8,84,30.2,0.1,51,1002.7,6.1,135,82,90.0,30.2,0.262
Perak,4.5921,101.0901,2026-02-15T20:00,24.1,99,29.6,0.1,51,1003.4,4.1,88,100,7.0,28.1,0.478
Perak,4.5921,101.0901,2026-02-15T21:00,24.3,100,30.3,6.0,63,1003.8,1.7,212,100,0.0,27.4,0.513
Perak,4.5921,101.0901,2026-02-15T22:00,24.1,99,29.6,1.5,61,1004.9,3.6,327,100,0.0,26.8,0.501
Perak,4.5921,101.0901,2026-02-15T23:00,24.1,98,29.5,1.6,61,1005.3,3.5,114,100,0.0,26.3,0.505
Perak,4.5921,101.0901,2026-02-16T00:00,24.0,99,29.4,1.9,61,1005.9,3.1,156,100,0.0,26.0,0.506
Perak,4.5921,101.0901,2026-02-16T01:00,23.9,99,29.6,2.2,61,1005.8,1.2,141,100,0.0,25.7,0.508
Perak,4.5921,101.0901,2026-02-16T02:00,23.4,97,28.7,3.3,63,1005.0,0.6,342,100,0.0,25.6,0.508
Perak,4.5921,101.0901,2026-02-16T03:00,23.3,97,28.5,0.1,51,1004.2,1.0,22,100,0.0,25.4,0.493
Perak,4.5921,101.0901,2026-02-16T04:00,23.4,97,28.7,0.0,3,1003.6,0.5,270,100,0.0,25.2,0.485
Perak,4.5921,101.0901,2026-02-16T05:00,23.2,96,28.4,0.0,3,1003.1,1.0,315,100,0.0,25.0,0.479
Perak,4.5921,101.0901,2026-02-16T06:00,23.5,90,28.0,0.0,3,1003.2,2.6,16,100,0.0,24.9,0.475
Perak,4.5921,101.0901,2026-02-16T07:00,23.5,91,27.8,0.0,3,1003.4,4.9,350,100,0.0,24.6,0.471
Perak,4.5921,101.0901,2026-02-16T08:00,23.6,94,27.8,0.0,3,1003.4,7.3,332,100,9.0,25.2,0.44
Perak,4.5921,101.0901,2026-02-16T09:00,24.8,91,29.8,0.0,3,1004.4,3.5,325,100,126.0,25.4,0.438
Perak,4.5921,101.0901,2026-02-16T10:00,25.9,87,31.3,0.0,3,1005.3,2.4,42,100,305.0,26.2,0.435
Perak,4.5921,101.0901,2026-02-16T11:00,27.3,79,32.6,0.0,3,1005.3,2.7,28,100,477.0,27.4,0.429
Perak,4.5921,101.0901,2026-02-16T12:00,29.2,70,36.1,0.0,3,1004.7,0.9,281,100,749.0,29.0,0.422
Perak,4.5921,101.0901,2026-02-16T13:00,30.3,65,37.2,0.0,3,1003.6,2.8,145,100,839.0,30.5,0.414
Perak,4.5921,101.0901,2026-02-16T14:00,28.4,74,33.5,8.8,65,1002.3,8.8,110,100,673.0,30.5,0.511
Perak,4.5921,101.0901,2026-02-16T15:00,27.2,80,32.9,3.3,63,1001.9,1.0,211,99,552.0,30.0,0.505
Perak,4.5921,101.0901,2026-02-16T16:00,27.8,74,32.2,0.8,53,1001.9,6.5,180,100,532.0,30.1,0.494
Perak,4.5921,101.0901,2026-02-16T17:00,24.9,89,29.3,6.5,63,1002.0,6.8,162,100,210.0,28.9,0.504
Perak,4.5921,101.0901,2026-02-16T18:00,24.5,92,29.7,0.6,53,1002.2,3.1,114,100,130.0,28.0,0.494
Perak,4.5921,101.0901,2026-02-16T19:00,24.4,93,29.6,0.7,53,1002.7,2.7,110,100,62.0,27.3,0.492
Perak,4.5921,101.0901,2026-02-16T20:00,23.9,96,28.9,1.3,61,1003.2,3.9,114,100,4.0,26.5,0.495
Perak,4.5921,101.0901,2026-02-16T21:00,23.2,100,28.1,0.8,53,1003.8,4.8,110,100,0.0,26.0,0.494
Perak,4.5921,101.0901,2026-02-16T22:00,23.4,97,28.6,0.1,51,1004.3,1.0,45,100,0.0,25.5,0.487
Perak,4.5921,101.0901,2026-02-16T23:00,23.3,98,28.7,0.0,3,1005.0,0.6,108,100,0.0,25.2,0.481
Selangor,3.0738,101.5183,2026-01-17T00:00,25.7,89,30.6,0.4,51,1008.1,7.2,86,98,0.0,26.9,0.306
Selangor,3.0738,101.5183,2026-01-17T01:00,24.8,87,28.2,0.1,51,1007.9,12.1,94,84,0.0,26.4,0.307
Selangor,3.0738,101.5183,2026-01-17T02:00,24.9,91,29.7,1.6,61,1007.7,5.6,92,55,0.0,27.1,0.318
Selangor,3.0738,101.5183,2026-01-17T03:00,24.7,91,29.5,0.0,3,1006.8,5.0,77,87,0.0,26.5,0.318
Selangor,3.0738,101.5183,2026-01-17T04:00,24.4,92,29.2,0.1,51,1006.0,4.4,30,66,0.0,26.1,0.32
Selangor,3.0738,101.5183,2026-01-17T05:00,24.0,94,29.0,0.1,51,1006.1,3.2,297,81,0.0,25.7,0.321
Selangor,3.0738,101.5183,2026-01-17T06:00,23.6,96,28.9,0.2,51,1006.1,1.5,60,26,0.0,25.5,0.323
Selangor,3.0738,101.5183,2026-01-17T07:00,23.4,96,28.2,0.0,0,1006.2,3.1,77,9,0.0,25.1,0.324
Selangor,3.0738,101.5183,2026-01-17T08:00,24.6,88,28.9,0.2,51,1006.5,6.5,28,11,16.0,25.6,0.312
Selangor,3.0738,101.5183,2026-01-17T09:00,26.4,83,31.5,0.0,3,1007.2,3.6,57,91,181.0,26.0,0.311
Selangor,3.0738,101.5183,2026-01-17T10:00,28.1,74,33.1,0.0,3,1007.8,3.8,45,98,417.0,27.1,0.309
Selangor,3.0738,101.5183,2026-01-17T11:00,29.2,67,33.7,0.0,3,1007.8,4.5,353,98,543.0,28.4,0.305
Selangor,3.0738,101.5183,2026-01-17T12:00,30.5,60,35.9,0.0,3,1007.3,6.5,321,94,797.0,29.8,0.299
Selangor,3.0738,101.5183,2026-01-17T13:00,31.2,56,36.6,0.0,3,1006.4,8.9,306,100,900.0,31.0,0.292
Selangor,3.0738,101.5183,2026-01-17T14:00,31.5,53,36.8,0.1,51,1005.6,8.5,291,99,915.0,31.9,0.286
Selangor,3.0738,101.5183,2026-01-17T15:00,31.6,53,36.2,0.0,3,1004.3,10.1,282,98,842.0,32.3,0.279
Selangor,3.0738,101.5183,2026-01-17T16:00,30.9,57,34.5,0.0,3,1003.6,11.4,286,100,675.0,32.3,0.272
Selangor,3.0738,101.5183,2026-01-17T17:00,30.3,60,33.5,0.0,3,1003.2,10.8,294,98,544.0,32.0,0.268
Selangor,3.0738,101.5183,2026-01-17T18:00,29.5,64,32.9,0.0,2,1003.6,10.3,301,58,350.0,31.3,0.264
Selangor,3.0738,101.5183,2026-01-17T19:00,28.4,70,32.5,0.0,1,1004.3,7.1,308,49,139.0,30.2,0.262
Selangor,3.0738,101.5183,2026-01-17T20:00,27.8,79,33.4,0.0,3,1004.8,2.7,318,98,6.0,29.4,0.269
Selangor,3.0738,101.5183,2026-01-17T21:00,27.4,80,33.0,0.0,3,1005.3,2.4,42,98,0.0,28.5,0.269
Selangor,3.0738,101.5183,2026-01-17T22:00,26.9,85,32.4,0.0,3,1006.0,3.8,45,100,0.0,27.9,0.269
Selangor,3.0738,101.5183,2026-01-17T23:00,26.6,85,32.6,0.0,3,1006.4,0.5,90,100,0.0,27.2,0.269
Selangor,3.0738,101.5183,2026-01-18T00:00,26.4,86,32.2,0.0,3,1006.6,1.5,150,100,0.0,26.8,0.27
Selangor,3.0738,101.5183,2026-01-18T01:00,25.8,88,31.2,0.0,3,1006.4,3.6,120,100,0.0,26.4,0.27
Selangor,3.0738,101.5183,2026-01-18T02:00,25.8,89,30.8,0.0,3,1006.0,6.5,104,100,0.0,26.6,0.27
Selangor,3.0738,101.5183,2026-01-18T03:00,25.1,88,29.5,0.0,3,1005.3,7.7,102,100,0.0,26.2,0.27
Selangor,3.0738,101.5183,2026-01-18T04:00,24.6,87,28.8,0.0,3,1005.0,7.0,90,99,0.0,25.8,0.27
Selangor,3.0738,101.5183,2026-01-18T05:00,24.2,88,28.3,0.0,3,1005.1,6.2,82,84,0.0,25.4,0.27
Selangor,3.0738,101.5183,2026-01-18T06:00,23.6,91,28.2,0.0,3,1005.2,2.9,97,97,0.0,25.0,0.27
Selangor,3.0738,101.5183,2026-01-18T07:00,23.5,91,28.0,0.1,51,1005.5,2.5,176,100,0.0,24.7,0.271
Selangor,3.0738,101.5183,2026-01-18T08:00,24.5,88,28.8,0.0,3,1005.7,5.2,115,100,15.0,25.0,0.271
Selangor,3.0738,101.5183,2026-01-18T09:00,25.9,84,30.6,0.0,3,1006.2,5.2,92,100,139.0,25.5,0.271
Selangor,3.0738,101.5183,2026-01-18T10:00,27.5,75,32.5,0.0,3,1006.6,2.5,86,100,341.0,26.5,0.269
Selangor,3.0738,101.5183,2026-01-18T11:00,29.1,67,33.8,0.1,51,1006.7,5.0,325,100,588.0,28.1,0.266
Selangor,3.0738,101.5183,2026-01-18T12:00,30.2,60,34.9,0.0,3,1006.3,8.7,312,98,737.0,29.5,0.261
Selangor,3.0738,101.5183,2026-01-18T13:00,30.9,58,35.9,0.0,3,1005.7,8.5,305,99,803.0,30.6,0.255
Selangor,3.0738,101.5183,2026-01-18T14:00,32.0,53,37.7,0.0,3,1004.7,5.6,291,95,887.0,31.7,0.249
Selangor,3.0738,101.5183,2026-01-18T15:00,32.1,52,36.9,0.0,3,1003.8,7.8,275,95,804.0,32.4,0.243
Selangor,3.0738,101.5183,2026-01-18T16:00,32.2,52,36.5,0.0,3,1003.0,9.1,279,90,760.0,32.8,0.236
Selangor,3.0738,101.5183,2026-01-18T17:00,31.3,54,34.3,0.0,3,1002.7,9.4,270,100,539.0,32.5,0.232
Selangor,3.0738,101.5183,2026-01-18T18:00,30.2,60,33.6,0.0,3,1003.2,9.1,260,100,347.0,31.9,0.228
Selangor,3.0738,101.5183,2026-01-18T19:00,28.6,72,33.4,0.0,3,1003.8,5.4,244,100,116.0,30.8,0.227
Selangor,3.0738,101.5183,2026-01-18T20:00,28.1,80,34.3,0.0,3,1004.8,0.8,315,100,6.0,29.8,0.23
Selangor,3.0738,101.5183,2026-01-18T21:00,27.5,81,33.1,0.0,3,1005.6,3.1,90,100,0.0,29.0,0.23
Selangor,3.0738,101.5183,2026-01-18T22:00,27.0,82,32.1,0.0,3,1006.1,5.1,129,100,0.0,28.1,0.23
Selangor,3.0738,101.5183,2026-01-18T23:00,26.5,84,31.7,0.0,3,1006.6,3.9,156,100,0.0,27.5,0.23
Selangor,3.0738,101.5183,2026-01-19T00:00,26.1,84,31.1,0.0,3,1006.8,3.9,164,100,0.0,27.0,0.231
Selangor,3.0738,101.5183,2026-01-19T01:00,25.6,84,30.0,0.1,51,1007.1,6.5,177,100,0.0,26.5,0.232
Selangor,3.0738,101.5183,2026-01-19T02:00,24.3,89,28.3,0.1,51,1006.4,7.7,164,100,0.0,26.8,0.236
Selangor,3.0738,101.5183,2026-01-19T03:00,24.5,89,28.7,0.0,3,1005.9,7.4,137,99,0.0,26.2,0.236
Selangor,3.0738,101.5183,2026-01-19T04:00,24.5,88,28.7,0.0,3,1005.5,6.2,116,94,0.0,25.7,0.236
Selangor,3.0738,101.5183,2026-01-19T05:00,24.1,88,28.1,0.0,3,1005.5,5.8,97,99,0.0,25.3,0.236
Selangor,3.0738,101.5183,2026-01-19T06:00,23.9,88,27.9,0.0,1,1005.6,4.4,55,48,0.0,25.0,0.237
Selangor,3.0738,101.5183,2026-01-19T07:00,23.5,90,27.9,0.0,3,1006.0,2.3,18,97,0.0,24.6,0.237
Selangor,3.0738,101.5183,2026-01-19T08:00,24.4,86,28.7,0.0,3,1006.4,4.0,95,100,16.0,25.2,0.242
Selangor,3.0738,101.5183,2026-01-19T09:00,25.8,80,30.2,0.0,3,1007.3,3.1,80,100,149.0,25.7,0.241
Selangor,3.0738,101.5183,2026-01-19T10:00,27.5,74,32.5,0.0,3,1007.9,1.1,360,100,340.0,26.8,0.24
Selangor,3.0738,101.5183,2026-01-19T11:00,29.0,67,34.1,0.1,51,1007.9,1.4,337,100,587.0,28.4,0.237
Selangor,3.0738,101.5183,2026-01-19T12:00,29.9,62,34.9,0.0,3,1007.9,1.4,247,100,602.0,29.6,0.233
Selangor,3.0738,101.5183,2026-01-19T13:00,30.9,58,36.4,0.1,51,1007.4,6.0,261,100,831.0,31.1,0.229
Selangor,3.0738,101.5183,2026-01-19T14:00,27.0,74,32.5,0.1,51,1007.7,8.2,241,100,839.0,32.1,0.225
Selangor,3.0738,101.5183,2026-01-19T15:00,28.4,68,32.9,0.1,51,1006.7,2.3,252,100,356.0,31.6,0.224
Selangor,3.0738,101.5183,2026-01-19T16:00,30.0,62,35.0,0.0,3,1005.5,1.9,197,100,600.0,32.1,0.22
Selangor,3.0738,101.5183,2026-01-19T17:00,29.8,64,34.4,0.0,3,1004.9,3.0,194,99,483.0,32.2,0.217
Selangor,3.0738,101.5183,2026-01-19T18:00,29.5,64,34.0,0.0,3,1004.9,3.1,130,100,288.0,31.6,0.214
Selangor,3.0738,101.5183,2026-01-19T19:00,28.5,70,33.4,0.0,3,1005.6,2.5,82,100,87.0,30.6,0.214
Selangor,3.0738,101.5183,2026-01-19T20:00,26.9,84,32.8,0.0,3,1006.7,1.8,127,100,4.0,28.6,0.243
Selangor,3.0738,101.5183,2026-01-19T21:00,26.6,85,31.8,0.0,3,1007.2,5.3,118,100,0.0,28.0,0.243
Selangor,3.0738,101.5183,2026-01-19T22:00,26.3,87,31.6,0.0,3,1007.6,4.9,100,100,0.0,27.3,0.244
Selangor,3.0738,101.5183,2026-01-19T23:00,26.0,89,31.5,0.0,3,1007.6,3.8,131,100,0.0,26.8,0.244
Selangor,3.0738,101.5183,2026-01-20T00:00,25.5,90,30.5,0.0,3,1007.9,6.4,130,100,0.0,26.3,0.244
Selangor,3.0738,101.5183,2026-01-20T01:00,25.0,85,29.1,0.0,3,1008.1,6.2,123,100,0.0,25.9,0.244
Selangor,3.0738,101.5183,2026-01-20T02:00,24.3,89,29.1,0.0,3,1007.8,1.7,238,100,0.0,26.0,0.243
Selangor,3.0738,101.5183,2026-01-20T03:00,24.1,92,29.3,0.3,51,1006.8,1.9,163,100,0.0,25.6,0.247
Selangor,3.0738,101.5183,2026-01-20T04:00,24.0,91,28.1,0.0,3,1006.2,6.5,93,100,0.0,25.3,0.248
Selangor,3.0738,101.5183,2026-01-20T05:00,23.5,91,27.4,0.0,3,1006.2,6.7,74,100,0.0,24.9,0.248
Selangor,3.0738,101.5183,2026-01-20T06:00,23.2,92,27.5,0.0,3,1006.6,4.2,47,100,0.0,24.6,0.248
Selangor,3.0738,101.5183,2026-01-20T07:00,23.0,93,27.5,0.0,3,1007.2,3.0,17,100,0.0,24.4,0.248
Selangor,3.0738,101.5183,2026-01-20T08:00,23.3,95,28.3,0.0,3,1007.9,1.0,292,100,14.0,24.6,0.253
Selangor,3.0738,101.5183,2026-01-20T09:00,24.6,89,29.6,0.0,3,1008.9,2.4,126,100,147.0,25.1,0.253
Selangor,3.0738,101.5183,2026-01-20T10:00,26.2,82,31.4,0.0,3,1009.7,1.6,153,100,327.0,26.2,0.252
Selangor,3.0738,101.5183,2026-01-20T11:00,26.8,77,31.5,0.0,3,1010.1,2.8,191,100,270.0,26.9,0.25
Selangor,3.0738,101.5183,2026-01-20T12:00,26.7,78,31.6,0.2,51,1010.0,2.3,309,100,303.0,27.5,0.251
Selangor,3.0738,101.5183,2026-01-20T13:00,26.4,81,31.1,1.1,55,1009.3,4.7,208,100,251.0,27.6,0.262
Selangor,3.0738,101.5183,2026-01-20T14:00,28.3,69,32.7,0.3,51,1008.4,3.6,150,100,251.0,27.6,0.262
Selangor,3.0738,101.5183,2026-01-20T15:00,27.8,70,31.8,0.0,3,1007.4,5.8,176,100,278.0,28.0,0.26
Selangor,3.0738,101.5183,2026-01-20T16:00,28.8,65,32.7,0.0,3,1006.3,7.1,164,100,590.0,29.0,0.255
Selangor,3.0738,101.5183,2026-01-20T17:00,28.8,64,32.5,0.0,3,1006.1,6.2,168,100,438.0,29.2,0.252
Selangor,3.0738,101.5183,2026-01-20T18:00,28.8,65,32.7,0.0,3,1005.7,4.9,156,100,311.0,29.1,0.25
Selangor,3.0738,101.5183,2026-01-20T19:00,27.8,74,32.9,0.0,3,1005.9,2.1,149,100,112.0,28.6,0.249
Selangor,3.0738,101.5183,2026-01-20T20:00,27.9,72,32.4,0.0,3,1006.4,4.4,161,100,5.0,29.3,0.227
Selangor,3.0738,101.5183,2026-01-20T21:00,27.1,75,31.3,0.0,3,1007.3,6.4,140,100,0.0,28.3,0.227
Selangor,3.0738,101.5183,2026-01-20T22:00,26.7,78,30.9,0.0,3,1008.1,6.8,115,100,0.0,27.5,0.227
Selangor,3.0738,101.5183,2026-01-20T23:00,26.2,79,30.2,0.0,3,1008.7,7.4,119,100,0.0,26.9,0.227
Selangor,3.0738,101.5183,2026-01-21T00:00,25.5,79,28.7,0.0,3,1009.0,9.6,111,100,0.0,26.3,0.226
Selangor,3.0738,101.5183,2026-01-21T01:00,24.7,82,27.8,0.0,3,1008.8,10.0,97,100,0.0,25.8,0.226
Selangor,3.0738,101.5183,2026-01-21T02:00,24.6,84,27.8,0.0,3,1008.1,10.9,97,100,0.0,26.1,0.225
Selangor,3.0738,101.5183,2026-01-21T03:00,24.4,82,27.4,0.0,3,1007.3,10.0,97,100,0.0,25.6,0.225
Selangor,3.0738,101.5183,2026-01-21T04:00,24.1,81,27.0,0.0,3,1006.8,9.9,92,100,0.0,25.1,0.225
Selangor,3.0738,101.5183,2026-01-21T05:00,23.9,82,26.4,0.0,3,1006.8,10.5,86,100,0.0,24.8,0.225
Selangor,3.0738,101.5183,2026-01-21T06:00,23.6,82,26.6,0.0,3,1007.1,7.8,82,100,0.0,24.4,0.224
Selangor,3.0738,101.5183,2026-01-21T07:00,23.4,84,26.4,0.0,3,1007.5,7.3,79,100,0.0,24.1,0.225
Selangor,3.0738,101.5183,2026-01-21T08:00,23.5,84,27.0,0.0,3,1008.5,4.2,18,100,15.0,24.0,0.226
Selangor,3.0738,101.5183,2026-01-21T09:00,24.9,80,29.1,0.0,3,1009.5,1.5,54,100,163.0,24.6,0.226
Selangor,3.0738,101.5183,2026-01-21T10:00,26.5,73,30.7,0.0,3,1009.9,2.0,80,100,344.0,25.9,0.224
Selangor,3.0738,101.5183,2026-01-21T11:00,28.2,64,32.3,0.0,3,1010.2,1.5,150,100,510.0,27.4,0.221
Selangor,3.0738,101.5183,2026-01-21T12:00,28.2,63,31.9,0.0,3,1009.9,2.7,184,100,268.0,27.8,0.219
Selangor,3.0738,101.5183,2026-01-21T13:00,28.8,60,32.2,0.0,3,1009.1,4.1,180,100,265.0,28.1,0.217
Selangor,3.0738,101.5183,2026-01-21T14:00,30.8,53,33.9,0.0,3,1008.3,5.5,153,100,565.0,29.4,0.214
Selangor,3.0738,101.5183,2026-01-21T15:00,31.0,51,35.1,0.0,3,1007.2,5.0,139,100,728.0,30.6,0.209
Selangor,3.0738,101.5183,2026-01-21T16:00,31.5,49,35.1,0.1,51,1006.5,5.0,125,100,662.0,31.5,0.205
Selangor,3.0738,101.5183,2026-01-21T17:00,30.6,52,33.8,0.3,51,1006.5,3.5,204,99,467.0,31.6,0.204
Selangor,3.0738,101.5183,2026-01-21T18:00,29.0,60,32.3,0.3,51,1007.1,5.0,215,100,270.0,31.0,0.206
Selangor,3.0738,101.5183,2026-01-21T19:00,27.8,67,31.2,0.0,3,1007.5,6.3,18,100,104.0,30.0,0.205
Selangor,3.0738,101.5183,2026-01-21T20:00,26.8,83,32.6,0.0,3,1008.1,1.2,39,100,5.0,29.0,0.21
Selangor,3.0738,101.5183,2026-01-21T21:00,26.6,83,32.2,0.0,3,1008.7,1.5,135,100,0.0,28.2,0.21
Selangor,3.0738,101.5183,2026-01-21T22:00,26.5,80,31.3,0.0,3,1009.5,3.5,62,100,0.0,27.6,0.21
Selangor,3.0738,101.5183,2026-01-21T23:00,26.0,79,30.3,0.0,3,1010.0,4.0,63,100,0.0,27.0,0.21
Selangor,3.0738,101.5183,2026-01-22T00:00,25.8,79,30.0,0.0,3,1010.0,4.9,84,100,0.0,26.5,0.21
Selangor,3.0738,101.5183,2026-01-22T01:00,25.4,79,29.2,0.0,3,1009.9,5.8,104,100,0.0,26.0,0.21
Selangor,3.0738,101.5183,2026-01-22T02:00,25.3,77,28.2,0.0,3,1009.2,9.5,81,100,0.0,25.6,0.21
Selangor,3.0738,101.5183,2026-01-22T03:00,24.6,79,27.9,0.0,3,1008.4,6.5,87,100,0.0,25.2,0.21
Selangor,3.0738,101.5183,2026-01-22T04:00,24.1,81,27.4,0.0,3,1007.8,7.0,100,100,0.0,24.8,0.21
Selangor,3.0738,101.5183,2026-01-22T05:00,24.0,80,26.9,0.0,3,1007.7,7.0,93,100,0.0,24.5,0.21
Selangor,3.0738,101.5183,2026-01-22T06:00,23.5,81,26.6,0.0,3,1008.2,5.9,72,100,0.0,24.1,0.21
Selangor,3.0738,101.5183,2026-01-22T07:00,23.2,82,26.2,0.0,3,1008.4,5.8,51,100,0.0,23.8,0.21
Selangor,3.0738,101.5183,2026-01-22T08:00,23.3,83,26.3,0.0,3,1008.9,6.5,77,100,15.0,23.5,0.211
Selangor,3.0738,101.5183,2026-01-22T09:00,24.8,77,28.2,0.0,3,1009.8,4.3,75,100,148.0,24.1,0.21
Selangor,3.0738,101.5183,2026-01-22T10:00,26.5,68,30.1,0.0,3,1010.4,1.9,68,100,368.0,25.5,0.208
Selangor,3.0738,101.5183,2026-01-22T11:00,28.5,60,32.4,0.0,3,1010.6,1.9,338,100,613.0,27.4,0.205
Selangor,3.0738,101.5183,2026-01-22T12:00,30.0,54,34.6,0.0,3,1010.5,4.4,297,100,803.0,29.3,0.2
Selangor,3.0738,101.5183,2026-01-22T13:00,30.6,53,35.2,0.0,3,1009.7,5.7,279,100,811.0,30.8,0.195
Selangor,3.0738,101.5183,2026-01-22T14:00,31.5,49,36.3,0.0,3,1008.7,5.5,287,100,891.0,32.2,0.189
Selangor,3.0738,101.5183,2026-01-22T15:00,31.6,48,35.2,0.0,3,1007.7,6.0,287,100,682.0,32.8,0.185
Selangor,3.0738,101.5183,2026-01-22T16:00,31.8,48,34.7,0.0,3,1006.8,5.4,296,100,585.0,33.0,0.181
Selangor,3.0738,101.5183,2026-01-22T17:00,31.4,50,34.3,0.0,3,1006.7,4.7,272,100,420.0,32.8,0.177
Selangor,3.0738,101.5183,2026-01-22T18:00,30.7,53,33.6,0.0,3,1006.8,7.0,270,100,318.0,32.3,0.175
Selangor,3.0738,101.5183,2026-01-22T19:00,29.1,66,33.3,0.0,3,1007.3,5.0,283,100,139.0,31.2,0.174
Selangor,3.0738,101.5183,2026-01-22T20:00,27.5,74,32.1,0.0,2,1008.9,4.0,117,76,6.0,30.2,0.176
Selangor,3.0738,101.5183,2026-01-22T21:00,26.9,80,32.2,0.1,51,1009.4,2.4,153,100,0.0,29.1,0.176
Selangor,3.0738,101.5183,2026-01-22T22:00,26.6,80,31.6,0.0,3,1010.0,2.7,176,92,0.0,28.2,0.177
Selangor,3.0738,101.5183,2026-01-22T23:00,26.2,78,30.6,0.0,3,1010.1,4.3,123,96,0.0,27.5,0.177
Selangor,3.0738,101.5183,2026-01-23T00:00,25.9,74,28.9,0.0,3,1010.2,9.0,91,98,0.0,26.8,0.177
Selangor,3.0738,101.5183,2026-01-23T01:00,25.5,72,27.7,0.0,3,1010.6,11.0,87,97,0.0,26.2,0.177
Selangor,3.0738,101.5183,2026-01-23T02:00,25.0,75,27.5,0.0,3,1010.2,9.7,87,88,0.0,26.5,0.176
Selangor,3.0738,101.5183,2026-01-23T03:00,24.6,77,27.7,0.0,3,1009.6,6.5,76,95,0.0,25.9,0.176
Selangor,3.0738,101.5183,2026-01-23T04:00,23.9,83,27.6,0.0,3,1009.0,3.2,16,97,0.0,25.4,0.176
Selangor,3.0738,101.5183,2026-01-23T05:00,23.4,87,27.5,0.0,3,1008.9,2.2,351,100,0.0,25.0,0.177
Selangor,3.0738,101.5183,2026-01-23T06:00,23.1,89,27.5,0.0,3,1009.2,0.8,333,99,0.0,24.6,0.177
Selangor,3.0738,101.5183,2026-01-23T07:00,22.9,91,27.3,0.0,3,1010.0,1.1,279,99,0.0,24.3,0.177
Selangor,3.0738,101.5183,2026-01-23T08:00,23.9,83,27.5,0.0,3,1010.6,5.0,92,99,15.0,24.5,0.18
Selangor,3.0738,101.5183,2026-01-23T09:00,25.6,71,28.9,0.0,3,1011.6,4.3,88,100,171.0,25.1,0.18
Selangor,3.0738,101.5183,2026-01-23T10:00,27.4,60,30.2,0.0,3,1012.0,3.3,103,100,377.0,26.4,0.178
Selangor,3.0738,101.5183,2026-01-23T11:00,29.4,51,32.7,0.0,3,1012.1,0.9,180,100,627.0,28.3,0.175
Selangor,3.0738,101.5183,2026-01-23T12:00,30.7,46,35.1,0.0,3,1011.6,1.2,231,100,806.0,30.4,0.171
Selangor,3.0738,101.5183,2026-01-23T13:00,31.9,43,36.9,0.0,3,1010.8,1.6,264,99,909.0,32.4,0.166
Selangor,3.0738,101.5183,2026-01-23T14:00,31.9,43,36.7,0.0,3,1010.1,3.4,252,99,933.0,34.0,0.162
Selangor,3.0738,101.5183,2026-01-23T15:00,32.8,40,35.9,0.0,3,1008.8,7.4,273,100,798.0,35.0,0.158
Selangor,3.0738,101.5183,2026-01-23T16:00,33.0,39,35.3,0.0,3,1007.9,8.5,274,99,686.0,35.3,0.155
Selangor,3.0738,101.5183,2026-01-23T17:00,32.0,45,33.6,0.0,3,1007.6,11.0,265,100,553.0,35.2,0.152
Selangor,3.0738,101.5183,2026-01-23T18:00,30.3,57,33.2,0.0,3,1007.8,8.8,239,100,357.0,34.5,0.15
Selangor,3.0738,101.5183,2026-01-23T19:00,28.9,65,32.3,0.1,51,1008.4,8.9,193,100,121.0,33.1,0.15
Selangor,3.0738,101.5183,2026-01-23T20:00,28.2,68,32.0,0.0,3,1009.4,7.0,159,100,6.0,31.8,0.15
Selangor,3.0738,101.5183,2026-01-23T21:00,27.5,73,32.1,0.0,3,1009.6,3.5,159,100,0.0,30.5,0.15
Selangor,3.0738,101.5183,2026-01-23T22:00,27.1,76,31.8,0.0,3,1009.9,3.3,139,100,0.0,29.5,0.15
Selangor,3.0738,101.5183,2026-01-23T23:00,26.6,79,31.6,0.0,3,1010.4,2.8,140,100,0.0,28.5,0.15
Selangor,3.0738,101.5183,2026-01-24T00:00,26.1,76,30.1,0.0,3,1010.9,5.2,124,100,0.0,27.8,0.15
Selangor,3.0738,101.5183,2026-01-24T01:00,26.0,67,28.3,0.0,3,1011.2,9.1,72,100,0.0,27.1,0.15
Selangor,3.0738,101.5183,2026-01-24T02:00,25.3,80,29.0,0.0,3,1011.0,6.5,341,100,0.0,27.4,0.15
Selangor,3.0738,101.5183,2026-01-24T03:00,24.7,82,28.3,0.5,53,1010.6,6.7,304,100,0.0,26.9,0.155
Selangor,3.0738,101.5183,2026-01-24T04:00,24.5,83,28.1,0.1,51,1010.1,6.7,354,100,0.0,26.4,0.156
Selangor,3.0738,101.5183,2026-01-24T05:00,24.0,84,27.6,0.0,3,1010.0,5.8,2,96,0.0,26.0,0.157
Selangor,3.0738,101.5183,2026-01-24T06:00,24.0,83,27.6,0.0,3,1010.1,4.6,31,86,0.0,25.6,0.157
Selangor,3.0738,101.5183,2026-01-24T07:00,23.9,81,27.4,0.0,3,1010.8,3.8,82,89,0.0,25.2,0.157
Selangor,3.0738,101.5183,2026-01-24T08:00,24.4,77,27.5,0.0,3,1011.3,5.6,90,99,15.0,25.1,0.15
Selangor,3.0738,101.5183,2026-01-24T09:00,26.3,65,28.9,0.0,3,1011.8,6.1,92,99,174.0,25.8,0.15
Selangor,3.0738,101.5183,2026-01-24T10:00,28.0,57,30.5,0.0,3,1012.3,4.5,61,100,411.0,27.2,0.149
Selangor,3.0738,101.5183,2026-01-24T11:00,29.8,50,32.8,0.0,3,1012.4,3.1,50,99,613.0,29.4,0.148
Selangor,3.0738,101.5183,2026-01-24T12:00,31.6,44,36.1,0.0,3,1011.8,1.6,360,100,813.0,31.9,0.145
Selangor,3.0738,101.5183,2026-01-24T13:00,33.0,40,37.4,0.0,3,1010.6,4.0,302,100,912.0,34.2,0.143
Selangor,3.0738,101.5183,2026-01-24T14:00,33.5,37,37.0,0.0,3,1009.7,7.3,290,98,909.0,36.0,0.141
Selangor,3.0738,101.5183,2026-01-24T15:00,34.8,34,37.4,0.0,3,1008.3,9.6,296,100,847.0,37.3,0.139
Selangor,3.0738,101.5183,2026-01-24T16:00,35.3,32,37.2,0.0,3,1007.3,8.6,300,99,730.0,38.0,0.138
Selangor,3.0738,101.5183,2026-01-24T17:00,33.4,40,34.7,0.1,51,1007.1,12.2,242,99,572.0,38.1,0.138
Selangor,3.0738,101.5183,2026-01-24T18:00,30.0,56,31.9,0.6,53,1007.6,14.6,212,100,333.0,36.6,0.145
Selangor,3.0738,101.5183,2026-01-24T19:00,29.1,58,31.8,0.0,3,1008.1,8.4,217,100,137.0,34.8,0.145
Selangor,3.0738,101.5183,2026-01-24T20:00,27.9,68,31.3,0.0,3,1008.8,7.4,173,99,7.0,33.2,0.152
Selangor,3.0738,101.5183,2026-01-24T21:00,27.3,74,31.8,0.0,3,1009.2,3.6,183,100,0.0,31.7,0.152
Selangor,3.0738,101.5183,2026-01-24T22:00,27.1,76,31.7,0.0,3,1009.9,4.3,165,100,0.0,30.5,0.152
Selangor,3.0738,101.5183,2026-01-24T23:00,27.0,73,30.6,0.0,3,1010.2,7.9,129,100,0.0,29.5,0.152
Selangor,3.0738,101.5183,2026-01-25T00:00,27.0,64,29.2,0.0,3,1010.2,11.0,88,100,0.0,28.6,0.151
Selangor,3.0738,101.5183,2026-01-25T01:00,26.5,67,28.7,0.0,3,1010.4,10.7,83,100,0.0,28.0,0.151
Selangor,3.0738,101.5183,2026-01-25T02:00,26.5,69,29.0,0.0,3,1009.7,9.8,85,100,0.0,28.0,0.151
Selangor,3.0738,101.5183,2026-01-25T03:00,26.0,69,28.6,0.0,3,1009.4,9.1,56,81,0.0,27.5,0.151
Selangor,3.0738,101.5183,2026-01-25T04:00,25.5,72,28.2,0.0,3,1009.0,7.7,30,99,0.0,27.0,0.15
Selangor,3.0738,101.5183,2026-01-25T05:00,24.9,76,28.1,0.0,3,1008.8,6.2,10,98,0.0,26.5,0.15
Selangor,3.0738,101.5183,2026-01-25T06:00,24.5,79,28.1,0.0,3,1009.2,4.4,7,84,0.0,26.0,0.15
Selangor,3.0738,101.5183,2026-01-25T07:00,24.2,81,27.9,0.0,3,1009.7,3.6,3,99,0.0,25.6,0.151
Selangor,3.0738,101.5183,2026-01-25T08:00,25.2,73,28.2,0.0,3,1010.0,6.0,97,97,14.0,26.0,0.149
Selangor,3.0738,101.5183,2026-01-25T09:00,26.9,62,29.3,0.0,3,1010.9,6.8,92,94,177.0,26.6,0.149
Selangor,3.0738,101.5183,2026-01-25T10:00,28.4,54,30.3,0.0,3,1011.4,7.6,68,94,396.0,28.0,0.148
Selangor,3.0738,101.5183,2026-01-25T11:00,30.3,48,32.6,0.0,3,1011.2,6.0,44,100,586.0,29.9,0.146
Selangor,3.0738,101.5183,2026-01-25T12:00,32.2,41,35.8,0.0,3,1010.5,3.7,23,99,784.0,32.2,0.144
Selangor,3.0738,101.5183,2026-01-25T13:00,33.7,37,38.1,0.0,3,1009.7,2.5,330,100,908.0,34.7,0.142
Selangor,3.0738,101.5183,2026-01-25T14:00,33.9,34,37.5,0.0,3,1009.0,3.0,335,100,861.0,36.6,0.143
Selangor,3.0738,101.5183,2026-01-25T15:00,34.5,32,37.9,0.0,3,1007.9,2.2,294,100,821.0,38.0,0.141
Selangor,3.0738,101.5183,2026-01-25T16:00,34.0,33,35.4,0.0,3,1007.3,3.4,254,100,541.0,38.0,0.139
Selangor,3.0738,101.5183,2026-01-25T17:00,34.1,33,34.8,0.0,3,1006.8,7.9,229,100,497.0,38.0,0.138
Selangor,3.0738,101.5183,2026-01-25T18:00,32.8,41,34.5,0.0,3,1006.9,8.1,246,100,330.0,37.2,0.137
Selangor,3.0738,101.5183,2026-01-25T19:00,30.7,48,33.7,0.3,51,1007.9,1.4,180,100,128.0,35.8,0.141
Selangor,3.0738,101.5183,2026-01-25T20:00,28.8,66,32.9,0.0,3,1008.7,5.3,192,100,6.0,34.0,0.141
Selangor,3.0738,101.5183,2026-01-25T21:00,28.7,65,32.5,0.0,3,1009.3,5.7,131,100,0.0,32.7,0.141
Selangor,3.0738,101.5183,2026-01-25T22:00,28.4,58,30.4,0.0,3,1009.8,10.2,97,100,0.0,31.5,0.141
Selangor,3.0738,101.5183,2026-01-25T23:00,27.4,64,29.5,0.0,3,1010.2,11.4,97,100,0.0,30.5,0.141
Selangor,3.0738,101.5183,2026-01-26T00:00,26.6,68,28.7,0.0,3,1009.9,12.2,90,100,0.0,29.5,0.141
Selangor,3.0738,101.5183,2026-01-26T01:00,26.1,69,28.3,0.0,3,1010.0,11.4,87,100,0.0,28.7,0.141
Selangor,3.0738,101.5183,2026-01-26T02:00,26.1,69,28.5,0.0,3,1009.4,9.7,86,100,0.0,28.8,0.141
Selangor,3.0738,101.5183,2026-01-26T03:00,25.7,69,28.0,0.0,3,1009.2,9.2,86,100,0.0,28.1,0.141
Selangor,3.0738,101.5183,2026-01-26T04:00,25.3,69,27.5,0.0,3,1008.8,8.9,84,100,0.0,27.5,0.141
Selangor,3.0738,101.5183,2026-01-26T05:00,25.0,69,27.1,0.0,3,1008.6,8.2,75,98,0.0,27.0,0.141
Selangor,3.0738,101.5183,2026-01-26T06:00,24.6,71,27.0,0.0,1,1009.2,7.7,81,38,0.0,26.5,0.141
Selangor,3.0738,101.5183,2026-01-26T07:00,24.4,73,26.8,0.0,0,1009.9,7.1,81,16,0.0,26.0,0.141
Selangor,3.0738,101.5183,2026-01-26T08:00,24.8,72,27.1,0.0,0,1010.4,7.8,97,11,14.0,25.9,0.142
Selangor,3.0738,101.5183,2026-01-26T09:00,26.4,64,28.7,0.0,2,1011.2,7.4,89,71,173.0,26.5,0.142
Selangor,3.0738,101.5183,2026-01-26T10:00,28.5,56,30.8,0.0,1,1011.5,6.8,79,20,391.0,28.0,0.142
Selangor,3.0738,101.5183,2026-01-26T11:00,31.0,46,33.4,0.0,0,1011.3,6.2,69,5,605.0,30.2,0.141
Selangor,3.0738,101.5183,2026-01-26T12:00,32.8,40,36.5,0.0,1,1010.5,3.5,55,36,790.0,32.9,0.139
Selangor,3.0738,101.5183,2026-01-26T13:00,34.3,35,38.4,0.0,2,1009.6,1.7,49,74,836.0,35.3,0.138
Selangor,3.0738,101.5183,2026-01-26T14:00,33.7,36,36.8,0.0,1,1008.6,4.6,64,34,801.0,37.3,0.138
Selangor,3.0738,101.5183,2026-01-26T15:00,33.8,37,36.7,0.0,3,1007.9,6.6,73,93,768.0,38.5,0.136
Selangor,3.0738,101.5183,2026-01-26T16:00,33.6,37,35.5,0.0,2,1006.9,5.4,60,55,580.0,38.7,0.135
Selangor,3.0738,101.5183,2026-01-26T17:00,33.5,38,35.3,0.0,2,1006.5,4.5,7,53,439.0,38.5,0.135
Selangor,3.0738,101.5183,2026-01-26T18:00,33.2,39,35.0,0.0,2,1006.8,4.9,358,55,310.0,37.8,0.135
Selangor,3.0738,101.5183,2026-01-26T19:00,31.8,42,33.8,0.0,3,1007.4,4.3,343,91,129.0,36.5,0.135
Selangor,3.0738,101.5183,2026-01-26T20:00,29.0,63,32.8,0.0,2,1008.6,5.3,260,66,5.0,35.2,0.135
Selangor,3.0738,101.5183,2026-01-26T21:00,28.8,64,33.0,0.1,51,1009.4,2.4,13,96,0.0,33.6,0.137
Selangor,3.0738,101.5183,2026-01-26T22:00,29.0,61,32.3,0.0,3,1009.9,5.2,84,81,0.0,32.5,0.137
Selangor,3.0738,101.5183,2026-01-26T23:00,28.2,57,29.7,0.0,3,1010.4,12.2,103,97,0.0,31.4,0.137
Selangor,3.0738,101.5183,2026-01-27T00:00,27.0,62,28.8,0.0,3,1010.4,11.0,89,98,0.0,30.4,0.137
Selangor,3.0738,101.5183,2026-01-27T01:00,26.5,64,28.4,0.0,3,1010.6,10.1,91,99,0.0,29.5,0.137
Selangor,3.0738,101.5183,2026-01-27T02:00,26.2,65,28.3,0.0,3,1010.1,9.6,82,100,0.0,29.5,0.136
Selangor,3.0738,101.5183,2026-01-27T03:00,25.9,66,28.0,0.0,3,1010.0,8.7,69,99,0.0,28.8,0.136
Selangor,3.0738,101.5183,2026-01-27T04:00,25.5,67,27.7,0.0,3,1009.7,8.7,68,99,0.0,28.1,0.136
Selangor,3.0738,101.5183,2026-01-27T05:00,25.2,69,27.5,0.0,3,1009.5,7.4,64,100,0.0,27.6,0.136
Selangor,3.0738,101.5183,2026-01-27T06:00,25.1,69,27.6,0.0,3,1010.0,5.9,67,100,0.0,27.2,0.137
Selangor,3.0738,101.5183,2026-01-27T07:00,24.9,69,27.2,0.0,3,1010.5,6.3,59,99,0.0,26.8,0.137
Selangor,3.0738,101.5183,2026-01-27T08:00,25.2,69,27.7,0.0,2,1010.9,6.8,92,75,13.0,27.5,0.127
Selangor,3.0738,101.5183,2026-01-27T09:00,27.1,58,29.0,0.0,3,1011.6,7.6,78,80,170.0,28.1,0.128
Selangor,3.0738,101.5183,2026-01-27T10:00,29.0,52,31.3,0.0,3,1012.1,5.1,73,91,403.0,29.7,0.128
Selangor,3.0738,101.5183,2026-01-27T11:00,31.0,46,33.6,0.0,3,1012.0,4.6,31,80,610.0,32.0,0.128
Selangor,3.0738,101.5183,2026-01-27T12:00,32.8,41,36.1,0.0,3,1011.3,4.9,336,86,757.0,34.6,0.128
Selangor,3.0738,101.5183,2026-01-27T13:00,33.3,40,36.7,0.1,51,1010.7,6.6,317,55,802.0,36.7,0.13
Selangor,3.0738,101.5183,2026-01-27T14:00,34.0,39,37.0,0.0,3,1009.8,8.1,317,99,781.0,38.2,0.14
Selangor,3.0738,101.5183,2026-01-27T15:00,34.2,40,37.7,0.0,3,1008.4,9.3,304,100,839.0,39.1,0.138
Selangor,3.0738,101.5183,2026-01-27T16:00,33.9,41,37.1,0.0,3,1007.6,8.9,294,100,746.0,39.5,0.137
Selangor,3.0738,101.5183,2026-01-27T17:00,32.8,46,35.2,0.0,3,1007.1,8.7,292,100,480.0,39.0,0.137
Selangor,3.0738,101.5183,2026-01-27T18:00,31.4,55,34.5,0.0,3,1007.2,8.9,283,100,289.0,37.9,0.137
Selangor,3.0738,101.5183,2026-01-27T19:00,30.0,62,33.9,0.0,3,1007.7,6.6,253,100,135.0,36.4,0.137
Selangor,3.0738,101.5183,2026-01-27T20:00,29.0,66,32.9,0.1,51,1008.8,6.8,162,100,7.0,35.1,0.132
Selangor,3.0738,101.5183,2026-01-27T21:00,28.5,68,32.6,0.0,3,1009.4,6.1,168,94,0.0,33.7,0.133
Selangor,3.0738,101.5183,2026-01-27T22:00,28.0,72,32.1,0.0,3,1010.4,7.0,201,85,0.0,32.5,0.133
Selangor,3.0738,101.5183,2026-01-27T23:00,27.5,75,31.9,0.0,1,1010.6,6.7,211,20,0.0,31.6,0.133
Selangor,3.0738,101.5183,2026-01-28T00:00,27.0,77,31.1,0.0,1,1010.9,8.0,155,39,0.0,30.8,0.133
Selangor,3.0738,101.5183,2026-01-28T01:00,26.7,66,29.1,0.0,3,1011.0,9.4,113,97,0.0,30.0,0.134
Selangor,3.0738,101.5183,2026-01-28T02:00,26.5,71,30.4,0.0,3,1010.3,2.1,218,92,0.0,30.2,0.13
Selangor,3.0738,101.5183,2026-01-28T03:00,26.5,70,30.5,0.1,51,1009.5,1.5,120,100,0.0,29.6,0.131
Selangor,3.0738,101.5183,2026-01-28T04:00,25.9,76,29.5,0.0,3,1009.2,6.3,35,100,0.0,29.0,0.132
Selangor,3.0738,101.5183,2026-01-28T05:00,25.4,82,29.1,0.0,3,1008.9,8.2,22,100,0.0,28.5,0.132
Selangor,3.0738,101.5183,2026-01-28T06:00,25.0,83,28.5,0.0,3,1009.1,8.5,42,100,0.0,28.0,0.132
Selangor,3.0738,101.5183,2026-01-28T07:00,25.1,79,28.8,0.0,3,1009.8,5.6,29,100,0.0,27.6,0.133
Selangor,3.0738,101.5183,2026-01-28T08:00,25.7,73,28.9,0.0,3,1010.4,6.2,10,99,5.0,28.4,0.123
Selangor,3.0738,101.5183,2026-01-28T09:00,27.0,68,30.4,0.0,3,1011.2,5.0,38,100,144.0,28.8,0.123
Selangor,3.0738,101.5183,2026-01-28T10:00,28.5,58,31.1,0.0,3,1011.6,6.5,44,97,336.0,30.0,0.123
Selangor,3.0738,101.5183,2026-01-28T11:00,30.1,52,32.9,0.0,3,1011.6,4.6,31,86,539.0,32.0,0.123
Selangor,3.0738,101.5183,2026-01-28T12:00,31.4,48,34.8,0.0,2,1011.3,4.1,2,68,644.0,34.1,0.124
Selangor,3.0738,101.5183,2026-01-28T13:00,31.8,47,34.8,0.0,2,1010.5,3.4,313,55,574.0,35.5,0.124
Selangor,3.0738,101.5183,2026-01-28T14:00,30.5,50,35.1,0.3,51,1010.5,2.7,67,100,812.0,37.5,0.145
Selangor,3.0738,101.5183,2026-01-28T15:00,32.7,45,36.9,0.1,51,1009.0,2.1,340,99,726.0,38.3,0.144
Selangor,3.0738,101.5183,2026-01-28T16:00,30.9,51,33.9,0.1,51,1008.3,4.0,260,92,453.0,37.8,0.145
Selangor,3.0738,101.5183,2026-01-28T17:00,31.0,52,34.4,0.1,51,1007.7,1.9,248,77,407.0,37.3,0.144
Selangor,3.0738,101.5183,2026-01-28T18:00,30.9,52,33.9,0.1,51,1007.6,5.9,288,97,368.0,36.8,0.144
Selangor,3.0738,101.5183,2026-01-28T19:00,29.0,64,32.5,0.4,51,1008.4,8.1,309,75,128.0,35.3,0.149
Selangor,3.0738,101.5183,2026-01-28T20:00,28.8,65,32.7,0.1,51,1009.3,4.8,65,82,6.0,32.2,0.154
Selangor,3.0738,101.5183,2026-01-28T21:00,28.3,65,31.9,0.0,3,1009.8,6.1,76,100,0.0,31.0,0.154
Selangor,3.0738,101.5183,2026-01-28T22:00,27.8,66,31.1,0.0,3,1010.3,6.9,99,91,0.0,30.1,0.153
Selangor,3.0738,101.5183,2026-01-28T23:00,27.3,69,30.9,0.0,3,1010.8,5.5,126,99,0.0,29.3,0.153
Selangor,3.0738,101.5183,2026-01-29T00:00,27.0,68,29.7,0.0,3,1010.9,10.1,112,100,0.0,28.7,0.153
Selangor,3.0738,101.5183,2026-01-29T01:00,26.4,71,28.9,0.0,3,1010.7,10.9,103,100,0.0,28.2,0.152
Selangor,3.0738,101.5183,2026-01-29T02:00,26.1,75,29.4,0.0,3,1010.5,8.8,137,99,0.0,28.4,0.148
Selangor,3.0738,101.5183,2026-01-29T03:00,25.9,75,29.6,0.0,2,1009.6,5.6,119,77,0.0,27.9,0.148
Selangor,3.0738,101.5183,2026-01-29T04:00,25.5,77,29.4,0.0,3,1008.8,3.6,110,98,0.0,27.4,0.148
Selangor,3.0738,101.5183,2026-01-29T05:00,25.0,81,29.4,0.0,3,1008.8,2.3,90,98,0.0,27.0,0.148
Selangor,3.0738,101.5183,2026-01-29T06:00,25.1,77,28.9,0.0,3,1009.0,4.0,85,97,0.0,26.7,0.148
Selangor,3.0738,101.5183,2026-01-29T07:00,24.6,80,28.5,0.0,3,1009.5,3.5,69,100,0.0,26.3,0.148
Selangor,3.0738,101.5183,2026-01-29T08:00,24.9,80,29.2,0.0,3,1010.3,0.5,360,100,7.0,26.8,0.151
Selangor,3.0738,101.5183,2026-01-29T09:00,26.1,74,30.3,0.0,3,1011.2,1.4,40,100,116.0,27.1,0.151
Selangor,3.0738,101.5183,2026-01-29T10:00,27.6,69,31.8,0.0,2,1011.6,2.8,15,52,311.0,28.4,0.15
Selangor,3.0738,101.5183,2026-01-29T11:00,28.9,65,33.0,0.0,2,1011.7,4.1,360,66,464.0,29.9,0.149
Selangor,3.0738,101.5183,2026-01-29T12:00,29.7,63,33.9,0.0,3,1011.5,5.1,356,99,572.0,31.5,0.147
Selangor,3.0738,101.5183,2026-01-29T13:00,30.9,59,36.7,0.0,1,1010.5,3.3,324,42,759.0,33.5,0.145
Selangor,3.0738,101.5183,2026-01-29T14:00,30.6,55,36.0,0.0,3,1009.8,3.8,329,100,815.0,35.3,0.153
Selangor,3.0738,101.5183,2026-01-29T15:00,29.7,62,33.5,0.9,53,1009.0,6.8,212,77,568.0,35.7,0.16
Selangor,3.0738,101.5183,2026-01-29T16:00,29.6,64,33.6,1.1,55,1008.2,7.1,189,33,580.0,35.2,0.172
Selangor,3.0738,101.5183,2026-01-29T17:00,30.2,59,34.1,0.0,0,1007.2,4.6,162,15,527.0,35.0,0.169
Selangor,3.0738,101.5183,2026-01-29T18:00,30.5,57,34.4,0.0,0,1007.2,3.2,177,9,365.0,34.4,0.167
Selangor,3.0738,101.5183,2026-01-29T19:00,29.8,59,33.4,0.0,1,1008.2,5.0,199,47,147.0,33.2,0.166
Selangor,3.0738,101.5183,2026-01-29T20:00,28.1,68,31.8,0.0,0,1009.0,7.2,76,5,7.0,31.1,0.177
Selangor,3.0738,101.5183,2026-01-29T21:00,27.6,69,31.2,0.0,0,1009.4,7.1,71,3,0.0,30.0,0.176
Selangor,3.0738,101.5183,2026-01-29T22:00,27.3,70,31.0,0.0,0,1010.3,6.0,99,5,0.0,29.0,0.175
Selangor,3.0738,101.5183,2026-01-29T23:00,26.9,71,30.3,0.0,2,1010.9,7.5,100,78,0.0,28.3,0.175
Selangor,3.0738,101.5183,2026-01-30T00:00,26.5,71,29.7,0.0,3,1011.3,7.7,89,100,0.0,27.7,0.175
Selangor,3.0738,101.5183,2026-01-30T01:00,26.0,73,29.2,0.0,3,1011.4,6.9,96,100,0.0,27.2,0.174
Selangor,3.0738,101.5183,2026-01-30T02:00,25.6,74,28.8,0.0,3,1010.9,7.6,97,99,0.0,26.8,0.174
Selangor,3.0738,101.5183,2026-01-30T03:00,25.3,76,28.5,0.0,2,1010.5,6.9,85,52,0.0,26.4,0.174
Selangor,3.0738,101.5183,2026-01-30T04:00,24.9,78,28.3,0.0,2,1010.0,5.8,90,75,0.0,26.0,0.173
Selangor,3.0738,101.5183,2026-01-30T05:00,24.5,80,27.9,0.0,3,1010.1,6.8,90,93,0.0,25.6,0.173
Selangor,3.0738,101.5183,2026-01-30T06:00,24.3,81,27.7,0.0,1,1010.3,6.3,85,40,0.0,25.4,0.173
Selangor,3.0738,101.5183,2026-01-30T07:00,23.9,84,27.8,0.0,1,1010.6,3.8,65,35,0.0,25.1,0.173
Selangor,3.0738,101.5183,2026-01-30T08:00,25.1,79,28.5,0.0,0,1010.7,7.8,95,1,14.0,25.6,0.171
Selangor,3.0738,101.5183,2026-01-30T09:00,26.6,72,30.2,0.0,0,1011.3,6.5,87,1,172.0,26.2,0.171
Selangor,3.0738,101.5183,2026-01-30T10:00,28.5,65,32.5,0.0,1,1011.8,4.3,66,20,409.0,27.7,0.169
Selangor,3.0738,101.5183,2026-01-30T11:00,30.5,56,35.0,0.0,3,1011.8,2.2,9,97,623.0,29.7,0.166
Selangor,3.0738,101.5183,2026-01-30T12:00,32.0,50,37.0,0.0,3,1011.1,3.9,317,100,800.0,31.9,0.162
Selangor,3.0738,101.5183,2026-01-30T13:00,33.0,46,38.1,0.1,51,1010.3,5.8,304,100,904.0,33.8,0.158
Selangor,3.0738,101.5183,2026-01-30T14:00,33.5,42,37.9,0.1,51,1009.4,4.7,298,100,809.0,35.0,0.159
Selangor,3.0738,101.5183,2026-01-30T15:00,33.5,43,37.5,0.0,3,1008.5,5.3,280,100,779.0,36.0,0.155
Selangor,3.0738,101.5183,2026-01-30T16:00,31.8,50,34.7,0.2,51,1008.1,12.7,262,100,734.0,36.5,0.154
Selangor,3.0738,101.5183,2026-01-30T17:00,30.8,57,34.3,0.2,51,1007.8,7.5,253,98,475.0,35.9,0.154
Selangor,3.0738,101.5183,2026-01-30T18:00,29.9,60,33.6,0.1,51,1007.8,5.2,274,63,264.0,35.0,0.153
Selangor,3.0738,101.5183,2026-01-30T19:00,28.1,70,32.3,0.1,51,1008.7,6.1,357,52,101.0,33.5,0.154
Selangor,3.0738,101.5183,2026-01-30T20:00,26.8,84,32.2,0.0,1,1009.6,4.1,75,33,6.0,31.5,0.229
Selangor,3.0738,101.5183,2026-01-30T21:00,25.9,86,30.3,0.3,51,1010.4,8.8,309,80,0.0,30.3,0.231
Selangor,3.0738,101.5183,2026-01-30T22:00,24.9,91,29.5,0.2,51,1011.0,8.0,298,91,0.0,29.1,0.234
Selangor,3.0738,101.5183,2026-01-30T23:00,24.9,92,29.9,0.0,3,1011.5,5.2,331,91,0.0,28.2,0.234
Selangor,3.0738,101.5183,2026-01-31T00:00,24.6,93,29.8,0.1,51,1011.9,4.6,329,93,0.0,27.6,0.234
Selangor,3.0738,101.5183,2026-01-31T01:00,24.5,94,29.7,0.0,1,1011.5,3.0,346,34,0.0,27.1,0.235
Selangor,3.0738,101.5183,2026-01-31T02:00,25.5,91,31.5,0.0,1,1010.8,0.5,315,21,0.0,27.8,0.223
Selangor,3.0738,101.5183,2026-01-31T03:00,25.1,91,30.6,0.4,51,1010.1,2.7,28,73,0.0,27.3,0.228
Selangor,3.0738,101.5183,2026-01-31T04:00,25.2,90,30.8,0.5,53,1009.7,1.4,320,81,0.0,26.9,0.235
Selangor,3.0738,101.5183,2026-01-31T05:00,24.5,95,29.2,0.1,51,1009.5,7.6,275,89,0.0,26.5,0.237
Selangor,3.0738,101.5183,2026-01-31T06:00,23.8,97,28.6,0.0,3,1009.8,5.2,304,97,0.0,26.1,0.237
Selangor,3.0738,101.5183,2026-01-31T07:00,23.3,96,28.1,0.3,51,1010.4,3.8,329,98,0.0,25.7,0.241
Selangor,3.0738,101.5183,2026-01-31T08:00,24.8,95,30.4,0.4,51,1010.8,2.8,75,97,9.0,26.5,0.22
Selangor,3.0738,101.5183,2026-01-31T09:00,25.6,89,31.4,0.0,3,1011.9,1.3,262,95,130.0,26.9,0.219
Selangor,3.0738,101.5183,2026-01-31T10:00,27.2,81,32.9,0.0,1,1012.8,1.5,277,27,384.0,28.0,0.218
Selangor,3.0738,101.5183,2026-01-31T11:00,28.6,75,34.6,0.0,1,1012.8,1.9,292,41,601.0,29.5,0.215
Selangor,3.0738,101.5183,2026-01-31T12:00,29.8,69,36.2,0.0,1,1012.4,2.7,274,36,721.0,31.0,0.21
Selangor,3.0738,101.5183,2026-01-31T13:00,31.1,62,38.2,0.0,3,1011.4,4.4,279,100,890.0,32.7,0.205
Selangor,3.0738,101.5183,2026-01-31T14:00,29.0,68,33.2,0.0,2,1010.9,10.4,256,60,652.0,33.2,0.203
Selangor,3.0738,101.5183,2026-01-31T15:00,29.6,67,35.4,0.1,51,1009.6,3.1,260,73,670.0,33.5,0.2
Selangor,3.0738,101.5183,2026-01-31T16:00,31.0,61,36.8,0.0,0,1008.4,1.6,270,15,644.0,34.0,0.196
Selangor,3.0738,101.5183,2026-01-31T17:00,29.9,64,34.1,0.4,51,1008.0,5.8,296,58,550.0,34.0,0.196
Selangor,3.0738,101.5183,2026-01-31T18:00,28.5,68,32.6,0.4,51,1008.3,5.5,224,54,248.0,32.8,0.199
Selangor,3.0738,101.5183,2026-01-31T19:00,28.2,71,33.0,0.0,1,1008.5,2.2,204,31,122.0,31.8,0.198
Selangor,3.0738,101.5183,2026-01-31T20:00,26.1,83,31.2,0.0,1,1009.6,3.1,156,21,7.0,30.6,0.201
Selangor,3.0738,101.5183,2026-01-31T21:00,26.5,83,31.6,0.0,1,1010.0,3.4,344,23,0.0,29.6,0.2
Selangor,3.0738,101.5183,2026-01-31T22:00,25.7,82,29.7,0.0,1,1010.8,8.4,301,23,0.0,28.6,0.2
Selangor,3.0738,101.5183,2026-01-31T23:00,25.4,85,30.1,0.0,3,1011.5,3.8,45,98,0.0,28.0,0.2
Selangor,3.0738,101.5183,2026-02-01T00:00,26.0,83,31.0,0.0,0,1011.5,2.5,69,5,0.0,27.5,0.2
Selangor,3.0738,101.5183,2026-02-01T01:00,25.9,83,30.8,0.0,0,1010.9,3.0,107,4,0.0,27.0,0.2
Selangor,3.0738,101.5183,2026-02-01T02:00,26.0,82,30.5,0.0,0,1010.1,5.3,102,7,0.0,27.1,0.197
Selangor,3.0738,101.5183,2026-02-01T03:00,25.7,82,30.0,0.0,0,1009.3,5.6,105,8,0.0,26.6,0.197
Selangor,3.0738,101.5183,2026-02-01T04:00,25.2,82,29.3,0.0,0,1008.7,5.8,95,9,0.0,26.2,0.197
Selangor,3.0738,101.5183,2026-02-01T05:00,24.7,83,28.7,0.0,0,1008.4,4.7,81,2,0.0,25.9,0.197
Selangor,3.0738,101.5183,2026-02-01T06:00,24.3,85,28.8,0.0,0,1009.0,1.1,18,9,0.0,25.5,0.197
Selangor,3.0738,101.5183,2026-02-01T07:00,24.1,85,28.6,0.0,0,1009.5,0.6,56,9,0.0,25.2,0.197
Selangor,3.0738,101.5183,2026-02-01T08:00,24.8,83,29.2,0.0,0,1010.2,2.6,51,7,14.0,25.6,0.25
Selangor,3.0738,101.5183,2026-02-01T09:00,26.1,78,30.8,0.0,0,1011.0,2.0,360,7,172.0,26.2,0.25
Selangor,3.0738,101.5183,2026-02-01T10:00,27.8,70,32.4,0.0,0,1011.6,1.5,54,6,406.0,27.5,0.247
Selangor,3.0738,101.5183,2026-02-01T11:00,29.5,61,34.5,0.0,0,1011.6,0.6,342,2,618.0,29.1,0.243
Selangor,3.0738,101.5183,2026-02-01T12:00,31.0,52,36.2,0.0,0,1011.1,2.6,326,15,799.0,30.8,0.237
Selangor,3.0738,101.5183,2026-02-01T13:00,32.0,48,37.1,0.1,51,1010.1,4.3,312,27,866.0,32.1,0.231
Selangor,3.0738,101.5183,2026-02-01T14:00,32.8,43,37.3,0.2,51,1009.3,4.9,294,58,871.0,33.1,0.227
Selangor,3.0738,101.5183,2026-02-01T15:00,33.0,44,37.5,0.1,51,1008.1,6.3,283,51,851.0,33.8,0.221
Selangor,3.0738,101.5183,2026-02-01T16:00,32.2,49,36.1,0.3,51,1007.2,9.8,278,97,788.0,34.1,0.218
Selangor,3.0738,101.5183,2026-02-01T17:00,30.5,58,33.8,0.2,51,1007.0,9.2,268,100,535.0,33.7,0.216
Selangor,3.0738,101.5183,2026-02-01T18:00,29.4,65,33.3,0.2,51,1007.1,7.7,261,97,276.0,32.6,0.215
Selangor,3.0738,101.5183,2026-02-01T19:00,28.8,69,33.3,0.0,3,1007.7,4.4,243,94,145.0,31.5,0.214
Selangor,3.0738,101.5183,2026-02-01T20:00,28.8,70,34.0,0.0,3,1008.6,0.8,63,97,9.0,30.6,0.196
Selangor,3.0738,101.5183,2026-02-01T21:00,28.2,74,33.5,0.0,3,1009.8,2.3,72,97,0.0,29.8,0.196
Selangor,3.0738,101.5183,2026-02-01T22:00,27.6,74,32.5,0.1,51,1010.7,2.2,222,100,0.0,29.1,0.197
Selangor,3.0738,101.5183,2026-02-01T23:00,26.4,84,31.8,0.0,3,1011.1,1.9,163,99,0.0,28.5,0.197
Selangor,3.0738,101.5183,2026-02-02T00:00,25.5,88,30.4,0.0,3,1011.2,4.9,8,98,0.0,27.8,0.196
Selangor,3.0738,101.5183,2026-02-02T01:00,25.1,91,30.7,0.0,3,1011.1,1.9,331,88,0.0,27.2,0.196
Selangor,3.0738,101.5183,2026-02-02T02:00,25.3,87,30.1,0.0,3,1010.6,4.3,88,80,0.0,27.5,0.193
Selangor,3.0738,101.5183,2026-02-02T03:00,25.4,86,30.5,0.0,2,1009.8,2.2,9,70,0.0,27.0,0.193
Selangor,3.0738,101.5183,2026-02-02T04:00,25.0,88,30.0,0.0,3,1009.1,1.9,338,91,0.0,26.6,0.193
Selangor,3.0738,101.5183,2026-02-02T05:00,24.7,89,29.9,0.0,3,1009.0,0.9,180,98,0.0,26.2,0.193
Selangor,3.0738,101.5183,2026-02-02T06:00,24.6,87,29.3,0.0,3,1009.2,3.1,114,100,0.0,25.9,0.193
Selangor,3.0738,101.5183,2026-02-02T07:00,24.9,80,28.6,0.0,3,1009.6,5.4,98,100,0.0,25.6,0.193
Selangor,3.0738,101.5183,2026-02-02T08:00,25.2,76,28.4,0.0,3,1010.3,7.4,113,99,8.0,25.8,0.19
Selangor,3.0738,101.5183,2026-02-02T09:00,26.6,68,29.4,0.0,3,1010.8,7.6,97,100,172.0,26.2,0.189
Selangor,3.0738,101.5183,2026-02-02T10:00,28.3,59,31.0,0.0,3,1011.2,6.2,78,96,402.0,27.4,0.187
Selangor,3.0738,101.5183,2026-02-02T11:00,30.1,52,33.3,0.0,3,1010.9,5.5,67,100,625.0,29.1,0.183
Selangor,3.0738,101.5183,2026-02-02T12:00,31.8,46,35.9,0.0,3,1010.3,4.5,40,100,805.0,31.0,0.178
Selangor,3.0738,101.5183,2026-02-02T13:00,33.5,40,38.0,0.0,3,1009.2,5.0,360,100,915.0,33.0,0.172
Selangor,3.0738,101.5183,2026-02-02T14:00,32.8,41,35.7,0.0,3,1008.8,3.6,360,100,620.0,33.7,0.177
Selangor,3.0738,101.5183,2026-02-02T15:00,33.3,41,36.1,0.0,3,1007.9,2.0,90,100,551.0,34.2,0.173
Selangor,3.0738,101.5183,2026-02-02T16:00,32.6,43,34.2,0.0,3,1007.0,13.1,67,100,633.0,34.6,0.168
Selangor,3.0738,101.5183,2026-02-02T17:00,32.7,42,34.2,0.0,3,1006.7,10.1,65,98,457.0,34.3,0.165
Selangor,3.0738,101.5183,2026-02-02T18:00,32.4,43,34.5,0.0,3,1006.7,6.3,51,99,293.0,33.8,0.162
Selangor,3.0738,101.5183,2026-02-02T19:00,30.4,60,34.8,0.0,3,1007.4,2.2,24,99,124.0,32.7,0.161
Selangor,3.0738,101.5183,2026-02-02T20:00,28.6,71,33.6,0.0,3,1008.4,3.2,218,100,8.0,31.5,0.164
Selangor,3.0738,101.5183,2026-02-02T21:00,28.0,78,33.6,0.0,3,1009.4,2.6,155,99,0.0,30.5,0.164
Selangor,3.0738,101.5183,2026-02-02T22:00,28.2,67,31.9,0.0,3,1010.2,6.2,116,100,0.0,29.6,0.163
Selangor,3.0738,101.5183,2026-02-02T23:00,27.8,60,29.6,0.0,3,1010.6,11.8,111,100,0.0,28.9,0.162
Selangor,3.0738,101.5183,2026-02-03T00:00,26.8,63,28.1,0.0,3,1010.8,14.5,104,98,0.0,28.1,0.162
Selangor,3.0738,101.5183,2026-02-03T01:00,26.6,62,27.7,0.0,3,1010.8,14.4,82,98,0.0,27.5,0.161
Selangor,3.0738,101.5183,2026-02-03T02:00,26.2,64,28.2,0.0,3,1010.4,8.7,60,100,0.0,27.6,0.16
Selangor,3.0738,101.5183,2026-02-03T03:00,25.3,69,27.8,0.0,3,1010.2,6.3,27,100,0.0,27.0,0.16
Selangor,3.0738,101.5183,2026-02-03T04:00,25.0,70,27.5,0.0,3,1009.9,6.9,31,99,0.0,26.5,0.159
Selangor,3.0738,101.5183,2026-02-03T05:00,24.6,74,27.4,0.0,3,1009.6,5.8,30,98,0.0,26.0,0.159
Selangor,3.0738,101.5183,2026-02-03T06:00,24.4,77,27.4,0.0,3,1010.0,5.7,28,96,0.0,25.6,0.159
Selangor,3.0738,101.5183,2026-02-03T07:00,24.0,80,27.5,0.0,3,1010.4,3.9,34,98,0.0,25.2,0.158
Selangor,3.0738,101.5183,2026-02-03T08:00,24.7,71,27.0,0.0,3,1010.8,8.0,74,97,13.0,25.3,0.154
Selangor,3.0738,101.5183,2026-02-03T09:00,26.2,64,28.7,0.0,2,1011.6,5.5,63,77,170.0,25.9,0.154
Selangor,3.0738,101.5183,2026-02-03T10:00,27.9,56,30.5,0.0,0,1012.0,3.2,34,9,414.0,27.5,0.152
Selangor,3.0738,101.5183,2026-02-03T11:00,29.9,50,33.3,0.0,0,1012.0,1.5,324,6,641.0,29.6,0.15
Selangor,3.0738,101.5183,2026-02-03T12:00,31.6,43,35.8,0.0,0,1011.6,2.4,283,0,818.0,32.1,0.147
Selangor,3.0738,101.5183,2026-02-03T13:00,33.3,38,37.8,0.0,0,1010.5,3.6,276,9,930.0,34.5,0.144
Selangor,3.0738,101.5183,2026-02-03T14:00,33.8,35,38.1,0.0,3,1009.8,2.8,281,94,947.0,36.5,0.149
Selangor,3.0738,101.5183,2026-02-03T15:00,34.5,33,37.6,0.0,3,1008.5,1.8,276,100,756.0,37.4,0.146
Selangor,3.0738,101.5183,2026-02-03T16:00,34.0,33,35.4,0.0,3,1007.6,3.6,57,100,411.0,37.0,0.144
Selangor,3.0738,101.5183,2026-02-03T17:00,33.5,33,34.8,0.0,3,1007.2,2.4,107,100,304.0,36.6,0.142
Selangor,3.0738,101.5183,2026-02-03T18:00,31.8,43,33.3,0.0,3,1007.1,8.1,241,100,164.0,35.6,0.141
Selangor,3.0738,101.5183,2026-02-03T19:00,29.9,59,33.6,0.2,51,1008.0,4.5,256,37,65.0,34.2,0.143
Selangor,3.0738,101.5183,2026-02-03T20:00,28.5,66,31.8,0.2,51,1009.4,8.6,229,62,8.0,32.8,0.142
Selangor,3.0738,101.5183,2026-02-03T21:00,27.5,68,31.1,0.4,51,1010.1,5.2,211,83,0.0,31.5,0.147
Selangor,3.0738,101.5183,2026-02-03T22:00,27.2,68,30.6,0.0,3,1010.7,5.9,198,89,0.0,30.5,0.147
Selangor,3.0738,101.5183,2026-02-03T23:00,26.9,73,31.2,0.0,3,1011.0,2.3,184,94,0.0,29.6,0.147
Selangor,3.0738,101.5183,2026-02-04T00:00,26.5,75,30.9,0.0,3,1011.0,2.7,127,82,0.0,28.9,0.147
Selangor,3.0738,101.5183,2026-02-04T01:00,26.4,73,30.4,0.0,3,1011.1,3.8,107,91,0.0,28.1,0.147
Selangor,3.0738,101.5183,2026-02-04T02:00,26.0,76,30.1,0.0,3,1010.4,3.6,33,89,0.0,28.2,0.146
Selangor,3.0738,101.5183,2026-02-04T03:00,25.6,79,29.9,0.0,0,1010.0,3.3,9,13,0.0,27.5,0.146
Selangor,3.0738,101.5183,2026-02-04T04:00,25.4,77,29.1,0.0,0,1009.7,4.0,39,3,0.0,27.0,0.146
Selangor,3.0738,101.5183,2026-02-04T05:00,24.9,79,28.8,0.0,0,1009.5,2.7,32,2,0.0,26.5,0.145
Selangor,3.0738,101.5183,2026-02-04T06:00,24.6,78,28.7,0.0,1,1009.7,1.1,18,25,0.0,26.0,0.146
Selangor,3.0738,101.5183,2026-02-04T07:00,24.3,80,28.2,0.0,2,1009.8,1.9,17,60,0.0,25.7,0.146
Selangor,3.0738,101.5183,2026-02-04T08:00,25.0,73,28.2,0.0,2,1010.7,3.3,61,70,13.0,26.0,0.138
Selangor,3.0738,101.5183,2026-02-04T09:00,27.0,63,30.0,0.0,1,1011.5,3.4,90,44,168.0,26.8,0.138
Selangor,3.0738,101.5183,2026-02-04T10:00,29.1,54,32.2,0.0,1,1012.1,2.3,129,38,407.0,28.6,0.137
Selangor,3.0738,101.5183,2026-02-04T11:00,31.0,46,34.3,0.0,0,1012.0,1.3,180,8,626.0,31.1,0.136
Selangor,3.0738,101.5183,2026-02-04T12:00,32.7,40,36.7,0.0,0,1011.6,1.6,243,5,805.0,33.8,0.135
Selangor,3.0738,101.5183,2026-02-04T13:00,33.8,37,38.1,0.0,0,1010.6,3.9,257,1,918.0,36.5,0.134
Selangor,3.0738,101.5183,2026-02-04T14:00,33.7,38,38.2,0.0,0,1009.7,4.5,236,0,957.0,38.5,0.141
Selangor,3.0738,101.5183,2026-02-04T15:00,34.8,38,38.9,0.0,0,1008.5,6.8,253,9,910.0,39.7,0.138
Selangor,3.0738,101.5183,2026-02-04T16:00,34.2,40,37.7,0.0,1,1007.6,7.9,258,28,789.0,40.2,0.137
Selangor,3.0738,101.5183,2026-02-04T17:00,32.3,45,34.5,0.8,53,1007.4,8.5,299,51,578.0,39.7,0.145
Selangor,3.0738,101.5183,2026-02-04T18:00,30.8,54,33.5,0.3,51,1007.3,9.0,316,20,263.0,38.0,0.148
Selangor,3.0738,101.5183,2026-02-04T19:00,30.0,58,34.0,0.0,3,1008.4,2.1,38,97,141.0,36.2,0.147
Selangor,3.0738,101.5183,2026-02-04T20:00,25.8,79,30.2,0.0,3,1010.4,2.5,90,98,5.0,34.3,0.149
Selangor,3.0738,101.5183,2026-02-04T21:00,26.0,83,31.0,0.7,53,1010.8,3.3,45,52,0.0,32.2,0.158
Selangor,3.0738,101.5183,2026-02-04T22:00,26.1,84,31.4,0.0,1,1011.0,2.4,347,33,0.0,30.9,0.159
Selangor,3.0738,101.5183,2026-02-04T23:00,26.0,86,31.3,0.0,1,1011.6,2.3,32,34,0.0,29.9,0.159
Selangor,3.0738,101.5183,2026-02-05T00:00,26.0,87,31.3,0.0,2,1011.7,4.0,87,52,0.0,29.2,0.159
Selangor,3.0738,101.5183,2026-02-05T01:00,26.0,87,31.4,0.0,3,1011.8,3.5,75,98,0.0,28.5,0.159
Selangor,3.0738,101.5183,2026-02-05T02:00,25.9,92,31.4,0.0,3,1011.3,5.8,194,100,0.0,28.9,0.159
Selangor,3.0738,101.5183,2026-02-05T03:00,25.8,92,31.5,0.0,3,1010.5,4.5,182,91,0.0,28.4,0.159
Selangor,3.0738,101.5183,2026-02-05T04:00,25.5,92,31.2,0.0,3,1010.0,3.7,145,94,0.0,27.9,0.159
Selangor,3.0738,101.5183,2026-02-05T05:00,25.5,92,31.0,0.0,3,1009.8,4.9,86,88,0.0,27.5,0.159
Selangor,3.0738,101.5183,2026-02-05T06:00,25.4,93,30.9,0.0,3,1009.8,3.8,41,100,0.0,27.1,0.159
Selangor,3.0738,101.5183,2026-02-05T07:00,25.3,93,30.8,0.0,3,1009.6,4.1,23,98,0.0,26.9,0.159
Selangor,3.0738,101.5183,2026-02-05T08:00,25.9,85,30.8,0.0,3,1010.4,4.4,55,99,9.0,27.6,0.143
Selangor,3.0738,101.5183,2026-02-05T09:00,27.4,73,32.2,0.0,2,1011.1,1.8,66,72,107.0,28.0,0.143
Selangor,3.0738,101.5183,2026-02-05T10:00,29.2,61,33.2,0.0,3,1011.4,2.6,348,88,313.0,29.3,0.142
Selangor,3.0738,101.5183,2026-02-05T11:00,30.2,55,33.7,0.0,3,1011.3,3.2,326,92,408.0,30.8,0.141
Selangor,3.0738,101.5183,2026-02-05T12:00,31.6,51,35.6,0.0,1,1010.7,2.8,305,23,622.0,32.8,0.14
Selangor,3.0738,101.5183,2026-02-05T13:00,33.5,45,39.3,0.0,0,1009.7,2.5,266,15,910.0,35.5,0.138
Selangor,3.0738,101.5183,2026-02-05T14:00,34.0,44,39.7,0.0,1,1008.9,4.5,227,23,929.0,37.8,0.145
Selangor,3.0738,101.5183,2026-02-05T15:00,33.2,45,37.3,0.2,51,1008.0,9.8,232,98,861.0,38.8,0.145
Selangor,3.0738,101.5183,2026-02-05T16:00,30.4,63,33.9,0.4,51,1007.5,11.8,232,96,577.0,38.2,0.148
Selangor,3.0738,101.5183,2026-02-05T17:00,30.8,62,35.3,0.2,51,1007.0,5.7,261,89,426.0,37.3,0.149
Selangor,3.0738,101.5183,2026-02-05T18:00,29.5,67,34.4,0.1,51,1007.4,2.2,85,100,211.0,36.2,0.148
Selangor,3.0738,101.5183,2026-02-05T19:00,28.2,72,32.6,1.9,61,1008.1,5.6,105,99,68.0,34.2,0.172
Selangor,3.0738,101.5183,2026-02-05T20:00,28.8,73,34.4,0.0,3,1009.1,0.9,180,98,6.0,34.3,0.135
Selangor,3.0738,101.5183,2026-02-05T21:00,29.1,67,34.0,0.0,3,1009.4,1.5,126,95,0.0,33.2,0.135
Selangor,3.0738,101.5183,2026-02-05T22:00,29.0,68,33.6,0.0,3,1010.3,4.1,92,97,0.0,32.2,0.135
Selangor,3.0738,101.5183,2026-02-05T23:00,28.5,71,32.7,0.0,3,1010.6,7.5,98,100,0.0,31.4,0.135
Selangor,3.0738,101.5183,2026-02-06T00:00,28.0,73,32.2,0.0,3,1010.6,7.0,111,100,0.0,30.6,0.135
Selangor,3.0738,101.5183,2026-02-06T01:00,27.2,76,31.6,0.0,3,1010.9,5.9,133,100,0.0,30.0,0.135
Selangor,3.0738,101.5183,2026-02-06T02:00,25.0,88,29.4,1.1,55,1010.8,7.4,247,98,0.0,29.8,0.143
Selangor,3.0738,101.5183,2026-02-06T03:00,24.8,88,29.3,0.0,3,1010.3,6.0,353,86,0.0,29.0,0.144
Selangor,3.0738,101.5183,2026-02-06T04:00,24.5,89,29.2,0.1,51,1009.7,4.4,353,91,0.0,28.4,0.145
Selangor,3.0738,101.5183,2026-02-06T05:00,24.5,89,29.1,0.0,2,1009.7,4.2,10,72,0.0,27.9,0.145
Selangor,3.0738,101.5183,2026-02-06T06:00,24.6,88,28.9,0.0,1,1009.7,6.1,30,31,0.0,27.5,0.146
Selangor,3.0738,101.5183,2026-02-06T07:00,24.5,88,29.2,0.0,2,1009.9,3.3,41,56,0.0,27.0,0.146
Selangor,3.0738,101.5183,2026-02-06T08:00,23.5,97,27.7,0.0,3,1011.2,8.9,289,100,12.0,27.6,0.146
Selangor,3.0738,101.5183,2026-02-06T09:00,24.5,90,29.4,2.6,63,1012.4,2.8,333,98,119.0,27.2,0.18
Selangor,3.0738,101.5183,2026-02-06T10:00,25.3,83,29.8,2.3,61,1012.7,3.8,357,100,268.0,27.4,0.211
Selangor,3.0738,101.5183,2026-02-06T11:00,27.0,76,31.6,0.0,3,1012.9,4.5,2,100,440.0,28.4,0.209
Selangor,3.0738,101.5183,2026-02-06T12:00,27.7,74,32.4,0.1,51,1012.1,3.8,319,99,430.0,29.4,0.207
Selangor,3.0738,101.5183,2026-02-06T13:00,29.2,70,35.3,0.2,51,1011.1,4.3,315,98,724.0,31.0,0.205
Selangor,3.0738,101.5183,2026-02-06T14:00,28.5,69,33.0,0.2,51,1010.6,10.0,291,99,701.0,32.0,0.208
Selangor,3.0738,101.5183,2026-02-06T15:00,29.4,65,32.8,0.1,51,1009.1,11.0,294,98,561.0,32.3,0.206
Selangor,3.0738,101.5183,2026-02-06T16:00,28.5,67,31.8,0.0,3,1008.3,10.5,303,100,416.0,32.0,0.202
Selangor,3.0738,101.5183,2026-02-06T17:00,27.9,71,31.6,0.0,3,1008.1,8.9,322,100,254.0,31.4,0.2
Selangor,3.0738,101.5183,2026-02-06T18:00,27.3,76,31.5,0.0,3,1008.4,7.6,329,100,154.0,30.7,0.198
Selangor,3.0738,101.5183,2026-02-06T19:00,26.7,79,31.2,0.0,3,1008.6,6.3,333,86,49.0,29.9,0.198
Selangor,3.0738,101.5183,2026-02-06T20:00,26.6,79,31.0,0.0,2,1009.2,6.3,340,75,8.0,30.8,0.153
Selangor,3.0738,101.5183,2026-02-06T21:00,26.2,82,31.0,0.0,3,1010.2,4.2,348,97,0.0,29.9,0.153
Selangor,3.0738,101.5183,2026-02-06T22:00,26.0,84,30.7,0.0,3,1010.9,4.6,349,99,0.0,29.1,0.153
Selangor,3.0738,101.5183,2026-02-06T23:00,25.9,84,30.7,0.0,1,1011.0,4.2,350,23,0.0,28.6,0.153
Selangor,3.0738,101.5183,2026-02-07T00:00,25.2,88,30.0,0.0,3,1011.0,5.6,318,100,0.0,28.0,0.152
Selangor,3.0738,101.5183,2026-02-07T01:00,25.0,90,30.0,0.0,1,1010.7,4.5,331,33,0.0,27.5,0.152
Selangor,3.0738,101.5183,2026-02-07T02:00,25.0,89,30.1,0.0,1,1010.0,2.7,356,30,0.0,27.2,0.15
Selangor,3.0738,101.5183,2026-02-07T03:00,24.9,89,29.8,0.0,2,1009.3,3.8,8,71,0.0,26.8,0.15
Selangor,3.0738,101.5183,2026-02-07T04:00,24.9,87,29.5,0.0,3,1008.7,4.3,45,96,0.0,26.5,0.15
Selangor,3.0738,101.5183,2026-02-07T05:00,24.6,86,28.7,0.0,3,1008.7,6.5,51,80,0.0,26.2,0.15
Selangor,3.0738,101.5183,2026-02-07T06:00,24.4,86,28.5,0.0,3,1008.9,5.4,42,100,0.0,26.0,0.15
Selangor,3.0738,101.5183,2026-02-07T07:00,24.4,86,28.4,0.0,3,1009.2,5.6,29,100,0.0,25.8,0.15
Selangor,3.0738,101.5183,2026-02-07T08:00,24.8,82,28.4,0.0,3,1009.5,6.9,6,95,5.0,25.5,0.152
Selangor,3.0738,101.5183,2026-02-07T09:00,26.5,74,30.4,0.0,2,1010.2,4.5,360,58,157.0,26.2,0.151
Selangor,3.0738,101.5183,2026-02-07T10:00,28.6,65,32.4,0.0,1,1010.5,5.3,350,22,397.0,27.9,0.15
Selangor,3.0738,101.5183,2026-02-07T11:00,30.4,58,34.5,0.0,1,1010.6,5.8,344,34,630.0,30.1,0.148
Selangor,3.0738,101.5183,2026-02-07T12:00,31.8,53,36.9,0.0,2,1010.0,5.6,331,65,807.0,32.5,0.146
Selangor,3.0738,101.5183,2026-02-07T13:00,32.8,50,38.2,0.0,3,1009.2,5.9,315,99,867.0,34.7,0.143
Selangor,3.0738,101.5183,2026-02-07T14:00,33.5,45,38.3,0.0,3,1008.1,4.4,289,100,822.0,36.3,0.141
Selangor,3.0738,101.5183,2026-02-07T15:00,33.8,44,37.6,0.0,3,1006.9,7.1,294,100,733.0,37.5,0.139
Selangor,3.0738,101.5183,2026-02-07T16:00,32.5,49,35.2,1.0,55,1005.7,10.4,304,100,577.0,37.3,0.149
Selangor,3.0738,101.5183,2026-02-07T17:00,31.5,54,34.8,0.1,51,1005.5,7.8,304,94,415.0,36.7,0.149
Selangor,3.0738,101.5183,2026-02-07T18:00,31.2,54,34.6,0.0,2,1005.4,6.1,300,75,343.0,36.0,0.147
Selangor,3.0738,101.5183,2026-02-07T19:00,29.3,63,32.8,0.5,53,1006.7,7.6,288,52,132.0,34.7,0.153
Selangor,3.0738,101.5183,2026-02-07T20:00,28.5,70,33.4,0.0,2,1007.6,2.1,105,56,6.0,34.0,0.137
Selangor,3.0738,101.5183,2026-02-07T21:00,25.1,91,29.6,2.8,63,1009.1,9.1,72,82,0.0,31.8,0.171
Selangor,3.0738,101.5183,2026-02-07T22:00,24.8,92,29.1,1.8,61,1010.4,10.4,45,66,0.0,30.0,0.195
Selangor,3.0738,101.5183,2026-02-07T23:00,24.7,87,28.9,0.6,53,1010.6,6.3,37,70,0.0,28.8,0.202
Selangor,3.0738,101.5183,2026-02-08T00:00,24.0,92,28.6,4.5,63,1009.8,5.4,86,38,0.0,27.8,0.264
Selangor,3.0738,101.5183,2026-02-08T01:00,24.1,93,28.2,0.1,51,1009.9,9.7,79,37,0.0,27.1,0.265
Selangor,3.0738,101.5183,2026-02-08T02:00,24.1,94,28.0,0.0,1,1009.1,10.9,81,32,0.0,27.9,0.241
Selangor,3.0738,101.5183,2026-02-08T03:00,23.9,96,28.5,0.1,51,1008.5,6.5,87,66,0.0,27.1,0.242
Selangor,3.0738,101.5183,2026-02-08T04:00,24.0,93,27.8,0.1,51,1008.2,10.3,88,25,0.0,26.6,0.243
Selangor,3.0738,101.5183,2026-02-08T05:00,23.9,92,28.2,0.0,1,1008.0,6.4,68,34,0.0,26.2,0.243
Selangor,3.0738,101.5183,2026-02-08T06:00,24.0,91,28.1,0.0,0,1008.3,7.1,75,16,0.0,25.9,0.243
Selangor,3.0738,101.5183,2026-02-08T07:00,24.0,89,28.1,0.0,0,1008.8,6.6,74,5,0.0,25.6,0.243
Selangor,3.0738,101.5183,2026-02-08T08:00,24.8,91,29.3,0.0,0,1009.2,7.7,89,17,13.0,26.8,0.336
Selangor,3.0738,101.5183,2026-02-08T09:00,25.9,85,30.2,0.0,0,1010.1,8.5,92,9,162.0,27.0,0.335
Selangor,3.0738,101.5183,2026-02-08T10:00,27.5,74,31.4,0.0,0,1010.5,9.4,86,2,398.0,27.8,0.332
Selangor,3.0738,101.5183,2026-02-08T11:00,29.3,65,33.6,0.0,0,1010.4,8.1,84,2,628.0,29.0,0.326
Selangor,3.0738,101.5183,2026-02-08T12:00,30.8,59,36.2,0.0,1,1009.8,5.9,92,31,796.0,30.5,0.319
Selangor,3.0738,101.5183,2026-02-08T13:00,31.6,55,37.7,0.1,51,1008.7,4.7,99,74,866.0,31.8,0.312
Selangor,3.0738,101.5183,2026-02-08T14:00,32.5,51,39.0,0.1,51,1007.6,3.1,140,70,949.0,33.0,0.304
Selangor,3.0738,101.5183,2026-02-08T15:00,32.4,51,38.7,0.1,51,1006.7,0.8,225,100,836.0,33.8,0.298
Selangor,3.0738,101.5183,2026-02-08T16:00,32.2,53,37.4,0.0,3,1005.7,1.0,248,95,654.0,34.0,0.292
Selangor,3.0738,101.5183,2026-02-08T17:00,31.9,53,35.7,0.0,3,1005.4,4.8,307,98,544.0,33.8,0.286
Selangor,3.0738,101.5183,2026-02-08T18:00,29.9,66,33.9,0.0,3,1005.8,9.6,334,100,289.0,32.8,0.283
Selangor,3.0738,101.5183,2026-02-08T19:00,28.9,74,33.6,0.0,3,1006.6,8.2,345,99,117.0,31.7,0.281
Selangor,3.0738,101.5183,2026-02-08T20:00,23.6,95,26.7,3.4,63,1008.9,15.5,8,100,7.0,30.8,0.343
Selangor,3.0738,101.5183,2026-02-08T21:00,24.4,92,29.2,1.2,55,1008.4,5.4,42,62,0.0,29.1,0.359
Selangor,3.0738,101.5183,2026-02-08T22:00,24.5,92,28.5,0.5,53,1009.1,11.0,15,100,0.0,28.0,0.365
Selangor,3.0738,101.5183,2026-02-08T23:00,24.7,90,29.0,0.3,51,1009.2,8.4,25,100,0.0,27.2,0.368
Selangor,3.0738,101.5183,2026-02-09T00:00,24.3,93,29.0,0.8,53,1009.5,6.1,5,100,0.0,26.7,0.377
Selangor,3.0738,101.5183,2026-02-09T01:00,24.2,96,29.9,0.5,53,1009.4,1.5,14,100,0.0,26.5,0.383
Selangor,3.0738,101.5183,2026-02-09T02:00,25.0,93,30.5,1.0,55,1008.4,4.1,56,100,0.0,27.4,0.397
Selangor,3.0738,101.5183,2026-02-09T03:00,25.0,95,30.8,0.0,3,1007.8,2.5,86,98,0.0,27.0,0.397
Selangor,3.0738,101.5183,2026-02-09T04:00,24.9,92,29.8,0.0,3,1007.2,5.6,73,99,0.0,26.6,0.397
Selangor,3.0738,101.5183,2026-02-09T05:00,24.9,82,27.9,0.0,3,1006.8,10.8,72,99,0.0,26.1,0.396
Selangor,3.0738,101.5183,2026-02-09T06:00,24.6,79,27.5,0.0,3,1006.9,9.3,72,100,0.0,25.7,0.395
Selangor,3.0738,101.5183,2026-02-09T07:00,24.4,79,27.3,0.0,3,1007.7,8.3,79,97,0.0,25.3,0.394
Selangor,3.0738,101.5183,2026-02-09T08:00,25.0,79,28.2,0.0,3,1007.9,8.6,79,88,13.0,26.2,0.378
Selangor,3.0738,101.5183,2026-02-09T09:00,26.4,73,29.7,0.0,3,1008.8,7.2,71,100,174.0,26.4,0.376
Selangor,3.0738,101.5183,2026-02-09T10:00,27.6,66,31.3,0.0,3,1009.1,4.0,63,100,412.0,27.3,0.373
Selangor,3.0738,101.5183,2026-02-09T11:00,29.0,62,33.4,0.0,3,1009.2,2.4,17,89,622.0,28.6,0.367
Selangor,3.0738,101.5183,2026-02-09T12:00,30.1,59,36.1,0.0,3,1009.1,1.8,349,86,811.0,30.2,0.36
Selangor,3.0738,101.5183,2026-02-09T13:00,31.0,56,37.7,0.0,2,1008.2,2.1,322,69,925.0,31.6,0.352
Selangor,3.0738,101.5183,2026-02-09T14:00,31.5,51,37.9,0.0,0,1007.2,1.7,257,9,967.0,32.8,0.343
Selangor,3.0738,101.5183,2026-02-09T15:00,32.5,48,38.2,0.0,0,1006.3,1.5,263,15,851.0,33.5,0.334
Selangor,3.0738,101.5183,2026-02-09T16:00,32.5,47,36.7,0.1,51,1005.6,4.4,305,25,727.0,33.7,0.327
Selangor,3.0738,101.5183,2026-02-09T17:00,31.4,52,34.6,0.2,51,1005.4,4.9,253,30,527.0,33.3,0.323
Selangor,3.0738,101.5183,2026-02-09T18:00,29.9,61,33.4,0.0,1,1005.5,8.0,222,39,342.0,32.5,0.32
Selangor,3.0738,101.5183,2026-02-09T19:00,28.9,70,33.9,0.1,51,1006.3,2.2,261,96,147.0,31.4,0.318
Selangor,3.0738,101.5183,2026-02-09T20:00,27.0,78,31.6,0.1,51,1007.3,5.4,146,88,9.0,30.2,0.318
Selangor,3.0738,101.5183,2026-02-09T21:00,26.4,82,31.5,0.0,3,1008.0,3.4,115,100,0.0,29.1,0.318
Selangor,3.0738,101.5183,2026-02-09T22:00,26.2,83,31.4,0.0,3,1008.7,2.6,155,98,0.0,28.3,0.317
Selangor,3.0738,101.5183,2026-02-09T23:00,26.0,83,31.5,0.0,3,1009.3,0.5,270,97,0.0,27.6,0.317
Selangor,3.0738,101.5183,2026-02-10T00:00,25.6,84,30.5,0.0,3,1009.5,3.2,128,82,0.0,27.0,0.317
Selangor,3.0738,101.5183,2026-02-10T01:00,25.2,77,28.5,0.0,1,1009.4,7.2,109,49,0.0,26.5,0.317
Selangor,3.0738,101.5183,2026-02-10T02:00,25.1,75,28.1,0.0,1,1008.7,7.3,99,27,0.0,27.1,0.311
Selangor,3.0738,101.5183,2026-02-10T03:00,24.4,77,27.2,0.0,0,1008.3,8.1,90,1,0.0,26.4,0.31
Selangor,3.0738,101.5183,2026-02-10T04:00,23.9,81,26.6,0.0,0,1008.0,8.7,76,0,0.0,25.8,0.31
Selangor,3.0738,101.5183,2026-02-10T05:00,23.4,83,26.3,0.0,0,1007.9,8.0,72,4,0.0,25.2,0.309
Selangor,3.0738,101.5183,2026-02-10T06:00,23.0,85,26.1,0.0,0,1008.2,5.9,76,4,0.0,24.8,0.309
Selangor,3.0738,101.5183,2026-02-10T07:00,22.5,88,25.9,0.0,0,1008.9,4.4,19,1,0.0,24.4,0.308
Selangor,3.0738,101.5183,2026-02-10T08:00,23.0,82,25.6,0.0,0,1009.2,7.6,86,0,14.0,25.2,0.312
Selangor,3.0738,101.5183,2026-02-10T09:00,25.1,75,28.4,0.0,0,1009.9,5.7,77,4,180.0,25.5,0.311
Selangor,3.0738,101.5183,2026-02-10T10:00,27.4,63,30.6,0.0,1,1010.3,3.7,43,24,425.0,26.6,0.308
Selangor,3.0738,101.5183,2026-02-10T11:00,29.2,57,33.2,0.0,1,1010.1,3.3,331,35,656.0,28.2,0.302
Selangor,3.0738,101.5183,2026-02-10T12:00,30.6,53,35.7,0.0,3,1009.6,3.7,309,95,837.0,29.9,0.295
Selangor,3.0738,101.5183,2026-02-10T13:00,31.7,50,37.7,0.0,3,1008.7,3.5,291,100,950.0,31.4,0.287
Selangor,3.0738,101.5183,2026-02-10T14:00,32.9,41,38.5,0.0,2,1007.7,0.5,315,68,940.0,32.7,0.279
Selangor,3.0738,101.5183,2026-02-10T15:00,33.7,41,38.4,0.0,2,1007.2,1.5,256,54,827.0,33.7,0.272
Selangor,3.0738,101.5183,2026-02-10T16:00,33.7,41,36.7,0.0,2,1006.5,7.3,230,57,724.0,33.9,0.265
Selangor,3.0738,101.5183,2026-02-10T17:00,31.3,54,33.5,0.1,51,1006.4,14.7,230,100,535.0,33.3,0.26
Selangor,3.0738,101.5183,2026-02-10T18:00,29.4,60,31.7,0.1,51,1006.6,13.1,227,70,325.0,32.2,0.256
Selangor,3.0738,101.5183,2026-02-10T19:00,28.6,65,32.5,0.0,1,1007.0,4.6,219,25,152.0,31.0,0.254
Selangor,3.0738,101.5183,2026-02-10T20:00,28.2,71,32.9,0.0,3,1007.8,4.3,208,100,10.0,30.5,0.238
Selangor,3.0738,101.5183,2026-02-10T21:00,27.5,77,32.7,0.0,3,1008.5,2.7,172,99,0.0,29.5,0.237
Selangor,3.0738,101.5183,2026-02-10T22:00,27.0,79,32.0,0.0,3,1009.1,3.4,177,97,0.0,28.6,0.237
Selangor,3.0738,101.5183,2026-02-10T23:00,26.6,81,32.0,0.0,2,1009.7,1.2,117,52,0.0,27.9,0.237
Selangor,3.0738,101.5183,2026-02-11T00:00,26.1,84,31.3,0.0,1,1009.9,3.1,62,29,0.0,27.3,0.237
Selangor,3.0738,101.5183,2026-02-11T01:00,26.0,83,30.9,0.0,0,1010.3,4.6,108,9,0.0,26.8,0.237
Selangor,3.0738,101.5183,2026-02-11T02:00,25.4,88,30.4,0.0,2,1009.9,3.8,79,63,0.0,27.1,0.235
Selangor,3.0738,101.5183,2026-02-11T03:00,25.2,89,30.4,0.0,3,1009.3,2.9,47,91,0.0,26.7,0.235
Selangor,3.0738,101.5183,2026-02-11T04:00,24.9,90,30.0,0.0,3,1008.9,2.9,68,98,0.0,26.2,0.234
Selangor,3.0738,101.5183,2026-02-11T05:00,24.8,87,29.2,0.0,3,1008.7,5.0,77,98,0.0,25.9,0.234
Selangor,3.0738,101.5183,2026-02-11T06:00,24.4,85,28.2,0.0,0,1008.9,5.9,76,10,0.0,25.5,0.234
Selangor,3.0738,101.5183,2026-02-11T07:00,24.2,84,27.8,0.0,1,1009.5,6.4,82,24,0.0,25.1,0.234
Selangor,3.0738,101.5183,2026-02-11T08:00,24.4,86,28.3,0.0,3,1010.1,6.5,51,81,14.0,25.6,0.234
Selangor,3.0738,101.5183,2026-02-11T09:00,26.0,79,30.5,0.0,3,1010.8,3.6,45,92,176.0,26.1,0.233
Selangor,3.0738,101.5183,2026-02-11T10:00,28.1,68,32.5,0.0,1,1011.7,2.0,5,29,416.0,27.4,0.23
Selangor,3.0738,101.5183,2026-02-11T11:00,30.0,60,34.9,0.0,3,1011.5,2.6,295,81,644.0,29.1,0.226
Selangor,3.0738,101.5183,2026-02-11T12:00,31.4,56,37.2,0.0,3,1010.7,3.7,281,100,823.0,31.0,0.22
Selangor,3.0738,101.5183,2026-02-11T13:00,32.2,53,38.4,0.0,3,1009.4,4.4,322,100,924.0,32.6,0.213
Selangor,3.0738,101.5183,2026-02-11T14:00,33.3,48,38.8,0.0,3,1008.9,6.1,304,95,912.0,33.8,0.207
Selangor,3.0738,101.5183,2026-02-11T15:00,32.8,49,37.4,0.1,51,1007.5,7.3,298,50,797.0,34.5,0.202
Selangor,3.0738,101.5183,2026-02-11T16:00,31.8,54,35.5,0.6,53,1006.7,11.4,291,93,710.0,34.5,0.204
Selangor,3.0738,101.5183,2026-02-11T17:00,30.8,60,34.3,0.7,53,1006.4,9.7,305,98,515.0,34.0,0.208
Selangor,3.0738,101.5183,2026-02-11T18:00,29.2,66,32.6,0.1,51,1007.2,11.2,315,100,317.0,33.0,0.206
Selangor,3.0738,101.5183,2026-02-11T19:00,25.6,88,29.9,2.8,63,1008.7,10.6,72,100,84.0,31.3,0.24
Selangor,3.0738,101.5183,2026-02-11T20:00,25.1,88,29.1,0.4,51,1008.6,10.3,49,95,7.0,30.2,0.204
Selangor,3.0738,101.5183,2026-02-11T21:00,25.4,89,30.0,0.1,51,1009.3,7.9,20,97,0.0,29.1,0.205
Selangor,3.0738,101.5183,2026-02-11T22:00,25.5,87,29.4,0.1,51,1010.1,11.7,44,100,0.0,28.2,0.205
Selangor,3.0738,101.5183,2026-02-11T23:00,25.5,85,29.6,0.0,3,1010.0,8.8,39,99,0.0,27.6,0.205
Selangor,3.0738,101.5183,2026-02-12T00:00,25.5,85,29.8,0.0,3,1010.2,7.0,61,94,0.0,27.0,0.205
Selangor,3.0738,101.5183,2026-02-12T01:00,25.5,86,29.9,0.0,3,1010.2,7.2,53,92,0.0,26.7,0.204
Selangor,3.0738,101.5183,2026-02-12T02:00,25.9,88,30.6,0.0,3,1010.0,7.8,37,85,0.0,27.1,0.203
Selangor,3.0738,101.5183,2026-02-12T03:00,25.4,86,29.4,0.1,51,1009.5,9.0,35,50,0.0,26.7,0.204
Selangor,3.0738,101.5183,2026-02-12T04:00,25.1,85,29.1,0.0,2,1008.8,8.4,53,50,0.0,26.4,0.204
Selangor,3.0738,101.5183,2026-02-12T05:00,24.9,84,28.9,0.0,3,1008.4,6.4,58,91,0.0,26.0,0.204
Selangor,3.0738,101.5183,2026-02-12T06:00,24.5,86,29.0,0.0,3,1008.9,3.1,69,96,0.0,25.7,0.204
Selangor,3.0738,101.5183,2026-02-12T07:00,24.5,84,28.7,0.0,3,1009.0,4.4,97,99,0.0,25.5,0.203
Selangor,3.0738,101.5183,2026-02-12T08:00,24.6,94,29.5,0.0,3,1010.2,6.3,239,84,9.0,26.0,0.22
Selangor,3.0738,101.5183,2026-02-12T09:00,25.4,91,31.2,0.0,2,1010.6,1.5,126,74,84.0,26.2,0.219
Selangor,3.0738,101.5183,2026-02-12T10:00,27.1,79,31.9,0.0,3,1010.7,4.9,80,100,288.0,27.1,0.218
Selangor,3.0738,101.5183,2026-02-12T11:00,28.0,73,32.5,0.0,3,1010.7,6.2,64,99,355.0,28.0,0.216
Selangor,3.0738,101.5183,2026-02-12T12:00,30.1,62,35.3,0.0,3,1010.5,4.4,58,96,686.0,29.8,0.211
Selangor,3.0738,101.5183,2026-02-12T13:00,31.3,56,37.2,0.0,3,1009.6,1.3,278,100,766.0,31.5,0.205
Selangor,3.0738,101.5183,2026-02-12T14:00,31.1,54,35.2,0.0,3,1009.0,0.8,207,100,435.0,31.9,0.203
Selangor,3.0738,101.5183,2026-02-12T15:00,31.5,52,35.5,0.0,3,1007.7,1.8,143,99,460.0,32.4,0.199
Selangor,3.0738,101.5183,2026-02-12T16:00,31.6,52,35.5,0.0,3,1006.4,1.4,203,100,367.0,32.5,0.196
Selangor,3.0738,101.5183,2026-02-12T17:00,32.0,50,35.6,0.0,3,1006.3,3.1,36,100,398.0,32.7,0.192
Selangor,3.0738,101.5183,2026-02-12T18:00,30.5,54,33.2,0.0,3,1006.5,9.0,35,100,210.0,32.0,0.189
Selangor,3.0738,101.5183,2026-02-12T19:00,29.0,64,32.7,0.0,3,1006.4,7.5,60,100,61.0,31.0,0.188
Selangor,3.0738,101.5183,2026-02-12T20:00,28.9,69,33.3,0.0,3,1007.5,5.9,218,100,6.0,30.9,0.186
Selangor,3.0738,101.5183,2026-02-12T21:00,28.0,78,33.2,0.0,3,1007.9,5.0,195,100,0.0,30.0,0.185
Selangor,3.0738,101.5183,2026-02-12T22:00,27.9,75,32.6,0.0,3,1008.7,5.8,116,100,0.0,29.2,0.185
Selangor,3.0738,101.5183,2026-02-12T23:00,27.8,69,31.4,0.0,3,1008.7,7.1,71,99,0.0,28.5,0.184
Selangor,3.0738,101.5183,2026-02-13T00:00,27.0,67,29.9,0.0,3,1008.9,7.6,72,100,0.0,28.0,0.183
Selangor,3.0738,101.5183,2026-02-13T01:00,26.4,69,29.3,0.0,3,1009.1,6.7,88,100,0.0,27.4,0.182
Selangor,3.0738,101.5183,2026-02-13T02:00,26.9,70,30.2,0.0,3,1008.1,6.7,98,100,0.0,27.6,0.18
Selangor,3.0738,101.5183,2026-02-13T03:00,26.8,68,29.5,0.0,3,1007.3,9.0,85,99,0.0,27.1,0.179
Selangor,3.0738,101.5183,2026-02-13T04:00,25.9,77,30.1,0.0,2,1006.7,3.0,115,76,0.0,26.7,0.179
Selangor,3.0738,101.5183,2026-02-13T05:00,25.5,79,30.0,0.0,3,1006.5,0.3,315,94,0.0,26.4,0.179
Selangor,3.0738,101.5183,2026-02-13T06:00,25.1,81,29.5,0.0,1,1006.8,2.8,220,27,0.0,26.0,0.179
Selangor,3.0738,101.5183,2026-02-13T07:00,24.6,85,29.1,0.0,2,1007.4,2.4,138,59,0.0,25.6,0.179
Selangor,3.0738,101.5183,2026-02-13T08:00,25.4,78,28.6,0.0,3,1007.8,8.5,77,95,13.0,26.1,0.182
Selangor,3.0738,101.5183,2026-02-13T09:00,27.1,69,30.5,0.0,3,1008.4,7.0,78,100,161.0,26.6,0.181
Selangor,3.0738,101.5183,2026-02-13T10:00,28.0,65,31.9,0.0,3,1009.0,2.7,58,100,236.0,27.4,0.179
Selangor,3.0738,101.5183,2026-02-13T11:00,30.8,54,34.9,0.0,3,1009.2,2.6,16,99,623.0,29.5,0.176
Selangor,3.0738,101.5183,2026-02-13T12:00,32.1,49,36.9,0.0,3,1008.7,4.0,321,100,776.0,31.5,0.171
Selangor,3.0738,101.5183,2026-02-13T13:00,33.0,47,38.4,0.0,3,1007.5,5.0,311,100,883.0,33.5,0.166
Selangor,3.0738,101.5183,2026-02-13T14:00,33.8,43,39.1,0.0,3,1007.0,3.4,286,100,887.0,35.2,0.16
Selangor,3.0738,101.5183,2026-02-13T15:00,33.3,44,35.7,0.0,3,1006.0,9.3,262,100,573.0,35.6,0.157
Selangor,3.0738,101.5183,2026-02-13T16:00,31.9,54,36.2,0.3,51,1005.1,6.0,261,100,633.0,35.9,0.157
Selangor,3.0738,101.5183,2026-02-13T17:00,31.9,55,36.3,0.0,3,1005.0,2.1,200,99,372.0,35.5,0.155
Selangor,3.0738,101.5183,2026-02-13T18:00,30.2,61,34.6,0.1,51,1005.4,3.1,357,100,272.0,35.0,0.154
Selangor,3.0738,101.5183,2026-02-13T19:00,28.9,70,33.1,0.1,51,1006.9,9.0,327,86,107.0,33.8,0.154
Selangor,3.0738,101.5183,2026-02-13T20:00,28.4,78,34.1,0.0,3,1006.7,3.6,131,99,8.0,32.3,0.158
Selangor,3.0738,101.5183,2026-02-13T21:00,28.4,80,34.2,0.0,3,1007.3,4.6,167,100,0.0,31.2,0.158
Selangor,3.0738,101.5183,2026-02-13T22:00,27.9,81,33.1,0.0,3,1007.9,7.0,138,98,0.0,30.2,0.157
Selangor,3.0738,101.5183,2026-02-13T23:00,27.4,80,32.4,0.0,3,1008.7,5.7,131,100,0.0,29.4,0.157
Selangor,3.0738,101.5183,2026-02-14T00:00,26.9,79,31.5,0.0,3,1008.8,5.3,123,100,0.0,28.7,0.157
Selangor,3.0738,101.5183,2026-02-14T01:00,26.5,78,31.0,0.0,3,1008.4,4.9,114,97,0.0,28.0,0.156
Selangor,3.0738,101.5183,2026-02-14T02:00,26.5,90,32.4,0.0,3,1007.8,4.1,270,99,0.0,28.5,0.154
Selangor,3.0738,101.5183,2026-02-14T03:00,26.2,92,32.7,0.0,3,1007.1,0.6,108,100,0.0,28.0,0.154
Selangor,3.0738,101.5183,2026-02-14T04:00,25.7,94,32.0,0.0,3,1006.8,1.5,36,100,0.0,27.5,0.153
Selangor,3.0738,101.5183,2026-02-14T05:00,25.6,93,31.5,0.0,3,1006.4,3.6,340,100,0.0,27.1,0.153
Selangor,3.0738,101.5183,2026-02-14T06:00,25.4,94,31.2,0.0,3,1006.7,2.9,349,99,0.0,26.8,0.153
Selangor,3.0738,101.5183,2026-02-14T07:00,25.0,95,30.8,0.0,3,1007.3,2.9,4,100,0.0,26.5,0.153
Selangor,3.0738,101.5183,2026-02-14T08:00,25.5,91,30.9,1.1,55,1007.5,3.8,357,74,13.0,27.0,0.152
Selangor,3.0738,101.5183,2026-02-14T09:00,27.1,81,32.6,0.0,2,1008.3,3.1,329,59,171.0,27.6,0.152
Selangor,3.0738,101.5183,2026-02-14T10:00,28.9,73,33.9,0.0,3,1009.0,5.2,284,99,399.0,29.1,0.151
Selangor,3.0738,101.5183,2026-02-14T11:00,30.3,66,35.7,0.1,51,1009.0,3.4,286,95,572.0,31.0,0.15
Selangor,3.0738,101.5183,2026-02-14T12:00,31.6,60,37.8,0.0,3,1008.4,3.1,310,88,731.0,33.2,0.148
Selangor,3.0738,101.5183,2026-02-14T13:00,33.0,53,39.6,0.0,1,1007.3,3.5,305,29,871.0,35.3,0.145
Selangor,3.0738,101.5183,2026-02-14T14:00,34.8,44,40.9,0.0,1,1005.8,4.8,349,30,947.0,37.5,0.144
Selangor,3.0738,101.5183,2026-02-14T15:00,29.3,72,33.7,4.1,63,1005.5,16.8,257,81,737.0,37.5,0.195
Selangor,3.0738,101.5183,2026-02-14T16:00,29.9,72,35.4,0.3,51,1004.5,4.5,275,53,471.0,36.2,0.196
Selangor,3.0738,101.5183,2026-02-14T17:00,28.1,78,33.6,1.5,61,1004.6,3.4,90,99,481.0,35.3,0.211
Selangor,3.0738,101.5183,2026-02-14T18:00,27.5,81,32.8,0.3,51,1004.8,5.0,291,80,275.0,34.0,0.212
Selangor,3.0738,101.5183,2026-02-14T19:00,27.0,82,32.1,0.2,51,1005.2,5.5,322,86,142.0,32.6,0.212
Selangor,3.0738,101.5183,2026-02-14T20:00,27.6,80,33.0,0.0,3,1006.0,5.0,38,93,9.0,30.5,0.282
Selangor,3.0738,101.5183,2026-02-14T21:00,27.4,83,32.4,0.0,3,1006.4,8.0,18,98,0.0,29.5,0.282
Selangor,3.0738,101.5183,2026-02-14T22:00,26.6,87,32.6,0.0,3,1007.4,2.1,345,95,0.0,28.8,0.281
Selangor,3.0738,101.5183,2026-02-14T23:00,26.3,87,31.9,0.0,3,1008.0,3.7,47,100,0.0,28.2,0.281
Selangor,3.0738,101.5183,2026-02-15T00:00,26.0,90,31.9,0.0,3,1008.2,2.3,32,97,0.0,27.7,0.281
Selangor,3.0738,101.5183,2026-02-15T01:00,26.1,88,31.5,0.0,3,1007.6,4.8,65,100,0.0,27.4,0.281
Selangor,3.0738,101.5183,2026-02-15T02:00,26.1,93,32.5,0.0,3,1007.4,1.9,119,100,0.0,28.2,0.276
Selangor,3.0738,101.5183,2026-02-15T03:00,25.5,94,31.3,0.3,51,1006.5,5.2,63,100,0.0,27.8,0.279
Selangor,3.0738,101.5183,2026-02-15T04:00,25.1,94,31.2,0.0,3,1006.1,1.4,50,100,0.0,27.2,0.279
Selangor,3.0738,101.5183,2026-02-15T05:00,25.0,94,31.2,0.0,3,1005.9,0.0,270,100,0.0,26.9,0.279
Selangor,3.0738,101.5183,2026-02-15T06:00,24.8,95,30.7,0.0,3,1006.6,1.1,360,100,0.0,26.6,0.279
Selangor,3.0738,101.5183,2026-02-15T07:00,24.6,95,30.2,0.0,3,1007.0,2.5,356,99,0.0,26.3,0.279
Selangor,3.0738,101.5183,2026-02-15T08:00,24.0,93,29.3,0.0,3,1007.2,1.4,220,100,13.0,27.1,0.275
Selangor,3.0738,101.5183,2026-02-15T09:00,25.1,91,30.1,0.0,3,1008.6,6.6,249,98,150.0,27.2,0.274
Selangor,3.0738,101.5183,2026-02-15T10:00,25.5,87,29.9,0.0,3,1009.2,7.8,233,100,263.0,27.6,0.272
Selangor,3.0738,101.5183,2026-02-15T11:00,25.7,84,30.7,0.1,51,1009.4,2.5,172,100,176.0,27.7,0.271
Selangor,3.0738,101.5183,2026-02-15T12:00,26.8,80,32.2,0.0,1,1008.9,1.5,194,49,263.0,28.2,0.27
Selangor,3.0738,101.5183,2026-02-15T13:00,29.2,71,35.8,0.0,1,1007.6,4.0,207,24,767.0,30.1,0.265
Selangor,3.0738,101.5183,2026-02-15T14:00,30.7,62,38.1,0.0,1,1006.2,1.8,169,25,904.0,31.8,0.256
Selangor,3.0738,101.5183,2026-02-15T15:00,31.4,60,38.4,0.1,51,1005.0,1.3,236,23,840.0,33.2,0.25
Selangor,3.0738,101.5183,2026-02-15T16:00,31.5,59,36.8,0.0,3,1003.9,6.2,287,100,719.0,33.8,0.244
Selangor,3.0738,101.5183,2026-02-15T17:00,26.8,84,31.4,2.2,61,1004.4,9.6,313,92,311.0,32.2,0.268
Selangor,3.0738,101.5183,2026-02-15T18:00,27.5,75,31.5,1.8,61,1004.6,8.7,343,100,220.0,31.4,0.289
Selangor,3.0738,101.5183,2026-02-15T19:00,25.4,87,30.7,5.4,63,1006.1,0.9,270,99,64.0,29.8,0.361
Selangor,3.0738,101.5183,2026-02-15T20:00,24.5,95,29.1,3.0,63,1006.1,9.0,61,100,3.0,28.9,0.498
Selangor,3.0738,101.5183,2026-02-15T21:00,24.5,95,28.8,2.0,61,1007.3,10.4,91,100,0.0,27.9,0.5
Selangor,3.0738,101.5183,2026-02-15T22:00,24.5,94,29.5,0.3,51,1007.9,4.7,97,100,0.0,27.1,0.49
Selangor,3.0738,101.5183,2026-02-15T23:00,24.5,92,29.3,0.1,51,1007.9,5.8,141,99,0.0,26.6,0.483
Selangor,3.0738,101.5183,2026-02-16T00:00,24.4,93,29.7,0.0,3,1008.4,2.2,185,100,0.0,26.4,0.476
Selangor,3.0738,101.5183,2026-02-16T01:00,24.4,94,29.6,0.0,3,1008.4,3.8,270,100,0.0,26.1,0.471
Selangor,3.0738,101.5183,2026-02-16T02:00,24.1,96,29.2,0.0,3,1008.1,5.7,323,100,0.0,26.4,0.466
Selangor,3.0738,101.5183,2026-02-16T03:00,24.0,95,29.1,0.3,51,1007.1,3.5,298,100,0.0,26.0,0.466
Selangor,3.0738,101.5183,2026-02-16T04:00,23.8,97,29.1,0.0,3,1006.5,2.4,351,100,0.0,25.8,0.463
Selangor,3.0738,101.5183,2026-02-16T05:00,23.8,97,28.9,0.0,3,1005.8,3.3,36,100,0.0,25.6,0.46
Selangor,3.0738,101.5183,2026-02-16T06:00,23.6,97,28.4,0.0,3,1005.7,4.9,39,100,0.0,25.5,0.457
Selangor,3.0738,101.5183,2026-02-16T07:00,23.2,97,28.0,0.0,3,1006.0,3.8,73,100,0.0,25.1,0.455
Selangor,3.0738,101.5183,2026-02-16T08:00,24.2,97,29.7,0.0,3,1006.3,3.1,225,100,13.0,25.8,0.469
Selangor,3.0738,101.5183,2026-02-16T09:00,25.2,93,30.8,0.0,3,1007.2,3.2,180,100,102.0,25.9,0.466
Selangor,3.0738,101.5183,2026-02-16T10:00,26.4,90,32.5,0.0,3,1007.8,1.5,194,100,271.0,26.7,0.463
Selangor,3.0738,101.5183,2026-02-16T11:00,28.0,78,33.6,0.1,51,1008.2,2.0,190,100,476.0,27.9,0.458
Selangor,3.0738,101.5183,2026-02-16T12:00,29.1,73,35.7,0.1,51,1007.9,2.2,235,100,675.0,29.4,0.452
Selangor,3.0738,101.5183,2026-02-16T13:00,29.9,70,37.1,0.3,51,1006.7,3.6,252,100,832.0,30.7,0.447
Selangor,3.0738,101.5183,2026-02-16T14:00,27.9,77,32.8,0.6,53,1005.2,6.0,245,100,249.0,30.1,0.449
Selangor,3.0738,101.5183,2026-02-16T15:00,27.9,80,34.5,0.7,53,1004.6,3.2,273,100,688.0,30.7,0.45
Selangor,3.0738,101.5183,2026-02-16T16:00,28.3,78,34.3,0.4,51,1004.5,1.0,158,100,432.0,30.7,0.45
Selangor,3.0738,101.5183,2026-02-16T17:00,27.5,80,32.8,4.7,63,1004.0,4.7,247,100,295.0,30.4,0.508
Selangor,3.0738,101.5183,2026-02-16T18:00,25.8,85,30.8,15.1,65,1004.9,3.3,6,100,148.0,29.1,0.5
Selangor,3.0738,101.5183,2026-02-16T19:00,25.2,90,30.1,0.5,53,1005.5,5.4,300,100,21.0,28.1,0.499
Selangor,3.0738,101.5183,2026-02-16T20:00,24.5,94,29.5,0.3,51,1005.9,5.1,309,100,5.0,27.3,0.495
Selangor,3.0738,101.5183,2026-02-16T21:00,24.3,94,29.5,0.1,51,1006.4,3.5,336,100,0.0,26.7,0.49
Selangor,3.0738,101.5183,2026-02-16T22:00,23.8,98,28.3,0.0,3,1007.7,8.4,326,100,0.0,26.2,0.487
Selangor,3.0738,101.5183,2026-02-16T23:00,23.8,94,28.9,0.2,51,1008.1,1.8,169,100,0.0,25.9,0.486
Negeri Sembilan,2.7258,101.9424,2026-01-17T00:00,25.6,82,29.6,0.0,3,1002.9,7.1,49,99,0.0,29.0,0.148
Negeri Sembilan,2.7258,101.9424,2026-01-17T01:00,25.0,84,29.3,0.0,1,1002.5,5.4,40,41,0.0,28.2,0.148
Negeri Sembilan,2.7258,101.9424,2026-01-17T02:00,24.4,87,29.3,0.0,3,1002.1,0.3,135,83,0.0,29.0,0.146
Negeri Sembilan,2.7258,101.9424,2026-01-17T03:00,24.1,89,28.7,0.0,2,1001.3,3.4,16,73,0.0,28.1,0.146
Negeri Sembilan,2.7258,101.9424,2026-01-17T04:00,24.0,91,28.6,0.0,1,1000.4,3.9,43,48,0.0,27.5,0.146
Negeri Sembilan,2.7258,101.9424,2026-01-17T05:00,23.9,92,28.2,0.0,1,1000.2,6.0,61,21,0.0,26.9,0.146
Negeri Sembilan,2.7258,101.9424,2026-01-17T06:00,23.7,91,27.6,0.0,2,1000.5,7.5,30,77,0.0,26.5,0.147
Negeri Sembilan,2.7258,101.9424,2026-01-17T07:00,23.6,90,27.5,0.0,1,1000.6,6.4,16,30,0.0,26.0,0.147
Negeri Sembilan,2.7258,101.9424,2026-01-17T08:00,23.9,92,28.2,0.0,3,1001.0,6.4,54,80,19.0,26.3,0.158
Negeri Sembilan,2.7258,101.9424,2026-01-17T09:00,25.9,81,30.1,0.0,3,1001.9,5.8,51,97,194.0,26.8,0.158
Negeri Sembilan,2.7258,101.9424,2026-01-17T10:00,27.6,71,31.8,0.0,3,1002.5,5.2,46,99,390.0,28.1,0.158
Negeri Sembilan,2.7258,101.9424,2026-01-17T11:00,29.4,61,33.4,0.0,3,1002.5,4.8,27,98,604.0,29.9,0.156
Negeri Sembilan,2.7258,101.9424,2026-01-17T12:00,30.9,52,35.1,0.0,3,1002.0,6.0,343,90,737.0,31.8,0.155
Negeri Sembilan,2.7258,101.9424,2026-01-17T13:00,32.3,47,36.7,0.0,3,1000.9,7.9,309,99,875.0,33.8,0.153
Negeri Sembilan,2.7258,101.9424,2026-01-17T14:00,32.3,45,35.7,0.0,3,1000.3,11.0,284,100,855.0,35.1,0.153
Negeri Sembilan,2.7258,101.9424,2026-01-17T15:00,31.1,52,34.4,0.0,3,999.1,12.5,258,100,764.0,35.7,0.152
Negeri Sembilan,2.7258,101.9424,2026-01-17T16:00,30.5,58,34.3,0.1,51,998.4,8.7,252,100,641.0,35.8,0.152
Negeri Sembilan,2.7258,101.9424,2026-01-17T17:00,30.5,58,34.1,0.0,3,997.9,7.7,269,100,577.0,35.8,0.151
Negeri Sembilan,2.7258,101.9424,2026-01-17T18:00,29.8,62,33.5,0.0,2,998.3,7.0,258,68,357.0,35.0,0.15
Negeri Sembilan,2.7258,101.9424,2026-01-17T19:00,28.5,69,32.8,0.0,2,999.1,5.8,244,60,124.0,33.7,0.15
Negeri Sembilan,2.7258,101.9424,2026-01-17T20:00,28.0,78,33.6,0.0,3,999.6,2.0,135,99,5.0,31.9,0.16
Negeri Sembilan,2.7258,101.9424,2026-01-17T21:00,27.3,78,31.7,0.0,3,1000.1,7.8,67,99,0.0,30.7,0.16
Negeri Sembilan,2.7258,101.9424,2026-01-17T22:00,26.9,75,31.1,0.0,3,1000.7,5.9,72,100,0.0,29.7,0.16
Negeri Sembilan,2.7258,101.9424,2026-01-17T23:00,26.1,79,30.2,0.0,3,1001.1,6.8,93,100,0.0,28.9,0.159
Negeri Sembilan,2.7258,101.9424,2026-01-18T00:00,25.2,82,28.8,0.0,3,1001.4,9.0,74,100,0.0,28.1,0.159
Negeri Sembilan,2.7258,101.9424,2026-01-18T01:00,24.8,83,28.1,0.0,3,1001.1,9.6,62,100,0.0,27.5,0.159
Negeri Sembilan,2.7258,101.9424,2026-01-18T02:00,24.5,85,27.9,0.0,3,1000.7,10.4,64,100,0.0,27.6,0.158
Negeri Sembilan,2.7258,101.9424,2026-01-18T03:00,24.4,84,27.6,0.0,3,999.9,9.8,64,100,0.0,27.0,0.158
Negeri Sembilan,2.7258,101.9424,2026-01-18T04:00,24.4,84,27.5,0.0,3,999.6,10.0,56,98,0.0,26.6,0.159
Negeri Sembilan,2.7258,101.9424,2026-01-18T05:00,24.0,85,26.9,0.0,3,999.4,10.9,57,95,0.0,26.1,0.159
Negeri Sembilan,2.7258,101.9424,2026-01-18T06:00,23.6,87,26.6,0.0,3,999.6,10.4,56,100,0.0,25.8,0.159
Negeri Sembilan,2.7258,101.9424,2026-01-18T07:00,23.4,90,27.6,0.0,3,999.9,3.1,45,99,0.0,25.5,0.159
Negeri Sembilan,2.7258,101.9424,2026-01-18T08:00,24.0,85,27.5,0.0,3,1000.1,6.7,56,100,18.0,25.8,0.158
Negeri Sembilan,2.7258,101.9424,2026-01-18T09:00,25.6,79,29.9,0.0,3,1000.9,3.1,54,100,155.0,26.3,0.158
Negeri Sembilan,2.7258,101.9424,2026-01-18T10:00,27.9,69,32.1,0.0,3,1001.1,3.0,52,100,348.0,27.6,0.157
Negeri Sembilan,2.7258,101.9424,2026-01-18T11:00,29.8,58,33.1,0.0,3,1001.2,7.1,344,100,583.0,29.5,0.156
Negeri Sembilan,2.7258,101.9424,2026-01-18T12:00,30.6,54,33.9,0.0,3,1001.1,8.4,332,100,628.0,31.1,0.155
Negeri Sembilan,2.7258,101.9424,2026-01-18T13:00,31.8,49,36.0,0.0,3,1000.3,8.2,328,99,833.0,33.0,0.154
Negeri Sembilan,2.7258,101.9424,2026-01-18T14:00,32.3,44,36.6,0.0,3,999.4,5.5,311,84,844.0,34.6,0.153
Negeri Sembilan,2.7258,101.9424,2026-01-18T15:00,33.2,42,37.3,0.0,3,998.4,5.6,295,88,846.0,36.0,0.152
Negeri Sembilan,2.7258,101.9424,2026-01-18T16:00,32.8,43,36.0,0.1,51,997.7,6.9,279,99,727.0,36.7,0.152
Negeri Sembilan,2.7258,101.9424,2026-01-18T17:00,31.4,49,33.9,0.2,51,997.6,7.8,255,100,515.0,36.4,0.153
Negeri Sembilan,2.7258,101.9424,2026-01-18T18:00,29.9,62,33.7,0.1,51,998.0,6.7,234,100,312.0,35.5,0.154
Negeri Sembilan,2.7258,101.9424,2026-01-18T19:00,28.6,70,33.1,0.0,3,998.5,5.3,232,100,120.0,34.0,0.154
Negeri Sembilan,2.7258,101.9424,2026-01-18T20:00,27.6,72,32.0,0.0,3,999.7,4.3,90,100,5.0,32.5,0.156
Negeri Sembilan,2.7258,101.9424,2026-01-18T21:00,27.4,75,32.0,0.0,3,1000.3,4.0,90,100,0.0,31.2,0.156
Negeri Sembilan,2.7258,101.9424,2026-01-18T22:00,26.8,79,31.6,0.0,3,1000.8,4.4,99,100,0.0,30.1,0.156
Negeri Sembilan,2.7258,101.9424,2026-01-18T23:00,26.1,79,29.8,0.0,3,1001.4,8.7,84,100,0.0,29.1,0.155
Negeri Sembilan,2.7258,101.9424,2026-01-19T00:00,25.4,76,28.5,0.0,3,1001.5,8.7,73,100,0.0,28.4,0.155
Negeri Sembilan,2.7258,101.9424,2026-01-19T01:00,24.8,78,27.7,0.0,3,1001.5,9.4,60,100,0.0,27.7,0.155
Negeri Sembilan,2.7258,101.9424,2026-01-19T02:00,24.4,83,28.6,0.0,3,1001.1,2.3,315,100,0.0,27.6,0.154
Negeri Sembilan,2.7258,101.9424,2026-01-19T03:00,24.0,85,27.6,0.0,3,1000.6,6.6,35,100,0.0,27.0,0.154
Negeri Sembilan,2.7258,101.9424,2026-01-19T04:00,23.7,82,26.4,0.0,3,1000.0,9.4,47,98,0.0,26.5,0.154
Negeri Sembilan,2.7258,101.9424,2026-01-19T05:00,23.6,79,25.7,0.0,3,999.8,12.1,57,87,0.0,26.0,0.153
Negeri Sembilan,2.7258,101.9424,2026-01-19T06:00,23.5,79,25.6,0.0,3,999.7,11.2,50,95,0.0,25.6,0.153
Negeri Sembilan,2.7258,101.9424,2026-01-19T07:00,23.2,79,25.6,0.0,3,1000.3,8.2,38,100,0.0,25.2,0.153
Negeri Sembilan,2.7258,101.9424,2026-01-19T08:00,23.8,82,26.6,0.0,3,1000.8,9.0,60,100,18.0,25.8,0.156
Negeri Sembilan,2.7258,101.9424,2026-01-19T09:00,26.1,73,29.4,0.0,3,1001.7,7.0,48,100,168.0,26.3,0.155
Negeri Sembilan,2.7258,101.9424,2026-01-19T10:00,28.6,61,31.9,0.0,3,1002.2,5.1,48,100,369.0,27.8,0.155
Negeri Sembilan,2.7258,101.9424,2026-01-19T11:00,30.5,51,33.6,0.0,3,1002.5,4.3,360,100,610.0,29.9,0.153
Negeri Sembilan,2.7258,101.9424,2026-01-19T12:00,31.6,46,35.5,0.0,3,1002.4,2.7,318,100,716.0,32.0,0.152
Negeri Sembilan,2.7258,101.9424,2026-01-19T13:00,32.8,42,37.3,0.0,3,1001.9,3.2,270,100,864.0,34.2,0.15
Negeri Sembilan,2.7258,101.9424,2026-01-19T14:00,31.8,47,36.5,0.1,51,1001.6,4.0,240,100,837.0,35.8,0.152
Negeri Sembilan,2.7258,101.9424,2026-01-19T15:00,32.2,47,36.5,0.4,51,1000.8,6.5,264,100,810.0,37.0,0.155
Negeri Sembilan,2.7258,101.9424,2026-01-19T16:00,26.9,73,31.4,1.3,61,1000.8,5.6,285,100,651.0,36.0,0.169
Negeri Sembilan,2.7258,101.9424,2026-01-19T17:00,26.8,71,29.8,0.1,51,1000.2,8.9,52,100,252.0,34.3,0.169
Negeri Sembilan,2.7258,101.9424,2026-01-19T18:00,27.5,66,30.7,0.0,3,999.8,6.6,37,100,299.0,33.3,0.168
Negeri Sembilan,2.7258,101.9424,2026-01-19T19:00,27.2,68,30.7,0.0,3,1000.2,4.6,42,100,98.0,32.0,0.167
Negeri Sembilan,2.7258,101.9424,2026-01-19T20:00,26.0,85,31.0,0.0,3,1001.4,5.3,108,100,4.0,29.2,0.275
Negeri Sembilan,2.7258,101.9424,2026-01-19T21:00,25.6,86,30.3,0.0,3,1001.8,5.9,72,100,0.0,28.4,0.275
Negeri Sembilan,2.7258,101.9424,2026-01-19T22:00,24.9,86,28.8,0.0,3,1002.1,8.4,59,100,0.0,27.5,0.274
Negeri Sembilan,2.7258,101.9424,2026-01-19T23:00,24.5,80,27.4,0.0,3,1002.2,8.9,61,100,0.0,26.9,0.274
Negeri Sembilan,2.7258,101.9424,2026-01-20T00:00,24.1,80,26.8,0.0,3,1002.6,9.5,65,100,0.0,26.2,0.273
Negeri Sembilan,2.7258,101.9424,2026-01-20T01:00,23.8,84,26.7,0.0,3,1002.6,9.7,62,100,0.0,25.8,0.273
Negeri Sembilan,2.7258,101.9424,2026-01-20T02:00,23.6,87,26.8,0.0,3,1002.1,9.8,54,100,0.0,26.0,0.271
Negeri Sembilan,2.7258,101.9424,2026-01-20T03:00,23.5,87,26.2,0.0,3,1001.3,11.9,58,100,0.0,25.5,0.271
Negeri Sembilan,2.7258,101.9424,2026-01-20T04:00,23.2,88,25.8,0.0,3,1000.6,12.3,59,100,0.0,25.1,0.271
Negeri Sembilan,2.7258,101.9424,2026-01-20T05:00,23.0,87,25.4,0.0,3,1000.4,12.8,55,99,0.0,24.9,0.27
Negeri Sembilan,2.7258,101.9424,2026-01-20T06:00,22.9,87,25.4,0.0,3,1000.8,11.0,52,100,0.0,24.5,0.27
Negeri Sembilan,2.7258,101.9424,2026-01-20T07:00,22.8,87,25.5,0.0,3,1001.4,9.8,49,100,0.0,24.3,0.27
Negeri Sembilan,2.7258,101.9424,2026-01-20T08:00,23.2,89,26.9,0.0,3,1002.2,6.3,75,100,17.0,24.6,0.271
Negeri Sembilan,2.7258,101.9424,2026-01-20T09:00,25.0,83,29.3,0.0,3,1003.4,4.5,67,100,154.0,25.1,0.271
Negeri Sembilan,2.7258,101.9424,2026-01-20T10:00,27.0,72,30.8,0.0,3,1004.1,5.4,56,100,330.0,26.1,0.269
Negeri Sembilan,2.7258,101.9424,2026-01-20T11:00,28.5,63,32.3,0.0,3,1004.1,2.9,47,100,539.0,27.5,0.265
Negeri Sembilan,2.7258,101.9424,2026-01-20T12:00,28.8,60,32.4,0.0,3,1004.0,2.4,312,100,473.0,28.5,0.262
Negeri Sembilan,2.7258,101.9424,2026-01-20T13:00,27.5,65,30.9,0.1,51,1003.7,4.1,347,100,287.0,28.6,0.26
Negeri Sembilan,2.7258,101.9424,2026-01-20T14:00,25.8,77,30.1,0.2,51,1003.3,1.7,198,100,440.0,29.0,0.276
Negeri Sembilan,2.7258,101.9424,2026-01-20T15:00,27.2,71,31.7,0.3,51,1002.1,1.9,29,100,552.0,29.6,0.276
Negeri Sembilan,2.7258,101.9424,2026-01-20T16:00,27.3,69,31.4,0.0,3,1001.3,1.8,45,100,256.0,29.4,0.274
Negeri Sembilan,2.7258,101.9424,2026-01-20T17:00,28.6,63,32.6,0.0,3,1000.7,2.0,117,100,444.0,29.9,0.271
Negeri Sembilan,2.7258,101.9424,2026-01-20T18:00,28.4,63,32.4,0.0,3,1000.5,1.3,124,100,320.0,29.7,0.269
Negeri Sembilan,2.7258,101.9424,2026-01-20T19:00,27.5,73,32.1,0.0,3,1000.5,2.7,98,100,130.0,29.0,0.268
Negeri Sembilan,2.7258,101.9424,2026-01-20T20:00,25.4,86,30.1,0.0,3,1001.3,5.4,76,100,6.0,27.7,0.268
Negeri Sembilan,2.7258,101.9424,2026-01-20T21:00,24.8,90,29.3,0.0,3,1002.1,7.0,78,100,0.0,27.0,0.268
Negeri Sembilan,2.7258,101.9424,2026-01-20T22:00,24.5,87,28.0,0.0,3,1002.8,10.9,81,100,0.0,26.4,0.267
Negeri Sembilan,2.7258,101.9424,2026-01-20T23:00,24.1,86,27.3,0.0,3,1003.4,10.2,69,100,0.0,25.8,0.267
Negeri Sembilan,2.7258,101.9424,2026-01-21T00:00,23.9,85,26.9,0.0,3,1003.5,9.8,70,100,0.0,25.4,0.267
Negeri Sembilan,2.7258,101.9424,2026-01-21T01:00,23.7,84,26.4,0.0,3,1003.3,11.1,58,100,0.0,25.0,0.266
Negeri Sembilan,2.7258,101.9424,2026-01-21T02:00,23.6,85,26.2,0.0,3,1002.7,12.0,62,100,0.0,25.4,0.264
Negeri Sembilan,2.7258,101.9424,2026-01-21T03:00,23.5,85,25.7,0.0,3,1001.8,13.4,59,100,0.0,25.0,0.264
Negeri Sembilan,2.7258,101.9424,2026-01-21T04:00,23.4,84,25.4,0.0,3,1001.2,13.7,55,100,0.0,24.5,0.263
Negeri Sembilan,2.7258,101.9424,2026-01-21T05:00,23.2,83,25.1,0.0,3,1001.2,13.9,56,100,0.0,24.3,0.263
Negeri Sembilan,2.7258,101.9424,2026-01-21T06:00,23.1,83,25.1,0.0,3,1001.4,13.0,53,100,0.0,24.0,0.262
Negeri Sembilan,2.7258,101.9424,2026-01-21T07:00,23.0,83,25.1,0.0,3,1001.8,12.2,54,100,0.0,23.8,0.262
Negeri Sembilan,2.7258,101.9424,2026-01-21T08:00,23.4,80,25.4,0.0,3,1002.7,11.9,58,100,18.0,23.6,0.262
Negeri Sembilan,2.7258,101.9424,2026-01-21T09:00,25.4,74,27.9,0.0,3,1003.7,9.9,61,100,174.0,24.2,0.261
Negeri Sembilan,2.7258,101.9424,2026-01-21T10:00,27.2,65,29.8,0.0,3,1004.3,9.1,52,100,343.0,25.2,0.259
Negeri Sembilan,2.7258,101.9424,2026-01-21T11:00,28.2,61,30.6,0.0,3,1004.7,9.7,56,100,445.0,26.4,0.256
Negeri Sembilan,2.7258,101.9424,2026-01-21T12:00,28.9,59,31.4,0.0,3,1004.4,9.3,58,100,517.0,27.4,0.253
Negeri Sembilan,2.7258,101.9424,2026-01-21T13:00,29.5,56,32.4,0.0,3,1003.8,7.2,55,100,582.0,28.4,0.249
Negeri Sembilan,2.7258,101.9424,2026-01-21T14:00,29.3,55,32.2,0.0,3,1003.2,7.3,65,100,620.0,29.4,0.245
Negeri Sembilan,2.7258,101.9424,2026-01-21T15:00,30.0,54,32.7,0.0,3,1002.1,6.3,66,100,555.0,29.9,0.241
Negeri Sembilan,2.7258,101.9424,2026-01-21T16:00,30.3,52,33.3,0.0,3,1001.5,3.8,71,100,526.0,30.4,0.237
Negeri Sembilan,2.7258,101.9424,2026-01-21T17:00,30.0,52,33.1,0.0,3,1001.2,2.1,75,100,457.0,30.6,0.234
Negeri Sembilan,2.7258,101.9424,2026-01-21T18:00,29.6,53,32.6,0.0,3,1001.6,2.9,97,100,267.0,30.2,0.232
Negeri Sembilan,2.7258,101.9424,2026-01-21T19:00,28.3,67,32.7,0.0,3,1001.6,2.5,94,100,93.0,29.5,0.231
Negeri Sembilan,2.7258,101.9424,2026-01-21T20:00,26.7,74,31.0,0.0,3,1002.7,2.6,25,100,6.0,28.5,0.232
Negeri Sembilan,2.7258,101.9424,2026-01-21T21:00,25.8,79,30.1,0.0,3,1003.4,3.6,72,100,0.0,27.6,0.232
Negeri Sembilan,2.7258,101.9424,2026-01-21T22:00,25.2,77,28.3,0.0,3,1004.3,9.1,81,100,0.0,26.9,0.231
Negeri Sembilan,2.7258,101.9424,2026-01-21T23:00,24.8,78,27.6,0.0,3,1004.6,9.0,70,100,0.0,26.2,0.231
Negeri Sembilan,2.7258,101.9424,2026-01-22T00:00,24.4,78,27.1,0.0,3,1004.5,8.8,64,100,0.0,25.7,0.23
Negeri Sembilan,2.7258,101.9424,2026-01-22T01:00,24.1,78,26.7,0.0,3,1004.3,8.4,59,100,0.0,25.2,0.23
Negeri Sembilan,2.7258,101.9424,2026-01-22T02:00,23.9,78,25.7,0.0,3,1003.7,13.2,58,100,0.0,25.0,0.23
Negeri Sembilan,2.7258,101.9424,2026-01-22T03:00,23.6,77,25.3,0.0,3,1002.7,13.1,58,100,0.0,24.6,0.229
Negeri Sembilan,2.7258,101.9424,2026-01-22T04:00,23.5,76,25.0,0.0,3,1002.1,13.1,52,100,0.0,24.3,0.229
Negeri Sembilan,2.7258,101.9424,2026-01-22T05:00,23.4,75,24.7,0.0,3,1002.0,13.3,52,99,0.0,24.0,0.228
Negeri Sembilan,2.7258,101.9424,2026-01-22T06:00,23.3,74,24.4,0.0,3,1002.3,13.6,49,100,0.0,23.7,0.227
Negeri Sembilan,2.7258,101.9424,2026-01-22T07:00,23.2,73,24.2,0.0,3,1002.5,13.7,46,100,0.0,23.5,0.227
Negeri Sembilan,2.7258,101.9424,2026-01-22T08:00,23.6,72,24.7,0.0,3,1003.3,13.8,51,100,17.0,23.2,0.226
Negeri Sembilan,2.7258,101.9424,2026-01-22T09:00,25.0,70,26.8,0.0,3,1003.9,11.1,46,100,147.0,23.7,0.225
Negeri Sembilan,2.7258,101.9424,2026-01-22T10:00,26.7,65,28.7,0.0,3,1004.7,11.3,46,100,357.0,24.9,0.223
Negeri Sembilan,2.7258,101.9424,2026-01-22T11:00,28.6,57,31.0,0.0,3,1005.0,10.6,42,100,624.0,26.5,0.219
Negeri Sembilan,2.7258,101.9424,2026-01-22T12:00,29.9,53,33.2,0.0,3,1005.1,10.3,35,100,791.0,28.2,0.215
Negeri Sembilan,2.7258,101.9424,2026-01-22T13:00,30.9,49,34.7,0.0,3,1004.4,9.8,20,100,878.0,29.8,0.21
Negeri Sembilan,2.7258,101.9424,2026-01-22T14:00,30.6,50,33.8,0.1,51,1003.6,10.1,10,100,772.0,30.7,0.205
Negeri Sembilan,2.7258,101.9424,2026-01-22T15:00,30.8,50,33.1,0.0,3,1002.7,10.1,12,100,622.0,31.1,0.201
Negeri Sembilan,2.7258,101.9424,2026-01-22T16:00,30.5,50,32.5,0.0,3,1001.9,8.8,26,100,518.0,31.2,0.198
Negeri Sembilan,2.7258,101.9424,2026-01-22T17:00,31.0,49,33.4,0.0,3,1001.6,6.7,357,100,485.0,31.3,0.195
Negeri Sembilan,2.7258,101.9424,2026-01-22T18:00,30.4,49,32.1,0.0,3,1001.7,10.2,21,100,355.0,31.0,0.192
Negeri Sembilan,2.7258,101.9424,2026-01-22T19:00,28.2,57,29.8,0.0,3,1002.0,11.6,39,100,121.0,30.0,0.191
Negeri Sembilan,2.7258,101.9424,2026-01-22T20:00,26.8,65,29.3,0.0,3,1003.3,7.1,45,100,6.0,29.0,0.19
Negeri Sembilan,2.7258,101.9424,2026-01-22T21:00,26.0,67,28.4,0.0,3,1004.0,7.7,69,98,0.0,27.9,0.189
Negeri Sembilan,2.7258,101.9424,2026-01-22T22:00,25.0,74,27.2,0.0,3,1004.8,11.4,74,100,0.0,27.0,0.189
Negeri Sembilan,2.7258,101.9424,2026-01-22T23:00,24.4,79,26.8,0.0,3,1004.7,11.4,61,100,0.0,26.2,0.188
Negeri Sembilan,2.7258,101.9424,2026-01-23T00:00,24.0,79,26.3,0.0,3,1004.8,11.8,59,100,0.0,25.6,0.188
Negeri Sembilan,2.7258,101.9424,2026-01-23T01:00,23.9,78,25.9,0.0,3,1004.9,12.5,54,92,0.0,25.2,0.188
Negeri Sembilan,2.7258,101.9424,2026-01-23T02:00,24.0,77,25.7,0.0,3,1004.5,13.1,52,91,0.0,25.5,0.184
Negeri Sembilan,2.7258,101.9424,2026-01-23T03:00,23.9,74,25.2,0.0,3,1003.9,13.9,46,97,0.0,25.0,0.184
Negeri Sembilan,2.7258,101.9424,2026-01-23T04:00,23.8,70,24.3,0.0,3,1003.0,16.4,48,100,0.0,24.6,0.183
Negeri Sembilan,2.7258,101.9424,2026-01-23T05:00,23.7,69,24.4,0.0,3,1003.0,14.5,43,100,0.0,24.2,0.183
Negeri Sembilan,2.7258,101.9424,2026-01-23T06:00,23.6,68,24.3,0.0,3,1003.3,13.8,39,98,0.0,24.0,0.182
Negeri Sembilan,2.7258,101.9424,2026-01-23T07:00,23.5,68,24.3,0.0,3,1004.0,12.3,27,95,0.0,23.8,0.182
Negeri Sembilan,2.7258,101.9424,2026-01-23T08:00,23.8,67,24.8,0.0,3,1004.8,11.4,33,99,17.0,23.8,0.183
Negeri Sembilan,2.7258,101.9424,2026-01-23T09:00,25.9,61,27.5,0.0,3,1005.7,8.5,28,100,180.0,24.4,0.182
Negeri Sembilan,2.7258,101.9424,2026-01-23T10:00,27.9,52,28.5,0.0,3,1006.4,13.0,42,100,408.0,25.8,0.18
Negeri Sembilan,2.7258,101.9424,2026-01-23T11:00,29.1,48,29.8,0.0,3,1006.6,15.8,38,100,636.0,27.4,0.177
Negeri Sembilan,2.7258,101.9424,2026-01-23T12:00,30.4,44,32.0,0.0,3,1006.2,15.2,33,100,806.0,29.1,0.174
Negeri Sembilan,2.7258,101.9424,2026-01-23T13:00,31.5,40,33.4,0.0,3,1005.6,14.9,32,97,917.0,30.8,0.17
Negeri Sembilan,2.7258,101.9424,2026-01-23T14:00,31.4,42,33.8,0.0,3,1005.1,14.2,18,100,953.0,32.2,0.169
Negeri Sembilan,2.7258,101.9424,2026-01-23T15:00,30.5,44,30.8,0.0,3,1004.0,14.8,41,100,460.0,32.2,0.167
Negeri Sembilan,2.7258,101.9424,2026-01-23T16:00,31.5,41,32.2,0.0,3,1003.1,11.1,39,100,553.0,32.5,0.164
Negeri Sembilan,2.7258,101.9424,2026-01-23T17:00,31.2,42,31.8,0.2,51,1002.6,12.8,20,100,456.0,32.5,0.164
Negeri Sembilan,2.7258,101.9424,2026-01-23T18:00,30.5,45,31.5,0.0,3,1002.6,9.8,46,100,243.0,31.9,0.163
Negeri Sembilan,2.7258,101.9424,2026-01-23T19:00,29.4,50,31.1,0.0,3,1003.0,7.5,40,100,118.0,30.9,0.162
Negeri Sembilan,2.7258,101.9424,2026-01-23T20:00,27.2,71,31.5,0.0,3,1003.9,2.2,5,100,6.0,30.0,0.159
Negeri Sembilan,2.7258,101.9424,2026-01-23T21:00,26.5,69,30.2,0.0,3,1004.2,3.3,22,100,0.0,28.9,0.158
Negeri Sembilan,2.7258,101.9424,2026-01-23T22:00,26.1,63,27.5,0.0,3,1004.8,12.9,71,100,0.0,27.9,0.158
Negeri Sembilan,2.7258,101.9424,2026-01-23T23:00,25.2,72,27.2,0.0,3,1005.1,12.4,59,100,0.0,27.2,0.158
Negeri Sembilan,2.7258,101.9424,2026-01-24T00:00,24.9,73,26.7,0.0,3,1005.3,12.5,53,100,0.0,26.6,0.157
Negeri Sembilan,2.7258,101.9424,2026-01-24T01:00,24.5,73,26.3,0.0,3,1005.6,12.9,47,100,0.0,26.1,0.157
Negeri Sembilan,2.7258,101.9424,2026-01-24T02:00,24.8,74,27.2,0.0,3,1005.4,9.1,41,100,0.0,26.4,0.157
Negeri Sembilan,2.7258,101.9424,2026-01-24T03:00,24.7,73,26.8,0.0,3,1004.7,10.7,45,96,0.0,25.9,0.156
Negeri Sembilan,2.7258,101.9424,2026-01-24T04:00,24.3,74,25.8,0.0,3,1004.2,14.3,41,92,0.0,25.5,0.156
Negeri Sembilan,2.7258,101.9424,2026-01-24T05:00,23.8,75,25.5,0.0,3,1004.2,11.8,26,94,0.0,25.1,0.156
Negeri Sembilan,2.7258,101.9424,2026-01-24T06:00,23.5,76,25.4,0.0,3,1004.4,10.2,18,98,0.0,24.8,0.156
Negeri Sembilan,2.7258,101.9424,2026-01-24T07:00,23.4,76,25.4,0.0,3,1005.1,9.0,12,97,0.0,24.5,0.156
Negeri Sembilan,2.7258,101.9424,2026-01-24T08:00,24.1,69,25.2,0.0,3,1005.6,13.6,46,100,17.0,24.7,0.155
Negeri Sembilan,2.7258,101.9424,2026-01-24T09:00,26.0,64,27.7,0.0,3,1006.1,10.4,42,100,181.0,25.3,0.155
Negeri Sembilan,2.7258,101.9424,2026-01-24T10:00,28.1,55,29.0,0.0,3,1006.5,15.2,43,100,423.0,26.8,0.154
Negeri Sembilan,2.7258,101.9424,2026-01-24T11:00,30.0,48,31.0,0.0,3,1006.8,16.2,38,99,647.0,28.6,0.153
Negeri Sembilan,2.7258,101.9424,2026-01-24T12:00,31.2,44,33.1,0.0,3,1006.3,15.2,39,99,820.0,30.6,0.151
Negeri Sembilan,2.7258,101.9424,2026-01-24T13:00,32.0,42,34.6,0.0,3,1005.4,14.6,38,100,928.0,32.6,0.15
Negeri Sembilan,2.7258,101.9424,2026-01-24T14:00,31.9,40,34.4,0.0,3,1005.2,13.9,30,98,945.0,34.3,0.15
Negeri Sembilan,2.7258,101.9424,2026-01-24T15:00,32.5,38,32.9,0.0,3,1003.6,13.6,35,99,610.0,34.7,0.148
Negeri Sembilan,2.7258,101.9424,2026-01-24T16:00,33.5,34,34.2,0.0,3,1002.7,13.9,27,100,723.0,35.5,0.147
Negeri Sembilan,2.7258,101.9424,2026-01-24T17:00,32.5,37,32.7,0.0,3,1002.1,13.4,47,100,452.0,35.2,0.147
Negeri Sembilan,2.7258,101.9424,2026-01-24T18:00,31.6,39,32.2,0.0,3,1002.1,10.9,50,100,270.0,34.5,0.146
Negeri Sembilan,2.7258,101.9424,2026-01-24T19:00,30.5,44,32.3,0.0,3,1002.6,4.1,49,100,104.0,33.4,0.146
Negeri Sembilan,2.7258,101.9424,2026-01-24T20:00,28.5,61,31.8,0.0,3,1003.3,5.1,219,100,4.0,32.3,0.145
Negeri Sembilan,2.7258,101.9424,2026-01-24T21:00,27.4,69,30.8,0.0,3,1004.1,6.4,108,100,0.0,31.0,0.145
Negeri Sembilan,2.7258,101.9424,2026-01-24T22:00,26.8,65,28.7,0.0,3,1004.7,12.1,65,100,0.0,29.9,0.145
Negeri Sembilan,2.7258,101.9424,2026-01-24T23:00,25.9,70,28.0,0.0,3,1005.0,12.7,60,94,0.0,29.0,0.145
Negeri Sembilan,2.7258,101.9424,2026-01-25T00:00,25.4,73,27.3,0.0,3,1004.7,13.7,58,98,0.0,28.2,0.145
Negeri Sembilan,2.7258,101.9424,2026-01-25T01:00,25.0,74,26.8,0.0,3,1004.7,13.9,50,98,0.0,27.5,0.145
Negeri Sembilan,2.7258,101.9424,2026-01-25T02:00,25.0,75,27.7,0.0,3,1004.2,9.1,49,100,0.0,27.5,0.145
Negeri Sembilan,2.7258,101.9424,2026-01-25T03:00,24.8,75,27.6,0.0,3,1003.8,8.0,38,99,0.0,27.0,0.145
Negeri Sembilan,2.7258,101.9424,2026-01-25T04:00,24.5,76,26.9,0.0,3,1003.1,10.0,41,100,0.0,26.4,0.145
Negeri Sembilan,2.7258,101.9424,2026-01-25T05:00,24.1,78,26.8,0.0,3,1003.1,8.7,43,99,0.0,26.0,0.145
Negeri Sembilan,2.7258,101.9424,2026-01-25T06:00,23.8,79,26.6,0.0,3,1003.5,6.9,37,92,0.0,25.5,0.145
Negeri Sembilan,2.7258,101.9424,2026-01-25T07:00,23.5,80,26.3,0.0,2,1004.0,7.4,26,54,0.0,25.1,0.145
Negeri Sembilan,2.7258,101.9424,2026-01-25T08:00,24.5,71,25.8,0.0,3,1004.5,14.2,52,98,18.0,25.8,0.144
Negeri Sembilan,2.7258,101.9424,2026-01-25T09:00,26.5,63,27.9,0.0,3,1005.2,13.2,52,99,179.0,26.4,0.144
Negeri Sembilan,2.7258,101.9424,2026-01-25T10:00,28.4,56,29.2,0.0,3,1005.7,17.4,50,99,423.0,27.8,0.143
Negeri Sembilan,2.7258,101.9424,2026-01-25T11:00,30.1,49,31.2,0.0,3,1005.7,17.1,51,100,652.0,29.7,0.143
Negeri Sembilan,2.7258,101.9424,2026-01-25T12:00,31.6,44,33.7,0.0,3,1005.4,14.5,48,99,818.0,31.9,0.143
Negeri Sembilan,2.7258,101.9424,2026-01-25T13:00,32.2,40,34.4,0.0,3,1004.8,11.5,48,100,806.0,33.7,0.143
Negeri Sembilan,2.7258,101.9424,2026-01-25T14:00,32.0,40,34.3,0.0,3,1004.3,9.6,49,99,764.0,35.0,0.146
Negeri Sembilan,2.7258,101.9424,2026-01-25T15:00,32.5,39,35.3,0.1,51,1003.3,7.8,56,100,812.0,36.2,0.146
Negeri Sembilan,2.7258,101.9424,2026-01-25T16:00,32.5,38,34.1,0.0,3,1002.6,9.4,50,100,689.0,36.8,0.146
Negeri Sembilan,2.7258,101.9424,2026-01-25T17:00,32.0,41,32.8,0.0,3,1002.2,11.1,50,100,533.0,36.6,0.145
Negeri Sembilan,2.7258,101.9424,2026-01-25T18:00,30.7,46,31.4,0.0,3,1002.4,14.4,54,100,278.0,35.5,0.145
Negeri Sembilan,2.7258,101.9424,2026-01-25T19:00,29.1,54,30.3,0.0,3,1002.9,13.6,61,100,106.0,34.1,0.145
Negeri Sembilan,2.7258,101.9424,2026-01-25T20:00,27.8,61,30.0,0.0,3,1003.5,9.8,72,100,6.0,33.1,0.143
Negeri Sembilan,2.7258,101.9424,2026-01-25T21:00,27.1,66,28.8,0.0,3,1004.1,15.3,72,100,0.0,31.8,0.143
Negeri Sembilan,2.7258,101.9424,2026-01-25T22:00,25.9,71,27.4,0.0,3,1004.7,16.8,65,100,0.0,30.5,0.143
Negeri Sembilan,2.7258,101.9424,2026-01-25T23:00,25.4,69,26.3,0.0,3,1004.7,18.1,61,100,0.0,29.4,0.143
Negeri Sembilan,2.7258,101.9424,2026-01-26T00:00,24.9,72,25.8,0.0,3,1004.4,18.0,57,100,0.0,28.5,0.143
Negeri Sembilan,2.7258,101.9424,2026-01-26T01:00,24.8,73,25.8,0.0,3,1004.4,17.8,56,100,0.0,27.8,0.143
Negeri Sembilan,2.7258,101.9424,2026-01-26T02:00,24.8,74,26.1,0.0,3,1003.8,16.9,55,100,0.0,27.9,0.143
Negeri Sembilan,2.7258,101.9424,2026-01-26T03:00,24.5,75,25.9,0.0,3,1003.5,16.3,52,88,0.0,27.2,0.143
Negeri Sembilan,2.7258,101.9424,2026-01-26T04:00,24.4,74,25.6,0.0,3,1003.1,16.2,52,99,0.0,26.8,0.143
Negeri Sembilan,2.7258,101.9424,2026-01-26T05:00,24.0,76,25.3,0.0,2,1002.9,15.9,55,62,0.0,26.4,0.143
Negeri Sembilan,2.7258,101.9424,2026-01-26T06:00,23.8,78,25.1,0.0,1,1003.5,16.4,54,39,0.0,26.0,0.143
Negeri Sembilan,2.7258,101.9424,2026-01-26T07:00,23.6,79,24.9,0.0,3,1004.2,16.9,54,86,0.0,25.6,0.143
Negeri Sembilan,2.7258,101.9424,2026-01-26T08:00,24.4,73,25.6,0.0,2,1004.8,15.3,49,79,17.0,25.6,0.144
Negeri Sembilan,2.7258,101.9424,2026-01-26T09:00,26.5,65,27.7,0.0,3,1005.6,15.3,51,89,188.0,26.3,0.144
Negeri Sembilan,2.7258,101.9424,2026-01-26T10:00,28.3,56,28.7,0.0,1,1006.1,19.1,52,41,421.0,27.8,0.144
Negeri Sembilan,2.7258,101.9424,2026-01-26T11:00,29.9,50,30.6,0.0,0,1006.0,18.9,51,18,642.0,29.6,0.143
Negeri Sembilan,2.7258,101.9424,2026-01-26T12:00,31.2,45,32.8,0.0,0,1005.4,17.5,50,12,814.0,31.6,0.143
Negeri Sembilan,2.7258,101.9424,2026-01-26T13:00,32.4,40,34.9,0.0,1,1004.8,14.1,46,28,922.0,33.8,0.143
Negeri Sembilan,2.7258,101.9424,2026-01-26T14:00,32.6,38,35.2,0.0,3,1003.7,10.9,44,95,895.0,35.5,0.144
Negeri Sembilan,2.7258,101.9424,2026-01-26T15:00,33.7,35,35.9,0.0,1,1002.8,10.4,45,45,831.0,36.8,0.143
Negeri Sembilan,2.7258,101.9424,2026-01-26T16:00,33.1,37,33.8,0.0,3,1001.7,13.0,53,98,621.0,37.2,0.143
Negeri Sembilan,2.7258,101.9424,2026-01-26T17:00,31.7,41,32.3,0.0,2,1001.5,12.7,57,67,321.0,36.3,0.143
Negeri Sembilan,2.7258,101.9424,2026-01-26T18:00,31.8,41,32.7,0.0,3,1001.8,10.7,53,96,334.0,35.8,0.143
Negeri Sembilan,2.7258,101.9424,2026-01-26T19:00,30.0,47,30.8,0.0,0,1002.3,13.6,66,11,99.0,34.5,0.143
Negeri Sembilan,2.7258,101.9424,2026-01-26T20:00,28.5,55,29.9,0.0,3,1003.5,11.9,88,98,7.0,33.4,0.142
Negeri Sembilan,2.7258,101.9424,2026-01-26T21:00,27.4,60,28.8,0.0,2,1004.2,12.8,84,69,0.0,32.0,0.142
Negeri Sembilan,2.7258,101.9424,2026-01-26T22:00,26.5,62,27.6,0.0,3,1004.6,15.5,75,99,0.0,30.9,0.142
Negeri Sembilan,2.7258,101.9424,2026-01-26T23:00,25.7,65,26.8,0.0,3,1005.1,14.5,68,98,0.0,29.8,0.143
Negeri Sembilan,2.7258,101.9424,2026-01-27T00:00,25.1,67,26.0,0.0,3,1004.8,15.9,61,99,0.0,28.9,0.143
Negeri Sembilan,2.7258,101.9424,2026-01-27T01:00,24.9,68,25.8,0.0,3,1005.1,15.2,59,100,0.0,28.2,0.143
Negeri Sembilan,2.7258,101.9424,2026-01-27T02:00,24.8,69,25.8,0.0,3,1004.5,15.5,55,100,0.0,28.2,0.141
Negeri Sembilan,2.7258,101.9424,2026-01-27T03:00,24.6,69,25.5,0.0,3,1004.3,15.2,54,100,0.0,27.6,0.141
Negeri Sembilan,2.7258,101.9424,2026-01-27T04:00,24.5,68,25.2,0.0,3,1004.0,15.2,54,100,0.0,27.1,0.141
Negeri Sembilan,2.7258,101.9424,2026-01-27T05:00,24.4,67,24.9,0.0,3,1003.7,15.8,55,100,0.0,26.7,0.141
Negeri Sembilan,2.7258,101.9424,2026-01-27T06:00,24.2,67,25.0,0.0,3,1004.3,13.8,54,100,0.0,26.4,0.141
Negeri Sembilan,2.7258,101.9424,2026-01-27T07:00,24.2,66,24.8,0.0,3,1004.8,14.3,50,100,0.0,26.1,0.141
Negeri Sembilan,2.7258,101.9424,2026-01-27T08:00,24.6,64,25.0,0.0,3,1005.3,15.8,53,80,15.0,26.9,0.132
Negeri Sembilan,2.7258,101.9424,2026-01-27T09:00,26.6,58,27.3,0.0,2,1006.0,14.6,50,73,178.0,27.4,0.132
Negeri Sembilan,2.7258,101.9424,2026-01-27T10:00,28.5,50,28.7,0.0,2,1006.6,16.2,51,71,415.0,28.6,0.132
Negeri Sembilan,2.7258,101.9424,2026-01-27T11:00,30.2,46,30.8,0.0,2,1006.5,16.8,46,52,636.0,30.5,0.132
Negeri Sembilan,2.7258,101.9424,2026-01-27T12:00,31.6,43,33.4,0.0,1,1006.1,14.9,43,34,803.0,32.5,0.132
Negeri Sembilan,2.7258,101.9424,2026-01-27T13:00,33.0,38,35.9,0.0,3,1005.5,10.4,23,95,894.0,34.7,0.132
Negeri Sembilan,2.7258,101.9424,2026-01-27T14:00,32.2,41,35.4,0.0,3,1004.8,9.7,4,100,922.0,36.7,0.141
Negeri Sembilan,2.7258,101.9424,2026-01-27T15:00,32.9,39,34.6,0.0,3,1003.4,10.1,11,100,654.0,37.2,0.141
Negeri Sembilan,2.7258,101.9424,2026-01-27T16:00,32.7,41,34.0,0.1,51,1002.6,9.1,15,100,482.0,37.1,0.142
Negeri Sembilan,2.7258,101.9424,2026-01-27T17:00,32.3,42,33.8,0.1,51,1002.1,8.8,31,100,372.0,36.8,0.143
Negeri Sembilan,2.7258,101.9424,2026-01-27T18:00,31.5,44,33.0,0.0,3,1002.2,9.1,56,100,185.0,35.8,0.143
Negeri Sembilan,2.7258,101.9424,2026-01-27T19:00,30.5,47,32.1,0.0,3,1002.6,7.9,78,100,93.0,34.7,0.143
Negeri Sembilan,2.7258,101.9424,2026-01-27T20:00,28.2,59,31.3,0.0,3,1003.5,3.1,193,100,6.0,33.8,0.142
Negeri Sembilan,2.7258,101.9424,2026-01-27T21:00,27.8,64,31.3,0.0,3,1004.0,3.3,174,100,0.0,32.5,0.142
Negeri Sembilan,2.7258,101.9424,2026-01-27T22:00,27.2,63,29.4,0.0,2,1005.1,10.0,99,54,0.0,31.4,0.142
Negeri Sembilan,2.7258,101.9424,2026-01-27T23:00,25.8,68,27.8,0.0,1,1005.4,10.6,71,20,0.0,30.3,0.142
Negeri Sembilan,2.7258,101.9424,2026-01-28T00:00,25.2,70,27.5,0.0,3,1005.5,9.0,60,90,0.0,29.4,0.142
Negeri Sembilan,2.7258,101.9424,2026-01-28T01:00,25.0,71,27.2,0.0,3,1005.5,8.7,56,100,0.0,28.6,0.142
Negeri Sembilan,2.7258,101.9424,2026-01-28T02:00,24.9,73,26.9,0.0,3,1004.6,11.6,49,98,0.0,28.6,0.141
Negeri Sembilan,2.7258,101.9424,2026-01-28T03:00,24.8,74,27.0,0.0,3,1003.9,9.9,53,100,0.0,28.0,0.141
Negeri Sembilan,2.7258,101.9424,2026-01-28T04:00,24.4,76,26.9,0.0,3,1003.6,9.0,52,100,0.0,27.5,0.141
Negeri Sembilan,2.7258,101.9424,2026-01-28T05:00,24.1,77,26.7,0.0,3,1003.2,8.9,52,100,0.0,27.0,0.141
Negeri Sembilan,2.7258,101.9424,2026-01-28T06:00,24.0,77,26.5,0.0,3,1003.4,9.2,43,100,0.0,26.6,0.141
Negeri Sembilan,2.7258,101.9424,2026-01-28T07:00,23.9,78,26.1,0.0,3,1004.1,10.3,47,100,0.0,26.2,0.141
Negeri Sembilan,2.7258,101.9424,2026-01-28T08:00,24.6,72,26.1,0.0,3,1004.5,13.7,51,100,15.0,27.0,0.136
Negeri Sembilan,2.7258,101.9424,2026-01-28T09:00,26.2,65,28.0,0.0,3,1005.7,11.0,50,100,137.0,27.4,0.136
Negeri Sembilan,2.7258,101.9424,2026-01-28T10:00,28.2,56,29.6,0.0,3,1006.0,12.8,50,93,347.0,28.6,0.136
Negeri Sembilan,2.7258,101.9424,2026-01-28T11:00,30.0,50,31.8,0.0,1,1006.1,11.9,42,27,614.0,30.6,0.136
Negeri Sembilan,2.7258,101.9424,2026-01-28T12:00,31.5,46,34.7,0.0,2,1005.9,9.0,31,65,779.0,32.8,0.136
Negeri Sembilan,2.7258,101.9424,2026-01-28T13:00,32.2,45,35.6,0.2,51,1005.0,8.0,20,95,773.0,34.6,0.138
Negeri Sembilan,2.7258,101.9424,2026-01-28T14:00,29.7,53,33.6,0.5,53,1005.3,6.0,17,100,778.0,35.9,0.164
Negeri Sembilan,2.7258,101.9424,2026-01-28T15:00,29.2,56,31.6,0.3,51,1004.2,8.6,29,99,367.0,35.0,0.166
Negeri Sembilan,2.7258,101.9424,2026-01-28T16:00,29.6,54,31.7,0.0,3,1003.2,9.0,43,92,402.0,34.5,0.164
Negeri Sembilan,2.7258,101.9424,2026-01-28T17:00,30.8,50,33.6,0.0,3,1002.4,5.4,34,99,586.0,34.6,0.161
Negeri Sembilan,2.7258,101.9424,2026-01-28T18:00,31.0,49,33.8,0.0,3,1002.0,4.2,310,100,301.0,34.0,0.16
Negeri Sembilan,2.7258,101.9424,2026-01-28T19:00,30.0,51,32.6,0.2,51,1002.8,5.0,2,52,104.0,33.0,0.161
Negeri Sembilan,2.7258,101.9424,2026-01-28T20:00,28.2,58,30.2,0.1,51,1003.9,10.1,51,92,5.0,33.2,0.139
Negeri Sembilan,2.7258,101.9424,2026-01-28T21:00,27.5,61,29.6,0.0,3,1004.4,9.8,44,93,0.0,31.9,0.139
Negeri Sembilan,2.7258,101.9424,2026-01-28T22:00,27.2,63,29.2,0.0,3,1005.1,11.4,65,95,0.0,30.9,0.139
Negeri Sembilan,2.7258,101.9424,2026-01-28T23:00,26.3,70,28.5,0.0,3,1005.5,12.4,71,100,0.0,30.0,0.139
Negeri Sembilan,2.7258,101.9424,2026-01-29T00:00,25.7,72,27.8,0.0,3,1005.5,13.1,63,97,0.0,29.2,0.139
Negeri Sembilan,2.7258,101.9424,2026-01-29T01:00,25.4,72,27.2,0.0,1,1005.3,13.6,61,41,0.0,28.5,0.139
Negeri Sembilan,2.7258,101.9424,2026-01-29T02:00,25.2,74,27.4,0.0,3,1005.1,12.4,48,100,0.0,28.5,0.137
Negeri Sembilan,2.7258,101.9424,2026-01-29T03:00,25.1,75,27.1,0.1,51,1003.7,13.8,53,84,0.0,28.0,0.138
Negeri Sembilan,2.7258,101.9424,2026-01-29T04:00,24.6,75,26.9,0.0,3,1003.3,10.7,49,100,0.0,27.4,0.138
Negeri Sembilan,2.7258,101.9424,2026-01-29T05:00,24.6,74,27.0,0.0,1,1003.1,9.4,54,48,0.0,27.0,0.138
Negeri Sembilan,2.7258,101.9424,2026-01-29T06:00,24.5,75,27.6,0.0,3,1003.5,4.4,52,99,0.0,26.8,0.138
Negeri Sembilan,2.7258,101.9424,2026-01-29T07:00,24.4,75,27.1,0.0,2,1003.8,7.0,35,73,0.0,26.5,0.139
Negeri Sembilan,2.7258,101.9424,2026-01-29T08:00,24.9,71,27.8,0.0,3,1004.6,3.3,347,100,16.0,26.9,0.134
Negeri Sembilan,2.7258,101.9424,2026-01-29T09:00,26.5,65,29.7,0.0,2,1005.8,2.1,285,73,149.0,27.5,0.134
Negeri Sembilan,2.7258,101.9424,2026-01-29T10:00,28.2,59,31.3,0.0,1,1006.0,3.1,28,42,318.0,28.9,0.134
Negeri Sembilan,2.7258,101.9424,2026-01-29T11:00,30.1,52,32.7,0.0,1,1006.2,5.1,39,35,539.0,30.9,0.134
Negeri Sembilan,2.7258,101.9424,2026-01-29T12:00,31.1,49,35.1,0.3,51,1006.0,3.1,10,55,702.0,33.1,0.137
Negeri Sembilan,2.7258,101.9424,2026-01-29T13:00,31.6,47,35.9,0.5,53,1005.1,1.9,311,38,738.0,34.8,0.142
Negeri Sembilan,2.7258,101.9424,2026-01-29T14:00,28.2,60,31.9,0.3,51,1005.0,9.8,54,100,789.0,36.4,0.154
Negeri Sembilan,2.7258,101.9424,2026-01-29T15:00,30.4,53,33.2,0.0,1,1003.8,8.9,52,41,629.0,36.3,0.153
Negeri Sembilan,2.7258,101.9424,2026-01-29T16:00,30.6,52,33.8,0.5,53,1002.9,8.0,44,51,672.0,36.6,0.158
Negeri Sembilan,2.7258,101.9424,2026-01-29T17:00,30.4,53,33.1,0.2,51,1002.1,6.6,53,25,508.0,36.1,0.159
Negeri Sembilan,2.7258,101.9424,2026-01-29T18:00,30.2,53,32.8,0.0,1,1001.9,7.7,54,22,332.0,35.2,0.158
Negeri Sembilan,2.7258,101.9424,2026-01-29T19:00,29.5,56,32.2,0.0,1,1003.0,6.6,57,26,135.0,33.9,0.157
Negeri Sembilan,2.7258,101.9424,2026-01-29T20:00,28.0,59,30.2,0.0,0,1003.7,9.1,41,2,7.0,32.9,0.141
Negeri Sembilan,2.7258,101.9424,2026-01-29T21:00,27.4,62,29.8,0.0,0,1004.2,8.4,53,2,0.0,31.6,0.141
Negeri Sembilan,2.7258,101.9424,2026-01-29T22:00,26.8,65,28.9,0.0,0,1004.9,10.3,67,5,0.0,30.6,0.142
Negeri Sembilan,2.7258,101.9424,2026-01-29T23:00,26.0,70,28.3,0.0,3,1005.7,11.5,65,100,0.0,29.7,0.142
Negeri Sembilan,2.7258,101.9424,2026-01-30T00:00,25.5,73,27.7,0.0,3,1005.7,12.6,62,99,0.0,29.0,0.142
Negeri Sembilan,2.7258,101.9424,2026-01-30T01:00,25.2,75,27.6,0.0,3,1006.0,11.9,59,84,0.0,28.4,0.142
Negeri Sembilan,2.7258,101.9424,2026-01-30T02:00,25.0,75,27.5,0.0,3,1005.4,10.8,58,84,0.0,27.9,0.142
Negeri Sembilan,2.7258,101.9424,2026-01-30T03:00,24.8,76,27.0,0.0,3,1004.7,12.2,53,84,0.0,27.4,0.142
Negeri Sembilan,2.7258,101.9424,2026-01-30T04:00,24.8,76,27.2,0.0,3,1004.4,10.9,50,93,0.0,27.0,0.142
Negeri Sembilan,2.7258,101.9424,2026-01-30T05:00,24.7,76,27.1,0.0,1,1004.5,11.1,53,36,0.0,26.7,0.142
Negeri Sembilan,2.7258,101.9424,2026-01-30T06:00,24.4,78,26.6,0.0,1,1004.5,11.8,47,34,0.0,26.4,0.142
Negeri Sembilan,2.7258,101.9424,2026-01-30T07:00,24.1,79,26.5,0.0,0,1004.8,11.3,47,0,0.0,26.1,0.142
Negeri Sembilan,2.7258,101.9424,2026-01-30T08:00,25.0,75,27.1,0.0,0,1005.2,13.3,55,9,16.0,26.3,0.141
Negeri Sembilan,2.7258,101.9424,2026-01-30T09:00,27.0,67,29.2,0.0,0,1005.8,11.9,52,8,175.0,27.0,0.141
Negeri Sembilan,2.7258,101.9424,2026-01-30T10:00,29.0,58,31.3,0.0,3,1006.3,11.3,56,100,397.0,28.6,0.141
Negeri Sembilan,2.7258,101.9424,2026-01-30T11:00,30.9,51,33.3,0.0,3,1006.4,10.1,47,99,574.0,30.6,0.141
Negeri Sembilan,2.7258,101.9424,2026-01-30T12:00,32.5,44,35.6,0.0,3,1005.7,8.2,36,98,719.0,32.9,0.141
Negeri Sembilan,2.7258,101.9424,2026-01-30T13:00,33.5,42,37.4,0.0,3,1005.1,7.2,22,100,828.0,35.2,0.142
Negeri Sembilan,2.7258,101.9424,2026-01-30T14:00,32.5,43,35.7,0.1,51,1004.4,7.6,34,100,761.0,36.7,0.146
Negeri Sembilan,2.7258,101.9424,2026-01-30T15:00,32.7,44,35.9,0.3,51,1003.4,5.9,23,100,681.0,37.3,0.149
Negeri Sembilan,2.7258,101.9424,2026-01-30T16:00,31.9,46,35.1,0.7,53,1002.9,0.9,270,100,562.0,37.4,0.156
Negeri Sembilan,2.7258,101.9424,2026-01-30T17:00,31.6,48,34.6,0.2,51,1002.3,3.0,197,56,544.0,37.3,0.157
Negeri Sembilan,2.7258,101.9424,2026-01-30T18:00,31.1,51,34.3,0.1,51,1002.1,3.1,230,48,350.0,36.4,0.156
Negeri Sembilan,2.7258,101.9424,2026-01-30T19:00,29.9,56,32.7,0.2,51,1002.9,7.6,317,41,120.0,35.0,0.158
Negeri Sembilan,2.7258,101.9424,2026-01-30T20:00,27.0,79,31.5,0.0,1,1004.2,7.0,61,35,6.0,32.5,0.173
Negeri Sembilan,2.7258,101.9424,2026-01-30T21:00,26.8,82,31.4,0.0,0,1004.3,7.5,66,6,0.0,31.2,0.173
Negeri Sembilan,2.7258,101.9424,2026-01-30T22:00,26.5,76,30.0,0.0,0,1005.4,9.4,79,5,0.0,30.1,0.172
Negeri Sembilan,2.7258,101.9424,2026-01-30T23:00,25.5,80,28.9,0.0,0,1005.8,9.4,55,6,0.0,29.2,0.172
Negeri Sembilan,2.7258,101.9424,2026-01-31T00:00,25.0,82,28.8,0.0,3,1006.0,6.8,42,86,0.0,28.4,0.171
Negeri Sembilan,2.7258,101.9424,2026-01-31T01:00,24.6,84,28.4,0.0,2,1005.8,6.7,52,73,0.0,27.7,0.171
Negeri Sembilan,2.7258,101.9424,2026-01-31T02:00,24.8,86,29.5,0.0,0,1005.4,2.7,4,13,0.0,28.1,0.162
Negeri Sembilan,2.7258,101.9424,2026-01-31T03:00,24.6,86,28.9,0.0,0,1004.5,4.5,34,19,0.0,27.5,0.162
Negeri Sembilan,2.7258,101.9424,2026-01-31T04:00,24.2,87,28.4,0.0,0,1004.0,4.4,38,9,0.0,27.0,0.162
Negeri Sembilan,2.7258,101.9424,2026-01-31T05:00,23.9,91,28.6,0.0,1,1003.9,2.2,66,32,0.0,26.5,0.162
Negeri Sembilan,2.7258,101.9424,2026-01-31T06:00,23.7,89,27.9,0.0,2,1004.1,3.7,51,71,0.0,26.0,0.162
Negeri Sembilan,2.7258,101.9424,2026-01-31T07:00,23.4,89,27.3,0.0,3,1004.5,4.7,23,88,0.0,25.7,0.162
Negeri Sembilan,2.7258,101.9424,2026-01-31T08:00,24.1,82,27.2,0.0,3,1005.1,8.4,48,89,16.0,26.2,0.165
Negeri Sembilan,2.7258,101.9424,2026-01-31T09:00,26.4,72,29.6,0.0,3,1006.4,7.1,49,99,181.0,26.8,0.164
Negeri Sembilan,2.7258,101.9424,2026-01-31T10:00,28.6,61,31.4,0.0,3,1007.1,8.8,46,98,418.0,28.1,0.163
Negeri Sembilan,2.7258,101.9424,2026-01-31T11:00,30.4,54,33.4,0.0,2,1007.1,8.7,38,70,629.0,30.0,0.161
Negeri Sembilan,2.7258,101.9424,2026-01-31T12:00,31.4,51,35.6,0.1,51,1006.8,5.8,36,52,739.0,31.8,0.16
Negeri Sembilan,2.7258,101.9424,2026-01-31T13:00,32.2,48,37.0,0.1,51,1005.9,5.1,23,79,826.0,33.7,0.158
Negeri Sembilan,2.7258,101.9424,2026-01-31T14:00,32.5,44,35.0,0.2,51,1005.0,7.0,23,77,611.0,34.5,0.157
Negeri Sembilan,2.7258,101.9424,2026-01-31T15:00,33.3,42,37.4,0.2,51,1003.9,5.7,11,46,844.0,35.8,0.157
Negeri Sembilan,2.7258,101.9424,2026-01-31T16:00,32.4,43,35.8,0.4,51,1002.9,4.5,317,35,703.0,36.5,0.16
Negeri Sembilan,2.7258,101.9424,2026-01-31T17:00,31.5,47,34.1,0.2,51,1002.4,5.6,7,23,500.0,36.2,0.161
Negeri Sembilan,2.7258,101.9424,2026-01-31T18:00,30.8,50,33.6,0.0,1,1002.6,4.1,13,34,311.0,35.3,0.159
Negeri Sembilan,2.7258,101.9424,2026-01-31T19:00,29.8,55,32.7,0.1,51,1003.0,5.6,303,38,125.0,34.0,0.16
Negeri Sembilan,2.7258,101.9424,2026-01-31T20:00,27.0,79,31.6,0.1,51,1003.9,6.5,270,23,7.0,33.3,0.164
Negeri Sembilan,2.7258,101.9424,2026-01-31T21:00,26.7,83,31.8,0.0,0,1004.7,4.8,338,13,0.0,31.9,0.164
Negeri Sembilan,2.7258,101.9424,2026-01-31T22:00,26.4,83,31.0,0.0,1,1005.4,6.9,53,49,0.0,30.6,0.164
Negeri Sembilan,2.7258,101.9424,2026-01-31T23:00,26.5,83,31.5,0.1,51,1006.0,4.5,50,29,0.0,29.8,0.165
Negeri Sembilan,2.7258,101.9424,2026-02-01T00:00,26.2,78,30.5,0.0,0,1006.0,4.8,48,8,0.0,29.0,0.165
Negeri Sembilan,2.7258,101.9424,2026-02-01T01:00,25.5,79,29.6,0.0,0,1005.5,4.1,49,16,0.0,28.2,0.165
Negeri Sembilan,2.7258,101.9424,2026-02-01T02:00,24.9,79,28.3,0.0,0,1004.6,7.0,55,8,0.0,28.0,0.164
Negeri Sembilan,2.7258,101.9424,2026-02-01T03:00,24.5,82,28.4,0.0,0,1003.8,4.0,39,13,0.0,27.4,0.164
Negeri Sembilan,2.7258,101.9424,2026-02-01T04:00,24.1,85,28.3,0.0,0,1003.2,3.1,40,4,0.0,26.8,0.164
Negeri Sembilan,2.7258,101.9424,2026-02-01T05:00,23.9,84,27.7,0.0,0,1002.9,4.0,32,3,0.0,26.2,0.164
Negeri Sembilan,2.7258,101.9424,2026-02-01T06:00,23.6,86,27.6,0.0,0,1003.5,3.6,81,3,0.0,25.8,0.164
Negeri Sembilan,2.7258,101.9424,2026-02-01T07:00,23.4,85,27.1,0.0,0,1003.9,3.9,56,9,0.0,25.4,0.164
Negeri Sembilan,2.7258,101.9424,2026-02-01T08:00,24.5,76,27.1,0.0,0,1004.6,9.1,56,4,16.0,26.0,0.165
Negeri Sembilan,2.7258,101.9424,2026-02-01T09:00,26.6,67,29.3,0.0,0,1005.3,8.8,46,2,182.0,26.6,0.164
Negeri Sembilan,2.7258,101.9424,2026-02-01T10:00,29.0,56,30.6,0.0,0,1006.0,13.5,47,3,422.0,28.0,0.163
Negeri Sembilan,2.7258,101.9424,2026-02-01T11:00,30.7,49,32.4,0.0,0,1006.0,14.4,41,1,643.0,29.7,0.161
Negeri Sembilan,2.7258,101.9424,2026-02-01T12:00,32.4,43,35.0,0.0,0,1005.5,12.5,32,19,820.0,31.6,0.158
Negeri Sembilan,2.7258,101.9424,2026-02-01T13:00,33.5,40,36.7,0.0,0,1004.7,11.0,32,19,882.0,33.5,0.156
Negeri Sembilan,2.7258,101.9424,2026-02-01T14:00,33.0,40,35.9,0.0,0,1004.1,11.6,28,11,879.0,35.0,0.158
Negeri Sembilan,2.7258,101.9424,2026-02-01T15:00,34.2,37,37.8,0.0,0,1002.9,7.2,18,13,862.0,36.2,0.155
Negeri Sembilan,2.7258,101.9424,2026-02-01T16:00,34.4,36,37.5,0.0,3,1001.7,3.3,351,92,720.0,37.0,0.153
Negeri Sembilan,2.7258,101.9424,2026-02-01T17:00,33.5,37,35.6,0.0,3,1001.4,2.7,270,95,580.0,37.2,0.151
Negeri Sembilan,2.7258,101.9424,2026-02-01T18:00,31.4,48,34.0,0.1,51,1001.7,4.5,236,95,321.0,36.4,0.151
Negeri Sembilan,2.7258,101.9424,2026-02-01T19:00,29.8,59,33.7,0.0,3,1002.4,3.6,237,97,138.0,35.0,0.151
Negeri Sembilan,2.7258,101.9424,2026-02-01T20:00,28.7,64,32.2,0.1,51,1003.5,6.3,90,100,7.0,34.0,0.144
Negeri Sembilan,2.7258,101.9424,2026-02-01T21:00,27.9,64,30.7,0.0,3,1004.6,8.5,54,100,0.0,32.7,0.144
Negeri Sembilan,2.7258,101.9424,2026-02-01T22:00,27.3,67,30.4,0.0,3,1005.3,7.3,50,98,0.0,31.5,0.144
Negeri Sembilan,2.7258,101.9424,2026-02-01T23:00,26.9,68,30.2,0.0,3,1005.7,5.5,79,100,0.0,30.5,0.144
Negeri Sembilan,2.7258,101.9424,2026-02-02T00:00,26.5,70,29.7,0.0,3,1005.7,6.3,53,99,0.0,29.7,0.144
Negeri Sembilan,2.7258,101.9424,2026-02-02T01:00,26.0,70,28.7,0.0,3,1005.6,8.3,51,98,0.0,29.0,0.144
Negeri Sembilan,2.7258,101.9424,2026-02-02T02:00,26.0,70,28.4,0.0,3,1005.1,9.8,36,85,0.0,29.1,0.137
Negeri Sembilan,2.7258,101.9424,2026-02-02T03:00,25.7,68,27.5,0.0,3,1004.2,11.7,37,96,0.0,28.5,0.137
Negeri Sembilan,2.7258,101.9424,2026-02-02T04:00,25.0,70,26.6,0.0,3,1003.3,12.9,36,85,0.0,28.0,0.137
Negeri Sembilan,2.7258,101.9424,2026-02-02T05:00,24.6,71,26.4,0.0,3,1003.3,10.9,34,96,0.0,27.5,0.137
Negeri Sembilan,2.7258,101.9424,2026-02-02T06:00,24.4,70,26.1,0.0,3,1003.7,10.1,40,98,0.0,27.0,0.137
Negeri Sembilan,2.7258,101.9424,2026-02-02T07:00,24.2,69,25.6,0.0,3,1004.1,11.2,46,100,0.0,26.5,0.137
Negeri Sembilan,2.7258,101.9424,2026-02-02T08:00,25.1,64,25.4,0.0,3,1004.6,17.9,53,100,16.0,27.0,0.13
Negeri Sembilan,2.7258,101.9424,2026-02-02T09:00,26.9,57,27.2,0.0,3,1005.2,16.8,52,100,173.0,27.5,0.13
Negeri Sembilan,2.7258,101.9424,2026-02-02T10:00,28.6,50,28.1,0.0,3,1005.6,20.7,49,99,415.0,28.7,0.13
Negeri Sembilan,2.7258,101.9424,2026-02-02T11:00,30.2,45,30.0,0.0,3,1005.6,20.2,47,100,629.0,30.4,0.13
Negeri Sembilan,2.7258,101.9424,2026-02-02T12:00,31.6,41,32.5,0.0,3,1005.2,18.6,46,99,806.0,32.3,0.13
Negeri Sembilan,2.7258,101.9424,2026-02-02T13:00,33.2,36,34.9,0.0,3,1004.4,15.8,43,100,924.0,34.3,0.13
Negeri Sembilan,2.7258,101.9424,2026-02-02T14:00,32.9,38,35.5,0.0,3,1003.9,13.0,43,100,957.0,36.2,0.143
Negeri Sembilan,2.7258,101.9424,2026-02-02T15:00,31.5,41,31.5,0.0,3,1003.2,16.7,52,100,438.0,36.0,0.143
Negeri Sembilan,2.7258,101.9424,2026-02-02T16:00,32.4,39,32.9,0.0,3,1002.2,14.5,48,99,589.0,36.4,0.143
Negeri Sembilan,2.7258,101.9424,2026-02-02T17:00,31.5,42,31.9,0.0,3,1002.0,14.8,52,97,408.0,36.0,0.143
Negeri Sembilan,2.7258,101.9424,2026-02-02T18:00,31.4,41,31.8,0.0,3,1001.9,13.3,50,98,272.0,35.3,0.143
Negeri Sembilan,2.7258,101.9424,2026-02-02T19:00,30.4,45,30.8,0.0,3,1002.2,14.2,58,91,114.0,34.3,0.143
Negeri Sembilan,2.7258,101.9424,2026-02-02T20:00,28.9,52,30.4,0.0,3,1003.4,9.3,81,99,8.0,33.3,0.137
Negeri Sembilan,2.7258,101.9424,2026-02-02T21:00,28.0,55,29.1,0.0,3,1004.2,13.5,77,100,0.0,32.1,0.138
Negeri Sembilan,2.7258,101.9424,2026-02-02T22:00,27.0,60,28.2,0.0,3,1005.0,13.9,77,100,0.0,31.0,0.138
Negeri Sembilan,2.7258,101.9424,2026-02-02T23:00,26.2,63,27.3,0.0,3,1005.2,14.4,72,98,0.0,30.1,0.138
Negeri Sembilan,2.7258,101.9424,2026-02-03T00:00,25.6,64,26.6,0.0,3,1005.4,14.3,65,100,0.0,29.2,0.138
Negeri Sembilan,2.7258,101.9424,2026-02-03T01:00,25.0,66,25.9,0.0,3,1005.3,15.0,58,98,0.0,28.5,0.138
Negeri Sembilan,2.7258,101.9424,2026-02-03T02:00,24.9,70,26.1,0.0,3,1004.8,14.8,56,100,0.0,28.4,0.14
Negeri Sembilan,2.7258,101.9424,2026-02-03T03:00,24.5,72,25.8,0.0,3,1004.2,14.5,54,84,0.0,27.7,0.14
Negeri Sembilan,2.7258,101.9424,2026-02-03T04:00,24.2,73,25.5,0.0,3,1004.1,14.3,50,94,0.0,27.2,0.14
Negeri Sembilan,2.7258,101.9424,2026-02-03T05:00,24.1,70,25.1,0.0,3,1003.7,13.9,49,96,0.0,26.8,0.14
Negeri Sembilan,2.7258,101.9424,2026-02-03T06:00,24.0,66,24.6,0.0,3,1004.2,13.9,47,80,0.0,26.4,0.14
Negeri Sembilan,2.7258,101.9424,2026-02-03T07:00,23.8,68,24.4,0.0,1,1004.5,14.4,43,47,0.0,26.0,0.14
Negeri Sembilan,2.7258,101.9424,2026-02-03T08:00,24.6,65,24.8,0.0,3,1005.0,18.4,51,94,16.0,26.3,0.138
Negeri Sembilan,2.7258,101.9424,2026-02-03T09:00,26.4,59,26.7,0.0,0,1005.7,17.2,52,17,182.0,26.9,0.138
Negeri Sembilan,2.7258,101.9424,2026-02-03T10:00,28.6,49,28.3,0.0,0,1006.3,18.5,49,0,425.0,28.2,0.138
Negeri Sembilan,2.7258,101.9424,2026-02-03T11:00,30.6,41,30.4,0.0,0,1006.4,18.3,50,0,649.0,30.1,0.138
Negeri Sembilan,2.7258,101.9424,2026-02-03T12:00,32.2,36,32.9,0.0,0,1006.1,16.4,48,2,827.0,32.3,0.138
Negeri Sembilan,2.7258,101.9424,2026-02-03T13:00,33.0,34,34.5,0.0,0,1005.4,15.5,48,6,936.0,34.5,0.138
Negeri Sembilan,2.7258,101.9424,2026-02-03T14:00,32.2,37,34.9,0.0,3,1005.3,10.9,45,99,963.0,36.2,0.139
Negeri Sembilan,2.7258,101.9424,2026-02-03T15:00,32.9,36,33.2,0.0,2,1003.9,12.0,46,65,579.0,36.8,0.139
Negeri Sembilan,2.7258,101.9424,2026-02-03T16:00,32.5,37,32.5,0.0,3,1003.0,13.7,50,100,456.0,36.7,0.139
Negeri Sembilan,2.7258,101.9424,2026-02-03T17:00,31.0,42,30.7,0.0,1,1002.6,17.7,48,30,314.0,35.9,0.139
Negeri Sembilan,2.7258,101.9424,2026-02-03T18:00,30.6,43,30.7,0.0,1,1002.4,15.9,56,38,344.0,35.3,0.139
Negeri Sembilan,2.7258,101.9424,2026-02-03T19:00,29.5,48,30.0,0.0,3,1002.8,14.5,53,95,138.0,34.1,0.139
Negeri Sembilan,2.7258,101.9424,2026-02-03T20:00,29.0,51,30.1,0.0,3,1003.8,11.9,63,100,8.0,32.9,0.144
Negeri Sembilan,2.7258,101.9424,2026-02-03T21:00,28.1,56,29.8,0.0,3,1004.6,9.7,74,91,0.0,31.8,0.144
Negeri Sembilan,2.7258,101.9424,2026-02-03T22:00,27.5,59,29.3,0.0,3,1005.2,10.0,81,89,0.0,30.9,0.144
Negeri Sembilan,2.7258,101.9424,2026-02-03T23:00,26.9,61,28.9,0.0,3,1005.5,7.9,66,99,0.0,30.0,0.144
Negeri Sembilan,2.7258,101.9424,2026-02-04T00:00,26.1,63,28.3,0.0,3,1005.5,7.1,30,99,0.0,29.2,0.144
Negeri Sembilan,2.7258,101.9424,2026-02-04T01:00,25.8,65,28.2,0.0,3,1005.5,5.8,22,98,0.0,28.5,0.144
Negeri Sembilan,2.7258,101.9424,2026-02-04T02:00,25.4,67,27.6,0.0,1,1004.8,7.7,28,49,0.0,28.5,0.144
Negeri Sembilan,2.7258,101.9424,2026-02-04T03:00,25.2,68,27.9,0.0,0,1004.4,4.0,5,6,0.0,27.8,0.144
Negeri Sembilan,2.7258,101.9424,2026-02-04T04:00,24.8,69,27.5,0.0,0,1004.1,3.2,313,10,0.0,27.2,0.144
Negeri Sembilan,2.7258,101.9424,2026-02-04T05:00,24.2,71,27.0,0.0,2,1003.9,3.2,317,77,0.0,26.7,0.144
Negeri Sembilan,2.7258,101.9424,2026-02-04T06:00,23.8,73,26.5,0.0,2,1004.1,3.5,351,77,0.0,26.2,0.144
Negeri Sembilan,2.7258,101.9424,2026-02-04T07:00,23.2,75,25.7,0.0,1,1004.3,5.2,16,41,0.0,25.8,0.144
Negeri Sembilan,2.7258,101.9424,2026-02-04T08:00,23.9,73,26.3,0.0,0,1005.2,5.7,44,13,16.0,26.0,0.143
Negeri Sembilan,2.7258,101.9424,2026-02-04T09:00,26.7,60,29.5,0.0,0,1006.2,1.4,293,9,180.0,26.8,0.143
Negeri Sembilan,2.7258,101.9424,2026-02-04T10:00,29.2,48,31.5,0.0,0,1006.7,1.5,339,7,417.0,28.6,0.143
Negeri Sembilan,2.7258,101.9424,2026-02-04T11:00,31.5,39,33.3,0.0,0,1006.6,4.7,50,7,637.0,31.1,0.143
Negeri Sembilan,2.7258,101.9424,2026-02-04T12:00,33.0,35,35.2,0.0,1,1006.1,7.2,53,25,790.0,33.6,0.143
Negeri Sembilan,2.7258,101.9424,2026-02-04T13:00,34.0,33,36.6,0.0,1,1005.1,8.8,44,33,881.0,35.8,0.143
Negeri Sembilan,2.7258,101.9424,2026-02-04T14:00,34.2,34,37.5,0.0,0,1004.3,7.3,40,13,909.0,37.5,0.15
Negeri Sembilan,2.7258,101.9424,2026-02-04T15:00,35.2,33,39.4,0.0,0,1003.0,3.1,59,16,906.0,38.8,0.148
Negeri Sembilan,2.7258,101.9424,2026-02-04T16:00,34.3,35,37.0,0.0,2,1002.1,4.9,219,55,731.0,39.4,0.146
Negeri Sembilan,2.7258,101.9424,2026-02-04T17:00,31.8,50,34.1,0.2,51,1001.8,11.0,236,85,447.0,38.5,0.148
Negeri Sembilan,2.7258,101.9424,2026-02-04T18:00,30.8,53,34.0,0.4,51,1002.3,4.3,114,45,299.0,37.3,0.152
Negeri Sembilan,2.7258,101.9424,2026-02-04T19:00,28.5,59,30.9,0.1,51,1003.5,9.7,66,74,102.0,35.5,0.153
Negeri Sembilan,2.7258,101.9424,2026-02-04T20:00,27.5,72,31.1,0.0,1,1004.6,8.6,22,49,7.0,33.8,0.156
Negeri Sembilan,2.7258,101.9424,2026-02-04T21:00,27.2,75,31.6,0.0,2,1005.2,5.4,6,77,0.0,32.3,0.155
Negeri Sembilan,2.7258,101.9424,2026-02-04T22:00,26.9,75,31.1,0.0,1,1005.6,4.7,28,45,0.0,31.2,0.155
Negeri Sembilan,2.7258,101.9424,2026-02-04T23:00,26.3,77,30.8,0.0,1,1006.2,3.1,59,27,0.0,30.2,0.155
Negeri Sembilan,2.7258,101.9424,2026-02-05T00:00,25.9,80,30.3,0.0,2,1006.2,4.1,67,59,0.0,29.4,0.155
Negeri Sembilan,2.7258,101.9424,2026-02-05T01:00,25.8,80,29.7,0.0,3,1006.1,6.8,37,97,0.0,28.8,0.154
Negeri Sembilan,2.7258,101.9424,2026-02-05T02:00,26.1,79,30.9,0.0,3,1005.9,1.9,229,100,0.0,29.0,0.154
Negeri Sembilan,2.7258,101.9424,2026-02-05T03:00,25.9,82,30.8,0.0,3,1005.2,1.9,209,100,0.0,28.6,0.154
Negeri Sembilan,2.7258,101.9424,2026-02-05T04:00,25.4,85,30.1,0.0,2,1004.6,3.1,45,58,0.0,28.1,0.154
Negeri Sembilan,2.7258,101.9424,2026-02-05T05:00,24.6,88,28.9,0.0,3,1004.2,5.9,43,99,0.0,27.5,0.154
Negeri Sembilan,2.7258,101.9424,2026-02-05T06:00,24.5,86,28.5,0.0,3,1004.1,6.5,42,100,0.0,27.1,0.154
Negeri Sembilan,2.7258,101.9424,2026-02-05T07:00,24.5,84,28.4,0.0,1,1004.1,5.7,41,40,0.0,26.9,0.154
Negeri Sembilan,2.7258,101.9424,2026-02-05T08:00,24.6,82,28.0,0.0,3,1004.8,8.0,42,100,15.0,27.1,0.148
Negeri Sembilan,2.7258,101.9424,2026-02-05T09:00,26.1,75,29.7,0.0,3,1005.6,6.2,36,97,74.0,27.4,0.148
Negeri Sembilan,2.7258,101.9424,2026-02-05T10:00,27.9,66,31.2,0.0,3,1005.9,6.9,41,88,201.0,28.2,0.147
Negeri Sembilan,2.7258,101.9424,2026-02-05T11:00,29.6,58,33.0,0.0,1,1006.0,4.8,45,21,336.0,29.5,0.147
Negeri Sembilan,2.7258,101.9424,2026-02-05T12:00,32.0,48,36.2,0.0,0,1005.4,3.3,22,8,712.0,32.0,0.146
Negeri Sembilan,2.7258,101.9424,2026-02-05T13:00,33.8,43,39.5,0.0,1,1004.4,1.9,17,30,895.0,34.8,0.146
Negeri Sembilan,2.7258,101.9424,2026-02-05T14:00,33.0,45,39.1,0.0,2,1003.4,0.6,252,61,934.0,37.2,0.158
Negeri Sembilan,2.7258,101.9424,2026-02-05T15:00,34.3,42,38.9,0.0,3,1002.4,6.1,227,100,847.0,38.2,0.155
Negeri Sembilan,2.7258,101.9424,2026-02-05T16:00,28.1,75,32.8,3.8,63,1002.4,8.6,221,97,573.0,36.9,0.202
Negeri Sembilan,2.7258,101.9424,2026-02-05T17:00,29.0,69,33.8,0.2,51,1001.9,3.0,65,97,297.0,35.3,0.203
Negeri Sembilan,2.7258,101.9424,2026-02-05T18:00,28.9,69,33.3,0.1,51,1002.1,6.4,38,100,248.0,34.1,0.201
Negeri Sembilan,2.7258,101.9424,2026-02-05T19:00,27.7,73,31.8,0.0,3,1002.8,7.4,3,99,99.0,32.7,0.2
Negeri Sembilan,2.7258,101.9424,2026-02-05T20:00,27.8,76,32.7,0.0,3,1003.6,4.1,345,91,6.0,32.8,0.153
Negeri Sembilan,2.7258,101.9424,2026-02-05T21:00,27.7,77,32.9,0.0,3,1004.2,2.9,79,80,0.0,31.7,0.153
Negeri Sembilan,2.7258,101.9424,2026-02-05T22:00,27.1,78,31.3,0.0,3,1005.2,9.4,91,99,0.0,30.8,0.153
Negeri Sembilan,2.7258,101.9424,2026-02-05T23:00,26.5,78,30.1,0.0,3,1005.3,9.5,63,100,0.0,29.9,0.153
Negeri Sembilan,2.7258,101.9424,2026-02-06T00:00,26.0,79,29.8,0.0,3,1005.3,8.0,65,98,0.0,29.1,0.152
Negeri Sembilan,2.7258,101.9424,2026-02-06T01:00,25.6,81,29.6,0.0,3,1005.3,6.7,54,100,0.0,28.5,0.152
Negeri Sembilan,2.7258,101.9424,2026-02-06T02:00,25.8,82,30.2,0.0,2,1004.8,4.5,37,57,0.0,28.5,0.145
Negeri Sembilan,2.7258,101.9424,2026-02-06T03:00,25.4,83,29.9,0.0,3,1004.4,4.0,27,98,0.0,28.0,0.145
Negeri Sembilan,2.7258,101.9424,2026-02-06T04:00,24.9,85,29.0,0.0,3,1004.1,5.8,326,82,0.0,27.5,0.145
Negeri Sembilan,2.7258,101.9424,2026-02-06T05:00,24.5,87,29.0,0.0,1,1004.0,3.6,30,23,0.0,27.1,0.145
Negeri Sembilan,2.7258,101.9424,2026-02-06T06:00,24.2,88,28.7,0.0,1,1004.2,3.6,37,27,0.0,26.8,0.145
Negeri Sembilan,2.7258,101.9424,2026-02-06T07:00,23.9,90,28.0,0.0,2,1004.3,5.2,41,59,0.0,26.5,0.145
Negeri Sembilan,2.7258,101.9424,2026-02-06T08:00,24.8,88,29.5,0.0,3,1005.2,3.6,41,99,14.0,27.2,0.146
Negeri Sembilan,2.7258,101.9424,2026-02-06T09:00,24.9,88,29.1,2.5,63,1006.7,8.3,312,100,130.0,27.4,0.178
Negeri Sembilan,2.7258,101.9424,2026-02-06T10:00,24.5,90,29.2,3.2,63,1007.2,4.2,355,100,167.0,27.0,0.22
Negeri Sembilan,2.7258,101.9424,2026-02-06T11:00,25.6,85,29.9,0.1,51,1007.4,8.3,14,100,333.0,27.6,0.221
Negeri Sembilan,2.7258,101.9424,2026-02-06T12:00,27.4,76,32.1,0.1,51,1006.4,4.6,11,100,432.0,28.5,0.22
Negeri Sembilan,2.7258,101.9424,2026-02-06T13:00,29.5,69,35.2,0.2,51,1005.5,6.9,323,98,749.0,30.2,0.217
Negeri Sembilan,2.7258,101.9424,2026-02-06T14:00,27.2,77,32.5,0.1,51,1005.1,9.0,322,100,743.0,31.4,0.228
Negeri Sembilan,2.7258,101.9424,2026-02-06T15:00,28.5,70,32.9,0.2,51,1003.7,6.6,317,100,487.0,31.4,0.227
Negeri Sembilan,2.7258,101.9424,2026-02-06T16:00,26.9,76,30.7,1.6,61,1002.9,9.2,321,100,310.0,30.8,0.245
Negeri Sembilan,2.7258,101.9424,2026-02-06T17:00,26.2,81,30.8,0.5,53,1002.7,5.4,290,100,225.0,30.0,0.25
Negeri Sembilan,2.7258,101.9424,2026-02-06T18:00,26.0,83,30.8,0.3,51,1002.9,3.9,326,100,117.0,29.2,0.252
Negeri Sembilan,2.7258,101.9424,2026-02-06T19:00,25.5,87,30.5,0.0,3,1003.2,4.2,342,100,55.0,28.6,0.252
Negeri Sembilan,2.7258,101.9424,2026-02-06T20:00,26.7,73,30.3,0.0,3,1003.8,7.3,350,100,4.0,31.5,0.147
Negeri Sembilan,2.7258,101.9424,2026-02-06T21:00,26.5,72,30.1,0.0,3,1004.7,6.1,360,94,0.0,30.5,0.147
Negeri Sembilan,2.7258,101.9424,2026-02-06T22:00,26.2,73,29.7,0.0,3,1005.3,6.7,19,95,0.0,29.7,0.147
Negeri Sembilan,2.7258,101.9424,2026-02-06T23:00,25.7,75,29.1,0.0,2,1005.4,6.9,9,74,0.0,29.0,0.147
Negeri Sembilan,2.7258,101.9424,2026-02-07T00:00,25.4,78,29.2,0.0,3,1005.3,4.5,7,87,0.0,28.4,0.147
Negeri Sembilan,2.7258,101.9424,2026-02-07T01:00,24.9,81,28.8,0.0,0,1005.0,4.5,7,0,0.0,27.8,0.147
Negeri Sembilan,2.7258,101.9424,2026-02-07T02:00,24.4,83,28.5,0.0,1,1004.4,2.2,66,31,0.0,27.5,0.143
Negeri Sembilan,2.7258,101.9424,2026-02-07T03:00,24.1,85,28.4,0.0,3,1003.8,2.4,63,89,0.0,27.0,0.143
Negeri Sembilan,2.7258,101.9424,2026-02-07T04:00,23.5,89,27.6,0.0,2,1003.3,3.7,55,74,0.0,26.5,0.144
Negeri Sembilan,2.7258,101.9424,2026-02-07T05:00,23.1,91,27.2,0.0,3,1003.0,3.7,47,91,0.0,26.2,0.144
Negeri Sembilan,2.7258,101.9424,2026-02-07T06:00,22.8,91,26.7,0.0,3,1003.3,4.7,40,100,0.0,25.8,0.144
Negeri Sembilan,2.7258,101.9424,2026-02-07T07:00,22.9,88,26.2,0.0,3,1003.6,6.5,44,100,0.0,25.5,0.144
Negeri Sembilan,2.7258,101.9424,2026-02-07T08:00,24.0,80,27.1,0.0,3,1004.0,6.5,23,97,7.0,25.2,0.146
Negeri Sembilan,2.7258,101.9424,2026-02-07T09:00,26.7,69,30.3,0.0,3,1004.7,3.4,18,94,162.0,26.1,0.146
Negeri Sembilan,2.7258,101.9424,2026-02-07T10:00,29.1,56,32.3,0.0,3,1005.0,2.7,356,94,377.0,28.0,0.145
Negeri Sembilan,2.7258,101.9424,2026-02-07T11:00,31.1,48,34.7,0.0,3,1005.1,1.2,333,98,601.0,30.5,0.145
Negeri Sembilan,2.7258,101.9424,2026-02-07T12:00,32.6,44,37.2,0.0,3,1004.5,0.7,284,100,768.0,33.2,0.144
Negeri Sembilan,2.7258,101.9424,2026-02-07T13:00,33.8,40,38.8,0.0,3,1003.7,1.9,299,100,852.0,35.6,0.144
Negeri Sembilan,2.7258,101.9424,2026-02-07T14:00,34.0,35,37.2,0.0,3,1002.6,6.4,333,100,837.0,37.5,0.144
Negeri Sembilan,2.7258,101.9424,2026-02-07T15:00,33.5,39,35.6,0.0,3,1001.5,7.5,303,100,625.0,38.0,0.144
Negeri Sembilan,2.7258,101.9424,2026-02-07T16:00,32.4,45,34.7,0.0,3,1000.6,8.1,242,100,580.0,38.2,0.144
Negeri Sembilan,2.7258,101.9424,2026-02-07T17:00,31.5,51,34.3,0.3,51,1000.3,7.5,207,87,524.0,37.9,0.147
Negeri Sembilan,2.7258,101.9424,2026-02-07T18:00,30.8,53,34.0,0.2,51,1000.2,5.1,197,27,336.0,37.0,0.149
Negeri Sembilan,2.7258,101.9424,2026-02-07T19:00,29.5,60,33.0,0.1,51,1001.3,5.2,224,26,128.0,35.5,0.15
Negeri Sembilan,2.7258,101.9424,2026-02-07T20:00,26.1,87,31.3,0.2,51,1002.7,5.8,270,68,7.0,33.3,0.159
Negeri Sembilan,2.7258,101.9424,2026-02-07T21:00,25.1,92,30.1,3.3,63,1003.6,6.4,286,69,0.0,31.0,0.203
Negeri Sembilan,2.7258,101.9424,2026-02-07T22:00,24.1,95,28.7,2.0,61,1004.6,7.8,338,62,0.0,29.2,0.229
Negeri Sembilan,2.7258,101.9424,2026-02-07T23:00,23.9,95,28.3,5.2,63,1005.3,7.1,10,74,0.0,28.0,0.301
Negeri Sembilan,2.7258,101.9424,2026-02-08T00:00,24.0,95,28.9,0.5,53,1004.3,5.3,28,35,0.0,27.1,0.308
Negeri Sembilan,2.7258,101.9424,2026-02-08T01:00,23.9,98,29.2,0.1,51,1004.4,3.3,36,61,0.0,26.6,0.31
Negeri Sembilan,2.7258,101.9424,2026-02-08T02:00,23.9,97,28.4,0.1,51,1003.7,7.8,26,80,0.0,27.5,0.306
Negeri Sembilan,2.7258,101.9424,2026-02-08T03:00,23.9,98,28.9,0.1,51,1002.9,5.6,31,56,0.0,26.9,0.307
Negeri Sembilan,2.7258,101.9424,2026-02-08T04:00,23.9,93,28.2,0.1,51,1002.6,6.6,55,28,0.0,26.4,0.308
Negeri Sembilan,2.7258,101.9424,2026-02-08T05:00,23.5,92,27.7,0.0,1,1002.4,5.8,54,27,0.0,25.9,0.309
Negeri Sembilan,2.7258,101.9424,2026-02-08T06:00,23.3,92,27.1,0.0,0,1002.8,7.7,54,11,0.0,25.5,0.309
Negeri Sembilan,2.7258,101.9424,2026-02-08T07:00,23.2,91,26.4,0.0,0,1003.4,10.2,64,4,0.0,25.2,0.309
Negeri Sembilan,2.7258,101.9424,2026-02-08T08:00,24.0,85,26.7,0.0,0,1003.7,12.7,63,7,15.0,25.8,0.377
Negeri Sembilan,2.7258,101.9424,2026-02-08T09:00,25.9,74,28.4,0.0,0,1004.6,12.0,62,3,178.0,26.1,0.375
Negeri Sembilan,2.7258,101.9424,2026-02-08T10:00,27.8,67,30.6,0.0,0,1005.1,11.0,60,1,412.0,27.0,0.371
Negeri Sembilan,2.7258,101.9424,2026-02-08T11:00,29.3,61,32.5,0.0,1,1004.9,11.8,59,20,640.0,28.2,0.365
Negeri Sembilan,2.7258,101.9424,2026-02-08T12:00,30.8,58,35.6,0.0,1,1004.4,9.4,60,28,822.0,29.6,0.359
Negeri Sembilan,2.7258,101.9424,2026-02-08T13:00,31.4,57,37.3,0.3,51,1003.4,7.8,46,63,927.0,30.9,0.354
Negeri Sembilan,2.7258,101.9424,2026-02-08T14:00,31.6,53,36.9,0.3,51,1002.4,7.1,49,96,883.0,31.8,0.347
Negeri Sembilan,2.7258,101.9424,2026-02-08T15:00,32.0,52,37.3,0.1,51,1001.5,5.9,40,95,834.0,32.5,0.341
Negeri Sembilan,2.7258,101.9424,2026-02-08T16:00,32.3,50,37.0,0.1,51,1000.4,4.5,29,100,730.0,32.8,0.335
Negeri Sembilan,2.7258,101.9424,2026-02-08T17:00,32.0,51,35.2,0.2,51,1000.0,6.0,25,100,549.0,32.7,0.332
Negeri Sembilan,2.7258,101.9424,2026-02-08T18:00,31.3,54,34.7,0.4,51,1000.2,6.2,21,100,350.0,32.0,0.332
Negeri Sembilan,2.7258,101.9424,2026-02-08T19:00,28.9,72,33.9,0.4,51,1000.9,4.2,7,98,126.0,31.0,0.334
Negeri Sembilan,2.7258,101.9424,2026-02-08T20:00,28.0,77,33.5,0.9,53,1002.1,2.0,5,95,7.0,30.0,0.36
Negeri Sembilan,2.7258,101.9424,2026-02-08T21:00,26.1,85,30.6,0.6,53,1003.1,8.6,344,100,0.0,29.0,0.366
Negeri Sembilan,2.7258,101.9424,2026-02-08T22:00,25.7,88,30.5,0.1,51,1003.4,6.8,17,99,0.0,28.1,0.366
Negeri Sembilan,2.7258,101.9424,2026-02-08T23:00,25.4,85,29.5,0.0,3,1003.7,8.2,61,99,0.0,27.5,0.366
Negeri Sembilan,2.7258,101.9424,2026-02-09T00:00,25.1,80,28.3,0.0,3,1003.9,9.0,64,99,0.0,26.9,0.365
Negeri Sembilan,2.7258,101.9424,2026-02-09T01:00,24.7,77,27.3,0.0,3,1003.7,10.2,64,98,0.0,26.4,0.364
Negeri Sembilan,2.7258,101.9424,2026-02-09T02:00,25.2,77,27.7,0.0,3,1002.8,12.1,65,98,0.0,27.0,0.361
Negeri Sembilan,2.7258,101.9424,2026-02-09T03:00,24.9,75,27.2,0.0,3,1002.0,11.7,49,97,0.0,26.5,0.36
Negeri Sembilan,2.7258,101.9424,2026-02-09T04:00,24.5,73,26.2,0.0,3,1001.4,13.2,46,94,0.0,26.0,0.358
Negeri Sembilan,2.7258,101.9424,2026-02-09T05:00,24.4,72,25.9,0.0,3,1001.0,12.2,41,88,0.0,25.5,0.357
Negeri Sembilan,2.7258,101.9424,2026-02-09T06:00,24.1,70,25.4,0.0,2,1001.0,12.7,40,76,0.0,25.1,0.356
Negeri Sembilan,2.7258,101.9424,2026-02-09T07:00,24.0,68,25.1,0.0,3,1002.0,11.7,44,88,0.0,24.8,0.355
Negeri Sembilan,2.7258,101.9424,2026-02-09T08:00,24.5,69,25.3,0.0,3,1002.2,16.3,46,100,15.0,25.2,0.396
Negeri Sembilan,2.7258,101.9424,2026-02-09T09:00,25.8,66,26.5,0.0,3,1003.0,17.7,49,100,176.0,25.4,0.393
Negeri Sembilan,2.7258,101.9424,2026-02-09T10:00,27.2,60,27.5,0.0,3,1003.3,20.0,52,100,403.0,26.0,0.389
Negeri Sembilan,2.7258,101.9424,2026-02-09T11:00,28.5,56,29.3,0.0,3,1003.3,19.9,46,100,627.0,27.0,0.382
Negeri Sembilan,2.7258,101.9424,2026-02-09T12:00,29.8,53,32.0,0.0,3,1003.5,17.2,40,98,808.0,28.1,0.375
Negeri Sembilan,2.7258,101.9424,2026-02-09T13:00,30.9,49,33.9,0.0,0,1002.8,15.3,34,9,919.0,29.4,0.366
Negeri Sembilan,2.7258,101.9424,2026-02-09T14:00,31.5,45,35.1,0.0,0,1002.1,12.8,26,18,982.0,30.4,0.355
Negeri Sembilan,2.7258,101.9424,2026-02-09T15:00,31.6,45,35.2,0.0,1,1001.4,10.8,28,48,926.0,31.1,0.347
Negeri Sembilan,2.7258,101.9424,2026-02-09T16:00,31.6,45,34.0,0.0,0,1000.7,13.4,40,15,793.0,31.4,0.339
Negeri Sembilan,2.7258,101.9424,2026-02-09T17:00,31.4,45,32.1,0.0,2,1000.2,14.9,49,54,563.0,31.1,0.332
Negeri Sembilan,2.7258,101.9424,2026-02-09T18:00,31.0,47,32.9,0.0,3,1000.1,8.3,46,95,301.0,30.5,0.327
Negeri Sembilan,2.7258,101.9424,2026-02-09T19:00,30.0,61,34.4,0.0,3,1000.5,1.8,79,99,146.0,29.9,0.326
Negeri Sembilan,2.7258,101.9424,2026-02-09T20:00,27.6,65,31.3,0.0,3,1001.9,3.6,108,100,8.0,29.4,0.325
Negeri Sembilan,2.7258,101.9424,2026-02-09T21:00,26.3,68,29.3,0.0,3,1002.8,5.6,92,100,0.0,28.2,0.324
Negeri Sembilan,2.7258,101.9424,2026-02-09T22:00,25.7,69,28.5,0.0,3,1003.3,5.9,76,98,0.0,27.2,0.323
Negeri Sembilan,2.7258,101.9424,2026-02-09T23:00,25.1,71,27.8,0.0,2,1003.9,6.8,65,63,0.0,26.5,0.323
Negeri Sembilan,2.7258,101.9424,2026-02-10T00:00,24.3,79,27.7,0.0,3,1004.0,4.1,34,100,0.0,25.8,0.322
Negeri Sembilan,2.7258,101.9424,2026-02-10T01:00,24.0,80,27.8,0.0,3,1003.9,1.5,45,84,0.0,25.3,0.322
Negeri Sembilan,2.7258,101.9424,2026-02-10T02:00,23.6,84,27.5,0.0,2,1003.3,2.6,65,61,0.0,26.0,0.317
Negeri Sembilan,2.7258,101.9424,2026-02-10T03:00,23.5,85,27.7,0.0,0,1002.9,0.9,127,14,0.0,25.5,0.317
Negeri Sembilan,2.7258,101.9424,2026-02-10T04:00,23.0,88,26.9,0.0,0,1002.6,2.2,85,4,0.0,25.0,0.317
Negeri Sembilan,2.7258,101.9424,2026-02-10T05:00,22.5,89,26.1,0.0,0,1002.5,3.8,59,0,0.0,24.5,0.317
Negeri Sembilan,2.7258,101.9424,2026-02-10T06:00,22.5,87,25.8,0.0,0,1002.4,4.5,40,0,0.0,24.0,0.317
Negeri Sembilan,2.7258,101.9424,2026-02-10T07:00,22.5,84,25.6,0.0,0,1003.0,4.0,360,0,0.0,23.6,0.317
Negeri Sembilan,2.7258,101.9424,2026-02-10T08:00,24.0,71,25.7,0.0,0,1003.6,10.1,44,17,16.0,24.5,0.32
Negeri Sembilan,2.7258,101.9424,2026-02-10T09:00,26.4,65,29.0,0.0,0,1004.2,6.5,48,6,187.0,25.0,0.319
Negeri Sembilan,2.7258,101.9424,2026-02-10T10:00,28.5,58,30.9,0.0,1,1004.5,9.3,49,27,432.0,26.2,0.316
Negeri Sembilan,2.7258,101.9424,2026-02-10T11:00,30.1,53,32.4,0.0,1,1004.5,13.1,46,45,660.0,27.5,0.311
Negeri Sembilan,2.7258,101.9424,2026-02-10T12:00,31.2,50,34.8,0.0,3,1004.1,12.3,44,99,840.0,29.0,0.304
Negeri Sembilan,2.7258,101.9424,2026-02-10T13:00,32.3,47,36.6,0.0,3,1003.1,11.7,41,89,948.0,30.3,0.296
Negeri Sembilan,2.7258,101.9424,2026-02-10T14:00,33.1,42,36.9,0.0,1,1002.6,10.7,48,34,951.0,31.4,0.289
Negeri Sembilan,2.7258,101.9424,2026-02-10T15:00,32.5,44,35.6,0.2,51,1002.1,10.2,48,47,804.0,31.9,0.284
Negeri Sembilan,2.7258,101.9424,2026-02-10T16:00,32.3,46,35.5,0.1,51,1001.5,9.4,47,61,738.0,32.1,0.278
Negeri Sembilan,2.7258,101.9424,2026-02-10T17:00,32.2,47,34.8,0.0,3,1001.2,7.9,49,99,579.0,32.0,0.274
Negeri Sembilan,2.7258,101.9424,2026-02-10T18:00,31.2,51,33.9,0.1,51,1001.3,7.8,46,38,350.0,31.5,0.271
Negeri Sembilan,2.7258,101.9424,2026-02-10T19:00,29.7,63,33.9,0.0,0,1001.7,4.4,38,12,139.0,30.6,0.269
Negeri Sembilan,2.7258,101.9424,2026-02-10T20:00,28.0,75,32.9,0.0,3,1002.4,3.6,217,87,8.0,30.3,0.261
Negeri Sembilan,2.7258,101.9424,2026-02-10T21:00,27.0,82,32.9,0.0,3,1003.2,0.6,146,88,0.0,29.2,0.261
Negeri Sembilan,2.7258,101.9424,2026-02-10T22:00,26.4,84,31.9,0.0,0,1003.7,1.0,59,9,0.0,28.3,0.261
Negeri Sembilan,2.7258,101.9424,2026-02-10T23:00,25.6,84,30.5,0.0,0,1004.4,3.1,59,3,0.0,27.5,0.261
Negeri Sembilan,2.7258,101.9424,2026-02-11T00:00,25.2,80,28.9,0.0,0,1004.6,7.0,64,2,0.0,26.8,0.26
Negeri Sembilan,2.7258,101.9424,2026-02-11T01:00,24.7,82,28.2,0.0,0,1005.0,7.2,62,3,0.0,26.1,0.26
Negeri Sembilan,2.7258,101.9424,2026-02-11T02:00,24.6,84,28.2,0.0,1,1004.4,8.1,58,28,0.0,26.4,0.259
Negeri Sembilan,2.7258,101.9424,2026-02-11T03:00,24.5,85,28.1,0.0,1,1003.7,7.7,53,26,0.0,25.9,0.259
Negeri Sembilan,2.7258,101.9424,2026-02-11T04:00,24.2,85,27.7,0.0,3,1003.5,8.0,50,88,0.0,25.4,0.259
Negeri Sembilan,2.7258,101.9424,2026-02-11T05:00,24.2,83,27.4,0.0,3,1003.1,9.4,42,91,0.0,25.1,0.258
Negeri Sembilan,2.7258,101.9424,2026-02-11T06:00,24.0,84,27.0,0.0,0,1003.3,9.9,38,2,0.0,24.8,0.258
Negeri Sembilan,2.7258,101.9424,2026-02-11T07:00,24.0,83,26.9,0.0,0,1004.0,9.4,40,1,0.0,24.6,0.258
Negeri Sembilan,2.7258,101.9424,2026-02-11T08:00,24.5,81,27.4,0.0,2,1004.5,10.0,41,65,16.0,25.1,0.258
Negeri Sembilan,2.7258,101.9424,2026-02-11T09:00,26.8,72,30.2,0.0,1,1005.2,7.5,40,23,183.0,25.6,0.257
Negeri Sembilan,2.7258,101.9424,2026-02-11T10:00,29.4,59,32.6,0.0,1,1006.0,6.9,31,35,426.0,26.9,0.254
Negeri Sembilan,2.7258,101.9424,2026-02-11T11:00,31.1,51,34.5,0.0,1,1005.9,6.7,360,48,650.0,28.5,0.25
Negeri Sembilan,2.7258,101.9424,2026-02-11T12:00,32.2,48,36.5,0.0,3,1005.1,6.8,357,99,821.0,30.2,0.244
Negeri Sembilan,2.7258,101.9424,2026-02-11T13:00,32.5,48,36.9,0.2,51,1004.0,6.5,13,73,795.0,31.4,0.241
Negeri Sembilan,2.7258,101.9424,2026-02-11T14:00,33.8,44,38.3,0.2,51,1003.4,7.2,360,66,823.0,32.3,0.239
Negeri Sembilan,2.7258,101.9424,2026-02-11T15:00,34.2,44,39.2,0.0,3,1001.9,4.6,321,100,845.0,33.3,0.233
Negeri Sembilan,2.7258,101.9424,2026-02-11T16:00,31.9,54,35.7,0.5,53,1001.1,9.7,246,100,663.0,33.5,0.233
Negeri Sembilan,2.7258,101.9424,2026-02-11T17:00,30.3,62,34.4,0.5,53,1001.2,6.4,234,100,443.0,32.8,0.235
Negeri Sembilan,2.7258,101.9424,2026-02-11T18:00,28.4,66,32.0,0.7,53,1002.0,6.2,49,98,251.0,31.8,0.241
Negeri Sembilan,2.7258,101.9424,2026-02-11T19:00,27.0,73,30.9,0.0,3,1002.7,6.8,312,98,97.0,30.6,0.24
Negeri Sembilan,2.7258,101.9424,2026-02-11T20:00,25.5,89,29.9,0.5,53,1002.9,9.3,47,100,7.0,29.2,0.24
Negeri Sembilan,2.7258,101.9424,2026-02-11T21:00,25.7,89,30.7,0.0,3,1003.7,6.9,45,100,0.0,28.3,0.24
Negeri Sembilan,2.7258,101.9424,2026-02-11T22:00,25.6,89,30.4,0.0,3,1004.4,7.0,48,100,0.0,27.6,0.239
Negeri Sembilan,2.7258,101.9424,2026-02-11T23:00,25.4,88,29.7,0.0,3,1004.5,9.4,42,98,0.0,27.1,0.239
Negeri Sembilan,2.7258,101.9424,2026-02-12T00:00,25.1,85,28.7,0.0,3,1004.7,10.9,51,100,0.0,26.6,0.239
Negeri Sembilan,2.7258,101.9424,2026-02-12T01:00,24.9,82,27.6,0.0,3,1004.5,13.4,57,100,0.0,26.2,0.238
Negeri Sembilan,2.7258,101.9424,2026-02-12T02:00,24.6,81,27.2,0.0,1,1004.3,12.9,49,44,0.0,26.6,0.236
Negeri Sembilan,2.7258,101.9424,2026-02-12T03:00,24.4,81,27.0,0.0,1,1003.8,11.9,48,38,0.0,26.1,0.235
Negeri Sembilan,2.7258,101.9424,2026-02-12T04:00,24.2,80,26.6,0.0,1,1003.0,12.4,43,34,0.0,25.7,0.234
Negeri Sembilan,2.7258,101.9424,2026-02-12T05:00,24.1,78,26.4,0.0,1,1002.6,11.1,39,32,0.0,25.3,0.234
Negeri Sembilan,2.7258,101.9424,2026-02-12T06:00,23.8,78,26.6,0.0,2,1003.3,6.2,21,60,0.0,25.0,0.233
Negeri Sembilan,2.7258,101.9424,2026-02-12T07:00,23.8,76,26.2,0.0,3,1003.4,7.3,46,94,0.0,24.6,0.233
Negeri Sembilan,2.7258,101.9424,2026-02-12T08:00,24.5,79,28.2,0.0,3,1004.7,3.0,327,87,13.0,25.3,0.232
Negeri Sembilan,2.7258,101.9424,2026-02-12T09:00,25.7,74,29.4,0.0,2,1005.3,3.1,21,73,153.0,25.8,0.231
Negeri Sembilan,2.7258,101.9424,2026-02-12T10:00,27.9,64,30.9,0.0,3,1005.3,6.4,43,98,350.0,26.8,0.229
Negeri Sembilan,2.7258,101.9424,2026-02-12T11:00,29.6,58,33.0,0.0,3,1005.2,6.1,43,100,557.0,28.3,0.226
Negeri Sembilan,2.7258,101.9424,2026-02-12T12:00,30.2,56,33.5,0.0,3,1005.1,7.0,42,100,567.0,29.4,0.222
Negeri Sembilan,2.7258,101.9424,2026-02-12T13:00,30.8,53,34.0,0.0,3,1004.3,5.3,35,100,553.0,30.4,0.218
Negeri Sembilan,2.7258,101.9424,2026-02-12T14:00,31.5,52,36.0,0.0,3,1003.7,3.4,342,100,675.0,31.4,0.215
Negeri Sembilan,2.7258,101.9424,2026-02-12T15:00,30.9,53,34.0,0.0,3,1002.5,5.3,10,100,365.0,31.5,0.212
Negeri Sembilan,2.7258,101.9424,2026-02-12T16:00,29.8,57,32.5,0.3,51,1001.6,8.4,34,100,370.0,31.4,0.212
Negeri Sembilan,2.7258,101.9424,2026-02-12T17:00,30.2,55,33.2,0.0,3,1001.2,6.7,36,100,392.0,31.2,0.209
Negeri Sembilan,2.7258,101.9424,2026-02-12T18:00,30.1,56,33.5,0.0,3,1001.2,4.9,360,100,166.0,30.6,0.207
Negeri Sembilan,2.7258,101.9424,2026-02-12T19:00,28.7,60,31.2,0.0,2,1001.1,9.6,34,78,53.0,29.9,0.206
Negeri Sembilan,2.7258,101.9424,2026-02-12T20:00,28.1,62,31.2,0.0,3,1002.1,6.0,16,100,6.0,28.5,0.201
Negeri Sembilan,2.7258,101.9424,2026-02-12T21:00,27.2,66,30.5,0.0,3,1002.7,4.8,45,100,0.0,27.8,0.2
Negeri Sembilan,2.7258,101.9424,2026-02-12T22:00,26.9,63,29.5,0.0,3,1003.3,5.6,69,100,0.0,27.2,0.199
Negeri Sembilan,2.7258,101.9424,2026-02-12T23:00,26.5,61,28.2,0.0,3,1003.3,9.6,69,100,0.0,26.7,0.199
Negeri Sembilan,2.7258,101.9424,2026-02-13T00:00,25.9,71,28.1,0.0,3,1003.6,12.2,74,100,0.0,26.3,0.198
Negeri Sembilan,2.7258,101.9424,2026-02-13T01:00,25.8,75,28.7,0.0,3,1003.5,10.2,67,100,0.0,26.0,0.197
Negeri Sembilan,2.7258,101.9424,2026-02-13T02:00,26.1,77,29.4,0.0,3,1002.5,10.8,52,100,0.0,26.5,0.194
Negeri Sembilan,2.7258,101.9424,2026-02-13T03:00,25.5,84,30.0,0.0,3,1002.0,4.1,75,100,0.0,26.2,0.193
Negeri Sembilan,2.7258,101.9424,2026-02-13T04:00,25.4,81,29.2,0.0,3,1001.3,6.8,63,100,0.0,26.0,0.193
Negeri Sembilan,2.7258,101.9424,2026-02-13T05:00,25.2,80,28.3,0.0,2,1001.0,11.5,60,70,0.0,25.8,0.193
Negeri Sembilan,2.7258,101.9424,2026-02-13T06:00,25.1,79,28.0,0.0,3,1001.1,11.2,53,97,0.0,25.5,0.192
Negeri Sembilan,2.7258,101.9424,2026-02-13T07:00,24.9,79,27.5,0.0,2,1001.6,12.1,55,73,0.0,25.2,0.192
Negeri Sembilan,2.7258,101.9424,2026-02-13T08:00,25.4,77,28.0,0.0,3,1002.4,11.7,56,99,15.0,25.8,0.191
Negeri Sembilan,2.7258,101.9424,2026-02-13T09:00,27.0,70,29.9,0.0,3,1002.9,10.1,46,97,135.0,26.1,0.19
Negeri Sembilan,2.7258,101.9424,2026-02-13T10:00,29.2,60,31.9,0.0,3,1003.4,9.7,50,100,341.0,27.2,0.188
Negeri Sembilan,2.7258,101.9424,2026-02-13T11:00,31.1,53,34.4,0.0,3,1003.6,7.7,37,100,599.0,29.0,0.185
Negeri Sembilan,2.7258,101.9424,2026-02-13T12:00,31.9,50,35.1,0.0,3,1003.1,7.4,32,100,611.0,30.5,0.182
Negeri Sembilan,2.7258,101.9424,2026-02-13T13:00,32.1,49,35.1,0.0,3,1002.2,6.7,31,100,535.0,31.4,0.179
Negeri Sembilan,2.7258,101.9424,2026-02-13T14:00,32.0,50,35.5,0.0,3,1001.9,6.0,61,100,634.0,32.5,0.175
Negeri Sembilan,2.7258,101.9424,2026-02-13T15:00,32.0,49,35.6,0.1,51,1001.0,2.4,306,100,515.0,33.2,0.174
Negeri Sembilan,2.7258,101.9424,2026-02-13T16:00,32.0,50,35.9,0.0,3,1000.0,4.6,309,100,624.0,34.0,0.17
Negeri Sembilan,2.7258,101.9424,2026-02-13T17:00,31.4,53,34.6,0.1,51,999.5,5.6,320,100,370.0,33.7,0.169
Negeri Sembilan,2.7258,101.9424,2026-02-13T18:00,31.1,54,34.4,0.0,3,999.7,6.5,302,99,261.0,33.2,0.167
Negeri Sembilan,2.7258,101.9424,2026-02-13T19:00,25.6,85,29.4,5.8,63,1001.8,11.7,54,97,105.0,31.4,0.244
Negeri Sembilan,2.7258,101.9424,2026-02-13T20:00,26.0,87,30.8,0.0,3,1001.4,7.4,90,100,5.0,29.9,0.185
Negeri Sembilan,2.7258,101.9424,2026-02-13T21:00,25.8,85,30.0,0.0,2,1002.2,9.1,82,64,0.0,28.9,0.184
Negeri Sembilan,2.7258,101.9424,2026-02-13T22:00,25.6,85,30.0,0.0,3,1002.7,7.8,68,100,0.0,28.0,0.184
Negeri Sembilan,2.7258,101.9424,2026-02-13T23:00,25.5,84,30.0,0.0,3,1003.4,6.0,69,100,0.0,27.4,0.184
Negeri Sembilan,2.7258,101.9424,2026-02-14T00:00,25.2,86,30.3,0.0,3,1003.2,2.0,63,97,0.0,26.8,0.184
Negeri Sembilan,2.7258,101.9424,2026-02-14T01:00,25.0,87,29.7,0.0,3,1002.9,3.6,30,100,0.0,26.4,0.184
Negeri Sembilan,2.7258,101.9424,2026-02-14T02:00,25.1,86,29.6,0.0,3,1002.1,5.6,29,100,0.0,26.8,0.174
Negeri Sembilan,2.7258,101.9424,2026-02-14T03:00,25.0,86,29.6,0.0,3,1001.7,4.0,5,100,0.0,26.4,0.174
Negeri Sembilan,2.7258,101.9424,2026-02-14T04:00,24.4,89,29.1,0.0,3,1001.2,3.2,38,100,0.0,26.0,0.174
Negeri Sembilan,2.7258,101.9424,2026-02-14T05:00,24.1,89,28.7,0.0,3,1000.9,3.2,87,100,0.0,25.6,0.174
Negeri Sembilan,2.7258,101.9424,2026-02-14T06:00,23.9,90,28.0,0.0,3,1001.1,5.5,77,100,0.0,25.2,0.174
Negeri Sembilan,2.7258,101.9424,2026-02-14T07:00,23.5,91,28.3,0.0,3,1001.5,1.5,315,99,0.0,25.0,0.174
Negeri Sembilan,2.7258,101.9424,2026-02-14T08:00,24.8,83,27.7,0.0,2,1001.3,12.3,46,73,15.0,25.6,0.173
Negeri Sembilan,2.7258,101.9424,2026-02-14T09:00,26.8,75,31.1,0.0,2,1002.8,4.2,350,70,181.0,26.2,0.172
Negeri Sembilan,2.7258,101.9424,2026-02-14T10:00,28.6,68,33.3,0.0,3,1003.5,2.5,4,100,397.0,27.8,0.171
Negeri Sembilan,2.7258,101.9424,2026-02-14T11:00,30.5,58,34.6,0.0,3,1003.7,5.8,26,99,612.0,29.7,0.169
Negeri Sembilan,2.7258,101.9424,2026-02-14T12:00,32.3,50,36.6,0.0,1,1002.8,8.4,40,35,785.0,31.7,0.166
Negeri Sembilan,2.7258,101.9424,2026-02-14T13:00,34.0,45,38.7,0.0,0,1001.7,9.2,39,9,904.0,33.7,0.162
Negeri Sembilan,2.7258,101.9424,2026-02-14T14:00,34.4,44,39.0,0.0,3,1000.6,10.7,40,80,932.0,35.4,0.163
Negeri Sembilan,2.7258,101.9424,2026-02-14T15:00,34.0,44,37.7,0.0,3,999.3,4.0,58,100,611.0,35.8,0.16
Negeri Sembilan,2.7258,101.9424,2026-02-14T16:00,27.4,78,31.0,3.5,63,999.7,13.3,234,67,425.0,34.8,0.203
Negeri Sembilan,2.7258,101.9424,2026-02-14T17:00,26.9,80,32.0,0.5,53,998.9,3.6,297,99,362.0,33.5,0.207
Negeri Sembilan,2.7258,101.9424,2026-02-14T18:00,28.1,74,32.7,0.1,51,999.0,6.5,360,95,377.0,32.8,0.206
Negeri Sembilan,2.7258,101.9424,2026-02-14T19:00,27.6,76,31.7,0.1,51,999.8,9.4,8,93,147.0,31.6,0.205
Negeri Sembilan,2.7258,101.9424,2026-02-14T20:00,26.2,82,30.4,0.1,51,1000.5,9.0,43,99,8.0,30.8,0.168
Negeri Sembilan,2.7258,101.9424,2026-02-14T21:00,26.0,87,31.0,0.0,3,1001.2,6.5,82,100,0.0,29.8,0.167
Negeri Sembilan,2.7258,101.9424,2026-02-14T22:00,25.9,89,31.1,0.0,3,1002.1,5.2,76,100,0.0,29.0,0.167
Negeri Sembilan,2.7258,101.9424,2026-02-14T23:00,25.9,88,30.9,0.0,3,1002.4,6.4,68,100,0.0,28.4,0.167
Negeri Sembilan,2.7258,101.9424,2026-02-15T00:00,25.8,83,30.3,0.0,3,1002.6,5.4,34,100,0.0,27.8,0.167
Negeri Sembilan,2.7258,101.9424,2026-02-15T01:00,25.4,83,29.4,0.0,3,1002.2,7.4,26,99,0.0,27.2,0.167
Negeri Sembilan,2.7258,101.9424,2026-02-15T02:00,25.2,82,29.1,0.0,3,1002.2,7.1,47,100,0.0,28.0,0.16
Negeri Sembilan,2.7258,101.9424,2026-02-15T03:00,25.0,85,29.2,0.0,3,1001.1,6.0,80,100,0.0,27.5,0.159
Negeri Sembilan,2.7258,101.9424,2026-02-15T04:00,24.9,87,29.7,0.0,3,1000.5,2.9,4,100,0.0,27.0,0.159
Negeri Sembilan,2.7258,101.9424,2026-02-15T05:00,24.8,87,29.2,0.0,3,1000.4,5.0,345,98,0.0,26.5,0.159
Negeri Sembilan,2.7258,101.9424,2026-02-15T06:00,24.9,85,29.3,0.0,3,1000.9,4.2,25,100,0.0,26.2,0.159
Negeri Sembilan,2.7258,101.9424,2026-02-15T07:00,24.6,84,28.6,0.0,3,1001.2,5.6,21,100,0.0,25.9,0.159
Negeri Sembilan,2.7258,101.9424,2026-02-15T08:00,25.9,76,29.6,0.0,3,1001.6,6.0,41,100,15.0,26.8,0.163
Negeri Sembilan,2.7258,101.9424,2026-02-15T09:00,25.9,77,30.3,0.4,51,1003.0,1.6,276,100,55.0,27.0,0.167
Negeri Sembilan,2.7258,101.9424,2026-02-15T10:00,26.0,80,30.1,0.1,51,1003.6,6.3,272,100,84.0,27.1,0.168
Negeri Sembilan,2.7258,101.9424,2026-02-15T11:00,27.2,75,31.6,0.1,51,1003.9,4.9,287,99,270.0,28.0,0.168
Negeri Sembilan,2.7258,101.9424,2026-02-15T12:00,29.0,66,33.3,0.1,51,1003.2,4.5,323,83,484.0,29.5,0.167
Negeri Sembilan,2.7258,101.9424,2026-02-15T13:00,31.0,58,36.0,0.0,1,1002.0,4.1,322,37,678.0,31.4,0.165
Negeri Sembilan,2.7258,101.9424,2026-02-15T14:00,32.0,49,36.8,0.0,1,1000.7,6.5,19,32,871.0,33.5,0.161
Negeri Sembilan,2.7258,101.9424,2026-02-15T15:00,33.3,45,37.9,0.2,51,999.4,5.0,21,24,821.0,35.0,0.161
Negeri Sembilan,2.7258,101.9424,2026-02-15T16:00,32.3,45,36.4,0.5,53,998.6,2.6,254,87,723.0,36.2,0.165
Negeri Sembilan,2.7258,101.9424,2026-02-15T17:00,28.2,72,32.1,2.7,63,998.7,9.4,223,90,453.0,35.4,0.197
Negeri Sembilan,2.7258,101.9424,2026-02-15T18:00,25.3,88,30.2,17.0,65,999.7,4.7,7,100,196.0,32.6,0.43
Negeri Sembilan,2.7258,101.9424,2026-02-15T19:00,24.5,95,30.0,2.8,63,1000.3,3.2,317,89,47.0,30.2,0.464
Negeri Sembilan,2.7258,101.9424,2026-02-15T20:00,24.6,96,30.3,0.9,53,1000.8,2.5,240,100,6.0,29.1,0.325
Negeri Sembilan,2.7258,101.9424,2026-02-15T21:00,24.6,96,30.4,2.2,61,1002.0,2.7,340,100,0.0,28.1,0.355
Negeri Sembilan,2.7258,101.9424,2026-02-15T22:00,24.4,99,29.8,0.7,53,1002.2,4.8,167,99,0.0,27.3,0.364
Negeri Sembilan,2.7258,101.9424,2026-02-15T23:00,24.0,98,29.4,0.0,3,1002.4,3.6,127,98,0.0,26.6,0.364
Negeri Sembilan,2.7258,101.9424,2026-02-16T00:00,23.8,99,29.3,0.0,3,1002.7,1.4,220,98,0.0,26.2,0.364
Negeri Sembilan,2.7258,101.9424,2026-02-16T01:00,23.5,99,29.1,0.0,3,1002.7,0.5,315,100,0.0,25.9,0.364
Negeri Sembilan,2.7258,101.9424,2026-02-16T02:00,24.1,99,29.6,0.0,3,1002.2,3.4,357,99,0.0,26.1,0.361
Negeri Sembilan,2.7258,101.9424,2026-02-16T03:00,23.7,99,29.0,0.0,3,1001.5,3.9,294,100,0.0,25.9,0.361
Negeri Sembilan,2.7258,101.9424,2026-02-16T04:00,23.5,97,28.2,0.1,51,1001.0,5.0,316,100,0.0,25.5,0.362
Negeri Sembilan,2.7258,101.9424,2026-02-16T05:00,23.0,99,27.9,0.0,3,1000.4,2.8,18,100,0.0,25.2,0.362
Negeri Sembilan,2.7258,101.9424,2026-02-16T06:00,22.9,98,27.7,0.0,3,1000.2,3.4,25,100,0.0,25.0,0.361
Negeri Sembilan,2.7258,101.9424,2026-02-16T07:00,22.7,98,27.3,0.0,3,1000.4,3.8,11,100,0.0,24.8,0.361
Negeri Sembilan,2.7258,101.9424,2026-02-16T08:00,23.6,99,28.6,0.0,3,1000.7,5.3,114,100,15.0,25.4,0.396
Negeri Sembilan,2.7258,101.9424,2026-02-16T09:00,25.3,93,31.1,0.0,3,1001.8,2.3,176,100,125.0,25.7,0.395
Negeri Sembilan,2.7258,101.9424,2026-02-16T10:00,26.9,82,32.5,0.0,3,1002.3,1.3,236,100,355.0,26.7,0.393
Negeri Sembilan,2.7258,101.9424,2026-02-16T11:00,28.6,71,32.8,0.0,3,1002.6,9.1,34,100,574.0,28.0,0.388
Negeri Sembilan,2.7258,101.9424,2026-02-16T12:00,29.8,64,33.9,0.0,3,1002.4,9.1,22,100,614.0,29.0,0.383
Negeri Sembilan,2.7258,101.9424,2026-02-16T13:00,30.8,60,35.0,0.0,3,1000.9,8.5,24,100,632.0,29.8,0.376
Negeri Sembilan,2.7258,101.9424,2026-02-16T14:00,28.5,67,33.0,0.6,53,999.7,1.5,69,100,356.0,29.9,0.379
Negeri Sembilan,2.7258,101.9424,2026-02-16T15:00,26.0,83,30.8,3.7,63,999.3,8.6,259,100,642.0,29.6,0.422
Negeri Sembilan,2.7258,101.9424,2026-02-16T16:00,27.0,79,31.9,1.1,55,999.7,3.5,12,100,477.0,29.5,0.43
Negeri Sembilan,2.7258,101.9424,2026-02-16T17:00,26.0,83,30.9,0.3,51,999.0,3.5,28,100,180.0,28.8,0.43
Negeri Sembilan,2.7258,101.9424,2026-02-16T18:00,25.9,82,30.5,0.5,53,999.0,4.2,353,100,133.0,28.2,0.432
Negeri Sembilan,2.7258,101.9424,2026-02-16T19:00,25.1,88,30.1,0.3,51,999.7,3.5,294,100,59.0,27.5,0.434
Negeri Sembilan,2.7258,101.9424,2026-02-16T20:00,24.4,95,29.7,0.1,51,1000.2,3.7,284,100,7.0,26.9,0.433
Negeri Sembilan,2.7258,101.9424,2026-02-16T21:00,24.4,97,29.8,0.0,3,1000.8,3.8,319,100,0.0,26.4,0.431
Negeri Sembilan,2.7258,101.9424,2026-02-16T22:00,23.9,99,29.3,0.2,51,1001.9,3.5,325,100,0.0,26.0,0.432
Negeri Sembilan,2.7258,101.9424,2026-02-16T23:00,23.6,97,28.6,0.7,53,1002.6,4.6,288,100,0.0,25.7,0.438
Melaka,2.1896,102.2501,2026-01-17T00:00,25.8,78,28.2,0.0,3,1010.1,16.5,33,92,0.0,30.0,0.14
Melaka,2.1896,102.2501,2026-01-17T01:00,25.4,81,27.9,0.0,1,1009.7,15.4,33,23,0.0,29.2,0.14
Melaka,2.1896,102.2501,2026-01-17T02:00,25.0,84,27.8,0.0,2,1009.3,15.6,24,57,0.0,29.7,0.137
Melaka,2.1896,102.2501,2026-01-17T03:00,25.0,84,27.9,0.0,0,1008.4,15.1,36,9,0.0,28.9,0.137
Melaka,2.1896,102.2501,2026-01-17T04:00,24.7,86,27.6,0.0,0,1007.8,14.2,30,15,0.0,28.2,0.137
Melaka,2.1896,102.2501,2026-01-17T05:00,24.4,87,27.1,0.0,0,1007.7,15.1,31,8,0.0,27.7,0.137
Melaka,2.1896,102.2501,2026-01-17T06:00,24.1,88,26.5,0.0,0,1007.8,17.4,37,18,0.0,27.2,0.137
Melaka,2.1896,102.2501,2026-01-17T07:00,24.0,88,26.4,0.0,1,1008.0,17.3,36,27,0.0,26.8,0.137
Melaka,2.1896,102.2501,2026-01-17T08:00,24.6,84,26.6,0.0,3,1008.5,19.3,36,100,21.0,27.5,0.139
Melaka,2.1896,102.2501,2026-01-17T09:00,26.3,76,28.6,0.0,3,1009.3,17.1,39,91,172.0,27.9,0.139
Melaka,2.1896,102.2501,2026-01-17T10:00,28.6,64,30.5,0.0,3,1009.8,17.5,32,80,398.0,29.2,0.139
Melaka,2.1896,102.2501,2026-01-17T11:00,30.8,54,32.9,0.0,3,1009.5,14.8,16,98,592.0,31.3,0.139
Melaka,2.1896,102.2501,2026-01-17T12:00,32.3,48,35.6,0.2,51,1009.1,12.3,357,100,788.0,33.8,0.141
Melaka,2.1896,102.2501,2026-01-17T13:00,33.2,44,37.3,0.1,51,1008.0,9.1,333,98,866.0,36.1,0.141
Melaka,2.1896,102.2501,2026-01-17T14:00,32.9,44,36.6,0.1,51,1007.6,7.6,284,100,799.0,37.7,0.145
Melaka,2.1896,102.2501,2026-01-17T15:00,31.8,51,35.8,0.5,53,1006.4,10.7,245,100,815.0,38.5,0.15
Melaka,2.1896,102.2501,2026-01-17T16:00,31.4,54,35.7,0.1,51,1005.3,8.4,233,100,738.0,38.7,0.15
Melaka,2.1896,102.2501,2026-01-17T17:00,30.6,57,33.5,0.0,3,1005.0,11.4,246,99,504.0,38.0,0.149
Melaka,2.1896,102.2501,2026-01-17T18:00,29.6,61,32.5,0.0,3,1005.4,12.0,252,91,297.0,36.7,0.148
Melaka,2.1896,102.2501,2026-01-17T19:00,28.8,66,31.9,0.0,3,1006.2,11.2,272,96,116.0,35.0,0.147
Melaka,2.1896,102.2501,2026-01-17T20:00,28.1,78,32.9,0.0,3,1006.8,8.2,310,100,4.0,33.3,0.148
Melaka,2.1896,102.2501,2026-01-17T21:00,27.8,78,32.7,0.3,51,1007.4,6.0,21,98,0.0,32.0,0.152
Melaka,2.1896,102.2501,2026-01-17T22:00,26.5,76,29.9,0.1,51,1008.4,10.1,55,100,0.0,30.7,0.153
Melaka,2.1896,102.2501,2026-01-17T23:00,25.9,79,29.3,0.0,3,1008.8,10.2,49,100,0.0,29.8,0.153
Melaka,2.1896,102.2501,2026-01-18T00:00,25.5,82,28.8,0.0,3,1008.9,11.7,34,100,0.0,29.0,0.153
Melaka,2.1896,102.2501,2026-01-18T01:00,25.1,83,27.9,0.0,3,1008.7,14.7,37,100,0.0,28.4,0.153
Melaka,2.1896,102.2501,2026-01-18T02:00,24.9,85,27.4,0.0,3,1008.2,16.5,39,100,0.0,28.5,0.15
Melaka,2.1896,102.2501,2026-01-18T03:00,24.5,85,27.0,0.0,3,1007.5,16.5,34,81,0.0,27.9,0.15
Melaka,2.1896,102.2501,2026-01-18T04:00,24.4,85,26.7,0.0,3,1007.0,17.2,34,100,0.0,27.4,0.15
Melaka,2.1896,102.2501,2026-01-18T05:00,24.2,86,26.5,0.0,3,1007.1,16.9,36,100,0.0,27.0,0.15
Melaka,2.1896,102.2501,2026-01-18T06:00,24.1,86,26.2,0.0,3,1007.2,17.9,36,100,0.0,26.6,0.15
Melaka,2.1896,102.2501,2026-01-18T07:00,23.9,88,26.0,0.0,3,1007.3,17.6,35,100,0.0,26.3,0.15
Melaka,2.1896,102.2501,2026-01-18T08:00,24.0,87,26.2,0.0,3,1007.8,17.6,37,100,20.0,26.5,0.157
Melaka,2.1896,102.2501,2026-01-18T09:00,25.7,78,27.9,0.0,3,1008.3,16.9,39,100,171.0,27.0,0.157
Melaka,2.1896,102.2501,2026-01-18T10:00,27.8,67,29.6,0.0,3,1008.6,17.6,36,100,391.0,28.2,0.156
Melaka,2.1896,102.2501,2026-01-18T11:00,29.8,59,32.1,0.0,3,1008.5,16.1,37,98,622.0,30.0,0.154
Melaka,2.1896,102.2501,2026-01-18T12:00,31.9,50,35.4,0.0,3,1008.2,12.1,15,97,804.0,32.3,0.152
Melaka,2.1896,102.2501,2026-01-18T13:00,32.9,45,36.7,0.2,51,1007.5,11.4,349,99,894.0,34.6,0.152
Melaka,2.1896,102.2501,2026-01-18T14:00,32.8,44,37.3,0.5,53,1006.9,6.5,337,100,905.0,36.5,0.156
Melaka,2.1896,102.2501,2026-01-18T15:00,33.2,43,37.7,0.0,3,1005.7,4.2,239,100,822.0,37.8,0.154
Melaka,2.1896,102.2501,2026-01-18T16:00,31.8,50,35.4,0.8,53,1005.2,7.9,227,100,711.0,38.0,0.161
Melaka,2.1896,102.2501,2026-01-18T17:00,30.9,55,34.3,0.3,51,1005.0,5.1,216,100,493.0,37.3,0.164
Melaka,2.1896,102.2501,2026-01-18T18:00,30.6,56,34.2,0.1,51,1005.0,4.9,234,100,329.0,36.3,0.164
Melaka,2.1896,102.2501,2026-01-18T19:00,29.6,63,33.9,0.0,3,1005.4,4.2,227,100,111.0,34.7,0.163
Melaka,2.1896,102.2501,2026-01-18T20:00,28.0,73,32.9,0.0,3,1006.9,3.1,87,100,4.0,33.2,0.158
Melaka,2.1896,102.2501,2026-01-18T21:00,27.5,77,32.2,0.0,3,1007.6,5.7,35,100,0.0,31.9,0.158
Melaka,2.1896,102.2501,2026-01-18T22:00,27.0,71,29.8,0.0,3,1008.3,12.3,40,100,0.0,30.7,0.157
Melaka,2.1896,102.2501,2026-01-18T23:00,26.2,72,28.8,0.0,3,1008.9,12.1,37,100,0.0,29.7,0.157
Melaka,2.1896,102.2501,2026-01-19T00:00,25.5,70,27.1,0.0,3,1008.9,14.5,34,100,0.0,28.9,0.156
Melaka,2.1896,102.2501,2026-01-19T01:00,25.0,75,26.5,0.0,3,1008.9,16.3,33,100,0.0,28.1,0.156
Melaka,2.1896,102.2501,2026-01-19T02:00,24.4,83,26.4,0.0,3,1008.4,17.1,33,100,0.0,28.0,0.153
Melaka,2.1896,102.2501,2026-01-19T03:00,24.0,85,26.0,0.0,3,1008.0,17.9,36,93,0.0,27.4,0.153
Melaka,2.1896,102.2501,2026-01-19T04:00,23.8,86,25.6,0.0,3,1007.6,18.4,34,96,0.0,26.8,0.152
Melaka,2.1896,102.2501,2026-01-19T05:00,23.6,85,25.3,0.0,3,1007.4,18.8,36,98,0.0,26.4,0.152
Melaka,2.1896,102.2501,2026-01-19T06:00,23.5,85,25.3,0.0,3,1007.4,18.0,34,100,0.0,26.0,0.152
Melaka,2.1896,102.2501,2026-01-19T07:00,23.3,87,25.2,0.0,3,1007.9,16.7,35,100,0.0,25.7,0.152
Melaka,2.1896,102.2501,2026-01-19T08:00,24.0,87,26.0,0.0,3,1008.5,18.1,35,100,20.0,26.0,0.153
Melaka,2.1896,102.2501,2026-01-19T09:00,25.6,77,27.6,0.0,3,1009.2,18.3,34,100,182.0,26.6,0.152
Melaka,2.1896,102.2501,2026-01-19T10:00,28.0,61,29.2,0.0,3,1009.6,18.5,31,100,404.0,28.0,0.151
Melaka,2.1896,102.2501,2026-01-19T11:00,30.2,51,31.6,0.0,3,1009.8,16.5,31,100,613.0,30.0,0.15
Melaka,2.1896,102.2501,2026-01-19T12:00,31.9,46,34.7,0.0,3,1009.7,10.2,17,100,747.0,32.2,0.149
Melaka,2.1896,102.2501,2026-01-19T13:00,33.0,41,36.9,0.1,51,1009.0,6.5,6,100,847.0,34.6,0.148
Melaka,2.1896,102.2501,2026-01-19T14:00,32.3,43,36.3,0.2,51,1008.8,5.6,291,100,836.0,36.7,0.151
Melaka,2.1896,102.2501,2026-01-19T15:00,32.5,44,35.8,0.5,53,1008.1,8.1,235,100,781.0,37.8,0.156
Melaka,2.1896,102.2501,2026-01-19T16:00,30.5,57,33.0,0.3,51,1007.2,13.0,213,100,559.0,37.3,0.157
Melaka,2.1896,102.2501,2026-01-19T17:00,30.0,57,33.2,0.2,51,1007.1,6.5,284,100,399.0,36.4,0.158
Melaka,2.1896,102.2501,2026-01-19T18:00,28.7,61,31.2,0.1,51,1007.0,11.3,17,100,243.0,35.1,0.158
Melaka,2.1896,102.2501,2026-01-19T19:00,27.1,67,29.8,0.0,3,1007.5,10.1,25,100,114.0,33.5,0.157
Melaka,2.1896,102.2501,2026-01-19T20:00,28.0,65,31.0,0.0,3,1008.7,9.0,44,100,5.0,32.3,0.159
Melaka,2.1896,102.2501,2026-01-19T21:00,26.4,71,28.8,0.0,3,1009.1,12.5,53,100,0.0,31.0,0.159
Melaka,2.1896,102.2501,2026-01-19T22:00,25.5,78,28.2,0.0,3,1009.7,13.2,38,100,0.0,29.8,0.158
Melaka,2.1896,102.2501,2026-01-19T23:00,25.1,80,27.5,0.0,3,1009.8,15.5,39,100,0.0,28.8,0.158
Melaka,2.1896,102.2501,2026-01-20T00:00,24.9,81,27.3,0.0,3,1010.3,14.7,39,100,0.0,28.0,0.158
Melaka,2.1896,102.2501,2026-01-20T01:00,24.4,82,26.5,0.0,3,1010.3,15.3,34,98,0.0,27.5,0.157
Melaka,2.1896,102.2501,2026-01-20T02:00,24.0,85,26.2,0.0,3,1009.5,16.7,32,100,0.0,27.5,0.156
Melaka,2.1896,102.2501,2026-01-20T03:00,23.9,87,26.2,0.0,3,1009.0,16.8,33,100,0.0,26.9,0.155
Melaka,2.1896,102.2501,2026-01-20T04:00,23.7,87,25.5,0.0,3,1008.2,18.6,37,100,0.0,26.4,0.155
Melaka,2.1896,102.2501,2026-01-20T05:00,23.6,85,25.3,0.0,3,1008.1,18.7,36,100,0.0,26.0,0.155
Melaka,2.1896,102.2501,2026-01-20T06:00,23.4,86,25.2,0.0,3,1008.4,17.7,35,100,0.0,25.7,0.155
Melaka,2.1896,102.2501,2026-01-20T07:00,23.2,87,24.9,0.0,3,1009.0,18.0,34,100,0.0,25.4,0.155
Melaka,2.1896,102.2501,2026-01-20T08:00,23.8,86,25.9,0.0,3,1009.8,16.7,38,100,20.0,25.5,0.157
Melaka,2.1896,102.2501,2026-01-20T09:00,25.2,79,27.2,0.0,3,1010.8,17.7,38,100,155.0,26.0,0.156
Melaka,2.1896,102.2501,2026-01-20T10:00,27.2,67,28.6,0.0,3,1011.3,19.6,36,100,357.0,27.3,0.155
Melaka,2.1896,102.2501,2026-01-20T11:00,29.2,58,30.8,0.0,3,1011.4,17.7,28,100,599.0,29.1,0.154
Melaka,2.1896,102.2501,2026-01-20T12:00,30.5,51,32.9,0.1,51,1011.1,12.0,22,100,673.0,31.0,0.153
Melaka,2.1896,102.2501,2026-01-20T13:00,31.5,47,35.2,0.4,51,1010.4,8.1,4,100,794.0,33.2,0.156
Melaka,2.1896,102.2501,2026-01-20T14:00,31.1,48,33.8,0.2,51,1009.7,7.7,339,100,637.0,34.3,0.161
Melaka,2.1896,102.2501,2026-01-20T15:00,31.3,49,34.1,0.0,3,1008.8,7.4,317,100,624.0,35.1,0.159
Melaka,2.1896,102.2501,2026-01-20T16:00,31.0,51,33.7,0.0,3,1008.1,6.4,338,100,534.0,35.4,0.156
Melaka,2.1896,102.2501,2026-01-20T17:00,31.0,52,33.9,0.0,3,1007.6,6.2,30,100,513.0,35.7,0.154
Melaka,2.1896,102.2501,2026-01-20T18:00,30.6,53,33.5,0.0,3,1007.4,6.9,53,99,316.0,35.1,0.153
Melaka,2.1896,102.2501,2026-01-20T19:00,29.2,59,31.3,0.0,3,1007.6,13.7,52,99,134.0,33.8,0.152
Melaka,2.1896,102.2501,2026-01-20T20:00,27.1,70,30.0,0.0,3,1008.8,11.5,60,100,5.0,32.3,0.152
Melaka,2.1896,102.2501,2026-01-20T21:00,26.1,74,28.8,0.0,3,1009.7,12.2,49,99,0.0,30.9,0.151
Melaka,2.1896,102.2501,2026-01-20T22:00,25.4,80,28.2,0.0,3,1010.6,12.6,48,99,0.0,29.7,0.151
Melaka,2.1896,102.2501,2026-01-20T23:00,25.0,81,27.6,0.0,3,1011.0,13.4,44,80,0.0,28.8,0.151
Melaka,2.1896,102.2501,2026-01-21T00:00,24.5,81,27.0,0.0,3,1011.2,13.1,38,100,0.0,28.0,0.151
Melaka,2.1896,102.2501,2026-01-21T01:00,24.2,81,26.0,0.0,3,1010.8,17.0,36,100,0.0,27.3,0.15
Melaka,2.1896,102.2501,2026-01-21T02:00,24.0,84,26.0,0.0,3,1010.3,16.7,37,100,0.0,27.5,0.147
Melaka,2.1896,102.2501,2026-01-21T03:00,23.8,86,25.7,0.0,3,1009.4,17.8,38,100,0.0,26.9,0.147
Melaka,2.1896,102.2501,2026-01-21T04:00,23.5,87,25.3,0.0,3,1008.9,18.3,36,100,0.0,26.4,0.147
Melaka,2.1896,102.2501,2026-01-21T05:00,23.4,88,25.1,0.0,3,1009.0,18.9,38,99,0.0,26.0,0.147
Melaka,2.1896,102.2501,2026-01-21T06:00,23.2,88,24.8,0.0,3,1009.2,20.0,36,100,0.0,25.6,0.147
Melaka,2.1896,102.2501,2026-01-21T07:00,23.1,88,24.5,0.0,3,1009.5,20.4,37,100,0.0,25.3,0.146
Melaka,2.1896,102.2501,2026-01-21T08:00,23.5,84,25.2,0.0,3,1010.7,17.6,41,100,19.0,25.1,0.148
Melaka,2.1896,102.2501,2026-01-21T09:00,25.1,76,26.6,0.0,3,1011.5,18.6,41,100,130.0,25.6,0.148
Melaka,2.1896,102.2501,2026-01-21T10:00,26.9,68,28.0,0.0,3,1011.9,20.2,41,100,287.0,26.8,0.148
Melaka,2.1896,102.2501,2026-01-21T11:00,28.7,58,29.6,0.0,3,1012.2,19.1,36,100,460.0,28.4,0.147
Melaka,2.1896,102.2501,2026-01-21T12:00,30.5,50,31.6,0.0,3,1011.7,17.8,34,100,627.0,30.3,0.146
Melaka,2.1896,102.2501,2026-01-21T13:00,32.1,44,34.6,0.0,3,1010.8,14.1,31,100,825.0,32.7,0.145
Melaka,2.1896,102.2501,2026-01-21T14:00,32.6,41,35.6,0.0,3,1010.1,10.4,28,100,855.0,34.8,0.146
Melaka,2.1896,102.2501,2026-01-21T15:00,32.5,42,35.5,0.3,51,1009.1,8.2,29,100,756.0,36.3,0.147
Melaka,2.1896,102.2501,2026-01-21T16:00,32.2,43,34.5,0.0,3,1008.5,3.8,360,100,472.0,36.5,0.146
Melaka,2.1896,102.2501,2026-01-21T17:00,31.3,45,33.4,0.3,51,1008.5,5.5,32,100,383.0,36.5,0.149
Melaka,2.1896,102.2501,2026-01-21T18:00,30.5,48,32.0,0.0,3,1008.7,9.9,55,100,192.0,35.3,0.148
Melaka,2.1896,102.2501,2026-01-21T19:00,29.5,51,30.6,0.0,3,1008.9,12.6,49,100,92.0,34.0,0.148
Melaka,2.1896,102.2501,2026-01-21T20:00,28.0,59,29.3,0.0,3,1010.1,15.4,49,100,5.0,32.1,0.146
Melaka,2.1896,102.2501,2026-01-21T21:00,26.6,67,28.3,0.0,3,1011.0,14.5,44,100,0.0,30.9,0.146
Melaka,2.1896,102.2501,2026-01-21T22:00,26.1,69,28.1,0.0,3,1012.0,13.0,51,100,0.0,29.9,0.145
Melaka,2.1896,102.2501,2026-01-21T23:00,25.7,69,27.0,0.0,3,1012.2,16.2,45,100,0.0,29.0,0.145
Melaka,2.1896,102.2501,2026-01-22T00:00,25.0,73,26.4,0.0,3,1012.1,15.8,42,98,0.0,28.3,0.145
Melaka,2.1896,102.2501,2026-01-22T01:00,24.5,76,25.8,0.0,3,1012.0,17.8,38,100,0.0,27.6,0.145
Melaka,2.1896,102.2501,2026-01-22T02:00,24.4,78,25.4,0.0,3,1011.4,20.4,39,100,0.0,27.3,0.145
Melaka,2.1896,102.2501,2026-01-22T03:00,24.0,79,25.1,0.0,3,1010.5,20.2,39,100,0.0,26.8,0.145
Melaka,2.1896,102.2501,2026-01-22T04:00,23.8,80,24.7,0.0,3,1009.9,20.4,37,100,0.0,26.3,0.145
Melaka,2.1896,102.2501,2026-01-22T05:00,23.5,80,24.2,0.0,3,1009.8,21.2,35,100,0.0,25.9,0.145
Melaka,2.1896,102.2501,2026-01-22T06:00,23.4,77,23.7,0.0,3,1010.1,21.9,35,100,0.0,25.6,0.145
Melaka,2.1896,102.2501,2026-01-22T07:00,23.3,75,23.2,0.0,3,1010.4,22.4,37,100,0.0,25.3,0.145
Melaka,2.1896,102.2501,2026-01-22T08:00,23.8,77,24.1,0.0,3,1011.2,22.6,38,100,18.0,25.0,0.147
Melaka,2.1896,102.2501,2026-01-22T09:00,25.1,72,25.5,0.0,3,1011.7,23.0,38,100,167.0,25.6,0.147
Melaka,2.1896,102.2501,2026-01-22T10:00,27.2,59,26.8,0.0,3,1012.2,25.2,36,100,398.0,27.0,0.146
Melaka,2.1896,102.2501,2026-01-22T11:00,28.9,51,28.4,0.0,3,1012.4,24.6,33,100,609.0,28.8,0.146
Melaka,2.1896,102.2501,2026-01-22T12:00,30.5,45,30.6,0.0,3,1012.3,22.8,31,100,752.0,30.7,0.145
Melaka,2.1896,102.2501,2026-01-22T13:00,31.9,40,32.9,0.0,3,1011.5,19.9,29,100,875.0,32.8,0.144
Melaka,2.1896,102.2501,2026-01-22T14:00,32.8,38,34.8,0.0,3,1010.6,15.6,15,100,905.0,34.7,0.144
Melaka,2.1896,102.2501,2026-01-22T15:00,33.8,35,34.8,0.0,3,1009.3,14.3,354,100,726.0,36.0,0.143
Melaka,2.1896,102.2501,2026-01-22T16:00,33.0,38,33.3,0.0,3,1008.9,16.5,14,100,614.0,36.5,0.142
Melaka,2.1896,102.2501,2026-01-22T17:00,32.4,39,32.2,0.0,3,1008.8,17.6,32,100,440.0,36.2,0.141
Melaka,2.1896,102.2501,2026-01-22T18:00,32.3,38,32.1,0.0,3,1008.6,15.9,22,100,315.0,35.7,0.141
Melaka,2.1896,102.2501,2026-01-22T19:00,30.9,43,30.5,0.0,3,1009.0,19.2,34,100,119.0,34.5,0.14
Melaka,2.1896,102.2501,2026-01-22T20:00,27.8,60,28.1,0.0,3,1010.7,22.4,51,99,5.0,33.0,0.139
Melaka,2.1896,102.2501,2026-01-22T21:00,26.5,69,28.2,0.0,3,1011.8,15.5,51,99,0.0,31.5,0.139
Melaka,2.1896,102.2501,2026-01-22T22:00,25.6,72,27.5,0.0,3,1012.5,14.6,45,100,0.0,30.2,0.139
Melaka,2.1896,102.2501,2026-01-22T23:00,25.0,74,26.3,0.0,3,1012.4,18.2,42,96,0.0,29.2,0.139
Melaka,2.1896,102.2501,2026-01-23T00:00,24.7,75,25.6,0.0,3,1012.6,20.4,42,95,0.0,28.4,0.139
Melaka,2.1896,102.2501,2026-01-23T01:00,24.2,78,25.1,0.0,3,1012.7,20.9,38,90,0.0,27.6,0.139
Melaka,2.1896,102.2501,2026-01-23T02:00,23.9,79,24.6,0.0,3,1012.3,22.2,35,91,0.0,27.6,0.134
Melaka,2.1896,102.2501,2026-01-23T03:00,23.8,80,24.2,0.0,3,1011.7,23.8,35,100,0.0,27.0,0.134
Melaka,2.1896,102.2501,2026-01-23T04:00,23.5,79,23.8,0.0,3,1011.0,23.9,37,97,0.0,26.5,0.134
Melaka,2.1896,102.2501,2026-01-23T05:00,23.5,77,23.5,0.0,3,1010.9,23.6,38,100,0.0,26.0,0.134
Melaka,2.1896,102.2501,2026-01-23T06:00,23.2,78,23.2,0.0,3,1011.0,23.5,35,100,0.0,25.7,0.134
Melaka,2.1896,102.2501,2026-01-23T07:00,23.1,77,23.1,0.0,3,1011.5,22.7,32,100,0.0,25.4,0.134
Melaka,2.1896,102.2501,2026-01-23T08:00,23.8,74,24.0,0.0,3,1012.3,21.6,33,100,21.0,25.5,0.137
Melaka,2.1896,102.2501,2026-01-23T09:00,25.7,66,25.8,0.0,3,1013.3,21.7,36,100,189.0,26.1,0.137
Melaka,2.1896,102.2501,2026-01-23T10:00,27.9,55,27.1,0.0,3,1014.0,25.6,32,99,419.0,27.6,0.137
Melaka,2.1896,102.2501,2026-01-23T11:00,29.8,46,29.0,0.0,3,1014.0,24.9,33,100,639.0,29.6,0.137
Melaka,2.1896,102.2501,2026-01-23T12:00,31.4,41,31.4,0.0,3,1013.4,24.3,28,100,809.0,31.8,0.137
Melaka,2.1896,102.2501,2026-01-23T13:00,32.6,38,33.2,0.0,3,1012.6,23.4,27,100,919.0,33.9,0.137
Melaka,2.1896,102.2501,2026-01-23T14:00,32.0,39,33.1,0.0,3,1012.2,21.0,14,100,950.0,35.7,0.139
Melaka,2.1896,102.2501,2026-01-23T15:00,34.0,34,35.2,0.0,3,1010.9,16.8,355,100,872.0,37.1,0.139
Melaka,2.1896,102.2501,2026-01-23T16:00,33.2,37,32.6,0.0,3,1010.1,18.9,21,100,548.0,37.2,0.139
Melaka,2.1896,102.2501,2026-01-23T17:00,32.9,37,32.2,0.0,3,1009.6,19.8,17,100,436.0,36.8,0.139
Melaka,2.1896,102.2501,2026-01-23T18:00,32.5,37,32.1,0.0,3,1009.7,16.7,11,100,260.0,36.0,0.138
Melaka,2.1896,102.2501,2026-01-23T19:00,31.5,40,31.1,0.0,3,1010.0,16.6,30,100,105.0,34.9,0.138
Melaka,2.1896,102.2501,2026-01-23T20:00,29.6,48,29.9,0.0,3,1011.1,16.8,47,100,5.0,33.4,0.138
Melaka,2.1896,102.2501,2026-01-23T21:00,27.2,64,28.5,0.0,3,1011.9,17.8,51,100,0.0,32.0,0.138
Melaka,2.1896,102.2501,2026-01-23T22:00,26.4,68,27.5,0.0,3,1012.4,18.8,47,100,0.0,30.8,0.138
Melaka,2.1896,102.2501,2026-01-23T23:00,25.9,70,26.8,0.0,3,1013.0,19.5,45,100,0.0,29.8,0.138
Melaka,2.1896,102.2501,2026-01-24T00:00,25.4,71,26.3,0.0,3,1013.2,19.6,44,100,0.0,29.0,0.138
Melaka,2.1896,102.2501,2026-01-24T01:00,24.9,74,25.8,0.0,3,1013.3,20.3,41,97,0.0,28.2,0.138
Melaka,2.1896,102.2501,2026-01-24T02:00,24.8,77,26.0,0.0,3,1013.0,19.8,36,99,0.0,28.2,0.137
Melaka,2.1896,102.2501,2026-01-24T03:00,24.5,77,25.3,0.0,3,1012.4,22.2,35,91,0.0,27.6,0.137
Melaka,2.1896,102.2501,2026-01-24T04:00,24.2,77,24.6,0.0,3,1011.8,23.7,38,90,0.0,27.1,0.137
Melaka,2.1896,102.2501,2026-01-24T05:00,23.9,78,24.1,0.0,3,1011.7,24.3,35,84,0.0,26.6,0.137
Melaka,2.1896,102.2501,2026-01-24T06:00,23.6,80,24.0,0.0,3,1012.1,23.5,35,98,0.0,26.2,0.137
Melaka,2.1896,102.2501,2026-01-24T07:00,23.4,80,24.0,0.0,3,1012.7,22.0,35,100,0.0,25.9,0.137
Melaka,2.1896,102.2501,2026-01-24T08:00,23.9,76,24.4,0.0,3,1013.4,21.0,36,100,20.0,25.9,0.136
Melaka,2.1896,102.2501,2026-01-24T09:00,25.8,67,26.0,0.0,3,1013.8,21.9,35,100,185.0,26.5,0.136
Melaka,2.1896,102.2501,2026-01-24T10:00,28.0,58,27.9,0.0,3,1014.1,24.1,31,99,424.0,28.0,0.136
Melaka,2.1896,102.2501,2026-01-24T11:00,30.0,50,30.1,0.0,3,1014.3,24.0,34,99,643.0,30.0,0.136
Melaka,2.1896,102.2501,2026-01-24T12:00,31.5,46,32.3,0.0,3,1013.6,24.2,35,100,815.0,32.2,0.136
Melaka,2.1896,102.2501,2026-01-24T13:00,33.2,39,34.3,0.0,3,1012.5,22.5,35,99,922.0,34.3,0.136
Melaka,2.1896,102.2501,2026-01-24T14:00,34.0,35,35.2,0.0,3,1012.0,20.0,23,100,947.0,36.2,0.14
Melaka,2.1896,102.2501,2026-01-24T15:00,34.2,34,34.9,0.0,3,1010.7,17.9,13,100,791.0,37.3,0.14
Melaka,2.1896,102.2501,2026-01-24T16:00,34.9,31,34.8,0.0,3,1009.8,18.4,15,100,710.0,38.0,0.139
Melaka,2.1896,102.2501,2026-01-24T17:00,33.2,36,32.2,0.0,3,1009.4,21.1,40,100,441.0,37.5,0.139
Melaka,2.1896,102.2501,2026-01-24T18:00,32.8,36,32.0,0.0,3,1009.2,19.5,37,100,273.0,36.7,0.139
Melaka,2.1896,102.2501,2026-01-24T19:00,30.8,45,30.3,0.0,3,1009.8,22.0,47,100,86.0,35.2,0.138
Melaka,2.1896,102.2501,2026-01-24T20:00,29.2,54,30.0,0.0,3,1010.9,17.5,53,100,6.0,34.2,0.132
Melaka,2.1896,102.2501,2026-01-24T21:00,28.0,62,29.6,0.0,3,1011.6,15.1,62,100,0.0,32.8,0.132
Melaka,2.1896,102.2501,2026-01-24T22:00,27.1,66,28.7,0.0,3,1012.2,16.3,54,98,0.0,31.5,0.132
Melaka,2.1896,102.2501,2026-01-24T23:00,26.2,72,27.9,0.0,3,1012.6,17.3,47,94,0.0,30.5,0.132
Melaka,2.1896,102.2501,2026-01-25T00:00,25.5,77,27.0,0.0,3,1012.5,19.9,41,95,0.0,29.5,0.132
Melaka,2.1896,102.2501,2026-01-25T01:00,24.9,80,26.4,0.0,3,1012.6,20.0,42,98,0.0,28.7,0.133
Melaka,2.1896,102.2501,2026-01-25T02:00,25.0,82,27.0,0.0,3,1012.0,19.1,43,96,0.0,28.5,0.13
Melaka,2.1896,102.2501,2026-01-25T03:00,24.6,83,26.2,0.0,3,1011.5,20.9,42,99,0.0,28.0,0.13
Melaka,2.1896,102.2501,2026-01-25T04:00,24.2,84,25.6,0.0,3,1011.0,22.2,41,98,0.0,27.4,0.13
Melaka,2.1896,102.2501,2026-01-25T05:00,24.0,83,25.2,0.0,3,1010.7,22.5,40,96,0.0,26.9,0.13
Melaka,2.1896,102.2501,2026-01-25T06:00,23.8,84,24.7,0.0,3,1011.1,23.2,39,100,0.0,26.5,0.13
Melaka,2.1896,102.2501,2026-01-25T07:00,23.7,83,24.4,0.0,3,1011.6,24.2,40,100,0.0,26.1,0.13
Melaka,2.1896,102.2501,2026-01-25T08:00,24.5,81,25.6,0.0,3,1012.4,22.2,41,96,19.0,26.4,0.129
Melaka,2.1896,102.2501,2026-01-25T09:00,26.0,73,27.0,0.0,3,1012.9,22.8,42,100,181.0,26.9,0.129
Melaka,2.1896,102.2501,2026-01-25T10:00,28.0,63,28.4,0.0,3,1013.2,25.1,40,98,418.0,28.3,0.129
Melaka,2.1896,102.2501,2026-01-25T11:00,29.9,54,30.3,0.0,3,1013.0,24.7,37,99,626.0,30.1,0.129
Melaka,2.1896,102.2501,2026-01-25T12:00,31.7,46,33.1,0.0,3,1012.7,21.1,34,99,810.0,32.4,0.129
Melaka,2.1896,102.2501,2026-01-25T13:00,32.9,39,34.5,0.0,3,1012.0,17.4,33,98,844.0,34.5,0.129
Melaka,2.1896,102.2501,2026-01-25T14:00,33.2,38,35.0,0.0,3,1011.4,15.6,37,99,864.0,36.3,0.143
Melaka,2.1896,102.2501,2026-01-25T15:00,33.5,37,34.8,0.0,3,1010.4,16.6,36,100,807.0,37.3,0.142
Melaka,2.1896,102.2501,2026-01-25T16:00,32.7,40,33.2,0.1,51,1009.8,17.5,32,100,651.0,37.5,0.142
Melaka,2.1896,102.2501,2026-01-25T17:00,31.9,43,32.5,0.0,3,1009.5,15.6,33,100,455.0,37.0,0.142
Melaka,2.1896,102.2501,2026-01-25T18:00,31.0,47,31.6,0.1,51,1009.7,16.1,40,100,293.0,36.1,0.142
Melaka,2.1896,102.2501,2026-01-25T19:00,29.7,52,30.5,0.0,3,1010.3,17.1,41,100,101.0,34.6,0.142
Melaka,2.1896,102.2501,2026-01-25T20:00,27.0,66,28.2,0.0,3,1011.3,18.8,45,100,6.0,33.3,0.137
Melaka,2.1896,102.2501,2026-01-25T21:00,26.0,72,27.8,0.0,3,1011.9,16.9,46,100,0.0,31.8,0.137
Melaka,2.1896,102.2501,2026-01-25T22:00,25.5,75,27.2,0.0,3,1012.6,17.2,46,100,0.0,30.5,0.137
Melaka,2.1896,102.2501,2026-01-25T23:00,25.0,77,26.5,0.0,3,1012.7,18.8,47,100,0.0,29.5,0.137
Melaka,2.1896,102.2501,2026-01-26T00:00,24.7,79,26.3,0.0,3,1012.3,18.8,44,100,0.0,28.6,0.137
Melaka,2.1896,102.2501,2026-01-26T01:00,24.5,80,25.9,0.0,3,1012.4,19.8,42,99,0.0,28.0,0.137
Melaka,2.1896,102.2501,2026-01-26T02:00,24.5,82,26.1,0.0,3,1011.6,20.4,41,92,0.0,27.9,0.137
Melaka,2.1896,102.2501,2026-01-26T03:00,24.2,82,25.6,0.0,3,1011.4,20.4,40,98,0.0,27.3,0.137
Melaka,2.1896,102.2501,2026-01-26T04:00,23.9,83,25.2,0.0,3,1011.0,20.7,41,98,0.0,26.9,0.137
Melaka,2.1896,102.2501,2026-01-26T05:00,23.5,85,24.7,0.0,0,1011.0,21.5,40,5,0.0,26.4,0.137
Melaka,2.1896,102.2501,2026-01-26T06:00,23.4,85,24.3,0.0,3,1011.6,21.8,41,86,0.0,26.0,0.137
Melaka,2.1896,102.2501,2026-01-26T07:00,23.2,84,24.1,0.0,3,1012.2,22.0,40,98,0.0,25.7,0.137
Melaka,2.1896,102.2501,2026-01-26T08:00,24.1,80,25.0,0.0,2,1012.5,21.9,39,73,19.0,25.6,0.138
Melaka,2.1896,102.2501,2026-01-26T09:00,26.1,70,26.5,0.0,2,1013.4,24.5,39,63,191.0,26.4,0.138
Melaka,2.1896,102.2501,2026-01-26T10:00,27.9,62,28.0,0.0,0,1013.8,25.4,38,10,426.0,27.9,0.138
Melaka,2.1896,102.2501,2026-01-26T11:00,29.8,53,30.1,0.0,0,1013.6,24.6,38,3,643.0,29.9,0.137
Melaka,2.1896,102.2501,2026-01-26T12:00,31.5,46,32.6,0.0,0,1012.8,23.0,36,4,816.0,32.0,0.137
Melaka,2.1896,102.2501,2026-01-26T13:00,32.9,41,34.5,0.0,0,1011.9,20.6,35,11,919.0,34.3,0.137
Melaka,2.1896,102.2501,2026-01-26T14:00,33.3,39,35.4,0.0,1,1011.0,17.7,30,42,953.0,36.5,0.139
Melaka,2.1896,102.2501,2026-01-26T15:00,33.8,37,35.4,0.0,1,1010.2,16.2,34,36,829.0,37.7,0.139
Melaka,2.1896,102.2501,2026-01-26T16:00,33.7,36,33.9,0.0,2,1009.1,17.1,38,76,640.0,38.0,0.139
Melaka,2.1896,102.2501,2026-01-26T17:00,32.6,41,32.4,0.0,3,1008.8,19.7,38,82,465.0,37.6,0.138
Melaka,2.1896,102.2501,2026-01-26T18:00,31.8,43,31.5,0.0,2,1009.1,20.3,41,62,326.0,36.8,0.138
Melaka,2.1896,102.2501,2026-01-26T19:00,29.8,50,30.1,0.0,2,1009.7,18.6,47,73,116.0,35.2,0.138
Melaka,2.1896,102.2501,2026-01-26T20:00,28.8,53,29.4,0.0,3,1011.1,16.3,49,97,6.0,33.3,0.141
Melaka,2.1896,102.2501,2026-01-26T21:00,27.8,57,28.4,0.0,3,1011.7,17.3,48,93,0.0,32.0,0.14
Melaka,2.1896,102.2501,2026-01-26T22:00,26.6,63,27.4,0.0,3,1012.1,17.5,49,99,0.0,30.9,0.14
Melaka,2.1896,102.2501,2026-01-26T23:00,25.9,65,26.6,0.0,3,1012.8,17.3,48,100,0.0,29.9,0.14
Melaka,2.1896,102.2501,2026-01-27T00:00,25.4,69,26.3,0.0,3,1012.7,17.6,43,100,0.0,29.0,0.14
Melaka,2.1896,102.2501,2026-01-27T01:00,24.9,74,26.0,0.0,3,1012.9,18.2,39,100,0.0,28.3,0.14
Melaka,2.1896,102.2501,2026-01-27T02:00,24.6,77,25.5,0.0,3,1012.1,21.3,34,98,0.0,28.3,0.138
Melaka,2.1896,102.2501,2026-01-27T03:00,24.3,79,25.1,0.0,3,1011.8,22.1,35,94,0.0,27.7,0.138
Melaka,2.1896,102.2501,2026-01-27T04:00,24.1,80,24.9,0.0,3,1011.6,22.4,35,100,0.0,27.1,0.138
Melaka,2.1896,102.2501,2026-01-27T05:00,23.7,82,24.5,0.0,3,1011.5,22.1,35,99,0.0,26.7,0.138
Melaka,2.1896,102.2501,2026-01-27T06:00,23.5,83,24.3,0.0,1,1012.1,22.2,34,49,0.0,26.3,0.138
Melaka,2.1896,102.2501,2026-01-27T07:00,23.5,82,24.0,0.0,1,1012.5,23.0,33,31,0.0,26.0,0.138
Melaka,2.1896,102.2501,2026-01-27T08:00,24.1,78,24.9,0.0,0,1013.1,21.7,36,11,18.0,26.7,0.129
Melaka,2.1896,102.2501,2026-01-27T09:00,25.9,70,26.1,0.0,0,1013.8,24.9,38,17,187.0,27.1,0.129
Melaka,2.1896,102.2501,2026-01-27T10:00,28.0,58,27.5,0.0,1,1014.2,25.8,37,31,423.0,28.4,0.129
Melaka,2.1896,102.2501,2026-01-27T11:00,29.9,49,29.5,0.0,2,1013.9,25.5,34,77,641.0,30.2,0.129
Melaka,2.1896,102.2501,2026-01-27T12:00,31.5,44,32.0,0.0,1,1013.4,23.7,33,48,808.0,32.3,0.129
Melaka,2.1896,102.2501,2026-01-27T13:00,33.2,39,34.7,0.0,3,1012.7,19.8,27,99,924.0,34.5,0.129
Melaka,2.1896,102.2501,2026-01-27T14:00,34.1,36,36.4,0.0,3,1011.6,15.1,12,100,955.0,36.9,0.139
Melaka,2.1896,102.2501,2026-01-27T15:00,33.8,37,34.8,0.0,3,1010.6,15.7,20,100,691.0,37.8,0.139
Melaka,2.1896,102.2501,2026-01-27T16:00,33.0,40,33.7,0.2,51,1009.9,13.5,30,100,505.0,37.6,0.141
Melaka,2.1896,102.2501,2026-01-27T17:00,33.2,38,34.5,0.0,3,1009.2,8.7,14,100,378.0,37.4,0.14
Melaka,2.1896,102.2501,2026-01-27T18:00,32.6,39,33.5,0.0,3,1009.3,11.0,30,100,198.0,36.6,0.14
Melaka,2.1896,102.2501,2026-01-27T19:00,31.2,44,31.7,0.0,3,1009.8,14.5,38,100,65.0,35.3,0.14
Melaka,2.1896,102.2501,2026-01-27T20:00,29.5,51,30.7,0.0,3,1010.8,12.9,42,100,5.0,34.3,0.143
Melaka,2.1896,102.2501,2026-01-27T21:00,28.3,58,29.7,0.0,3,1011.5,14.2,51,100,0.0,32.8,0.142
Melaka,2.1896,102.2501,2026-01-27T22:00,27.0,66,28.8,0.0,3,1012.6,14.3,50,98,0.0,31.5,0.142
Melaka,2.1896,102.2501,2026-01-27T23:00,26.0,68,27.5,0.0,2,1012.9,14.6,44,64,0.0,30.5,0.142
Melaka,2.1896,102.2501,2026-01-28T00:00,25.4,71,27.1,0.0,3,1013.2,13.6,39,90,0.0,29.5,0.142
Melaka,2.1896,102.2501,2026-01-28T01:00,24.9,76,26.7,0.0,3,1013.2,15.0,40,100,0.0,28.7,0.142
Melaka,2.1896,102.2501,2026-01-28T02:00,24.6,80,26.3,0.0,3,1012.1,18.4,37,100,0.0,28.6,0.14
Melaka,2.1896,102.2501,2026-01-28T03:00,24.5,81,26.1,0.0,3,1011.6,19.2,37,99,0.0,28.0,0.14
Melaka,2.1896,102.2501,2026-01-28T04:00,24.2,82,25.9,0.0,3,1011.3,18.8,36,100,0.0,27.4,0.14
Melaka,2.1896,102.2501,2026-01-28T05:00,24.0,83,25.4,0.0,3,1010.9,20.1,34,100,0.0,27.0,0.14
Melaka,2.1896,102.2501,2026-01-28T06:00,24.0,83,25.2,0.0,3,1011.1,20.6,35,100,0.0,26.6,0.14
Melaka,2.1896,102.2501,2026-01-28T07:00,23.9,83,25.0,0.0,3,1011.7,21.3,36,100,0.0,26.4,0.14
Melaka,2.1896,102.2501,2026-01-28T08:00,24.6,78,25.8,0.0,3,1012.4,20.5,36,95,17.0,26.8,0.134
Melaka,2.1896,102.2501,2026-01-28T09:00,26.1,69,26.5,0.0,3,1013.4,23.4,36,94,157.0,27.2,0.134
Melaka,2.1896,102.2501,2026-01-28T10:00,28.0,58,27.8,0.0,1,1013.6,24.5,36,25,352.0,28.5,0.134
Melaka,2.1896,102.2501,2026-01-28T11:00,29.9,49,29.6,0.0,0,1013.3,23.5,35,9,592.0,30.2,0.134
Melaka,2.1896,102.2501,2026-01-28T12:00,31.9,44,33.1,0.0,3,1013.1,19.8,30,92,812.0,32.6,0.134
Melaka,2.1896,102.2501,2026-01-28T13:00,33.5,40,36.0,0.0,3,1012.1,14.9,17,88,896.0,35.0,0.134
Melaka,2.1896,102.2501,2026-01-28T14:00,33.8,38,37.0,0.0,3,1011.7,11.0,354,92,902.0,37.2,0.145
Melaka,2.1896,102.2501,2026-01-28T15:00,34.0,37,37.1,0.7,53,1010.7,9.9,358,89,865.0,38.5,0.151
Melaka,2.1896,102.2501,2026-01-28T16:00,33.2,41,35.7,1.0,55,1009.8,9.6,30,100,721.0,38.7,0.162
Melaka,2.1896,102.2501,2026-01-28T17:00,32.3,45,34.0,0.2,51,1009.1,10.8,48,100,536.0,38.0,0.163
Melaka,2.1896,102.2501,2026-01-28T18:00,31.5,46,32.7,0.0,2,1009.1,13.1,48,77,275.0,36.7,0.161
Melaka,2.1896,102.2501,2026-01-28T19:00,30.1,49,31.1,0.0,3,1010.1,14.3,37,84,135.0,35.0,0.16
Melaka,2.1896,102.2501,2026-01-28T20:00,29.1,54,30.4,0.0,3,1011.1,13.9,52,99,6.0,34.2,0.141
Melaka,2.1896,102.2501,2026-01-28T21:00,27.5,65,29.7,0.0,3,1011.9,13.5,43,98,0.0,32.7,0.141
Melaka,2.1896,102.2501,2026-01-28T22:00,27.0,69,28.8,0.0,3,1012.7,16.3,52,99,0.0,31.5,0.141
Melaka,2.1896,102.2501,2026-01-28T23:00,26.0,73,27.9,0.0,1,1013.2,16.6,50,34,0.0,30.4,0.141
Melaka,2.1896,102.2501,2026-01-29T00:00,25.4,76,27.2,0.0,0,1013.3,16.8,42,11,0.0,29.5,0.141
Melaka,2.1896,102.2501,2026-01-29T01:00,25.1,77,26.7,0.0,3,1013.1,18.4,40,100,0.0,28.8,0.14
Melaka,2.1896,102.2501,2026-01-29T02:00,24.9,81,26.7,0.0,3,1012.6,18.6,37,99,0.0,28.6,0.14
Melaka,2.1896,102.2501,2026-01-29T03:00,24.6,82,26.3,0.0,3,1011.6,19.5,36,91,0.0,28.0,0.14
Melaka,2.1896,102.2501,2026-01-29T04:00,24.5,82,26.1,0.0,0,1010.8,19.5,35,18,0.0,27.5,0.14
Melaka,2.1896,102.2501,2026-01-29T05:00,24.1,85,25.8,0.0,3,1010.6,19.8,30,99,0.0,27.0,0.14
Melaka,2.1896,102.2501,2026-01-29T06:00,24.0,85,25.7,0.0,3,1011.1,19.5,32,100,0.0,26.8,0.14
Melaka,2.1896,102.2501,2026-01-29T07:00,24.1,83,25.7,0.0,3,1011.4,20.0,35,100,0.0,26.5,0.14
Melaka,2.1896,102.2501,2026-01-29T08:00,24.9,78,26.6,0.0,3,1012.2,18.1,37,100,17.0,27.0,0.132
Melaka,2.1896,102.2501,2026-01-29T09:00,26.0,74,27.3,0.0,3,1013.1,20.4,38,91,124.0,27.4,0.132
Melaka,2.1896,102.2501,2026-01-29T10:00,27.8,63,28.5,0.0,1,1013.3,21.0,34,32,332.0,28.5,0.132
Melaka,2.1896,102.2501,2026-01-29T11:00,29.7,54,30.6,0.0,0,1013.6,19.3,32,12,576.0,30.4,0.132
Melaka,2.1896,102.2501,2026-01-29T12:00,31.0,49,32.6,0.0,0,1013.2,19.1,33,2,752.0,32.5,0.132
Melaka,2.1896,102.2501,2026-01-29T13:00,32.5,45,36.0,0.0,1,1012.4,12.2,16,45,917.0,35.0,0.132
Melaka,2.1896,102.2501,2026-01-29T14:00,31.7,48,35.1,0.3,51,1011.8,13.2,20,38,887.0,37.0,0.148
Melaka,2.1896,102.2501,2026-01-29T15:00,32.3,46,35.3,0.2,51,1010.7,12.3,23,40,782.0,37.8,0.149
Melaka,2.1896,102.2501,2026-01-29T16:00,32.8,44,35.7,0.4,51,1009.6,11.1,12,38,748.0,38.2,0.152
Melaka,2.1896,102.2501,2026-01-29T17:00,32.2,46,33.6,0.1,51,1009.0,13.4,22,62,544.0,37.8,0.152
Melaka,2.1896,102.2501,2026-01-29T18:00,31.2,49,32.5,0.0,2,1009.0,15.5,31,50,338.0,36.7,0.151
Melaka,2.1896,102.2501,2026-01-29T19:00,30.4,52,31.5,0.0,0,1010.0,15.9,27,8,123.0,35.2,0.15
Melaka,2.1896,102.2501,2026-01-29T20:00,28.1,63,30.0,0.0,0,1011.0,15.4,37,0,6.0,33.3,0.149
Melaka,2.1896,102.2501,2026-01-29T21:00,26.4,72,28.3,0.0,0,1011.9,16.6,47,2,0.0,31.8,0.149
Melaka,2.1896,102.2501,2026-01-29T22:00,25.9,74,28.1,0.0,3,1012.6,15.3,52,100,0.0,30.6,0.149
Melaka,2.1896,102.2501,2026-01-29T23:00,25.6,76,27.8,0.0,3,1013.3,15.4,47,100,0.0,29.6,0.148
Melaka,2.1896,102.2501,2026-01-30T00:00,25.4,77,27.3,0.0,2,1013.7,16.9,47,79,0.0,28.9,0.148
Melaka,2.1896,102.2501,2026-01-30T01:00,25.1,78,26.9,0.0,2,1013.7,18.0,44,77,0.0,28.2,0.148
Melaka,2.1896,102.2501,2026-01-30T02:00,24.7,81,26.6,0.0,3,1013.1,17.3,39,93,0.0,27.7,0.148
Melaka,2.1896,102.2501,2026-01-30T03:00,24.4,82,26.2,0.0,2,1012.6,18.4,41,63,0.0,27.3,0.148
Melaka,2.1896,102.2501,2026-01-30T04:00,24.1,84,26.0,0.0,0,1012.2,18.3,39,17,0.0,26.9,0.147
Melaka,2.1896,102.2501,2026-01-30T05:00,24.0,85,25.7,0.0,0,1012.3,19.5,38,13,0.0,26.5,0.147
Melaka,2.1896,102.2501,2026-01-30T06:00,23.8,86,25.5,0.0,0,1012.3,19.5,35,3,0.0,26.2,0.147
Melaka,2.1896,102.2501,2026-01-30T07:00,23.6,87,25.2,0.0,0,1012.6,20.0,36,0,0.0,26.0,0.147
Melaka,2.1896,102.2501,2026-01-30T08:00,24.5,83,26.1,0.0,1,1012.9,20.4,39,23,18.0,26.0,0.147
Melaka,2.1896,102.2501,2026-01-30T09:00,26.0,76,27.5,0.0,3,1013.6,20.7,39,97,177.0,26.8,0.146
Melaka,2.1896,102.2501,2026-01-30T10:00,28.2,63,29.0,0.0,3,1013.9,22.4,38,99,408.0,28.1,0.146
Melaka,2.1896,102.2501,2026-01-30T11:00,30.2,53,31.1,0.0,3,1013.8,21.7,37,96,621.0,30.0,0.145
Melaka,2.1896,102.2501,2026-01-30T12:00,31.8,48,33.6,0.0,3,1013.1,20.3,36,99,785.0,32.2,0.144
Melaka,2.1896,102.2501,2026-01-30T13:00,33.7,42,36.6,0.0,3,1012.1,15.1,28,98,879.0,34.5,0.143
Melaka,2.1896,102.2501,2026-01-30T14:00,33.2,41,36.3,0.0,3,1011.5,12.0,26,99,898.0,36.7,0.145
Melaka,2.1896,102.2501,2026-01-30T15:00,31.9,46,33.1,0.9,53,1010.8,14.5,42,95,510.0,36.5,0.154
Melaka,2.1896,102.2501,2026-01-30T16:00,32.7,46,35.0,0.5,53,1009.9,11.7,18,51,636.0,36.8,0.159
Melaka,2.1896,102.2501,2026-01-30T17:00,33.0,44,34.7,0.1,51,1009.4,12.2,25,100,513.0,36.7,0.158
Melaka,2.1896,102.2501,2026-01-30T18:00,32.3,45,33.8,0.0,3,1009.1,13.4,33,100,285.0,35.8,0.156
Melaka,2.1896,102.2501,2026-01-30T19:00,31.2,48,32.7,0.0,0,1009.7,12.6,31,9,110.0,34.6,0.155
Melaka,2.1896,102.2501,2026-01-30T20:00,29.0,59,31.2,0.0,2,1011.3,12.6,86,55,6.0,35.1,0.142
Melaka,2.1896,102.2501,2026-01-30T21:00,27.0,71,29.6,0.0,0,1011.7,13.9,46,9,0.0,33.3,0.142
Melaka,2.1896,102.2501,2026-01-30T22:00,26.6,74,29.5,0.0,0,1012.8,12.7,44,5,0.0,32.0,0.142
Melaka,2.1896,102.2501,2026-01-30T23:00,26.2,75,28.7,0.0,0,1013.2,14.5,45,6,0.0,30.8,0.142
Melaka,2.1896,102.2501,2026-01-31T00:00,25.7,77,28.0,0.0,0,1013.5,15.6,36,6,0.0,29.9,0.142
Melaka,2.1896,102.2501,2026-01-31T01:00,25.2,80,27.6,0.0,0,1013.4,15.7,37,8,0.0,29.1,0.141
Melaka,2.1896,102.2501,2026-01-31T02:00,25.2,80,27.5,0.0,0,1012.7,16.5,36,3,0.0,29.2,0.132
Melaka,2.1896,102.2501,2026-01-31T03:00,25.0,81,27.4,0.0,0,1012.0,15.2,37,9,0.0,28.6,0.132
Melaka,2.1896,102.2501,2026-01-31T04:00,24.6,82,26.9,0.0,0,1011.5,15.8,38,10,0.0,28.0,0.132
Melaka,2.1896,102.2501,2026-01-31T05:00,24.3,84,26.5,0.0,0,1011.3,16.5,37,9,0.0,27.5,0.132
Melaka,2.1896,102.2501,2026-01-31T06:00,24.1,85,26.2,0.0,0,1011.4,16.7,35,2,0.0,27.1,0.132
Melaka,2.1896,102.2501,2026-01-31T07:00,24.0,85,26.0,0.0,0,1011.9,17.0,36,1,0.0,26.7,0.132
Melaka,2.1896,102.2501,2026-01-31T08:00,24.9,79,26.2,0.0,3,1012.6,20.4,35,84,18.0,27.3,0.135
Melaka,2.1896,102.2501,2026-01-31T09:00,26.5,72,27.9,0.0,3,1013.9,20.2,37,100,179.0,27.8,0.135
Melaka,2.1896,102.2501,2026-01-31T10:00,28.5,62,29.5,0.0,3,1014.5,21.4,36,92,414.0,29.1,0.135
Melaka,2.1896,102.2501,2026-01-31T11:00,30.5,53,31.6,0.0,3,1014.4,20.5,34,87,638.0,31.1,0.135
Melaka,2.1896,102.2501,2026-01-31T12:00,32.4,46,34.7,0.0,1,1014.0,17.0,31,26,815.0,33.5,0.135
Melaka,2.1896,102.2501,2026-01-31T13:00,33.3,43,36.7,0.1,51,1012.8,13.7,28,96,899.0,35.9,0.136
Melaka,2.1896,102.2501,2026-01-31T14:00,33.2,43,36.7,0.3,51,1012.3,12.5,23,84,915.0,37.8,0.141
Melaka,2.1896,102.2501,2026-01-31T15:00,34.0,41,37.4,0.4,51,1011.1,10.8,15,59,862.0,39.1,0.145
Melaka,2.1896,102.2501,2026-01-31T16:00,34.2,40,37.0,0.1,51,1010.0,10.4,20,82,750.0,39.7,0.145
Melaka,2.1896,102.2501,2026-01-31T17:00,33.5,42,35.6,0.0,3,1009.2,8.0,16,100,559.0,39.6,0.144
Melaka,2.1896,102.2501,2026-01-31T18:00,32.4,43,35.1,0.0,3,1009.5,3.0,308,100,306.0,38.8,0.143
Melaka,2.1896,102.2501,2026-01-31T19:00,31.4,46,34.3,0.0,3,1009.9,0.5,225,100,118.0,37.3,0.143
Melaka,2.1896,102.2501,2026-01-31T20:00,30.2,49,32.3,0.0,1,1010.8,6.7,71,24,5.0,36.0,0.145
Melaka,2.1896,102.2501,2026-01-31T21:00,29.0,56,30.6,0.0,1,1011.9,12.4,51,21,0.0,34.3,0.145
Melaka,2.1896,102.2501,2026-01-31T22:00,27.5,66,29.7,0.0,0,1012.5,13.2,43,9,0.0,32.8,0.145
Melaka,2.1896,102.2501,2026-01-31T23:00,26.8,70,29.1,0.0,0,1013.2,14.0,37,5,0.0,31.6,0.144
Melaka,2.1896,102.2501,2026-02-01T00:00,25.9,76,28.2,0.0,2,1013.4,15.7,34,63,0.0,30.5,0.144
Melaka,2.1896,102.2501,2026-02-01T01:00,25.4,81,27.8,0.0,0,1012.9,16.1,35,9,0.0,29.6,0.144
Melaka,2.1896,102.2501,2026-02-01T02:00,24.8,85,27.4,0.0,0,1012.2,16.6,32,4,0.0,29.4,0.139
Melaka,2.1896,102.2501,2026-02-01T03:00,24.6,86,27.3,0.0,0,1011.5,15.9,38,2,0.0,28.6,0.139
Melaka,2.1896,102.2501,2026-02-01T04:00,24.2,88,26.7,0.0,0,1010.8,17.0,37,10,0.0,28.0,0.139
Melaka,2.1896,102.2501,2026-02-01T05:00,24.1,88,26.5,0.0,0,1010.6,17.4,38,13,0.0,27.5,0.139
Melaka,2.1896,102.2501,2026-02-01T06:00,24.0,87,26.2,0.0,0,1011.1,17.8,39,13,0.0,27.1,0.139
Melaka,2.1896,102.2501,2026-02-01T07:00,23.9,86,26.1,0.0,0,1011.4,16.7,36,0,0.0,26.8,0.139
Melaka,2.1896,102.2501,2026-02-01T08:00,24.8,84,27.3,0.0,0,1012.3,16.3,42,0,18.0,27.5,0.142
Melaka,2.1896,102.2501,2026-02-01T09:00,26.6,75,28.9,0.0,0,1013.0,17.1,42,5,184.0,28.0,0.142
Melaka,2.1896,102.2501,2026-02-01T10:00,28.7,62,29.8,0.0,0,1013.4,21.5,35,6,421.0,29.4,0.141
Melaka,2.1896,102.2501,2026-02-01T11:00,30.6,53,31.7,0.0,0,1013.2,21.7,36,3,639.0,31.2,0.141
Melaka,2.1896,102.2501,2026-02-01T12:00,32.4,45,34.1,0.0,0,1012.7,20.3,33,9,814.0,33.5,0.14
Melaka,2.1896,102.2501,2026-02-01T13:00,33.6,41,35.9,0.0,0,1011.9,18.0,29,9,893.0,35.5,0.14
Melaka,2.1896,102.2501,2026-02-01T14:00,33.6,38,36.2,0.0,1,1011.4,13.5,19,29,905.0,37.5,0.139
Melaka,2.1896,102.2501,2026-02-01T15:00,34.7,36,37.5,0.1,51,1010.2,11.8,33,23,866.0,39.0,0.139
Melaka,2.1896,102.2501,2026-02-01T16:00,34.5,37,37.1,0.0,3,1009.0,9.6,49,95,763.0,40.1,0.139
Melaka,2.1896,102.2501,2026-02-01T17:00,33.6,39,35.4,0.0,3,1008.7,6.0,41,86,533.0,40.2,0.138
Melaka,2.1896,102.2501,2026-02-01T18:00,32.5,41,34.1,0.2,51,1008.9,7.7,31,87,320.0,39.5,0.141
Melaka,2.1896,102.2501,2026-02-01T19:00,30.6,50,31.8,0.3,51,1009.8,15.4,43,98,136.0,37.5,0.144
Melaka,2.1896,102.2501,2026-02-01T20:00,28.5,61,30.0,0.0,3,1010.9,17.2,45,100,6.0,35.5,0.139
Melaka,2.1896,102.2501,2026-02-01T21:00,28.1,63,29.5,0.0,3,1011.8,18.5,49,99,0.0,33.9,0.139
Melaka,2.1896,102.2501,2026-02-01T22:00,27.4,66,28.7,0.0,3,1012.8,18.9,50,98,0.0,32.5,0.139
Melaka,2.1896,102.2501,2026-02-01T23:00,26.5,69,27.7,0.0,3,1013.1,19.7,48,100,0.0,31.4,0.138
Melaka,2.1896,102.2501,2026-02-02T00:00,25.9,71,26.9,0.0,3,1013.1,19.9,46,100,0.0,30.4,0.138
Melaka,2.1896,102.2501,2026-02-02T01:00,25.5,73,26.5,0.0,3,1013.2,19.7,44,100,0.0,29.6,0.138
Melaka,2.1896,102.2501,2026-02-02T02:00,25.2,78,26.6,0.0,3,1012.6,20.9,42,99,0.0,29.5,0.134
Melaka,2.1896,102.2501,2026-02-02T03:00,25.0,79,26.0,0.0,3,1011.6,23.3,39,93,0.0,28.9,0.134
Melaka,2.1896,102.2501,2026-02-02T04:00,24.5,77,25.0,0.0,3,1010.9,24.7,39,90,0.0,28.2,0.134
Melaka,2.1896,102.2501,2026-02-02T05:00,24.2,76,24.3,0.0,3,1010.9,25.6,39,84,0.0,27.6,0.134
Melaka,2.1896,102.2501,2026-02-02T06:00,24.0,76,24.1,0.0,2,1011.4,24.4,41,66,0.0,27.2,0.134
Melaka,2.1896,102.2501,2026-02-02T07:00,24.0,73,24.0,0.0,3,1011.8,23.3,43,88,0.0,26.9,0.134
Melaka,2.1896,102.2501,2026-02-02T08:00,24.9,72,25.3,0.0,3,1012.6,21.7,40,96,17.0,27.2,0.132
Melaka,2.1896,102.2501,2026-02-02T09:00,26.5,65,26.5,0.0,3,1013.0,24.1,38,99,182.0,27.8,0.132
Melaka,2.1896,102.2501,2026-02-02T10:00,28.3,56,27.3,0.0,3,1013.2,28.6,34,98,419.0,29.0,0.132
Melaka,2.1896,102.2501,2026-02-02T11:00,30.0,48,29.3,0.0,3,1013.2,26.8,36,100,636.0,30.8,0.132
Melaka,2.1896,102.2501,2026-02-02T12:00,31.6,42,31.7,0.0,3,1012.7,24.9,38,100,807.0,32.8,0.132
Melaka,2.1896,102.2501,2026-02-02T13:00,32.8,38,33.3,0.0,3,1011.8,24.4,39,97,924.0,34.8,0.132
Melaka,2.1896,102.2501,2026-02-02T14:00,34.2,35,35.5,0.0,3,1011.2,20.6,32,100,962.0,36.8,0.139
Melaka,2.1896,102.2501,2026-02-02T15:00,32.5,40,31.8,0.0,3,1010.4,23.3,37,100,567.0,37.0,0.138
Melaka,2.1896,102.2501,2026-02-02T16:00,32.8,39,32.2,0.0,3,1009.4,20.6,40,100,492.0,37.0,0.138
Melaka,2.1896,102.2501,2026-02-02T17:00,32.0,42,31.4,0.0,3,1009.3,22.4,39,98,455.0,36.7,0.138
Melaka,2.1896,102.2501,2026-02-02T18:00,30.5,48,30.5,0.0,3,1009.5,21.1,40,98,282.0,35.8,0.138
Melaka,2.1896,102.2501,2026-02-02T19:00,30.0,49,30.4,0.0,3,1009.8,17.3,43,95,110.0,34.7,0.138
Melaka,2.1896,102.2501,2026-02-02T20:00,29.0,53,29.4,0.0,3,1011.0,18.9,47,95,7.0,33.1,0.14
Melaka,2.1896,102.2501,2026-02-02T21:00,28.0,56,28.3,0.0,3,1011.7,20.0,59,95,0.0,32.0,0.14
Melaka,2.1896,102.2501,2026-02-02T22:00,27.0,61,27.4,0.0,3,1012.7,19.1,57,99,0.0,31.0,0.14
Melaka,2.1896,102.2501,2026-02-02T23:00,26.2,64,26.9,0.0,3,1013.0,18.1,55,100,0.0,30.0,0.14
Melaka,2.1896,102.2501,2026-02-03T00:00,25.7,65,26.3,0.0,3,1013.3,18.1,49,96,0.0,29.3,0.14
Melaka,2.1896,102.2501,2026-02-03T01:00,25.0,69,25.6,0.0,3,1013.2,18.9,43,85,0.0,28.6,0.139
Melaka,2.1896,102.2501,2026-02-03T02:00,24.4,77,25.3,0.0,2,1012.7,20.5,45,79,0.0,28.3,0.144
Melaka,2.1896,102.2501,2026-02-03T03:00,24.1,81,25.3,0.0,3,1012.1,20.4,44,95,0.0,27.6,0.144
Melaka,2.1896,102.2501,2026-02-03T04:00,23.9,82,25.2,0.0,3,1011.9,19.4,43,90,0.0,27.1,0.144
Melaka,2.1896,102.2501,2026-02-03T05:00,23.7,82,24.7,0.0,3,1011.6,21.2,42,100,0.0,26.7,0.143
Melaka,2.1896,102.2501,2026-02-03T06:00,23.5,83,24.2,0.0,3,1012.0,22.3,41,94,0.0,26.3,0.143
Melaka,2.1896,102.2501,2026-02-03T07:00,23.1,83,23.7,0.0,3,1012.3,22.9,39,100,0.0,26.0,0.143
Melaka,2.1896,102.2501,2026-02-03T08:00,24.0,80,24.7,0.0,2,1013.0,22.5,37,61,18.0,26.1,0.142
Melaka,2.1896,102.2501,2026-02-03T09:00,25.6,71,26.1,0.0,0,1013.6,23.6,35,0,186.0,26.7,0.142
Melaka,2.1896,102.2501,2026-02-03T10:00,27.9,58,27.4,0.0,0,1014.0,26.5,33,1,425.0,28.0,0.142
Melaka,2.1896,102.2501,2026-02-03T11:00,29.8,51,29.6,0.0,0,1013.9,25.6,35,2,649.0,29.9,0.141
Melaka,2.1896,102.2501,2026-02-03T12:00,31.5,44,32.2,0.0,0,1013.5,24.1,36,2,821.0,32.0,0.141
Melaka,2.1896,102.2501,2026-02-03T13:00,33.2,38,34.2,0.0,0,1012.6,22.4,36,16,931.0,34.2,0.14
Melaka,2.1896,102.2501,2026-02-03T14:00,33.2,38,35.4,0.0,2,1012.4,16.0,40,52,964.0,36.2,0.15
Melaka,2.1896,102.2501,2026-02-03T15:00,32.2,42,33.0,0.5,53,1011.3,18.5,47,52,714.0,36.8,0.155
Melaka,2.1896,102.2501,2026-02-03T16:00,31.5,45,31.9,0.3,51,1010.4,18.0,38,55,480.0,36.0,0.156
Melaka,2.1896,102.2501,2026-02-03T17:00,31.2,46,31.3,0.1,51,1009.9,20.2,36,86,503.0,35.8,0.156
Melaka,2.1896,102.2501,2026-02-03T18:00,30.5,48,30.7,0.1,51,1009.8,19.2,32,91,336.0,34.9,0.156
Melaka,2.1896,102.2501,2026-02-03T19:00,29.5,51,29.7,0.0,3,1010.1,19.8,40,91,112.0,33.6,0.155
Melaka,2.1896,102.2501,2026-02-03T20:00,29.4,50,30.1,0.0,3,1011.3,14.0,42,95,7.0,33.5,0.138
Melaka,2.1896,102.2501,2026-02-03T21:00,28.4,54,29.3,0.0,3,1012.1,14.0,48,94,0.0,32.2,0.138
Melaka,2.1896,102.2501,2026-02-03T22:00,27.5,59,28.4,0.0,3,1012.8,16.1,51,88,0.0,31.2,0.138
Melaka,2.1896,102.2501,2026-02-03T23:00,26.6,63,27.8,0.0,3,1012.9,15.4,46,95,0.0,30.4,0.138
Melaka,2.1896,102.2501,2026-02-04T00:00,25.9,67,27.1,0.0,3,1013.0,15.8,46,94,0.0,29.5,0.138
Melaka,2.1896,102.2501,2026-02-04T01:00,25.4,71,26.8,0.0,3,1013.2,15.8,44,90,0.0,28.8,0.138
Melaka,2.1896,102.2501,2026-02-04T02:00,24.8,77,26.2,0.0,1,1012.5,17.9,40,23,0.0,28.6,0.138
Melaka,2.1896,102.2501,2026-02-04T03:00,24.5,77,25.9,0.0,0,1011.9,17.5,37,0,0.0,28.0,0.138
Melaka,2.1896,102.2501,2026-02-04T04:00,24.1,77,25.7,0.0,0,1011.6,15.9,32,0,0.0,27.4,0.138
Melaka,2.1896,102.2501,2026-02-04T05:00,23.7,78,25.2,0.0,0,1011.4,15.3,32,2,0.0,27.0,0.138
Melaka,2.1896,102.2501,2026-02-04T06:00,23.5,79,25.0,0.0,1,1011.5,14.5,30,46,0.0,26.5,0.138
Melaka,2.1896,102.2501,2026-02-04T07:00,23.2,79,25.0,0.0,1,1011.7,12.3,34,48,0.0,26.1,0.138
Melaka,2.1896,102.2501,2026-02-04T08:00,23.9,77,25.6,0.0,0,1012.8,13.1,33,12,18.0,26.3,0.138
Melaka,2.1896,102.2501,2026-02-04T09:00,26.0,67,27.7,0.0,1,1013.8,12.4,36,27,182.0,27.0,0.138
Melaka,2.1896,102.2501,2026-02-04T10:00,28.5,55,29.4,0.0,1,1014.2,16.4,32,30,404.0,28.6,0.138
Melaka,2.1896,102.2501,2026-02-04T11:00,30.4,49,30.7,0.0,1,1014.0,19.6,32,23,593.0,30.6,0.138
Melaka,2.1896,102.2501,2026-02-04T12:00,32.2,43,33.5,0.0,0,1013.4,18.2,28,15,780.0,33.0,0.138
Melaka,2.1896,102.2501,2026-02-04T13:00,33.8,36,35.3,0.0,0,1012.3,17.1,26,14,879.0,35.2,0.137
Melaka,2.1896,102.2501,2026-02-04T14:00,34.5,34,36.7,0.0,0,1011.6,13.9,17,2,929.0,37.3,0.137
Melaka,2.1896,102.2501,2026-02-04T15:00,35.2,33,38.9,0.0,0,1010.4,5.0,345,10,909.0,39.4,0.137
Melaka,2.1896,102.2501,2026-02-04T16:00,33.5,38,36.5,0.0,1,1009.6,6.9,233,30,770.0,40.7,0.137
Melaka,2.1896,102.2501,2026-02-04T17:00,32.8,45,35.6,0.5,53,1008.9,5.3,208,45,562.0,40.1,0.143
Melaka,2.1896,102.2501,2026-02-04T18:00,28.5,64,30.4,0.8,53,1010.3,17.4,58,76,338.0,38.3,0.152
Melaka,2.1896,102.2501,2026-02-04T19:00,28.5,64,30.4,0.4,51,1010.9,16.8,47,85,113.0,36.0,0.156
Melaka,2.1896,102.2501,2026-02-04T20:00,27.5,71,30.4,0.0,1,1011.9,13.2,40,42,6.0,33.9,0.146
Melaka,2.1896,102.2501,2026-02-04T21:00,27.0,75,30.2,0.0,3,1012.5,12.5,44,84,0.0,32.4,0.146
Melaka,2.1896,102.2501,2026-02-04T22:00,26.5,77,29.5,0.0,1,1013.0,13.2,44,22,0.0,31.2,0.146
Melaka,2.1896,102.2501,2026-02-04T23:00,26.0,80,29.0,0.0,2,1013.6,13.8,41,57,0.0,30.3,0.146
Melaka,2.1896,102.2501,2026-02-05T00:00,25.5,84,28.4,0.0,3,1013.7,15.2,35,95,0.0,29.5,0.145
Melaka,2.1896,102.2501,2026-02-05T01:00,25.0,86,27.9,0.0,3,1013.7,15.3,40,96,0.0,28.8,0.145
Melaka,2.1896,102.2501,2026-02-05T02:00,25.1,85,28.5,0.0,3,1013.4,12.5,41,100,0.0,29.0,0.135
Melaka,2.1896,102.2501,2026-02-05T03:00,24.9,85,27.9,0.0,3,1012.5,13.0,38,99,0.0,28.5,0.135
Melaka,2.1896,102.2501,2026-02-05T04:00,24.5,86,27.5,0.0,1,1012.0,12.9,30,49,0.0,28.0,0.135
Melaka,2.1896,102.2501,2026-02-05T05:00,24.2,88,27.4,0.0,3,1011.7,11.9,31,88,0.0,27.5,0.135
Melaka,2.1896,102.2501,2026-02-05T06:00,24.0,89,27.2,0.0,3,1011.6,12.0,36,98,0.0,27.1,0.135
Melaka,2.1896,102.2501,2026-02-05T07:00,23.9,89,27.0,0.0,3,1011.6,12.5,35,100,0.0,26.8,0.135
Melaka,2.1896,102.2501,2026-02-05T08:00,24.9,84,27.3,0.0,3,1012.2,16.3,29,84,13.0,27.2,0.139
Melaka,2.1896,102.2501,2026-02-05T09:00,26.4,76,29.0,0.0,3,1012.9,15.1,28,88,120.0,27.6,0.139
Melaka,2.1896,102.2501,2026-02-05T10:00,28.9,62,30.7,0.0,0,1013.4,17.6,27,9,316.0,29.0,0.139
Melaka,2.1896,102.2501,2026-02-05T11:00,31.2,52,32.7,0.0,0,1013.3,18.9,28,0,618.0,31.1,0.138
Melaka,2.1896,102.2501,2026-02-05T12:00,33.0,45,35.5,0.0,0,1012.5,16.6,23,10,810.0,33.5,0.138
Melaka,2.1896,102.2501,2026-02-05T13:00,34.7,40,38.0,0.0,1,1011.5,13.2,15,27,903.0,36.1,0.138
Melaka,2.1896,102.2501,2026-02-05T14:00,33.9,42,39.2,0.0,3,1010.6,4.1,337,100,936.0,38.6,0.149
Melaka,2.1896,102.2501,2026-02-05T15:00,32.3,53,36.6,1.7,61,1009.9,11.3,227,99,780.0,39.3,0.168
Melaka,2.1896,102.2501,2026-02-05T16:00,30.0,62,33.2,0.7,53,1009.3,12.0,224,100,564.0,37.8,0.175
Melaka,2.1896,102.2501,2026-02-05T17:00,30.1,59,33.3,0.1,51,1008.6,9.7,236,98,445.0,36.8,0.174
Melaka,2.1896,102.2501,2026-02-05T18:00,30.0,60,33.4,0.0,3,1008.8,7.8,263,86,303.0,35.6,0.172
Melaka,2.1896,102.2501,2026-02-05T19:00,28.5,69,32.1,0.5,53,1010.1,9.7,78,54,88.0,34.0,0.177
Melaka,2.1896,102.2501,2026-02-05T20:00,28.5,68,32.1,0.0,2,1011.0,9.0,89,68,6.0,33.8,0.148
Melaka,2.1896,102.2501,2026-02-05T21:00,27.8,72,31.3,0.0,3,1011.8,11.0,60,83,0.0,32.5,0.147
Melaka,2.1896,102.2501,2026-02-05T22:00,27.0,74,30.4,0.0,3,1012.7,11.0,42,100,0.0,31.4,0.147
Melaka,2.1896,102.2501,2026-02-05T23:00,26.5,76,29.7,0.0,3,1012.7,12.0,44,98,0.0,30.5,0.147
Melaka,2.1896,102.2501,2026-02-06T00:00,25.9,78,28.9,0.0,3,1012.8,12.6,43,81,0.0,29.6,0.147
Melaka,2.1896,102.2501,2026-02-06T01:00,25.4,80,28.0,0.0,1,1012.9,14.2,36,37,0.0,29.0,0.146
Melaka,2.1896,102.2501,2026-02-06T02:00,25.3,83,28.1,0.0,3,1012.4,14.8,31,98,0.0,29.0,0.141
Melaka,2.1896,102.2501,2026-02-06T03:00,25.0,83,27.8,0.0,3,1011.9,15.3,40,100,0.0,28.4,0.141
Melaka,2.1896,102.2501,2026-02-06T04:00,24.7,85,27.3,0.0,3,1011.5,16.2,35,80,0.0,27.9,0.141
Melaka,2.1896,102.2501,2026-02-06T05:00,24.5,86,27.0,0.0,1,1011.5,16.3,32,25,0.0,27.5,0.141
Melaka,2.1896,102.2501,2026-02-06T06:00,24.4,85,26.6,0.0,2,1011.5,17.3,33,75,0.0,27.1,0.141
Melaka,2.1896,102.2501,2026-02-06T07:00,24.2,85,26.5,0.0,1,1011.6,16.9,36,34,0.0,26.8,0.141
Melaka,2.1896,102.2501,2026-02-06T08:00,25.0,83,28.0,0.0,3,1012.4,12.9,46,100,17.0,27.3,0.143
Melaka,2.1896,102.2501,2026-02-06T09:00,26.8,75,30.1,0.0,3,1013.4,11.6,36,99,139.0,27.9,0.143
Melaka,2.1896,102.2501,2026-02-06T10:00,28.5,67,31.8,0.1,51,1014.3,10.3,353,100,346.0,29.4,0.143
Melaka,2.1896,102.2501,2026-02-06T11:00,25.4,81,27.7,4.8,63,1014.5,17.8,23,100,392.0,29.1,0.204
Melaka,2.1896,102.2501,2026-02-06T12:00,27.5,77,31.9,0.2,51,1013.5,8.0,8,100,507.0,30.0,0.204
Melaka,2.1896,102.2501,2026-02-06T13:00,30.0,65,35.4,0.2,51,1012.5,7.7,16,99,775.0,31.8,0.203
Melaka,2.1896,102.2501,2026-02-06T14:00,31.1,58,36.7,0.0,3,1011.6,6.9,311,100,829.0,33.5,0.206
Melaka,2.1896,102.2501,2026-02-06T15:00,31.1,57,34.6,0.1,51,1010.4,10.1,272,91,602.0,33.9,0.203
Melaka,2.1896,102.2501,2026-02-06T16:00,27.4,74,30.5,5.5,63,1010.3,13.7,3,100,552.0,32.9,0.272
Melaka,2.1896,102.2501,2026-02-06T17:00,27.2,78,32.0,0.2,51,1009.8,5.4,6,74,281.0,31.9,0.272
Melaka,2.1896,102.2501,2026-02-06T18:00,28.0,72,32.1,0.0,2,1009.8,7.6,332,54,305.0,31.6,0.271
Melaka,2.1896,102.2501,2026-02-06T19:00,27.1,76,31.2,0.0,3,1010.3,7.9,344,88,110.0,30.7,0.269
Melaka,2.1896,102.2501,2026-02-06T20:00,24.9,88,29.3,0.0,3,1011.0,6.0,53,100,6.0,29.4,0.256
Melaka,2.1896,102.2501,2026-02-06T21:00,24.8,91,29.5,0.0,3,1012.1,6.3,75,89,0.0,28.6,0.256
Melaka,2.1896,102.2501,2026-02-06T22:00,24.7,92,29.2,0.0,3,1012.4,8.3,39,99,0.0,28.1,0.256
Melaka,2.1896,102.2501,2026-02-06T23:00,24.8,94,29.6,0.0,2,1012.7,6.9,20,73,0.0,27.6,0.256
Melaka,2.1896,102.2501,2026-02-07T00:00,24.6,95,29.5,0.0,1,1012.7,7.3,23,23,0.0,27.4,0.255
Melaka,2.1896,102.2501,2026-02-07T01:00,24.3,95,29.1,0.0,2,1012.3,6.3,20,50,0.0,27.0,0.255
Melaka,2.1896,102.2501,2026-02-07T02:00,23.8,95,28.4,0.0,3,1011.8,6.1,23,100,0.0,27.0,0.251
Melaka,2.1896,102.2501,2026-02-07T03:00,23.7,96,28.1,0.0,3,1011.1,7.5,33,93,0.0,26.7,0.251
Melaka,2.1896,102.2501,2026-02-07T04:00,23.4,97,27.6,0.0,3,1010.5,8.3,30,100,0.0,26.4,0.251
Melaka,2.1896,102.2501,2026-02-07T05:00,23.3,97,27.5,0.0,3,1010.3,8.0,27,100,0.0,26.0,0.251
Melaka,2.1896,102.2501,2026-02-07T06:00,23.2,97,27.4,0.0,3,1010.6,8.4,34,100,0.0,25.8,0.251
Melaka,2.1896,102.2501,2026-02-07T07:00,23.2,97,27.2,0.0,3,1011.1,9.5,33,99,0.0,25.5,0.251
Melaka,2.1896,102.2501,2026-02-07T08:00,23.6,95,27.7,0.0,3,1011.5,9.1,30,100,15.0,25.4,0.254
Melaka,2.1896,102.2501,2026-02-07T09:00,25.2,88,29.6,0.0,3,1012.2,7.6,25,100,157.0,26.0,0.253
Melaka,2.1896,102.2501,2026-02-07T10:00,27.0,81,31.2,0.0,3,1012.7,10.3,38,100,387.0,27.4,0.251
Melaka,2.1896,102.2501,2026-02-07T11:00,28.7,71,32.5,0.0,3,1012.7,11.9,38,84,564.0,28.9,0.248
Melaka,2.1896,102.2501,2026-02-07T12:00,30.0,64,35.2,0.1,51,1012.1,9.0,30,55,758.0,30.5,0.244
Melaka,2.1896,102.2501,2026-02-07T13:00,31.0,59,36.9,0.1,51,1011.1,6.7,31,76,848.0,32.2,0.24
Melaka,2.1896,102.2501,2026-02-07T14:00,30.9,52,36.6,0.0,2,1010.4,2.1,290,52,876.0,33.8,0.234
Melaka,2.1896,102.2501,2026-02-07T15:00,30.4,59,34.9,0.3,51,1009.2,7.1,204,40,718.0,34.3,0.232
Melaka,2.1896,102.2501,2026-02-07T16:00,30.2,63,35.3,0.3,51,1008.0,6.5,186,47,693.0,34.5,0.231
Melaka,2.1896,102.2501,2026-02-07T17:00,30.2,62,34.4,0.1,51,1007.4,5.0,201,32,516.0,34.2,0.228
Melaka,2.1896,102.2501,2026-02-07T18:00,29.6,67,34.0,0.0,1,1007.3,7.3,218,33,344.0,33.5,0.226
Melaka,2.1896,102.2501,2026-02-07T19:00,28.5,72,32.7,0.0,2,1008.3,8.3,214,66,133.0,32.3,0.224
Melaka,2.1896,102.2501,2026-02-07T20:00,28.0,81,33.5,0.1,51,1009.4,6.3,231,17,6.0,31.2,0.226
Melaka,2.1896,102.2501,2026-02-07T21:00,27.6,85,33.9,0.0,1,1010.5,2.6,326,27,0.0,30.3,0.225
Melaka,2.1896,102.2501,2026-02-07T22:00,27.2,85,32.9,0.0,2,1011.4,4.7,342,51,0.0,29.5,0.225
Melaka,2.1896,102.2501,2026-02-07T23:00,26.5,84,31.2,0.3,51,1012.2,8.0,355,85,0.0,29.0,0.227
Melaka,2.1896,102.2501,2026-02-08T00:00,25.3,88,29.8,0.3,51,1011.9,7.8,56,56,0.0,28.2,0.23
Melaka,2.1896,102.2501,2026-02-08T01:00,24.5,92,29.1,0.1,51,1011.9,7.7,54,34,0.0,27.6,0.231
Melaka,2.1896,102.2501,2026-02-08T02:00,24.2,93,28.3,0.2,51,1011.0,9.1,54,5,0.0,27.9,0.224
Melaka,2.1896,102.2501,2026-02-08T03:00,24.2,92,28.4,0.0,1,1010.2,8.3,27,30,0.0,27.1,0.224
Melaka,2.1896,102.2501,2026-02-08T04:00,24.0,93,28.0,0.0,0,1010.0,9.8,36,16,0.0,26.6,0.224
Melaka,2.1896,102.2501,2026-02-08T05:00,23.9,92,27.7,0.0,1,1010.0,9.6,47,27,0.0,26.2,0.224
Melaka,2.1896,102.2501,2026-02-08T06:00,23.8,92,27.3,0.0,0,1010.3,10.7,42,16,0.0,25.9,0.224
Melaka,2.1896,102.2501,2026-02-08T07:00,23.6,92,26.8,0.0,0,1011.0,12.6,43,12,0.0,25.6,0.224
Melaka,2.1896,102.2501,2026-02-08T08:00,24.0,90,26.8,0.0,0,1011.4,15.1,38,0,17.0,25.6,0.432
Melaka,2.1896,102.2501,2026-02-08T09:00,25.3,87,28.7,0.0,1,1012.2,14.2,36,26,181.0,26.1,0.429
Melaka,2.1896,102.2501,2026-02-08T10:00,27.1,78,30.3,0.0,0,1012.6,15.8,41,17,418.0,27.0,0.425
Melaka,2.1896,102.2501,2026-02-08T11:00,28.8,70,32.1,0.0,0,1012.4,16.2,42,1,638.0,28.2,0.417
Melaka,2.1896,102.2501,2026-02-08T12:00,30.2,62,34.3,0.0,2,1011.7,14.9,42,76,807.0,29.5,0.409
Melaka,2.1896,102.2501,2026-02-08T13:00,31.1,58,36.1,0.1,51,1010.6,12.4,36,91,894.0,30.7,0.401
Melaka,2.1896,102.2501,2026-02-08T14:00,31.2,55,36.4,0.3,51,1009.8,9.7,50,96,914.0,31.7,0.395
Melaka,2.1896,102.2501,2026-02-08T15:00,31.4,54,36.8,0.5,53,1009.0,4.5,56,92,826.0,32.3,0.392
Melaka,2.1896,102.2501,2026-02-08T16:00,31.1,54,35.3,0.3,51,1007.8,3.1,156,95,617.0,32.6,0.388
Melaka,2.1896,102.2501,2026-02-08T17:00,30.1,62,34.1,0.2,51,1007.6,7.5,127,82,561.0,32.5,0.384
Melaka,2.1896,102.2501,2026-02-08T18:00,29.2,69,33.5,0.3,51,1007.8,8.5,117,43,351.0,31.8,0.384
Melaka,2.1896,102.2501,2026-02-08T19:00,28.1,78,33.2,0.1,51,1008.5,6.5,98,34,135.0,30.7,0.382
Melaka,2.1896,102.2501,2026-02-08T20:00,27.0,86,32.5,0.0,2,1009.6,5.6,96,60,7.0,29.7,0.382
Melaka,2.1896,102.2501,2026-02-08T21:00,26.6,78,29.7,0.0,1,1010.2,14.0,48,30,0.0,28.8,0.381
Melaka,2.1896,102.2501,2026-02-08T22:00,25.8,78,28.1,0.0,2,1010.7,16.2,52,67,0.0,28.0,0.38
Melaka,2.1896,102.2501,2026-02-08T23:00,25.1,78,27.1,0.0,3,1011.3,16.7,48,93,0.0,27.3,0.378
Melaka,2.1896,102.2501,2026-02-09T00:00,24.9,79,26.9,0.0,3,1011.7,16.3,46,90,0.0,26.7,0.377
Melaka,2.1896,102.2501,2026-02-09T01:00,24.5,82,26.5,0.0,3,1011.6,17.4,47,95,0.0,26.3,0.376
Melaka,2.1896,102.2501,2026-02-09T02:00,25.0,81,27.2,0.0,3,1010.6,17.2,48,86,0.0,26.8,0.372
Melaka,2.1896,102.2501,2026-02-09T03:00,24.7,81,26.6,0.0,3,1009.9,17.8,46,100,0.0,26.4,0.371
Melaka,2.1896,102.2501,2026-02-09T04:00,24.7,82,26.4,0.0,3,1009.3,20.2,43,99,0.0,26.1,0.37
Melaka,2.1896,102.2501,2026-02-09T05:00,24.4,83,25.9,0.0,3,1008.9,21.3,43,100,0.0,25.9,0.369
Melaka,2.1896,102.2501,2026-02-09T06:00,24.1,83,25.3,0.0,1,1009.0,22.0,43,49,0.0,25.6,0.368
Melaka,2.1896,102.2501,2026-02-09T07:00,23.8,84,24.9,0.0,2,1009.9,22.2,41,73,0.0,25.3,0.367
Melaka,2.1896,102.2501,2026-02-09T08:00,24.4,79,24.8,0.0,2,1010.0,24.7,40,52,13.0,25.5,0.366
Melaka,2.1896,102.2501,2026-02-09T09:00,25.4,75,26.2,0.0,3,1010.9,23.4,40,88,186.0,25.7,0.364
Melaka,2.1896,102.2501,2026-02-09T10:00,26.8,69,26.8,0.0,3,1011.2,28.3,37,100,422.0,26.4,0.36
Melaka,2.1896,102.2501,2026-02-09T11:00,28.1,62,28.5,0.0,3,1011.1,27.4,38,96,631.0,27.5,0.354
Melaka,2.1896,102.2501,2026-02-09T12:00,29.5,56,30.8,0.0,3,1010.9,24.6,36,84,784.0,28.6,0.347
Melaka,2.1896,102.2501,2026-02-09T13:00,30.6,53,32.8,0.0,3,1010.1,22.3,34,97,906.0,29.8,0.338
Melaka,2.1896,102.2501,2026-02-09T14:00,31.6,48,34.3,0.0,3,1009.2,20.0,32,94,963.0,30.9,0.328
Melaka,2.1896,102.2501,2026-02-09T15:00,32.0,46,34.5,0.0,1,1008.6,18.3,31,21,924.0,31.6,0.319
Melaka,2.1896,102.2501,2026-02-09T16:00,32.6,43,35.3,0.0,1,1007.8,12.8,11,27,811.0,32.1,0.31
Melaka,2.1896,102.2501,2026-02-09T17:00,32.5,42,33.6,0.0,3,1007.2,13.3,16,100,572.0,32.1,0.304
Melaka,2.1896,102.2501,2026-02-09T18:00,30.3,52,31.4,0.0,3,1007.5,16.7,45,99,254.0,31.2,0.3
Melaka,2.1896,102.2501,2026-02-09T19:00,29.7,53,31.0,0.0,3,1008.0,14.6,29,95,125.0,30.3,0.297
Melaka,2.1896,102.2501,2026-02-09T20:00,27.5,60,28.2,0.0,3,1009.5,18.0,63,100,8.0,29.4,0.29
Melaka,2.1896,102.2501,2026-02-09T21:00,26.5,64,28.3,0.0,3,1010.3,11.8,69,100,0.0,28.2,0.288
Melaka,2.1896,102.2501,2026-02-09T22:00,26.0,67,27.8,0.0,3,1010.8,12.7,74,95,0.0,27.4,0.287
Melaka,2.1896,102.2501,2026-02-09T23:00,25.3,73,27.6,0.0,2,1011.5,11.1,63,76,0.0,26.7,0.286
Melaka,2.1896,102.2501,2026-02-10T00:00,24.6,77,26.9,0.0,3,1011.6,11.8,52,96,0.0,26.1,0.286
Melaka,2.1896,102.2501,2026-02-10T01:00,24.2,80,26.4,0.0,3,1011.7,13.1,47,99,0.0,25.7,0.285
Melaka,2.1896,102.2501,2026-02-10T02:00,24.0,84,26.5,0.0,3,1011.1,13.1,43,99,0.0,26.3,0.279
Melaka,2.1896,102.2501,2026-02-10T03:00,23.6,86,26.1,0.0,2,1010.5,13.8,42,55,0.0,25.8,0.279
Melaka,2.1896,102.2501,2026-02-10T04:00,23.3,87,25.5,0.0,2,1010.2,15.2,39,58,0.0,25.3,0.279
Melaka,2.1896,102.2501,2026-02-10T05:00,23.0,87,24.8,0.0,1,1010.1,16.7,41,41,0.0,24.9,0.278
Melaka,2.1896,102.2501,2026-02-10T06:00,22.8,87,24.5,0.0,0,1010.1,16.3,38,1,0.0,24.6,0.278
Melaka,2.1896,102.2501,2026-02-10T07:00,22.6,87,24.2,0.0,0,1010.7,16.4,40,0,0.0,24.3,0.277
Melaka,2.1896,102.2501,2026-02-10T08:00,23.5,81,25.2,0.0,0,1011.5,15.2,43,0,18.0,25.0,0.278
Melaka,2.1896,102.2501,2026-02-10T09:00,25.2,75,27.0,0.0,0,1012.0,15.2,40,4,189.0,25.5,0.276
Melaka,2.1896,102.2501,2026-02-10T10:00,27.5,65,28.8,0.0,1,1012.2,19.0,37,23,431.0,26.5,0.274
Melaka,2.1896,102.2501,2026-02-10T11:00,29.2,59,30.6,0.0,0,1012.1,21.7,37,19,657.0,27.9,0.269
Melaka,2.1896,102.2501,2026-02-10T12:00,30.9,54,33.2,0.0,1,1011.5,21.6,35,23,834.0,29.5,0.264
Melaka,2.1896,102.2501,2026-02-10T13:00,32.0,51,35.2,0.0,1,1010.5,19.8,34,25,947.0,31.0,0.257
Melaka,2.1896,102.2501,2026-02-10T14:00,33.0,45,36.5,0.0,1,1009.9,15.8,46,48,968.0,32.3,0.25
Melaka,2.1896,102.2501,2026-02-10T15:00,33.2,43,36.3,0.0,1,1009.2,12.1,50,41,815.0,33.1,0.243
Melaka,2.1896,102.2501,2026-02-10T16:00,33.0,44,36.1,0.1,51,1008.7,9.6,56,48,731.0,33.7,0.238
Melaka,2.1896,102.2501,2026-02-10T17:00,32.5,47,35.1,0.0,1,1008.3,7.6,54,34,566.0,33.8,0.234
Melaka,2.1896,102.2501,2026-02-10T18:00,31.8,48,34.3,0.0,3,1008.4,6.9,85,87,354.0,33.2,0.23
Melaka,2.1896,102.2501,2026-02-10T19:00,29.8,62,33.9,0.0,1,1008.9,4.1,135,48,114.0,32.0,0.229
Melaka,2.1896,102.2501,2026-02-10T20:00,29.4,58,32.4,0.0,1,1009.7,7.4,47,23,7.0,31.5,0.223
Melaka,2.1896,102.2501,2026-02-10T21:00,28.3,63,30.5,0.0,1,1010.6,13.4,48,23,0.0,30.2,0.222
Melaka,2.1896,102.2501,2026-02-10T22:00,27.3,70,29.7,0.0,0,1011.3,14.5,58,9,0.0,29.1,0.221
Melaka,2.1896,102.2501,2026-02-10T23:00,26.4,75,29.1,0.0,0,1011.8,13.9,51,5,0.0,28.3,0.22
Melaka,2.1896,102.2501,2026-02-11T00:00,25.7,79,28.4,0.0,0,1012.1,14.6,50,3,0.0,27.6,0.219
Melaka,2.1896,102.2501,2026-02-11T01:00,25.1,82,27.6,0.0,0,1012.5,16.2,45,2,0.0,27.0,0.219
Melaka,2.1896,102.2501,2026-02-11T02:00,25.0,85,27.9,0.0,0,1011.9,15.3,34,4,0.0,27.1,0.218
Melaka,2.1896,102.2501,2026-02-11T03:00,24.8,86,27.6,0.0,1,1011.2,15.5,35,20,0.0,26.6,0.218
Melaka,2.1896,102.2501,2026-02-11T04:00,24.5,87,27.2,0.0,1,1011.1,15.5,35,37,0.0,26.2,0.217
Melaka,2.1896,102.2501,2026-02-11T05:00,24.3,87,26.8,0.0,1,1010.8,16.1,39,39,0.0,25.9,0.217
Melaka,2.1896,102.2501,2026-02-11T06:00,24.1,87,26.5,0.0,0,1011.0,16.3,41,1,0.0,25.6,0.217
Melaka,2.1896,102.2501,2026-02-11T07:00,23.9,88,26.2,0.0,1,1011.6,16.2,42,35,0.0,25.4,0.216
Melaka,2.1896,102.2501,2026-02-11T08:00,24.4,85,26.6,0.0,3,1012.0,17.6,35,98,18.0,25.8,0.214
Melaka,2.1896,102.2501,2026-02-11T09:00,26.3,77,28.8,0.0,3,1012.7,15.8,32,98,184.0,26.2,0.213
Melaka,2.1896,102.2501,2026-02-11T10:00,28.5,65,30.2,0.0,3,1013.4,19.4,25,100,418.0,27.4,0.21
Melaka,2.1896,102.2501,2026-02-11T11:00,30.4,57,32.6,0.0,3,1013.2,17.7,20,100,634.0,29.0,0.207
Melaka,2.1896,102.2501,2026-02-11T12:00,32.1,50,35.0,0.0,3,1012.4,17.1,14,98,807.0,30.8,0.203
Melaka,2.1896,102.2501,2026-02-11T13:00,32.9,48,35.8,0.1,51,1011.2,16.2,14,83,776.0,32.1,0.198
Melaka,2.1896,102.2501,2026-02-11T14:00,34.0,43,37.7,0.1,51,1010.7,11.3,346,99,848.0,33.5,0.198
Melaka,2.1896,102.2501,2026-02-11T15:00,33.0,46,36.2,0.3,51,1009.4,13.8,276,100,813.0,34.3,0.197
Melaka,2.1896,102.2501,2026-02-11T16:00,31.9,50,34.3,0.1,51,1008.4,14.8,257,100,676.0,34.3,0.194
Melaka,2.1896,102.2501,2026-02-11T17:00,31.9,50,34.5,0.0,3,1008.2,8.5,283,100,540.0,34.2,0.191
Melaka,2.1896,102.2501,2026-02-11T18:00,30.7,55,33.6,0.2,51,1008.9,8.6,29,100,275.0,33.5,0.19
Melaka,2.1896,102.2501,2026-02-11T19:00,29.0,65,31.7,0.9,53,1009.6,13.4,22,100,86.0,32.0,0.199
Melaka,2.1896,102.2501,2026-02-11T20:00,28.0,81,32.8,0.1,51,1010.0,10.1,10,99,5.0,31.0,0.182
Melaka,2.1896,102.2501,2026-02-11T21:00,26.5,82,30.4,0.1,51,1011.1,11.6,7,100,0.0,30.0,0.182
Melaka,2.1896,102.2501,2026-02-11T22:00,26.3,83,29.7,0.0,3,1011.7,14.9,25,98,0.0,29.0,0.182
Melaka,2.1896,102.2501,2026-02-11T23:00,25.9,78,28.0,0.0,2,1011.9,18.9,40,59,0.0,28.4,0.182
Melaka,2.1896,102.2501,2026-02-12T00:00,25.4,73,26.6,0.0,1,1012.2,19.2,38,40,0.0,27.7,0.181
Melaka,2.1896,102.2501,2026-02-12T01:00,25.2,74,26.2,0.0,1,1012.1,20.7,38,46,0.0,27.2,0.18
Melaka,2.1896,102.2501,2026-02-12T02:00,25.2,77,26.7,0.0,0,1011.8,19.0,33,4,0.0,27.4,0.178
Melaka,2.1896,102.2501,2026-02-12T03:00,24.9,79,26.4,0.0,1,1011.3,19.4,30,21,0.0,26.9,0.178
Melaka,2.1896,102.2501,2026-02-12T04:00,24.6,80,26.2,0.0,3,1010.6,19.7,31,84,0.0,26.5,0.177
Melaka,2.1896,102.2501,2026-02-12T05:00,24.5,79,25.7,0.0,3,1010.1,20.6,33,88,0.0,26.1,0.177
Melaka,2.1896,102.2501,2026-02-12T06:00,24.5,77,25.7,0.0,2,1010.6,19.2,28,73,0.0,25.9,0.177
Melaka,2.1896,102.2501,2026-02-12T07:00,24.4,77,25.5,0.0,2,1011.1,19.5,34,75,0.0,25.6,0.176
Melaka,2.1896,102.2501,2026-02-12T08:00,25.0,79,27.2,0.0,2,1011.9,14.8,357,60,16.0,25.8,0.204
Melaka,2.1896,102.2501,2026-02-12T09:00,26.1,68,27.8,0.0,3,1012.8,13.5,344,90,158.0,26.2,0.203
Melaka,2.1896,102.2501,2026-02-12T10:00,27.5,55,28.1,0.0,3,1012.9,14.6,9,91,330.0,27.1,0.201
Melaka,2.1896,102.2501,2026-02-12T11:00,29.2,49,29.4,0.0,3,1012.7,16.7,29,100,510.0,28.4,0.198
Melaka,2.1896,102.2501,2026-02-12T12:00,30.8,45,31.6,0.0,3,1012.3,17.4,27,97,686.0,30.0,0.193
Melaka,2.1896,102.2501,2026-02-12T13:00,32.0,44,34.3,0.0,3,1011.2,16.7,19,100,863.0,31.6,0.189
Melaka,2.1896,102.2501,2026-02-12T14:00,32.0,45,34.7,0.0,3,1011.0,15.4,14,100,902.0,33.2,0.186
Melaka,2.1896,102.2501,2026-02-12T15:00,31.5,44,32.4,0.0,3,1009.9,16.5,16,100,629.0,33.5,0.182
Melaka,2.1896,102.2501,2026-02-12T16:00,31.0,46,31.7,0.0,3,1008.6,15.3,21,100,418.0,33.2,0.179
Melaka,2.1896,102.2501,2026-02-12T17:00,30.7,48,31.7,0.0,3,1008.3,14.2,18,100,268.0,32.5,0.177
Melaka,2.1896,102.2501,2026-02-12T18:00,30.4,50,31.4,0.0,3,1008.3,14.8,13,99,223.0,32.0,0.175
Melaka,2.1896,102.2501,2026-02-12T19:00,29.2,55,31.2,0.0,3,1008.3,10.7,8,99,100.0,31.1,0.173
Melaka,2.1896,102.2501,2026-02-12T20:00,28.8,56,31.2,0.0,3,1009.3,6.7,358,100,6.0,30.4,0.164
Melaka,2.1896,102.2501,2026-02-12T21:00,28.0,61,29.8,0.0,3,1010.2,13.0,49,100,0.0,29.6,0.163
Melaka,2.1896,102.2501,2026-02-12T22:00,27.0,71,29.2,0.0,3,1010.9,15.8,40,98,0.0,29.0,0.163
Melaka,2.1896,102.2501,2026-02-12T23:00,26.1,77,28.5,0.1,51,1011.2,16.8,44,98,0.0,28.2,0.163
Melaka,2.1896,102.2501,2026-02-13T00:00,25.7,79,28.0,0.2,51,1011.6,16.8,44,100,0.0,27.6,0.165
Melaka,2.1896,102.2501,2026-02-13T01:00,25.4,81,27.2,0.0,3,1011.3,20.1,40,100,0.0,27.2,0.165
Melaka,2.1896,102.2501,2026-02-13T02:00,25.0,86,27.5,0.0,3,1010.1,18.7,38,100,0.0,27.6,0.162
Melaka,2.1896,102.2501,2026-02-13T03:00,24.6,90,27.3,0.5,53,1009.5,18.7,34,100,0.0,26.8,0.168
Melaka,2.1896,102.2501,2026-02-13T04:00,24.5,91,26.9,0.3,51,1008.9,21.3,41,100,0.0,26.3,0.171
Melaka,2.1896,102.2501,2026-02-13T05:00,24.5,91,27.4,0.0,3,1009.0,17.3,51,100,0.0,26.0,0.171
Melaka,2.1896,102.2501,2026-02-13T06:00,24.3,92,27.4,0.0,3,1009.1,16.5,55,100,0.0,25.8,0.171
Melaka,2.1896,102.2501,2026-02-13T07:00,24.1,92,27.2,0.0,3,1009.4,16.4,46,100,0.0,25.5,0.171
Melaka,2.1896,102.2501,2026-02-13T08:00,24.8,89,27.6,0.0,3,1010.0,17.4,33,100,17.0,26.5,0.155
Melaka,2.1896,102.2501,2026-02-13T09:00,26.2,82,28.9,0.0,3,1010.4,19.0,43,100,153.0,27.0,0.154
Melaka,2.1896,102.2501,2026-02-13T10:00,27.0,78,29.7,0.0,3,1011.0,18.8,39,100,204.0,27.5,0.154
Melaka,2.1896,102.2501,2026-02-13T11:00,29.0,67,31.4,0.0,3,1011.1,18.6,35,100,425.0,28.9,0.153
Melaka,2.1896,102.2501,2026-02-13T12:00,29.7,62,31.8,0.0,3,1010.7,17.7,38,100,440.0,30.0,0.152
Melaka,2.1896,102.2501,2026-02-13T13:00,32.0,53,35.2,0.0,3,1009.7,15.2,35,99,753.0,32.2,0.15
Melaka,2.1896,102.2501,2026-02-13T14:00,31.9,50,35.6,0.0,3,1009.1,14.2,18,100,881.0,34.4,0.147
Melaka,2.1896,102.2501,2026-02-13T15:00,32.5,48,34.9,0.0,3,1008.3,10.3,13,100,571.0,35.2,0.146
Melaka,2.1896,102.2501,2026-02-13T16:00,33.0,47,36.2,0.0,3,1007.2,7.3,9,100,617.0,36.2,0.145
Melaka,2.1896,102.2501,2026-02-13T17:00,32.2,50,35.2,0.0,3,1006.7,6.7,16,100,407.0,36.2,0.144
Melaka,2.1896,102.2501,2026-02-13T18:00,31.8,50,34.9,0.0,3,1006.9,5.4,21,100,288.0,35.8,0.144
Melaka,2.1896,102.2501,2026-02-13T19:00,30.5,57,33.8,0.0,3,1008.3,7.0,64,100,104.0,34.7,0.143
Melaka,2.1896,102.2501,2026-02-13T20:00,27.0,80,31.7,2.7,63,1008.8,6.7,59,98,6.0,30.9,0.192
Melaka,2.1896,102.2501,2026-02-13T21:00,26.1,88,30.7,0.0,2,1009.7,9.9,32,57,0.0,29.8,0.192
Melaka,2.1896,102.2501,2026-02-13T22:00,25.6,89,29.7,0.0,3,1010.3,12.5,33,99,0.0,28.8,0.191
Melaka,2.1896,102.2501,2026-02-13T23:00,25.3,88,29.3,0.0,3,1011.1,11.1,43,100,0.0,28.1,0.191
Melaka,2.1896,102.2501,2026-02-14T00:00,25.0,90,28.6,0.0,3,1010.8,13.9,41,98,0.0,27.5,0.191
Melaka,2.1896,102.2501,2026-02-14T01:00,24.8,91,27.8,0.0,3,1010.4,17.5,37,99,0.0,27.0,0.191
Melaka,2.1896,102.2501,2026-02-14T02:00,25.5,87,28.5,0.0,3,1009.4,17.1,41,100,0.0,27.5,0.181
Melaka,2.1896,102.2501,2026-02-14T03:00,25.2,89,28.4,0.0,3,1009.1,17.0,39,100,0.0,27.1,0.181
Melaka,2.1896,102.2501,2026-02-14T04:00,24.9,91,28.3,0.0,3,1008.9,14.5,42,100,0.0,26.8,0.181
Melaka,2.1896,102.2501,2026-02-14T05:00,24.6,91,27.9,0.0,3,1008.8,15.1,50,100,0.0,26.4,0.181
Melaka,2.1896,102.2501,2026-02-14T06:00,24.5,91,27.6,0.0,3,1008.7,15.7,51,95,0.0,26.1,0.18
Melaka,2.1896,102.2501,2026-02-14T07:00,24.2,92,27.6,0.0,1,1009.0,14.4,41,30,0.0,25.9,0.18
Melaka,2.1896,102.2501,2026-02-14T08:00,24.7,89,27.3,0.0,3,1009.2,18.4,41,84,17.0,26.2,0.187
Melaka,2.1896,102.2501,2026-02-14T09:00,26.4,82,29.4,0.0,3,1010.1,16.3,38,97,182.0,26.7,0.186
Melaka,2.1896,102.2501,2026-02-14T10:00,28.1,71,30.6,0.0,3,1010.7,18.3,35,95,394.0,27.9,0.184
Melaka,2.1896,102.2501,2026-02-14T11:00,30.2,59,32.5,0.0,3,1010.9,17.8,33,83,622.0,29.5,0.181
Melaka,2.1896,102.2501,2026-02-14T12:00,31.5,55,34.8,0.1,51,1010.2,16.4,30,45,779.0,31.2,0.179
Melaka,2.1896,102.2501,2026-02-14T13:00,33.0,50,37.1,0.0,0,1008.8,15.3,28,15,908.0,33.2,0.175
Melaka,2.1896,102.2501,2026-02-14T14:00,34.1,47,37.8,0.0,1,1007.8,17.3,28,20,910.0,34.6,0.173
Melaka,2.1896,102.2501,2026-02-14T15:00,33.1,44,35.6,0.6,53,1007.0,16.4,25,82,844.0,35.6,0.176
Melaka,2.1896,102.2501,2026-02-14T16:00,31.8,55,35.9,1.0,55,1005.9,4.2,295,68,497.0,35.1,0.186
Melaka,2.1896,102.2501,2026-02-14T17:00,29.4,67,32.8,0.2,51,1006.0,12.7,305,97,460.0,34.5,0.186
Melaka,2.1896,102.2501,2026-02-14T18:00,29.0,68,33.4,0.2,51,1005.8,5.4,345,71,283.0,33.7,0.186
Melaka,2.1896,102.2501,2026-02-14T19:00,28.6,71,33.2,0.0,2,1006.6,5.4,346,77,127.0,32.5,0.186
Melaka,2.1896,102.2501,2026-02-14T20:00,27.0,89,32.2,0.0,3,1008.0,10.3,22,100,7.0,29.2,0.305
Melaka,2.1896,102.2501,2026-02-14T21:00,26.5,86,31.2,0.7,53,1008.7,10.3,11,100,0.0,28.5,0.313
Melaka,2.1896,102.2501,2026-02-14T22:00,26.0,88,30.4,0.0,3,1009.2,10.5,39,100,0.0,27.8,0.312
Melaka,2.1896,102.2501,2026-02-14T23:00,25.8,90,30.3,0.0,3,1009.9,10.8,37,100,0.0,27.4,0.312
Melaka,2.1896,102.2501,2026-02-15T00:00,25.5,87,29.0,0.0,3,1009.8,14.1,39,100,0.0,27.0,0.311
Melaka,2.1896,102.2501,2026-02-15T01:00,24.9,89,28.2,0.0,3,1009.9,14.5,42,100,0.0,26.6,0.311
Melaka,2.1896,102.2501,2026-02-15T02:00,25.5,88,29.4,0.0,3,1009.8,12.5,47,100,0.0,27.6,0.303
Melaka,2.1896,102.2501,2026-02-15T03:00,25.4,90,28.9,0.1,51,1008.6,15.6,36,100,0.0,27.1,0.304
Melaka,2.1896,102.2501,2026-02-15T04:00,25.1,89,28.6,0.0,3,1007.7,14.6,46,100,0.0,26.8,0.304
Melaka,2.1896,102.2501,2026-02-15T05:00,24.8,88,28.2,0.0,3,1007.7,13.1,38,93,0.0,26.4,0.303
Melaka,2.1896,102.2501,2026-02-15T06:00,24.6,89,27.8,0.0,2,1008.3,14.0,42,67,0.0,26.1,0.303
Melaka,2.1896,102.2501,2026-02-15T07:00,24.5,90,27.8,0.0,3,1008.6,13.6,42,98,0.0,25.9,0.303
Melaka,2.1896,102.2501,2026-02-15T08:00,25.2,88,28.9,0.0,3,1009.1,12.0,33,100,16.0,26.5,0.293
Melaka,2.1896,102.2501,2026-02-15T09:00,26.4,83,30.8,0.0,3,1010.1,9.2,39,100,151.0,26.9,0.292
Melaka,2.1896,102.2501,2026-02-15T10:00,27.9,76,32.0,0.0,3,1010.7,10.1,29,93,335.0,27.9,0.29
Melaka,2.1896,102.2501,2026-02-15T11:00,29.2,67,32.7,0.0,1,1010.8,12.2,13,23,501.0,29.0,0.286
Melaka,2.1896,102.2501,2026-02-15T12:00,30.5,64,36.1,0.0,1,1010.2,9.1,351,45,798.0,30.6,0.281
Melaka,2.1896,102.2501,2026-02-15T13:00,30.9,62,37.4,0.0,3,1009.1,5.2,316,100,845.0,32.2,0.275
Melaka,2.1896,102.2501,2026-02-15T14:00,31.2,54,36.5,0.4,51,1007.9,3.1,298,31,770.0,33.2,0.284
Melaka,2.1896,102.2501,2026-02-15T15:00,30.3,62,35.2,0.6,53,1007.0,11.2,259,56,816.0,33.8,0.285
Melaka,2.1896,102.2501,2026-02-15T16:00,28.8,74,33.8,0.8,53,1005.9,10.2,252,65,646.0,33.2,0.29
Melaka,2.1896,102.2501,2026-02-15T17:00,29.1,72,34.7,0.2,51,1005.9,2.1,322,99,507.0,33.0,0.288
Melaka,2.1896,102.2501,2026-02-15T18:00,28.7,68,33.3,0.9,53,1006.0,3.1,45,95,288.0,32.0,0.297
Melaka,2.1896,102.2501,2026-02-15T19:00,26.1,81,29.2,0.6,53,1007.5,15.2,337,99,93.0,30.8,0.302
Melaka,2.1896,102.2501,2026-02-15T20:00,25.0,93,29.3,0.1,51,1007.9,12.0,37,100,5.0,27.9,0.471
Melaka,2.1896,102.2501,2026-02-15T21:00,24.5,94,28.5,1.4,61,1009.1,11.4,5,100,0.0,27.0,0.482
Melaka,2.1896,102.2501,2026-02-15T22:00,24.1,96,28.8,0.7,53,1009.7,7.3,329,99,0.0,26.4,0.482
Melaka,2.1896,102.2501,2026-02-15T23:00,24.1,97,29.3,0.0,3,1010.0,4.5,355,100,0.0,26.1,0.475
Melaka,2.1896,102.2501,2026-02-16T00:00,24.0,97,28.6,0.0,3,1010.1,8.4,42,99,0.0,25.9,0.469
Melaka,2.1896,102.2501,2026-02-16T01:00,23.8,96,28.0,0.0,3,1009.8,9.3,37,99,0.0,25.6,0.465
Melaka,2.1896,102.2501,2026-02-16T02:00,23.9,96,27.9,0.0,3,1009.6,10.1,22,98,0.0,25.9,0.457
Melaka,2.1896,102.2501,2026-02-16T03:00,23.5,96,27.0,0.0,3,1008.9,12.7,29,100,0.0,25.5,0.454
Melaka,2.1896,102.2501,2026-02-16T04:00,23.2,96,26.8,0.0,3,1008.2,11.7,29,100,0.0,25.2,0.451
Melaka,2.1896,102.2501,2026-02-16T05:00,23.1,96,26.8,0.0,3,1007.6,10.8,24,100,0.0,25.0,0.448
Melaka,2.1896,102.2501,2026-02-16T06:00,23.0,95,26.1,0.0,3,1007.5,12.9,37,100,0.0,24.8,0.446
Melaka,2.1896,102.2501,2026-02-16T07:00,22.8,95,25.9,0.0,3,1007.8,11.8,28,100,0.0,24.6,0.443
Melaka,2.1896,102.2501,2026-02-16T08:00,23.9,97,28.2,0.0,3,1008.4,9.6,50,100,17.0,25.6,0.447
Melaka,2.1896,102.2501,2026-02-16T09:00,25.2,92,29.9,0.0,3,1009.1,8.8,31,100,162.0,26.0,0.444
Melaka,2.1896,102.2501,2026-02-16T10:00,26.8,82,30.8,0.0,3,1009.7,12.2,28,100,374.0,27.0,0.439
Melaka,2.1896,102.2501,2026-02-16T11:00,28.2,74,31.4,0.1,51,1009.8,15.6,33,100,536.0,27.9,0.434
Melaka,2.1896,102.2501,2026-02-16T12:00,29.5,70,34.0,0.2,51,1009.6,13.5,30,100,678.0,28.9,0.429
Melaka,2.1896,102.2501,2026-02-16T13:00,30.8,64,36.0,0.2,51,1008.2,12.9,36,100,822.0,30.0,0.422
Melaka,2.1896,102.2501,2026-02-16T14:00,27.5,80,32.0,4.0,63,1007.1,8.6,344,100,470.0,29.6,0.466
Melaka,2.1896,102.2501,2026-02-16T15:00,27.9,79,32.6,0.9,53,1005.8,8.6,285,100,494.0,29.5,0.469
Melaka,2.1896,102.2501,2026-02-16T16:00,26.1,84,29.9,6.1,63,1007.1,11.9,27,100,421.0,29.0,0.492
Melaka,2.1896,102.2501,2026-02-16T17:00,25.5,87,30.1,0.7,53,1006.0,7.1,336,100,124.0,27.9,0.489
Melaka,2.1896,102.2501,2026-02-16T18:00,25.6,92,30.6,0.1,51,1006.0,8.7,13,100,152.0,27.6,0.481
Melaka,2.1896,102.2501,2026-02-16T19:00,25.4,90,29.8,0.4,51,1006.9,9.5,359,100,98.0,27.1,0.479
Melaka,2.1896,102.2501,2026-02-16T20:00,24.9,92,29.6,0.0,3,1007.4,7.9,357,100,5.0,26.6,0.474
Melaka,2.1896,102.2501,2026-02-16T21:00,24.5,95,29.0,0.0,3,1008.2,8.5,18,100,0.0,26.2,0.47
Melaka,2.1896,102.2501,2026-02-16T22:00,24.4,94,28.9,0.0,3,1009.1,8.0,16,96,0.0,25.9,0.466
Melaka,2.1896,102.2501,2026-02-16T23:00,24.1,95,28.8,0.0,3,1009.7,7.1,7,97,0.0,25.6,0.463
Johor,1.4854,103.7618,2026-01-17T00:00,24.5,89,28.2,0.0,1,1008.3,10.2,30,37,0.0,27.3,0.168
Johor,1.4854,103.7618,2026-01-17T01:00,24.2,91,27.8,0.0,3,1007.8,11.0,23,84,0.0,26.7,0.168
Johor,1.4854,103.7618,2026-01-17T02:00,24.0,92,27.8,0.0,2,1007.5,10.8,21,74,0.0,26.8,0.167
Johor,1.4854,103.7618,2026-01-17T03:00,23.9,94,27.6,0.0,0,1006.6,11.3,27,12,0.0,26.3,0.167
Johor,1.4854,103.7618,2026-01-17T04:00,23.8,93,27.4,0.0,1,1006.0,11.2,26,28,0.0,25.9,0.167
Johor,1.4854,103.7618,2026-01-17T05:00,23.5,93,27.0,0.0,0,1005.7,11.4,23,5,0.0,25.5,0.167
Johor,1.4854,103.7618,2026-01-17T06:00,23.4,92,26.7,0.0,2,1006.0,11.2,21,77,0.0,25.2,0.167
Johor,1.4854,103.7618,2026-01-17T07:00,23.2,92,26.6,0.0,0,1006.2,10.3,16,11,0.0,25.0,0.167
Johor,1.4854,103.7618,2026-01-17T08:00,24.1,89,27.5,0.0,3,1006.9,10.9,22,99,35.0,25.2,0.166
Johor,1.4854,103.7618,2026-01-17T09:00,26.0,79,29.2,0.0,2,1007.8,12.5,25,74,209.0,26.0,0.166
Johor,1.4854,103.7618,2026-01-17T10:00,27.5,70,29.8,0.0,3,1008.1,16.9,24,91,418.0,27.2,0.165
Johor,1.4854,103.7618,2026-01-17T11:00,28.9,65,31.6,0.0,3,1007.8,17.1,19,100,647.0,29.0,0.163
Johor,1.4854,103.7618,2026-01-17T12:00,29.8,61,32.8,0.1,51,1007.2,15.1,8,100,677.0,30.4,0.162
Johor,1.4854,103.7618,2026-01-17T13:00,30.5,57,34.2,0.1,51,1006.1,14.6,3,99,796.0,32.0,0.161
Johor,1.4854,103.7618,2026-01-17T14:00,30.3,59,34.6,0.3,51,1005.8,12.8,2,100,840.0,33.3,0.164
Johor,1.4854,103.7618,2026-01-17T15:00,30.1,60,34.0,0.1,51,1004.8,11.6,356,100,725.0,34.0,0.162
Johor,1.4854,103.7618,2026-01-17T16:00,29.6,61,32.6,0.0,3,1003.6,11.7,1,100,486.0,33.9,0.16
Johor,1.4854,103.7618,2026-01-17T17:00,29.8,60,32.7,0.0,3,1003.6,10.9,13,100,450.0,33.7,0.159
Johor,1.4854,103.7618,2026-01-17T18:00,29.4,61,31.8,0.0,3,1003.8,13.1,19,100,318.0,33.2,0.158
Johor,1.4854,103.7618,2026-01-17T19:00,27.5,69,30.2,0.0,3,1004.6,11.9,38,88,101.0,31.9,0.157
Johor,1.4854,103.7618,2026-01-17T20:00,26.2,83,30.5,0.0,3,1005.2,8.7,30,98,2.0,30.8,0.162
Johor,1.4854,103.7618,2026-01-17T21:00,25.8,83,29.7,0.0,3,1006.0,9.3,27,100,0.0,29.6,0.161
Johor,1.4854,103.7618,2026-01-17T22:00,25.1,84,29.0,0.0,3,1006.7,8.6,31,100,0.0,28.6,0.161
Johor,1.4854,103.7618,2026-01-17T23:00,24.8,87,28.6,0.0,3,1007.1,9.3,27,100,0.0,27.9,0.161
Johor,1.4854,103.7618,2026-01-18T00:00,24.5,88,28.1,0.0,3,1007.0,9.7,22,100,0.0,27.2,0.161
Johor,1.4854,103.7618,2026-01-18T01:00,24.1,89,28.0,0.0,3,1006.9,8.2,19,98,0.0,26.6,0.161
Johor,1.4854,103.7618,2026-01-18T02:00,24.0,91,27.7,0.0,3,1006.5,9.9,27,88,0.0,26.8,0.158
Johor,1.4854,103.7618,2026-01-18T03:00,23.8,91,27.5,0.0,3,1005.6,8.9,21,98,0.0,26.2,0.158
Johor,1.4854,103.7618,2026-01-18T04:00,23.5,92,27.2,0.0,3,1005.2,9.3,24,100,0.0,25.8,0.158
Johor,1.4854,103.7618,2026-01-18T05:00,23.4,92,26.9,0.0,3,1005.2,9.9,21,100,0.0,25.5,0.158
Johor,1.4854,103.7618,2026-01-18T06:00,23.3,92,26.6,0.0,3,1005.3,10.6,15,100,0.0,25.1,0.158
Johor,1.4854,103.7618,2026-01-18T07:00,23.0,93,26.3,0.0,3,1005.4,11.0,14,100,0.0,24.9,0.158
Johor,1.4854,103.7618,2026-01-18T08:00,24.1,87,27.2,0.0,3,1006.1,12.0,24,100,28.0,25.0,0.158
Johor,1.4854,103.7618,2026-01-18T09:00,25.5,81,28.7,0.0,3,1006.7,11.8,21,100,178.0,25.8,0.158
Johor,1.4854,103.7618,2026-01-18T10:00,27.2,72,29.6,0.0,3,1006.9,16.3,21,100,411.0,27.1,0.157
Johor,1.4854,103.7618,2026-01-18T11:00,28.8,65,31.8,0.0,3,1006.8,14.6,20,99,653.0,29.0,0.155
Johor,1.4854,103.7618,2026-01-18T12:00,30.1,58,33.8,0.0,3,1006.6,13.5,16,100,785.0,31.0,0.154
Johor,1.4854,103.7618,2026-01-18T13:00,31.0,53,34.7,0.1,51,1005.7,14.0,12,100,851.0,32.8,0.152
Johor,1.4854,103.7618,2026-01-18T14:00,31.2,49,34.8,0.0,3,1005.2,13.2,17,100,906.0,34.4,0.151
Johor,1.4854,103.7618,2026-01-18T15:00,31.9,46,34.9,0.0,3,1004.2,12.7,15,100,848.0,35.5,0.149
Johor,1.4854,103.7618,2026-01-18T16:00,31.6,45,33.7,0.0,3,1003.8,12.3,22,100,699.0,36.0,0.147
Johor,1.4854,103.7618,2026-01-18T17:00,30.7,45,31.4,0.0,3,1003.6,13.3,33,100,489.0,35.7,0.146
Johor,1.4854,103.7618,2026-01-18T18:00,29.5,51,30.5,0.0,3,1003.7,14.2,40,100,312.0,34.8,0.145
Johor,1.4854,103.7618,2026-01-18T19:00,27.5,64,29.3,0.0,3,1004.3,14.3,53,100,101.0,33.2,0.145
Johor,1.4854,103.7618,2026-01-18T20:00,26.4,74,29.4,0.0,3,1005.8,11.6,46,100,2.0,32.1,0.141
Johor,1.4854,103.7618,2026-01-18T21:00,25.5,79,28.8,0.0,3,1006.4,10.4,53,100,0.0,30.8,0.141
Johor,1.4854,103.7618,2026-01-18T22:00,25.0,82,28.2,0.0,3,1007.0,10.3,46,100,0.0,29.5,0.141
Johor,1.4854,103.7618,2026-01-18T23:00,24.6,83,27.7,0.0,3,1007.2,11.1,37,100,0.0,28.6,0.141
Johor,1.4854,103.7618,2026-01-19T00:00,24.2,86,27.6,0.0,3,1007.3,10.0,26,100,0.0,27.9,0.141
Johor,1.4854,103.7618,2026-01-19T01:00,23.9,87,26.9,0.0,3,1007.1,12.2,27,98,0.0,27.1,0.141
Johor,1.4854,103.7618,2026-01-19T02:00,23.8,86,26.6,0.0,3,1006.4,12.2,26,98,0.0,26.5,0.14
Johor,1.4854,103.7618,2026-01-19T03:00,23.5,87,26.4,0.0,3,1006.1,11.1,22,100,0.0,26.0,0.14
Johor,1.4854,103.7618,2026-01-19T04:00,23.2,87,26.1,0.0,3,1005.8,11.0,25,99,0.0,25.6,0.14
Johor,1.4854,103.7618,2026-01-19T05:00,22.9,89,25.7,0.0,3,1005.7,10.5,24,100,0.0,25.2,0.14
Johor,1.4854,103.7618,2026-01-19T06:00,22.8,89,25.6,0.0,3,1005.8,10.2,24,100,0.0,24.9,0.14
Johor,1.4854,103.7618,2026-01-19T07:00,22.6,90,25.3,0.0,3,1006.2,10.6,24,100,0.0,24.6,0.14
Johor,1.4854,103.7618,2026-01-19T08:00,23.2,85,25.9,0.0,3,1006.9,10.6,18,100,32.0,24.2,0.14
Johor,1.4854,103.7618,2026-01-19T09:00,25.4,76,28.2,0.0,3,1007.6,10.5,22,100,205.0,25.3,0.14
Johor,1.4854,103.7618,2026-01-19T10:00,27.4,67,29.5,0.0,3,1008.0,14.7,26,100,422.0,27.0,0.14
Johor,1.4854,103.7618,2026-01-19T11:00,29.1,59,31.7,0.0,3,1007.9,13.1,29,100,631.0,29.3,0.14
Johor,1.4854,103.7618,2026-01-19T12:00,30.8,50,33.8,0.0,3,1008.0,11.8,26,100,780.0,31.7,0.14
Johor,1.4854,103.7618,2026-01-19T13:00,31.6,44,34.4,0.0,3,1007.5,10.8,24,100,804.0,33.8,0.139
Johor,1.4854,103.7618,2026-01-19T14:00,31.1,46,34.3,0.0,3,1007.2,10.8,18,100,845.0,35.6,0.144
Johor,1.4854,103.7618,2026-01-19T15:00,31.2,45,33.5,0.2,51,1006.5,8.8,9,100,664.0,36.2,0.146
Johor,1.4854,103.7618,2026-01-19T16:00,30.8,47,32.6,0.4,51,1005.7,8.1,5,100,570.0,36.3,0.15
Johor,1.4854,103.7618,2026-01-19T17:00,30.1,49,31.9,0.2,51,1005.5,9.0,15,100,384.0,35.6,0.152
Johor,1.4854,103.7618,2026-01-19T18:00,29.4,53,30.9,0.1,51,1005.2,11.5,42,100,280.0,34.6,0.152
Johor,1.4854,103.7618,2026-01-19T19:00,27.5,64,29.7,0.0,3,1005.8,12.0,57,100,112.0,33.1,0.152
Johor,1.4854,103.7618,2026-01-19T20:00,26.1,77,29.3,0.0,3,1007.2,11.5,55,100,2.0,31.5,0.152
Johor,1.4854,103.7618,2026-01-19T21:00,25.3,80,28.3,0.0,3,1007.9,12.2,46,100,0.0,30.2,0.151
Johor,1.4854,103.7618,2026-01-19T22:00,24.9,82,28.0,0.0,3,1008.3,11.3,39,89,0.0,29.1,0.151
Johor,1.4854,103.7618,2026-01-19T23:00,24.5,85,27.6,0.0,3,1008.4,11.2,32,93,0.0,28.2,0.151
Johor,1.4854,103.7618,2026-01-20T00:00,24.0,88,27.2,0.0,0,1008.3,10.8,28,2,0.0,27.4,0.151
Johor,1.4854,103.7618,2026-01-20T01:00,23.6,89,26.9,0.0,3,1008.3,10.4,28,100,0.0,26.8,0.151
Johor,1.4854,103.7618,2026-01-20T02:00,23.4,90,26.5,0.0,3,1007.8,11.0,23,98,0.0,26.4,0.15
Johor,1.4854,103.7618,2026-01-20T03:00,23.1,90,26.2,0.0,3,1007.1,10.0,21,100,0.0,25.9,0.15
Johor,1.4854,103.7618,2026-01-20T04:00,22.9,90,26.1,0.0,3,1006.9,9.3,22,98,0.0,25.4,0.15
Johor,1.4854,103.7618,2026-01-20T05:00,22.7,90,25.6,0.0,3,1006.7,10.2,31,100,0.0,25.0,0.15
Johor,1.4854,103.7618,2026-01-20T06:00,22.6,90,25.5,0.0,3,1006.9,10.2,31,100,0.0,24.7,0.15
Johor,1.4854,103.7618,2026-01-20T07:00,22.5,90,25.2,0.0,3,1007.2,11.6,33,100,0.0,24.5,0.15
Johor,1.4854,103.7618,2026-01-20T08:00,23.4,86,26.1,0.0,3,1008.4,11.3,31,100,30.0,24.2,0.152
Johor,1.4854,103.7618,2026-01-20T09:00,25.5,77,28.2,0.0,3,1009.2,12.1,33,100,216.0,25.2,0.151
Johor,1.4854,103.7618,2026-01-20T10:00,27.5,65,29.3,0.0,3,1009.6,14.5,34,100,452.0,26.9,0.15
Johor,1.4854,103.7618,2026-01-20T11:00,29.0,58,31.3,0.0,3,1009.4,14.0,32,100,650.0,29.0,0.149
Johor,1.4854,103.7618,2026-01-20T12:00,30.4,52,33.7,0.0,3,1009.0,12.3,27,100,810.0,31.1,0.148
Johor,1.4854,103.7618,2026-01-20T13:00,31.1,49,34.7,0.0,3,1008.4,10.2,9,100,837.0,33.1,0.147
Johor,1.4854,103.7618,2026-01-20T14:00,31.2,47,34.3,0.0,3,1007.7,10.0,6,100,778.0,34.6,0.149
Johor,1.4854,103.7618,2026-01-20T15:00,31.3,46,34.1,0.1,51,1006.9,8.8,358,100,717.0,35.5,0.148
Johor,1.4854,103.7618,2026-01-20T16:00,31.3,46,33.5,0.3,51,1006.3,10.1,4,100,679.0,36.0,0.151
Johor,1.4854,103.7618,2026-01-20T17:00,29.8,53,31.3,0.6,53,1006.3,12.6,17,100,473.0,35.5,0.158
Johor,1.4854,103.7618,2026-01-20T18:00,27.8,63,29.7,0.3,51,1006.5,12.9,19,100,239.0,34.0,0.16
Johor,1.4854,103.7618,2026-01-20T19:00,27.0,67,29.1,0.0,3,1006.7,13.2,30,100,88.0,32.4,0.16
Johor,1.4854,103.7618,2026-01-20T20:00,24.4,86,29.0,0.0,3,1007.5,2.1,250,100,3.0,30.7,0.165
Johor,1.4854,103.7618,2026-01-20T21:00,24.1,90,28.8,0.1,51,1008.3,3.5,28,100,0.0,29.1,0.165
Johor,1.4854,103.7618,2026-01-20T22:00,24.2,91,28.9,0.0,3,1009.2,3.6,99,100,0.0,28.0,0.165
Johor,1.4854,103.7618,2026-01-20T23:00,24.5,89,28.7,0.0,3,1009.6,6.6,53,100,0.0,27.3,0.166
Johor,1.4854,103.7618,2026-01-21T00:00,24.4,86,27.9,0.0,3,1009.4,9.1,39,100,0.0,26.7,0.166
Johor,1.4854,103.7618,2026-01-21T01:00,23.8,87,26.8,0.0,3,1009.0,11.5,32,100,0.0,26.1,0.166
Johor,1.4854,103.7618,2026-01-21T02:00,23.3,90,26.5,0.0,3,1008.6,9.7,27,99,0.0,26.1,0.162
Johor,1.4854,103.7618,2026-01-21T03:00,23.0,90,26.1,0.0,3,1007.7,10.5,24,100,0.0,25.6,0.162
Johor,1.4854,103.7618,2026-01-21T04:00,22.8,91,25.8,0.0,3,1007.1,10.6,24,100,0.0,25.2,0.162
Johor,1.4854,103.7618,2026-01-21T05:00,22.6,91,25.5,0.0,3,1007.2,10.7,25,100,0.0,24.8,0.162
Johor,1.4854,103.7618,2026-01-21T06:00,22.5,91,25.2,0.0,3,1007.6,10.9,27,100,0.0,24.5,0.162
Johor,1.4854,103.7618,2026-01-21T07:00,22.4,92,25.0,0.0,3,1008.1,11.3,27,100,0.0,24.2,0.162
Johor,1.4854,103.7618,2026-01-21T08:00,23.0,89,25.8,0.0,3,1009.1,11.4,25,100,30.0,24.0,0.163
Johor,1.4854,103.7618,2026-01-21T09:00,24.7,82,27.8,0.0,3,1010.0,10.1,27,100,180.0,24.8,0.163
Johor,1.4854,103.7618,2026-01-21T10:00,26.7,71,29.1,0.0,3,1010.4,13.9,25,100,413.0,26.3,0.161
Johor,1.4854,103.7618,2026-01-21T11:00,27.9,65,30.2,0.0,3,1010.5,12.7,25,100,518.0,27.9,0.16
Johor,1.4854,103.7618,2026-01-21T12:00,29.3,57,32.1,0.0,3,1010.0,11.9,23,100,675.0,29.6,0.158
Johor,1.4854,103.7618,2026-01-21T13:00,30.8,51,34.4,0.0,3,1009.1,11.7,17,100,869.0,31.7,0.156
Johor,1.4854,103.7618,2026-01-21T14:00,30.9,47,34.2,0.0,3,1008.6,10.8,358,100,872.0,33.4,0.159
Johor,1.4854,103.7618,2026-01-21T15:00,30.6,49,33.2,0.1,51,1007.7,9.7,1,100,692.0,34.0,0.158
Johor,1.4854,103.7618,2026-01-21T16:00,30.0,51,31.6,0.0,3,1007.1,11.5,11,100,495.0,34.0,0.156
Johor,1.4854,103.7618,2026-01-21T17:00,29.0,56,30.7,0.0,3,1007.0,12.9,12,100,396.0,33.6,0.154
Johor,1.4854,103.7618,2026-01-21T18:00,28.6,57,30.3,0.0,3,1007.2,12.9,25,100,230.0,32.7,0.153
Johor,1.4854,103.7618,2026-01-21T19:00,27.2,62,28.8,0.0,3,1007.8,13.1,33,100,94.0,31.5,0.153
Johor,1.4854,103.7618,2026-01-21T20:00,25.7,73,28.0,0.0,3,1008.8,12.2,27,100,3.0,30.2,0.158
Johor,1.4854,103.7618,2026-01-21T21:00,25.0,77,27.8,0.0,3,1009.5,9.7,22,100,0.0,29.0,0.157
Johor,1.4854,103.7618,2026-01-21T22:00,24.3,81,27.2,0.0,3,1010.3,9.7,16,100,0.0,28.0,0.157
Johor,1.4854,103.7618,2026-01-21T23:00,24.1,81,26.8,0.0,3,1010.5,10.1,12,100,0.0,27.2,0.157
Johor,1.4854,103.7618,2026-01-22T00:00,23.6,84,26.3,0.0,3,1010.3,10.8,18,100,0.0,26.5,0.157
Johor,1.4854,103.7618,2026-01-22T01:00,23.4,86,26.0,0.0,3,1010.0,11.6,16,100,0.0,26.0,0.157
Johor,1.4854,103.7618,2026-01-22T02:00,23.3,87,25.8,0.0,3,1009.8,12.4,22,100,0.0,25.7,0.157
Johor,1.4854,103.7618,2026-01-22T03:00,23.3,86,25.6,0.0,3,1008.9,13.1,21,100,0.0,25.3,0.157
Johor,1.4854,103.7618,2026-01-22T04:00,23.1,85,25.4,0.0,3,1008.4,12.9,16,100,0.0,25.0,0.157
Johor,1.4854,103.7618,2026-01-22T05:00,23.0,84,25.1,0.0,3,1008.2,13.1,21,100,0.0,24.7,0.157
Johor,1.4854,103.7618,2026-01-22T06:00,23.0,84,25.0,0.0,3,1008.3,12.6,22,100,0.0,24.4,0.157
Johor,1.4854,103.7618,2026-01-22T07:00,23.0,85,25.1,0.0,3,1008.7,12.1,21,100,0.0,24.2,0.157
Johor,1.4854,103.7618,2026-01-22T08:00,23.9,84,26.3,0.0,3,1009.5,13.3,21,100,25.0,24.1,0.164
Johor,1.4854,103.7618,2026-01-22T09:00,25.5,77,27.8,0.0,3,1010.2,14.3,20,100,187.0,25.0,0.163
Johor,1.4854,103.7618,2026-01-22T10:00,27.0,68,28.6,0.0,3,1010.6,18.5,21,100,412.0,26.3,0.162
Johor,1.4854,103.7618,2026-01-22T11:00,28.4,60,29.8,0.0,3,1010.6,18.5,21,100,607.0,28.0,0.16
Johor,1.4854,103.7618,2026-01-22T12:00,29.9,54,31.9,0.0,3,1010.5,17.3,15,100,753.0,29.8,0.158
Johor,1.4854,103.7618,2026-01-22T13:00,30.5,50,32.3,0.0,3,1009.6,18.3,11,100,773.0,31.2,0.156
Johor,1.4854,103.7618,2026-01-22T14:00,30.6,50,32.0,0.0,3,1008.7,17.1,4,93,638.0,32.0,0.159
Johor,1.4854,103.7618,2026-01-22T15:00,31.3,48,33.9,0.0,3,1008.0,16.2,2,86,862.0,33.3,0.156
Johor,1.4854,103.7618,2026-01-22T16:00,30.2,50,31.1,0.0,3,1007.6,17.1,1,93,576.0,33.5,0.155
Johor,1.4854,103.7618,2026-01-22T17:00,29.5,53,30.1,0.0,2,1007.5,18.7,13,66,482.0,33.3,0.153
Johor,1.4854,103.7618,2026-01-22T18:00,28.2,56,28.9,0.0,3,1007.9,17.3,16,80,328.0,32.6,0.152
Johor,1.4854,103.7618,2026-01-22T19:00,27.1,60,27.8,0.0,2,1008.4,17.2,24,77,111.0,31.4,0.151
Johor,1.4854,103.7618,2026-01-22T20:00,25.8,70,27.7,0.0,2,1009.6,13.0,26,58,3.0,30.0,0.152
Johor,1.4854,103.7618,2026-01-22T21:00,24.9,75,26.9,0.0,3,1010.3,13.5,25,91,0.0,28.8,0.152
Johor,1.4854,103.7618,2026-01-22T22:00,24.5,78,26.7,0.0,3,1011.0,12.9,15,80,0.0,27.9,0.152
Johor,1.4854,103.7618,2026-01-22T23:00,24.1,80,26.5,0.0,3,1011.1,12.6,19,97,0.0,27.0,0.152
Johor,1.4854,103.7618,2026-01-23T00:00,23.8,83,26.1,0.0,3,1010.9,13.3,25,100,0.0,26.5,0.152
Johor,1.4854,103.7618,2026-01-23T01:00,23.6,86,26.1,0.0,3,1010.7,13.2,22,99,0.0,26.0,0.152
Johor,1.4854,103.7618,2026-01-23T02:00,23.4,87,26.0,0.0,3,1010.4,12.9,23,100,0.0,26.0,0.147
Johor,1.4854,103.7618,2026-01-23T03:00,23.4,86,25.9,0.0,3,1009.9,12.6,17,99,0.0,25.5,0.147
Johor,1.4854,103.7618,2026-01-23T04:00,23.3,85,25.6,0.0,3,1009.4,13.3,16,100,0.0,25.1,0.147
Johor,1.4854,103.7618,2026-01-23T05:00,23.2,86,25.3,0.0,3,1009.1,14.5,15,99,0.0,24.8,0.147
Johor,1.4854,103.7618,2026-01-23T06:00,23.2,86,25.2,0.0,3,1008.9,15.8,14,100,0.0,24.6,0.147
Johor,1.4854,103.7618,2026-01-23T07:00,23.2,86,25.3,0.0,3,1009.5,15.0,13,99,0.0,24.4,0.147
Johor,1.4854,103.7618,2026-01-23T08:00,24.1,83,26.2,0.0,3,1010.6,15.5,15,100,31.0,24.2,0.153
Johor,1.4854,103.7618,2026-01-23T09:00,25.6,77,27.9,0.0,3,1011.7,15.5,15,100,201.0,25.0,0.153
Johor,1.4854,103.7618,2026-01-23T10:00,27.4,67,28.9,0.0,3,1012.3,18.9,16,100,418.0,26.5,0.152
Johor,1.4854,103.7618,2026-01-23T11:00,28.9,59,30.3,0.1,51,1012.2,18.9,14,100,616.0,28.4,0.152
Johor,1.4854,103.7618,2026-01-23T12:00,30.0,53,32.0,0.0,3,1011.6,19.3,14,100,781.0,30.2,0.15
Johor,1.4854,103.7618,2026-01-23T13:00,31.2,48,33.2,0.0,3,1010.6,20.4,12,99,897.0,32.2,0.149
Johor,1.4854,103.7618,2026-01-23T14:00,31.0,47,32.9,0.0,3,1010.2,19.0,15,100,868.0,33.5,0.151
Johor,1.4854,103.7618,2026-01-23T15:00,31.0,47,32.3,0.0,3,1009.3,19.5,12,100,782.0,34.2,0.15
Johor,1.4854,103.7618,2026-01-23T16:00,30.6,48,31.6,0.1,51,1008.6,18.5,6,100,645.0,34.4,0.149
Johor,1.4854,103.7618,2026-01-23T17:00,30.0,50,30.3,0.1,51,1008.4,18.9,12,100,463.0,34.0,0.149
Johor,1.4854,103.7618,2026-01-23T18:00,28.3,63,29.8,0.2,51,1008.8,18.4,20,100,300.0,33.2,0.151
Johor,1.4854,103.7618,2026-01-23T19:00,27.0,71,29.2,0.0,3,1009.3,15.6,22,100,100.0,31.8,0.151
Johor,1.4854,103.7618,2026-01-23T20:00,26.2,72,28.6,0.0,3,1010.3,12.8,24,100,3.0,30.5,0.145
Johor,1.4854,103.7618,2026-01-23T21:00,25.5,76,28.1,0.0,3,1010.8,12.2,24,100,0.0,29.4,0.145
Johor,1.4854,103.7618,2026-01-23T22:00,25.0,79,27.8,0.0,3,1011.4,11.0,26,100,0.0,28.5,0.145
Johor,1.4854,103.7618,2026-01-23T23:00,24.6,81,27.4,0.0,3,1011.7,11.8,27,100,0.0,27.6,0.145
Johor,1.4854,103.7618,2026-01-24T00:00,24.5,81,26.9,0.0,3,1011.5,13.4,26,100,0.0,27.0,0.145
Johor,1.4854,103.7618,2026-01-24T01:00,24.2,83,26.6,0.0,3,1011.3,13.6,23,100,0.0,26.5,0.145
Johor,1.4854,103.7618,2026-01-24T02:00,24.0,86,26.7,0.0,3,1011.0,13.0,26,98,0.0,26.4,0.146
Johor,1.4854,103.7618,2026-01-24T03:00,23.8,88,26.6,0.0,3,1010.6,13.4,20,100,0.0,25.9,0.147
Johor,1.4854,103.7618,2026-01-24T04:00,23.8,87,26.2,0.0,3,1010.2,14.7,20,99,0.0,25.5,0.147
Johor,1.4854,103.7618,2026-01-24T05:00,23.8,86,26.2,0.0,3,1010.1,14.2,22,100,0.0,25.2,0.147
Johor,1.4854,103.7618,2026-01-24T06:00,23.6,86,26.1,0.0,3,1010.3,13.8,22,100,0.0,25.0,0.147
Johor,1.4854,103.7618,2026-01-24T07:00,23.6,86,26.1,0.0,3,1010.6,13.5,19,99,0.0,24.9,0.147
Johor,1.4854,103.7618,2026-01-24T08:00,24.0,86,26.9,0.0,3,1011.6,12.5,12,98,29.0,24.9,0.146
Johor,1.4854,103.7618,2026-01-24T09:00,26.0,77,28.5,0.0,3,1012.1,14.8,13,100,196.0,25.7,0.146
Johor,1.4854,103.7618,2026-01-24T10:00,27.7,68,29.4,0.0,3,1012.3,19.2,17,100,423.0,27.1,0.146
Johor,1.4854,103.7618,2026-01-24T11:00,29.5,58,31.4,0.0,3,1012.4,18.6,18,100,660.0,29.1,0.146
Johor,1.4854,103.7618,2026-01-24T12:00,30.5,54,32.9,0.0,3,1011.7,18.6,17,100,787.0,31.1,0.145
Johor,1.4854,103.7618,2026-01-24T13:00,31.6,48,34.1,0.0,3,1010.7,19.7,16,99,918.0,33.0,0.144
Johor,1.4854,103.7618,2026-01-24T14:00,31.8,47,34.1,0.0,3,1010.2,17.8,13,98,872.0,34.5,0.149
Johor,1.4854,103.7618,2026-01-24T15:00,31.9,46,34.1,0.0,3,1009.0,17.9,13,100,866.0,35.3,0.147
Johor,1.4854,103.7618,2026-01-24T16:00,31.4,47,33.1,0.0,3,1008.6,17.9,13,100,741.0,35.8,0.146
Johor,1.4854,103.7618,2026-01-24T17:00,30.3,51,31.1,0.0,3,1008.5,17.8,16,100,449.0,35.2,0.146
Johor,1.4854,103.7618,2026-01-24T18:00,28.8,60,30.1,0.0,3,1008.6,18.0,21,100,245.0,34.0,0.145
Johor,1.4854,103.7618,2026-01-24T19:00,27.6,66,29.5,0.0,3,1009.1,16.0,23,100,95.0,32.7,0.145
Johor,1.4854,103.7618,2026-01-24T20:00,26.0,78,29.0,0.0,3,1010.0,13.1,25,100,2.0,31.0,0.149
Johor,1.4854,103.7618,2026-01-24T21:00,25.5,81,28.5,0.0,3,1010.3,12.5,28,98,0.0,29.8,0.148
Johor,1.4854,103.7618,2026-01-24T22:00,25.1,82,28.1,0.0,2,1010.9,13.4,27,70,0.0,28.8,0.148
Johor,1.4854,103.7618,2026-01-24T23:00,24.7,85,27.8,0.0,3,1011.2,12.6,26,100,0.0,28.0,0.148
Johor,1.4854,103.7618,2026-01-25T00:00,24.4,87,27.5,0.0,3,1011.0,12.3,27,98,0.0,27.3,0.148
Johor,1.4854,103.7618,2026-01-25T01:00,24.1,88,27.1,0.0,3,1011.1,12.6,28,88,0.0,26.7,0.148
Johor,1.4854,103.7618,2026-01-25T02:00,24.4,86,27.2,0.0,3,1010.3,13.7,27,98,0.0,27.0,0.145
Johor,1.4854,103.7618,2026-01-25T03:00,24.3,85,26.9,0.0,3,1009.9,14.7,29,80,0.0,26.5,0.146
Johor,1.4854,103.7618,2026-01-25T04:00,24.0,86,26.7,0.0,1,1009.5,13.7,30,40,0.0,26.0,0.146
Johor,1.4854,103.7618,2026-01-25T05:00,23.8,86,26.4,0.0,3,1009.3,12.5,30,95,0.0,25.7,0.146
Johor,1.4854,103.7618,2026-01-25T06:00,23.5,87,26.2,0.0,3,1009.5,12.3,32,100,0.0,25.4,0.146
Johor,1.4854,103.7618,2026-01-25T07:00,23.5,87,26.2,0.0,3,1010.0,12.6,33,100,0.0,25.1,0.146
Johor,1.4854,103.7618,2026-01-25T08:00,24.2,85,27.1,0.0,3,1010.8,12.4,33,98,30.0,25.3,0.147
Johor,1.4854,103.7618,2026-01-25T09:00,26.0,76,28.4,0.0,3,1011.4,16.0,31,100,203.0,26.1,0.147
Johor,1.4854,103.7618,2026-01-25T10:00,27.5,68,29.7,0.0,3,1011.9,16.3,29,100,408.0,27.4,0.147
Johor,1.4854,103.7618,2026-01-25T11:00,28.9,63,31.2,0.0,3,1011.7,16.0,33,99,598.0,29.2,0.146
Johor,1.4854,103.7618,2026-01-25T12:00,29.9,58,32.6,0.0,3,1011.2,17.9,36,98,783.0,31.1,0.146
Johor,1.4854,103.7618,2026-01-25T13:00,30.5,55,33.5,0.0,3,1010.3,18.6,37,100,845.0,32.8,0.146
Johor,1.4854,103.7618,2026-01-25T14:00,30.3,52,32.8,0.1,51,1010.1,16.7,27,100,809.0,33.9,0.155
Johor,1.4854,103.7618,2026-01-25T15:00,30.6,50,32.5,0.0,3,1009.1,16.6,22,100,724.0,34.4,0.153
Johor,1.4854,103.7618,2026-01-25T16:00,30.2,51,31.8,0.0,3,1008.6,15.6,24,100,649.0,34.6,0.152
Johor,1.4854,103.7618,2026-01-25T17:00,29.1,56,30.4,0.1,51,1008.5,16.0,34,100,415.0,34.0,0.152
Johor,1.4854,103.7618,2026-01-25T18:00,28.2,62,29.8,0.0,3,1008.7,16.8,38,100,307.0,33.2,0.152
Johor,1.4854,103.7618,2026-01-25T19:00,26.9,69,28.9,0.0,3,1009.2,15.0,40,100,104.0,31.8,0.151
Johor,1.4854,103.7618,2026-01-25T20:00,25.3,82,28.6,0.0,3,1010.0,11.2,33,100,3.0,30.5,0.153
Johor,1.4854,103.7618,2026-01-25T21:00,24.9,85,28.2,0.0,3,1010.7,11.1,31,99,0.0,29.3,0.153
Johor,1.4854,103.7618,2026-01-25T22:00,24.4,88,27.7,0.0,3,1011.5,11.3,29,100,0.0,28.3,0.153
Johor,1.4854,103.7618,2026-01-25T23:00,24.0,89,27.3,0.0,3,1011.5,12.3,30,99,0.0,27.5,0.153
Johor,1.4854,103.7618,2026-01-26T00:00,23.8,90,26.9,0.0,3,1010.9,12.5,35,94,0.0,26.8,0.153
Johor,1.4854,103.7618,2026-01-26T01:00,23.5,91,26.6,0.0,0,1010.6,12.3,34,10,0.0,26.2,0.153
Johor,1.4854,103.7618,2026-01-26T02:00,23.5,91,26.5,0.0,3,1010.1,13.4,35,97,0.0,26.0,0.154
Johor,1.4854,103.7618,2026-01-26T03:00,23.5,90,26.5,0.0,3,1009.8,12.4,33,98,0.0,25.5,0.154
Johor,1.4854,103.7618,2026-01-26T04:00,23.4,89,26.2,0.0,3,1009.5,12.9,32,83,0.0,25.2,0.154
Johor,1.4854,103.7618,2026-01-26T05:00,23.4,87,26.0,0.0,3,1009.4,12.8,32,89,0.0,25.0,0.154
Johor,1.4854,103.7618,2026-01-26T06:00,23.4,86,25.9,0.0,3,1009.8,12.5,30,98,0.0,24.8,0.154
Johor,1.4854,103.7618,2026-01-26T07:00,23.2,87,25.8,0.0,2,1010.4,12.0,28,73,0.0,24.5,0.154
Johor,1.4854,103.7618,2026-01-26T08:00,24.1,86,26.8,0.0,2,1011.0,13.2,29,75,31.0,24.6,0.154
Johor,1.4854,103.7618,2026-01-26T09:00,26.2,75,28.5,0.0,3,1011.9,15.7,30,89,219.0,25.5,0.153
Johor,1.4854,103.7618,2026-01-26T10:00,27.7,66,29.4,0.0,3,1012.3,17.6,29,91,433.0,27.0,0.152
Johor,1.4854,103.7618,2026-01-26T11:00,29.1,59,30.8,0.0,3,1012.0,18.8,29,99,652.0,28.9,0.151
Johor,1.4854,103.7618,2026-01-26T12:00,30.0,54,32.1,0.0,3,1011.3,19.3,29,100,797.0,30.8,0.15
Johor,1.4854,103.7618,2026-01-26T13:00,30.6,51,32.8,0.1,51,1010.5,19.5,28,100,844.0,32.3,0.149
Johor,1.4854,103.7618,2026-01-26T14:00,31.0,48,33.1,0.1,51,1009.6,18.4,25,45,873.0,33.7,0.151
Johor,1.4854,103.7618,2026-01-26T15:00,31.5,45,33.5,0.0,2,1008.9,17.1,25,72,852.0,34.7,0.149
Johor,1.4854,103.7618,2026-01-26T16:00,31.3,45,32.4,0.0,3,1008.1,17.5,27,100,702.0,35.1,0.147
Johor,1.4854,103.7618,2026-01-26T17:00,30.8,46,31.0,0.0,3,1007.6,17.9,28,100,544.0,35.0,0.146
Johor,1.4854,103.7618,2026-01-26T18:00,28.9,55,29.4,0.0,3,1008.0,18.8,37,99,266.0,33.9,0.146
Johor,1.4854,103.7618,2026-01-26T19:00,27.1,64,28.6,0.0,3,1008.9,15.6,41,100,116.0,32.5,0.146
Johor,1.4854,103.7618,2026-01-26T20:00,26.1,71,28.4,0.0,3,1010.0,12.5,37,100,3.0,30.8,0.148
Johor,1.4854,103.7618,2026-01-26T21:00,25.4,76,28.2,0.0,3,1010.6,10.4,36,100,0.0,29.6,0.148
Johor,1.4854,103.7618,2026-01-26T22:00,24.9,80,27.9,0.0,3,1011.2,10.5,39,100,0.0,28.6,0.148
Johor,1.4854,103.7618,2026-01-26T23:00,24.5,82,27.3,0.0,3,1011.3,11.6,36,100,0.0,27.8,0.148
Johor,1.4854,103.7618,2026-01-27T00:00,24.2,83,27.1,0.0,3,1011.1,11.1,32,100,0.0,27.1,0.148
Johor,1.4854,103.7618,2026-01-27T01:00,23.9,85,26.6,0.0,3,1010.8,12.2,25,100,0.0,26.5,0.148
Johor,1.4854,103.7618,2026-01-27T02:00,23.9,86,26.2,0.0,3,1010.0,15.5,28,100,0.0,26.5,0.146
Johor,1.4854,103.7618,2026-01-27T03:00,23.9,85,26.2,0.0,3,1009.9,14.7,23,100,0.0,26.0,0.146
Johor,1.4854,103.7618,2026-01-27T04:00,23.9,84,26.3,0.0,3,1009.8,13.3,18,98,0.0,25.7,0.146
Johor,1.4854,103.7618,2026-01-27T05:00,23.6,85,26.2,0.0,3,1009.8,12.2,17,99,0.0,25.4,0.146
Johor,1.4854,103.7618,2026-01-27T06:00,23.4,85,25.8,0.0,2,1010.2,12.2,20,70,0.0,25.1,0.146
Johor,1.4854,103.7618,2026-01-27T07:00,23.4,84,25.8,0.0,3,1010.8,11.5,23,100,0.0,24.9,0.146
Johor,1.4854,103.7618,2026-01-27T08:00,24.0,84,26.6,0.0,3,1011.6,13.4,22,100,26.0,25.1,0.144
Johor,1.4854,103.7618,2026-01-27T09:00,25.9,75,28.2,0.0,3,1012.4,14.7,23,100,183.0,25.9,0.144
Johor,1.4854,103.7618,2026-01-27T10:00,27.5,66,29.1,0.0,3,1012.5,17.3,23,100,407.0,27.3,0.144
Johor,1.4854,103.7618,2026-01-27T11:00,28.9,59,30.5,0.0,3,1012.2,17.4,27,100,595.0,29.1,0.143
Johor,1.4854,103.7618,2026-01-27T12:00,30.0,52,31.5,0.0,3,1011.8,17.1,25,100,675.0,30.8,0.143
Johor,1.4854,103.7618,2026-01-27T13:00,31.0,48,32.7,0.0,3,1011.0,18.2,18,100,786.0,32.5,0.142
Johor,1.4854,103.7618,2026-01-27T14:00,30.8,49,32.4,0.0,3,1010.4,17.8,16,100,764.0,33.8,0.152
Johor,1.4854,103.7618,2026-01-27T15:00,30.8,48,32.0,0.0,3,1009.4,16.9,7,100,652.0,34.2,0.151
Johor,1.4854,103.7618,2026-01-27T16:00,30.4,49,31.1,0.0,3,1008.8,16.4,9,100,472.0,34.0,0.149
Johor,1.4854,103.7618,2026-01-27T17:00,29.5,51,30.3,0.0,3,1008.6,16.4,24,100,317.0,33.5,0.149
Johor,1.4854,103.7618,2026-01-27T18:00,28.9,52,29.4,0.0,3,1008.8,17.0,24,100,253.0,32.8,0.148
Johor,1.4854,103.7618,2026-01-27T19:00,27.6,58,28.6,0.0,3,1009.0,15.2,27,100,104.0,31.6,0.147
Johor,1.4854,103.7618,2026-01-27T20:00,26.0,69,28.0,0.0,3,1010.1,12.2,28,100,3.0,30.4,0.143
Johor,1.4854,103.7618,2026-01-27T21:00,25.2,75,27.6,0.0,3,1010.6,11.7,31,92,0.0,29.3,0.143
Johor,1.4854,103.7618,2026-01-27T22:00,24.6,79,27.2,0.0,3,1011.0,11.5,32,100,0.0,28.4,0.143
Johor,1.4854,103.7618,2026-01-27T23:00,24.3,81,26.9,0.0,3,1011.2,11.3,36,100,0.0,27.6,0.143
Johor,1.4854,103.7618,2026-01-28T00:00,24.1,83,26.9,0.0,3,1011.4,10.9,31,100,0.0,27.0,0.143
Johor,1.4854,103.7618,2026-01-28T01:00,24.0,85,26.8,0.0,3,1011.0,11.1,22,100,0.0,26.5,0.143
Johor,1.4854,103.7618,2026-01-28T02:00,23.9,87,26.8,0.0,3,1010.4,12.0,24,100,0.0,26.1,0.143
Johor,1.4854,103.7618,2026-01-28T03:00,23.8,87,26.7,0.0,3,1009.9,11.3,20,100,0.0,25.8,0.143
Johor,1.4854,103.7618,2026-01-28T04:00,23.6,87,26.7,0.0,3,1009.4,10.4,20,100,0.0,25.5,0.143
Johor,1.4854,103.7618,2026-01-28T05:00,23.5,87,26.5,0.0,3,1009.3,10.3,22,100,0.0,25.2,0.143
Johor,1.4854,103.7618,2026-01-28T06:00,23.5,86,26.2,0.0,3,1009.5,11.3,25,100,0.0,25.0,0.143
Johor,1.4854,103.7618,2026-01-28T07:00,23.4,86,26.1,0.0,3,1010.0,11.0,28,98,0.0,24.9,0.143
Johor,1.4854,103.7618,2026-01-28T08:00,24.4,83,27.2,0.0,2,1010.9,12.2,28,54,29.0,24.7,0.153
Johor,1.4854,103.7618,2026-01-28T09:00,26.1,76,28.6,0.0,3,1011.8,15.4,29,100,203.0,25.6,0.152
Johor,1.4854,103.7618,2026-01-28T10:00,27.4,69,29.5,0.0,3,1012.0,16.2,30,100,336.0,26.9,0.152
Johor,1.4854,103.7618,2026-01-28T11:00,28.5,63,30.4,0.0,3,1012.0,15.8,30,99,456.0,28.2,0.152
Johor,1.4854,103.7618,2026-01-28T12:00,30.4,55,33.3,0.1,51,1011.4,15.8,26,84,782.0,30.5,0.151
Johor,1.4854,103.7618,2026-01-28T13:00,31.5,50,35.0,0.1,51,1010.5,15.3,16,84,918.0,32.5,0.15
Johor,1.4854,103.7618,2026-01-28T14:00,31.4,49,34.4,0.2,51,1010.2,15.2,13,100,874.0,34.0,0.163
Johor,1.4854,103.7618,2026-01-28T15:00,31.0,51,33.7,0.4,51,1009.2,14.8,9,100,769.0,34.5,0.165
Johor,1.4854,103.7618,2026-01-28T16:00,29.7,56,31.4,0.2,51,1008.4,14.6,10,100,527.0,34.1,0.164
Johor,1.4854,103.7618,2026-01-28T17:00,29.0,59,30.8,0.0,3,1008.1,14.9,19,98,354.0,33.3,0.163
Johor,1.4854,103.7618,2026-01-28T18:00,28.0,64,29.9,0.1,51,1008.1,15.1,26,98,256.0,32.5,0.162
Johor,1.4854,103.7618,2026-01-28T19:00,27.0,69,29.3,0.0,3,1008.8,14.3,36,100,102.0,31.2,0.162
Johor,1.4854,103.7618,2026-01-28T20:00,25.9,79,29.2,0.0,3,1010.1,10.7,42,100,4.0,30.4,0.16
Johor,1.4854,103.7618,2026-01-28T21:00,25.5,82,29.0,0.0,3,1011.1,10.4,39,98,0.0,29.2,0.16
Johor,1.4854,103.7618,2026-01-28T22:00,25.0,84,28.6,0.0,2,1011.5,9.9,32,70,0.0,28.4,0.16
Johor,1.4854,103.7618,2026-01-28T23:00,24.7,84,27.8,0.0,3,1011.7,11.7,37,99,0.0,27.6,0.16
Johor,1.4854,103.7618,2026-01-29T00:00,24.6,83,27.4,0.0,2,1011.4,12.9,35,70,0.0,27.0,0.16
Johor,1.4854,103.7618,2026-01-29T01:00,24.4,84,27.4,0.0,3,1011.2,11.4,29,91,0.0,26.5,0.159
Johor,1.4854,103.7618,2026-01-29T02:00,24.0,89,27.3,0.0,3,1010.9,11.3,29,96,0.0,26.4,0.161
Johor,1.4854,103.7618,2026-01-29T03:00,23.6,91,26.9,0.0,3,1010.0,11.6,30,100,0.0,26.0,0.161
Johor,1.4854,103.7618,2026-01-29T04:00,23.6,92,27.1,0.0,3,1009.3,11.2,30,100,0.0,25.6,0.161
Johor,1.4854,103.7618,2026-01-29T05:00,23.6,91,27.0,0.0,3,1008.7,11.5,32,100,0.0,25.4,0.161
Johor,1.4854,103.7618,2026-01-29T06:00,23.6,91,27.1,0.0,3,1009.3,10.6,28,99,0.0,25.1,0.161
Johor,1.4854,103.7618,2026-01-29T07:00,23.6,90,27.0,0.0,3,1009.9,10.4,17,100,0.0,25.0,0.161
Johor,1.4854,103.7618,2026-01-29T08:00,24.5,87,27.6,0.0,3,1010.4,12.6,29,100,23.0,25.4,0.162
Johor,1.4854,103.7618,2026-01-29T09:00,25.7,81,28.6,0.0,3,1011.5,14.2,26,99,147.0,25.9,0.162
Johor,1.4854,103.7618,2026-01-29T10:00,27.0,73,29.6,0.0,3,1011.7,15.0,27,100,277.0,26.9,0.161
Johor,1.4854,103.7618,2026-01-29T11:00,28.1,66,30.5,0.0,1,1011.9,15.1,31,42,374.0,28.0,0.16
Johor,1.4854,103.7618,2026-01-29T12:00,29.8,59,32.8,0.1,51,1011.6,15.4,24,29,738.0,30.0,0.159
Johor,1.4854,103.7618,2026-01-29T13:00,30.3,57,33.4,0.1,51,1010.7,16.3,21,30,784.0,31.5,0.158
Johor,1.4854,103.7618,2026-01-29T14:00,30.4,55,33.5,0.1,51,1009.9,15.7,16,37,834.0,33.0,0.167
Johor,1.4854,103.7618,2026-01-29T15:00,30.1,56,33.5,0.2,51,1009.2,13.2,11,50,790.0,33.7,0.167
Johor,1.4854,103.7618,2026-01-29T16:00,29.9,56,32.5,0.1,51,1008.4,12.5,16,45,633.0,33.8,0.166
Johor,1.4854,103.7618,2026-01-29T17:00,29.5,58,31.1,0.1,51,1007.8,15.7,28,29,513.0,33.6,0.165
Johor,1.4854,103.7618,2026-01-29T18:00,28.4,62,29.9,0.1,51,1007.9,16.6,30,42,314.0,32.7,0.164
Johor,1.4854,103.7618,2026-01-29T19:00,27.1,67,29.2,0.0,1,1008.6,14.3,36,20,101.0,31.4,0.163
Johor,1.4854,103.7618,2026-01-29T20:00,26.2,78,29.6,0.0,2,1009.7,10.1,33,61,4.0,30.4,0.161
Johor,1.4854,103.7618,2026-01-29T21:00,25.7,80,29.1,0.0,1,1010.4,10.9,29,23,0.0,29.3,0.161
Johor,1.4854,103.7618,2026-01-29T22:00,25.1,84,28.5,0.0,1,1011.4,10.7,29,30,0.0,28.4,0.161
Johor,1.4854,103.7618,2026-01-29T23:00,24.7,86,28.1,0.0,3,1011.9,10.9,33,82,0.0,27.6,0.161
Johor,1.4854,103.7618,2026-01-30T00:00,24.5,87,27.9,0.0,0,1012.0,11.1,31,4,0.0,27.0,0.16
Johor,1.4854,103.7618,2026-01-30T01:00,24.2,88,27.8,0.0,0,1012.0,9.0,23,2,0.0,26.5,0.16
Johor,1.4854,103.7618,2026-01-30T02:00,24.0,88,27.5,0.0,0,1011.3,9.7,27,2,0.0,26.0,0.16
Johor,1.4854,103.7618,2026-01-30T03:00,23.8,88,27.0,0.0,0,1010.8,11.0,30,3,0.0,25.7,0.16
Johor,1.4854,103.7618,2026-01-30T04:00,23.7,88,26.8,0.0,0,1010.5,10.9,27,3,0.0,25.4,0.16
Johor,1.4854,103.7618,2026-01-30T05:00,23.5,89,26.7,0.0,0,1010.6,10.5,24,11,0.0,25.1,0.16
Johor,1.4854,103.7618,2026-01-30T06:00,23.5,89,26.5,0.0,0,1010.6,10.6,26,3,0.0,24.9,0.16
Johor,1.4854,103.7618,2026-01-30T07:00,23.4,89,26.5,0.0,1,1011.1,10.5,27,27,0.0,24.7,0.16
Johor,1.4854,103.7618,2026-01-30T08:00,24.2,87,27.5,0.0,3,1011.5,11.3,33,99,29.0,24.5,0.169
Johor,1.4854,103.7618,2026-01-30T09:00,26.2,77,29.0,0.0,3,1012.1,14.6,33,100,202.0,25.5,0.168
Johor,1.4854,103.7618,2026-01-30T10:00,27.9,68,30.0,0.0,3,1012.3,17.7,31,100,417.0,26.8,0.167
Johor,1.4854,103.7618,2026-01-30T11:00,29.5,60,31.8,0.0,2,1012.3,16.4,27,66,629.0,28.5,0.165
Johor,1.4854,103.7618,2026-01-30T12:00,30.4,57,33.3,0.0,3,1011.6,15.0,24,100,709.0,30.3,0.163
Johor,1.4854,103.7618,2026-01-30T13:00,30.4,57,33.1,0.2,51,1010.7,16.5,25,84,697.0,31.5,0.163
Johor,1.4854,103.7618,2026-01-30T14:00,30.0,56,32.6,0.0,1,1010.2,16.1,18,20,747.0,32.8,0.162
Johor,1.4854,103.7618,2026-01-30T15:00,31.1,52,33.9,0.0,1,1009.1,16.8,15,39,790.0,33.7,0.159
Johor,1.4854,103.7618,2026-01-30T16:00,30.2,55,31.7,0.0,3,1008.6,17.2,15,81,555.0,33.7,0.157
Johor,1.4854,103.7618,2026-01-30T17:00,29.5,58,31.3,0.0,1,1008.3,16.5,22,31,331.0,33.2,0.156
Johor,1.4854,103.7618,2026-01-30T18:00,28.9,60,30.6,0.0,0,1008.2,15.5,25,18,271.0,32.5,0.155
Johor,1.4854,103.7618,2026-01-30T19:00,27.5,65,29.4,0.0,0,1008.9,14.7,33,4,119.0,31.4,0.154
Johor,1.4854,103.7618,2026-01-30T20:00,26.7,71,29.5,0.0,1,1010.1,11.1,43,28,4.0,30.5,0.16
Johor,1.4854,103.7618,2026-01-30T21:00,25.7,79,28.9,0.0,1,1010.6,10.5,39,44,0.0,29.4,0.159
Johor,1.4854,103.7618,2026-01-30T22:00,25.0,84,28.6,0.0,1,1011.2,9.6,38,28,0.0,28.5,0.159
Johor,1.4854,103.7618,2026-01-30T23:00,24.5,88,28.3,0.0,1,1011.7,9.7,35,23,0.0,27.6,0.159
Johor,1.4854,103.7618,2026-01-31T00:00,24.4,89,27.8,0.0,0,1011.7,11.7,29,19,0.0,27.0,0.159
Johor,1.4854,103.7618,2026-01-31T01:00,24.2,89,27.5,0.0,2,1011.3,12.6,27,53,0.0,26.5,0.159
Johor,1.4854,103.7618,2026-01-31T02:00,24.0,92,27.6,0.0,1,1010.9,10.5,20,20,0.0,26.3,0.156
Johor,1.4854,103.7618,2026-01-31T03:00,23.9,92,27.6,0.0,0,1010.4,9.8,20,1,0.0,25.9,0.156
Johor,1.4854,103.7618,2026-01-31T04:00,23.6,92,27.3,0.0,0,1009.8,9.7,19,1,0.0,25.5,0.156
Johor,1.4854,103.7618,2026-01-31T05:00,23.5,92,27.1,0.0,0,1009.4,9.9,21,0,0.0,25.2,0.156
Johor,1.4854,103.7618,2026-01-31T06:00,23.4,92,26.7,0.0,0,1009.5,10.5,24,0,0.0,25.0,0.156
Johor,1.4854,103.7618,2026-01-31T07:00,23.2,92,26.7,0.0,0,1010.1,9.9,27,9,0.0,24.8,0.156
Johor,1.4854,103.7618,2026-01-31T08:00,24.2,88,27.5,0.0,3,1011.0,11.4,25,92,29.0,24.9,0.158
Johor,1.4854,103.7618,2026-01-31T09:00,26.3,78,29.0,0.0,3,1012.4,15.3,28,100,213.0,25.8,0.157
Johor,1.4854,103.7618,2026-01-31T10:00,28.0,68,30.3,0.0,3,1012.8,15.8,27,100,400.0,27.1,0.156
Johor,1.4854,103.7618,2026-01-31T11:00,29.5,63,32.8,0.0,3,1012.8,13.5,25,90,643.0,29.1,0.155
Johor,1.4854,103.7618,2026-01-31T12:00,30.9,56,34.8,0.0,3,1012.1,13.6,23,97,823.0,31.2,0.153
Johor,1.4854,103.7618,2026-01-31T13:00,31.8,51,35.7,0.0,2,1011.1,13.6,20,79,908.0,33.2,0.151
Johor,1.4854,103.7618,2026-01-31T14:00,32.2,46,35.6,0.0,2,1010.4,12.5,18,69,886.0,34.8,0.153
Johor,1.4854,103.7618,2026-01-31T15:00,32.3,45,35.7,0.2,51,1009.6,12.1,18,30,884.0,36.0,0.153
Johor,1.4854,103.7618,2026-01-31T16:00,32.0,46,34.5,0.1,51,1008.6,12.6,20,38,749.0,36.3,0.152
Johor,1.4854,103.7618,2026-01-31T17:00,31.5,46,32.2,0.0,2,1007.7,16.4,31,62,536.0,36.0,0.15
Johor,1.4854,103.7618,2026-01-31T18:00,29.2,55,30.1,0.0,0,1008.2,17.7,35,3,301.0,34.8,0.149
Johor,1.4854,103.7618,2026-01-31T19:00,28.2,59,29.8,0.0,0,1008.8,14.0,31,3,128.0,33.3,0.149
Johor,1.4854,103.7618,2026-01-31T20:00,27.0,74,30.0,0.0,0,1009.8,12.1,35,4,4.0,31.9,0.149
Johor,1.4854,103.7618,2026-01-31T21:00,26.0,80,29.5,0.0,0,1010.5,11.1,37,7,0.0,30.5,0.149
Johor,1.4854,103.7618,2026-01-31T22:00,25.6,83,29.1,0.0,0,1011.0,11.9,35,6,0.0,29.5,0.149
Johor,1.4854,103.7618,2026-01-31T23:00,25.2,86,28.7,0.0,0,1011.4,12.1,30,3,0.0,28.6,0.148
Johor,1.4854,103.7618,2026-02-01T00:00,24.9,87,28.4,0.0,0,1011.2,12.1,27,3,0.0,27.9,0.148
Johor,1.4854,103.7618,2026-02-01T01:00,24.5,89,28.3,0.0,0,1011.0,10.7,22,13,0.0,27.3,0.148
Johor,1.4854,103.7618,2026-02-01T02:00,24.5,91,28.5,0.0,0,1010.4,10.6,21,13,0.0,27.4,0.142
Johor,1.4854,103.7618,2026-02-01T03:00,24.4,92,28.1,0.0,0,1009.4,11.7,21,6,0.0,26.9,0.142
Johor,1.4854,103.7618,2026-02-01T04:00,24.0,94,27.8,0.0,1,1008.9,11.0,24,31,0.0,26.4,0.142
Johor,1.4854,103.7618,2026-02-01T05:00,23.9,94,27.7,0.0,0,1008.8,11.0,24,7,0.0,26.0,0.142
Johor,1.4854,103.7618,2026-02-01T06:00,23.8,94,27.5,0.0,0,1009.2,11.1,25,3,0.0,25.8,0.142
Johor,1.4854,103.7618,2026-02-01T07:00,23.6,94,27.2,0.0,2,1009.6,11.1,25,73,0.0,25.5,0.143
Johor,1.4854,103.7618,2026-02-01T08:00,24.5,87,28.0,0.0,1,1010.6,10.6,26,22,28.0,25.9,0.147
Johor,1.4854,103.7618,2026-02-01T09:00,26.5,76,29.1,0.0,1,1011.4,15.9,26,49,204.0,26.6,0.146
Johor,1.4854,103.7618,2026-02-01T10:00,28.0,68,30.4,0.0,0,1011.8,15.7,27,15,425.0,28.0,0.146
Johor,1.4854,103.7618,2026-02-01T11:00,29.5,60,31.8,0.1,51,1011.6,17.5,29,17,646.0,29.9,0.146
Johor,1.4854,103.7618,2026-02-01T12:00,30.6,56,33.3,0.1,51,1011.0,18.6,30,14,783.0,31.8,0.146
Johor,1.4854,103.7618,2026-02-01T13:00,31.5,52,34.3,0.1,51,1010.1,19.1,29,34,885.0,33.5,0.147
Johor,1.4854,103.7618,2026-02-01T14:00,31.5,49,34.2,0.3,51,1009.7,18.5,30,23,898.0,34.8,0.149
Johor,1.4854,103.7618,2026-02-01T15:00,31.5,49,34.0,0.2,51,1008.9,18.2,25,23,856.0,35.7,0.15
Johor,1.4854,103.7618,2026-02-01T16:00,31.0,50,32.9,0.3,51,1007.8,18.8,24,73,744.0,36.0,0.152
Johor,1.4854,103.7618,2026-02-01T17:00,30.1,54,30.9,0.6,53,1007.6,20.1,30,91,524.0,35.3,0.158
Johor,1.4854,103.7618,2026-02-01T18:00,28.8,61,30.1,0.1,51,1007.9,19.1,35,63,336.0,34.2,0.158
Johor,1.4854,103.7618,2026-02-01T19:00,27.5,68,29.5,0.0,2,1008.7,15.9,33,51,120.0,32.7,0.157
Johor,1.4854,103.7618,2026-02-01T20:00,26.5,73,29.0,0.0,2,1009.6,14.3,35,77,4.0,31.5,0.146
Johor,1.4854,103.7618,2026-02-01T21:00,26.0,76,28.8,0.0,3,1010.6,12.9,35,92,0.0,30.3,0.146
Johor,1.4854,103.7618,2026-02-01T22:00,25.6,79,28.5,0.0,3,1011.4,12.9,35,80,0.0,29.3,0.146
Johor,1.4854,103.7618,2026-02-01T23:00,25.2,81,28.2,0.0,3,1011.8,12.8,31,88,0.0,28.5,0.146
Johor,1.4854,103.7618,2026-02-02T00:00,25.0,83,27.8,0.0,3,1011.6,13.6,29,95,0.0,27.8,0.145
Johor,1.4854,103.7618,2026-02-02T01:00,24.8,83,27.5,0.0,3,1011.4,13.4,28,83,0.0,27.3,0.145
Johor,1.4854,103.7618,2026-02-02T02:00,24.6,84,27.2,0.0,3,1010.7,14.5,27,88,0.0,27.3,0.142
Johor,1.4854,103.7618,2026-02-02T03:00,24.4,84,27.0,0.0,2,1009.8,14.0,26,70,0.0,26.8,0.142
Johor,1.4854,103.7618,2026-02-02T04:00,24.3,83,26.6,0.0,3,1009.4,14.6,27,87,0.0,26.4,0.142
Johor,1.4854,103.7618,2026-02-02T05:00,24.2,82,26.5,0.0,1,1009.2,14.0,30,23,0.0,26.0,0.142
Johor,1.4854,103.7618,2026-02-02T06:00,24.0,82,26.7,0.0,0,1009.9,11.1,25,18,0.0,25.8,0.142
Johor,1.4854,103.7618,2026-02-02T07:00,24.0,82,26.4,0.0,2,1010.3,12.2,22,78,0.0,25.5,0.142
Johor,1.4854,103.7618,2026-02-02T08:00,24.8,79,26.6,0.0,3,1010.8,16.6,29,100,27.0,25.8,0.138
Johor,1.4854,103.7618,2026-02-02T09:00,26.5,71,27.9,0.0,3,1011.6,19.2,27,98,213.0,26.6,0.138
Johor,1.4854,103.7618,2026-02-02T10:00,28.1,61,28.9,0.0,2,1011.8,20.5,28,77,416.0,28.0,0.138
Johor,1.4854,103.7618,2026-02-02T11:00,29.6,53,30.6,0.0,0,1011.8,20.7,30,9,657.0,29.9,0.138
Johor,1.4854,103.7618,2026-02-02T12:00,30.6,49,32.0,0.0,1,1011.4,21.0,29,45,805.0,31.9,0.138
Johor,1.4854,103.7618,2026-02-02T13:00,31.8,44,33.1,0.0,3,1010.4,22.0,29,100,913.0,33.8,0.138
Johor,1.4854,103.7618,2026-02-02T14:00,31.4,45,32.8,0.0,3,1010.0,20.7,26,99,848.0,35.2,0.149
Johor,1.4854,103.7618,2026-02-02T15:00,31.0,47,31.9,0.0,3,1009.1,20.6,25,100,729.0,35.5,0.148
Johor,1.4854,103.7618,2026-02-02T16:00,29.6,52,30.4,0.0,2,1008.5,17.3,30,66,371.0,34.7,0.147
Johor,1.4854,103.7618,2026-02-02T17:00,29.8,51,30.2,0.0,3,1008.1,18.7,23,87,461.0,34.5,0.146
Johor,1.4854,103.7618,2026-02-02T18:00,29.0,54,29.6,0.0,3,1008.1,17.7,30,96,197.0,33.5,0.145
Johor,1.4854,103.7618,2026-02-02T19:00,27.2,64,28.4,0.0,3,1008.6,17.7,33,99,116.0,32.2,0.145
Johor,1.4854,103.7618,2026-02-02T20:00,26.1,74,28.2,0.0,3,1010.3,15.5,36,100,4.0,31.5,0.14
Johor,1.4854,103.7618,2026-02-02T21:00,25.5,77,28.1,0.0,3,1011.2,13.2,29,100,0.0,30.4,0.14
Johor,1.4854,103.7618,2026-02-02T22:00,25.2,79,28.1,0.0,3,1011.8,12.0,30,99,0.0,29.4,0.14
Johor,1.4854,103.7618,2026-02-02T23:00,25.0,80,27.7,0.0,3,1012.0,12.2,26,98,0.0,28.5,0.14
Johor,1.4854,103.7618,2026-02-03T00:00,24.6,82,27.8,0.0,3,1011.7,10.0,21,98,0.0,27.9,0.14
Johor,1.4854,103.7618,2026-02-03T01:00,24.2,85,27.5,0.0,3,1011.5,8.9,19,99,0.0,27.2,0.14
Johor,1.4854,103.7618,2026-02-03T02:00,23.9,87,27.2,0.0,3,1011.3,9.4,20,95,0.0,26.7,0.14
Johor,1.4854,103.7618,2026-02-03T03:00,23.6,87,26.6,0.0,3,1010.8,11.0,26,95,0.0,26.2,0.14
Johor,1.4854,103.7618,2026-02-03T04:00,23.4,87,26.2,0.0,3,1010.4,10.9,16,98,0.0,25.9,0.14
Johor,1.4854,103.7618,2026-02-03T05:00,23.2,88,26.1,0.0,3,1010.4,10.6,14,97,0.0,25.5,0.14
Johor,1.4854,103.7618,2026-02-03T06:00,23.1,89,25.9,0.0,3,1010.3,10.9,12,98,0.0,25.2,0.14
Johor,1.4854,103.7618,2026-02-03T07:00,23.1,88,26.0,0.0,1,1010.7,10.2,14,32,0.0,25.0,0.14
Johor,1.4854,103.7618,2026-02-03T08:00,23.9,85,26.5,0.0,2,1011.5,12.3,31,72,28.0,24.9,0.141
Johor,1.4854,103.7618,2026-02-03T09:00,26.0,75,28.4,0.0,3,1012.1,14.5,27,83,214.0,25.9,0.141
Johor,1.4854,103.7618,2026-02-03T10:00,27.9,64,29.2,0.0,2,1012.4,18.7,28,74,446.0,27.5,0.141
Johor,1.4854,103.7618,2026-02-03T11:00,29.5,56,31.3,0.0,3,1012.2,17.6,26,95,664.0,29.5,0.141
Johor,1.4854,103.7618,2026-02-03T12:00,30.9,50,33.2,0.0,2,1011.9,17.5,28,72,843.0,31.9,0.141
Johor,1.4854,103.7618,2026-02-03T13:00,31.9,46,34.6,0.0,2,1011.0,17.2,28,73,935.0,34.0,0.14
Johor,1.4854,103.7618,2026-02-03T14:00,31.9,42,34.0,0.0,3,1010.8,17.4,32,99,950.0,35.7,0.143
Johor,1.4854,103.7618,2026-02-03T15:00,31.2,45,32.1,0.0,3,1009.8,18.1,32,99,685.0,36.0,0.142
Johor,1.4854,103.7618,2026-02-03T16:00,30.8,46,30.9,0.0,3,1009.0,18.8,29,96,564.0,36.0,0.142
Johor,1.4854,103.7618,2026-02-03T17:00,30.1,48,30.3,0.0,3,1008.3,17.9,29,85,371.0,35.3,0.141
Johor,1.4854,103.7618,2026-02-03T18:00,29.0,53,29.5,0.0,2,1008.4,17.9,26,72,263.0,34.4,0.141
Johor,1.4854,103.7618,2026-02-03T19:00,27.8,59,28.9,0.0,3,1008.8,14.9,25,88,121.0,33.1,0.141
Johor,1.4854,103.7618,2026-02-03T20:00,26.9,71,29.6,0.0,3,1009.9,11.2,26,95,4.0,32.2,0.147
Johor,1.4854,103.7618,2026-02-03T21:00,26.0,74,28.9,0.0,3,1010.7,10.7,22,100,0.0,30.9,0.147
Johor,1.4854,103.7618,2026-02-03T22:00,25.4,78,28.4,0.0,3,1011.1,10.8,10,100,0.0,29.8,0.147
Johor,1.4854,103.7618,2026-02-03T23:00,25.1,81,28.0,0.0,3,1011.4,12.0,13,100,0.0,28.9,0.147
Johor,1.4854,103.7618,2026-02-04T00:00,24.7,84,28.0,0.0,3,1011.5,10.5,12,98,0.0,28.1,0.147
Johor,1.4854,103.7618,2026-02-04T01:00,24.5,85,27.8,0.0,1,1011.5,10.0,8,20,0.0,27.5,0.147
Johor,1.4854,103.7618,2026-02-04T02:00,24.0,86,27.1,0.0,0,1010.8,11.3,7,1,0.0,27.1,0.146
Johor,1.4854,103.7618,2026-02-04T03:00,23.8,87,26.8,0.0,0,1010.2,11.2,6,1,0.0,26.6,0.146
Johor,1.4854,103.7618,2026-02-04T04:00,23.6,87,26.6,0.0,0,1009.9,11.3,13,10,0.0,26.2,0.146
Johor,1.4854,103.7618,2026-02-04T05:00,23.5,88,26.3,0.0,1,1009.6,11.5,8,37,0.0,25.8,0.146
Johor,1.4854,103.7618,2026-02-04T06:00,23.2,89,26.2,0.0,0,1009.5,11.2,11,0,0.0,25.5,0.146
Johor,1.4854,103.7618,2026-02-04T07:00,23.1,90,26.2,0.0,1,1009.9,10.9,13,24,0.0,25.2,0.146
Johor,1.4854,103.7618,2026-02-04T08:00,24.3,87,27.5,0.0,0,1011.2,11.7,11,10,27.0,25.5,0.148
Johor,1.4854,103.7618,2026-02-04T09:00,26.3,77,29.3,0.0,1,1012.1,12.9,12,20,211.0,26.3,0.148
Johor,1.4854,103.7618,2026-02-04T10:00,28.2,67,30.7,0.0,1,1012.3,14.8,13,29,444.0,27.9,0.147
Johor,1.4854,103.7618,2026-02-04T11:00,29.9,58,32.4,0.0,1,1012.0,15.2,13,28,645.0,29.9,0.146
Johor,1.4854,103.7618,2026-02-04T12:00,30.8,54,33.6,0.1,51,1011.4,15.6,11,20,754.0,31.9,0.146
Johor,1.4854,103.7618,2026-02-04T13:00,31.5,52,35.0,0.1,51,1010.5,13.9,11,37,817.0,33.7,0.147
Johor,1.4854,103.7618,2026-02-04T14:00,32.2,49,35.8,0.0,1,1009.8,12.6,11,39,846.0,35.2,0.148
Johor,1.4854,103.7618,2026-02-04T15:00,32.2,47,35.2,0.0,1,1009.0,13.0,17,30,788.0,36.3,0.146
Johor,1.4854,103.7618,2026-02-04T16:00,28.6,64,31.2,0.2,51,1008.8,16.5,25,60,656.0,36.2,0.147
Johor,1.4854,103.7618,2026-02-04T17:00,28.9,64,31.1,0.2,51,1008.1,16.4,12,29,482.0,35.6,0.149
Johor,1.4854,103.7618,2026-02-04T18:00,28.1,66,30.3,0.3,51,1008.5,16.3,16,93,263.0,34.3,0.152
Johor,1.4854,103.7618,2026-02-04T19:00,26.8,75,29.5,0.1,51,1009.2,14.3,15,100,110.0,32.8,0.152
Johor,1.4854,103.7618,2026-02-04T20:00,26.2,79,29.4,0.0,2,1010.3,12.4,14,66,4.0,31.9,0.14
Johor,1.4854,103.7618,2026-02-04T21:00,25.6,81,29.1,0.0,3,1011.1,11.0,10,99,0.0,30.6,0.14
Johor,1.4854,103.7618,2026-02-04T22:00,25.1,85,28.7,0.0,3,1011.5,10.7,20,99,0.0,29.6,0.14
Johor,1.4854,103.7618,2026-02-04T23:00,24.6,89,28.4,0.0,3,1011.8,10.4,28,100,0.0,28.8,0.14
Johor,1.4854,103.7618,2026-02-05T00:00,24.5,89,28.1,0.0,2,1011.8,10.8,24,77,0.0,28.0,0.14
Johor,1.4854,103.7618,2026-02-05T01:00,24.2,90,27.9,0.0,3,1011.7,10.4,17,92,0.0,27.5,0.14
Johor,1.4854,103.7618,2026-02-05T02:00,24.3,91,28.1,0.0,3,1011.3,10.5,12,88,0.0,27.8,0.135
Johor,1.4854,103.7618,2026-02-05T03:00,24.5,89,28.2,0.0,3,1010.4,11.0,14,80,0.0,27.4,0.135
Johor,1.4854,103.7618,2026-02-05T04:00,24.2,90,28.1,0.0,3,1010.1,9.3,10,99,0.0,26.9,0.135
Johor,1.4854,103.7618,2026-02-05T05:00,24.0,92,27.9,0.0,3,1009.9,9.1,10,85,0.0,26.5,0.135
Johor,1.4854,103.7618,2026-02-05T06:00,23.9,92,27.5,0.0,1,1009.8,10.8,11,22,0.0,26.1,0.135
Johor,1.4854,103.7618,2026-02-05T07:00,23.8,92,27.4,0.0,1,1009.9,10.4,9,36,0.0,25.9,0.135
Johor,1.4854,103.7618,2026-02-05T08:00,25.0,88,28.6,0.0,3,1010.4,12.5,18,89,27.0,26.5,0.138
Johor,1.4854,103.7618,2026-02-05T09:00,26.5,79,29.4,0.0,3,1011.3,16.8,21,87,170.0,27.1,0.138
Johor,1.4854,103.7618,2026-02-05T10:00,28.0,71,30.3,0.0,2,1011.8,17.7,25,63,331.0,28.2,0.138
Johor,1.4854,103.7618,2026-02-05T11:00,29.5,64,32.3,0.0,3,1011.6,14.8,23,87,525.0,30.0,0.139
Johor,1.4854,103.7618,2026-02-05T12:00,31.1,58,35.1,0.0,3,1010.7,13.8,16,87,761.0,32.2,0.139
Johor,1.4854,103.7618,2026-02-05T13:00,32.3,53,36.9,0.0,1,1009.6,12.7,13,20,880.0,34.6,0.139
Johor,1.4854,103.7618,2026-02-05T14:00,32.7,51,37.3,0.0,3,1008.9,12.0,7,84,887.0,36.5,0.143
Johor,1.4854,103.7618,2026-02-05T15:00,32.1,50,35.6,0.1,51,1008.1,14.3,7,77,834.0,37.5,0.143
Johor,1.4854,103.7618,2026-02-05T16:00,30.0,62,33.1,0.1,51,1007.6,12.6,25,95,483.0,37.0,0.145
Johor,1.4854,103.7618,2026-02-05T17:00,28.1,70,31.9,1.3,61,1007.8,8.5,17,100,349.0,35.5,0.159
Johor,1.4854,103.7618,2026-02-05T18:00,27.9,70,31.1,0.1,51,1007.6,11.4,24,100,196.0,34.2,0.159
Johor,1.4854,103.7618,2026-02-05T19:00,27.3,75,30.7,0.0,3,1008.2,12.3,35,100,85.0,32.8,0.158
Johor,1.4854,103.7618,2026-02-05T20:00,26.4,82,30.4,0.0,3,1009.5,9.7,29,100,4.0,31.5,0.168
Johor,1.4854,103.7618,2026-02-05T21:00,26.2,80,29.8,0.0,3,1010.3,10.5,25,100,0.0,30.3,0.167
Johor,1.4854,103.7618,2026-02-05T22:00,25.7,84,29.7,0.0,3,1011.2,8.9,29,90,0.0,29.4,0.167
Johor,1.4854,103.7618,2026-02-05T23:00,25.2,87,29.4,0.0,2,1011.3,8.1,37,77,0.0,28.5,0.167
Johor,1.4854,103.7618,2026-02-06T00:00,24.9,87,28.7,0.0,3,1011.1,10.2,42,96,0.0,27.9,0.167
Johor,1.4854,103.7618,2026-02-06T01:00,24.8,87,28.7,0.0,3,1010.9,9.3,36,86,0.0,27.4,0.167
Johor,1.4854,103.7618,2026-02-06T02:00,24.4,90,28.3,0.0,3,1010.7,9.4,26,87,0.0,27.5,0.164
Johor,1.4854,103.7618,2026-02-06T03:00,24.2,90,27.9,0.0,2,1009.9,10.9,27,64,0.0,27.0,0.164
Johor,1.4854,103.7618,2026-02-06T04:00,24.0,91,27.7,0.0,2,1009.5,10.3,25,70,0.0,26.5,0.163
Johor,1.4854,103.7618,2026-02-06T05:00,23.8,92,27.7,0.0,1,1009.5,8.8,23,30,0.0,26.1,0.163
Johor,1.4854,103.7618,2026-02-06T06:00,23.6,93,27.6,0.0,3,1009.6,8.3,20,100,0.0,25.8,0.163
Johor,1.4854,103.7618,2026-02-06T07:00,23.5,94,27.8,0.0,3,1010.3,6.2,12,91,0.0,25.5,0.163
Johor,1.4854,103.7618,2026-02-06T08:00,24.1,90,28.3,0.0,3,1010.9,6.9,7,100,25.0,25.4,0.165
Johor,1.4854,103.7618,2026-02-06T09:00,26.0,82,29.9,0.0,3,1011.7,8.8,20,100,177.0,26.2,0.164
Johor,1.4854,103.7618,2026-02-06T10:00,27.2,74,30.5,0.0,3,1012.1,12.0,18,100,307.0,27.3,0.163
Johor,1.4854,103.7618,2026-02-06T11:00,27.7,69,30.9,0.0,3,1011.9,10.5,12,100,314.0,28.2,0.162
Johor,1.4854,103.7618,2026-02-06T12:00,29.5,60,32.7,0.0,3,1011.3,9.2,20,100,582.0,29.9,0.16
Johor,1.4854,103.7618,2026-02-06T13:00,30.3,56,33.7,0.0,3,1010.7,8.4,16,100,648.0,31.5,0.158
Johor,1.4854,103.7618,2026-02-06T14:00,31.1,50,33.7,0.0,3,1009.7,10.8,36,100,631.0,32.8,0.158
Johor,1.4854,103.7618,2026-02-06T15:00,31.6,48,34.5,0.4,51,1008.5,10.1,17,89,687.0,33.9,0.161
Johor,1.4854,103.7618,2026-02-06T16:00,29.0,63,32.3,1.3,61,1008.1,9.1,343,99,483.0,33.6,0.175
Johor,1.4854,103.7618,2026-02-06T17:00,29.3,60,32.1,0.0,3,1007.2,9.8,355,90,343.0,33.0,0.173
Johor,1.4854,103.7618,2026-02-06T18:00,28.9,64,32.0,0.0,3,1007.3,9.9,351,99,339.0,32.6,0.171
Johor,1.4854,103.7618,2026-02-06T19:00,27.7,72,31.5,0.0,3,1008.1,7.9,4,99,102.0,31.5,0.17
Johor,1.4854,103.7618,2026-02-06T20:00,25.0,94,29.6,0.0,2,1009.5,9.4,52,70,4.0,31.0,0.159
Johor,1.4854,103.7618,2026-02-06T21:00,25.0,94,29.9,0.1,51,1010.2,7.7,28,74,0.0,29.4,0.16
Johor,1.4854,103.7618,2026-02-06T22:00,25.0,93,30.1,0.0,2,1010.4,6.1,3,77,0.0,28.4,0.161
Johor,1.4854,103.7618,2026-02-06T23:00,24.8,91,29.6,0.0,2,1010.9,6.1,346,72,0.0,27.7,0.161
Johor,1.4854,103.7618,2026-02-07T00:00,24.5,91,28.9,0.0,3,1010.6,7.4,354,99,0.0,27.1,0.161
Johor,1.4854,103.7618,2026-02-07T01:00,24.5,90,28.8,0.0,3,1010.2,6.7,355,100,0.0,26.7,0.161
Johor,1.4854,103.7618,2026-02-07T02:00,24.1,91,28.4,0.0,3,1009.9,6.1,317,99,0.0,26.8,0.158
Johor,1.4854,103.7618,2026-02-07T03:00,24.0,92,28.5,0.0,2,1009.2,4.8,326,54,0.0,26.4,0.158
Johor,1.4854,103.7618,2026-02-07T04:00,23.8,93,28.2,0.0,3,1008.7,5.4,6,85,0.0,26.0,0.158
Johor,1.4854,103.7618,2026-02-07T05:00,23.5,93,27.6,0.0,3,1008.6,6.6,16,95,0.0,25.6,0.158
Johor,1.4854,103.7618,2026-02-07T06:00,23.2,94,27.1,0.0,0,1008.8,8.4,20,15,0.0,25.4,0.158
Johor,1.4854,103.7618,2026-02-07T07:00,23.2,94,27.1,0.0,3,1008.9,8.2,9,100,0.0,25.1,0.158
Johor,1.4854,103.7618,2026-02-07T08:00,23.8,92,27.3,0.0,3,1009.3,11.0,21,100,27.0,25.1,0.158
Johor,1.4854,103.7618,2026-02-07T09:00,25.5,87,29.9,0.0,3,1010.3,8.6,20,100,180.0,26.0,0.157
Johor,1.4854,103.7618,2026-02-07T10:00,27.6,73,30.8,0.0,3,1010.8,14.0,22,88,384.0,27.3,0.157
Johor,1.4854,103.7618,2026-02-07T11:00,29.1,65,32.4,0.0,3,1010.7,11.1,12,100,552.0,29.0,0.156
Johor,1.4854,103.7618,2026-02-07T12:00,30.2,60,34.5,0.0,3,1010.1,8.6,358,84,697.0,31.0,0.155
Johor,1.4854,103.7618,2026-02-07T13:00,31.2,56,36.5,0.0,3,1009.1,8.3,355,96,873.0,33.2,0.153
Johor,1.4854,103.7618,2026-02-07T14:00,30.9,56,35.6,0.1,51,1008.4,9.1,353,52,823.0,34.7,0.153
Johor,1.4854,103.7618,2026-02-07T15:00,31.4,54,35.6,0.6,53,1007.4,8.2,8,63,731.0,35.7,0.159
Johor,1.4854,103.7618,2026-02-07T16:00,31.1,54,34.7,0.8,53,1006.5,5.5,9,85,553.0,35.8,0.168
Johor,1.4854,103.7618,2026-02-07T17:00,26.3,80,31.3,4.2,63,1006.8,1.7,108,100,338.0,34.5,0.221
Johor,1.4854,103.7618,2026-02-07T18:00,25.2,85,29.8,1.6,61,1006.5,4.4,201,40,164.0,32.2,0.24
Johor,1.4854,103.7618,2026-02-07T19:00,25.5,86,30.6,0.3,51,1007.0,1.6,84,6,107.0,30.8,0.243
Johor,1.4854,103.7618,2026-02-07T20:00,26.2,84,31.2,0.0,2,1007.9,4.8,75,52,4.0,31.4,0.167
Johor,1.4854,103.7618,2026-02-07T21:00,26.2,86,31.1,0.0,0,1009.0,7.4,72,12,0.0,30.3,0.167
Johor,1.4854,103.7618,2026-02-07T22:00,25.6,88,30.0,0.0,0,1009.9,9.6,57,18,0.0,29.3,0.166
Johor,1.4854,103.7618,2026-02-07T23:00,25.0,90,29.5,0.0,0,1010.2,8.4,50,9,0.0,28.5,0.166
Johor,1.4854,103.7618,2026-02-08T00:00,24.6,92,28.9,0.0,0,1010.0,9.1,49,14,0.0,27.8,0.166
Johor,1.4854,103.7618,2026-02-08T01:00,24.3,93,28.5,0.0,0,1009.9,9.6,43,9,0.0,27.1,0.166
Johor,1.4854,103.7618,2026-02-08T02:00,23.9,94,28.3,0.0,0,1009.4,6.9,25,13,0.0,27.0,0.165
Johor,1.4854,103.7618,2026-02-08T03:00,23.5,95,27.8,0.0,0,1008.4,7.0,18,16,0.0,26.4,0.165
Johor,1.4854,103.7618,2026-02-08T04:00,23.3,94,27.3,0.0,0,1008.4,7.7,24,18,0.0,26.0,0.165
Johor,1.4854,103.7618,2026-02-08T05:00,23.0,95,27.2,0.0,1,1008.5,6.1,23,30,0.0,25.5,0.165
Johor,1.4854,103.7618,2026-02-08T06:00,23.0,94,27.1,0.0,0,1008.9,6.0,17,10,0.0,25.2,0.165
Johor,1.4854,103.7618,2026-02-08T07:00,23.0,94,26.9,0.0,0,1009.5,7.6,25,0,0.0,25.0,0.165
Johor,1.4854,103.7618,2026-02-08T08:00,23.5,91,27.0,0.0,2,1010.0,9.8,36,60,27.0,24.9,0.164
Johor,1.4854,103.7618,2026-02-08T09:00,25.8,83,29.6,0.0,2,1010.7,9.6,43,67,211.0,25.8,0.164
Johor,1.4854,103.7618,2026-02-08T10:00,27.8,71,30.6,0.0,2,1011.2,14.7,47,52,446.0,27.4,0.163
Johor,1.4854,103.7618,2026-02-08T11:00,29.5,61,32.1,0.0,1,1010.7,15.3,44,45,632.0,29.1,0.161
Johor,1.4854,103.7618,2026-02-08T12:00,30.7,55,33.9,0.0,2,1009.8,15.7,40,76,789.0,31.0,0.159
Johor,1.4854,103.7618,2026-02-08T13:00,31.7,51,35.3,0.0,3,1008.8,16.1,40,95,909.0,32.9,0.156
Johor,1.4854,103.7618,2026-02-08T14:00,31.0,52,34.8,0.0,3,1008.1,14.2,36,100,917.0,34.4,0.156
Johor,1.4854,103.7618,2026-02-08T15:00,30.4,54,32.1,0.0,3,1007.3,15.1,38,98,416.0,34.2,0.155
Johor,1.4854,103.7618,2026-02-08T16:00,30.6,53,31.9,0.0,3,1006.5,17.4,31,100,484.0,34.2,0.153
Johor,1.4854,103.7618,2026-02-08T17:00,30.1,55,31.6,0.0,3,1006.4,17.0,36,100,458.0,34.0,0.152
Johor,1.4854,103.7618,2026-02-08T18:00,29.3,58,30.8,0.0,3,1006.6,16.6,37,87,234.0,33.2,0.151
Johor,1.4854,103.7618,2026-02-08T19:00,27.7,65,29.4,0.0,2,1007.3,16.3,44,64,118.0,32.1,0.15
Johor,1.4854,103.7618,2026-02-08T20:00,26.3,72,28.3,0.0,1,1008.3,15.2,41,34,4.0,31.1,0.15
Johor,1.4854,103.7618,2026-02-08T21:00,25.6,73,27.6,0.0,3,1008.9,14.0,41,99,0.0,29.9,0.15
Johor,1.4854,103.7618,2026-02-08T22:00,25.2,76,27.6,0.0,3,1009.6,12.8,39,84,0.0,29.0,0.15
Johor,1.4854,103.7618,2026-02-08T23:00,24.9,79,27.5,0.0,2,1010.1,11.9,39,70,0.0,28.1,0.15
Johor,1.4854,103.7618,2026-02-09T00:00,24.8,79,27.2,0.0,0,1010.0,13.4,37,12,0.0,27.5,0.15
Johor,1.4854,103.7618,2026-02-09T01:00,24.7,80,27.0,0.0,0,1009.7,14.2,33,19,0.0,27.0,0.149
Johor,1.4854,103.7618,2026-02-09T02:00,24.6,79,26.7,0.0,2,1009.0,14.6,33,79,0.0,26.7,0.149
Johor,1.4854,103.7618,2026-02-09T03:00,24.2,80,26.4,0.0,3,1008.3,13.6,30,99,0.0,26.3,0.149
Johor,1.4854,103.7618,2026-02-09T04:00,23.9,82,26.2,0.0,3,1007.9,12.8,28,100,0.0,25.9,0.149
Johor,1.4854,103.7618,2026-02-09T05:00,23.9,82,26.0,0.0,0,1007.5,14.3,29,8,0.0,25.6,0.149
Johor,1.4854,103.7618,2026-02-09T06:00,23.8,82,25.8,0.0,2,1007.4,14.7,33,61,0.0,25.4,0.149
Johor,1.4854,103.7618,2026-02-09T07:00,23.9,82,25.9,0.0,3,1007.8,14.7,36,98,0.0,25.1,0.149
Johor,1.4854,103.7618,2026-02-09T08:00,24.5,82,26.8,0.0,3,1008.4,14.1,30,99,28.0,25.0,0.149
Johor,1.4854,103.7618,2026-02-09T09:00,26.2,74,28.5,0.0,3,1009.6,15.3,30,98,211.0,25.9,0.149
Johor,1.4854,103.7618,2026-02-09T10:00,28.0,63,29.1,0.0,3,1009.9,19.8,30,99,428.0,27.4,0.148
Johor,1.4854,103.7618,2026-02-09T11:00,29.5,55,30.4,0.0,3,1009.4,21.3,28,99,648.0,29.2,0.147
Johor,1.4854,103.7618,2026-02-09T12:00,30.6,50,32.0,0.0,3,1009.0,21.3,24,99,789.0,31.1,0.146
Johor,1.4854,103.7618,2026-02-09T13:00,31.5,47,33.9,0.0,3,1008.5,18.5,22,99,907.0,33.0,0.145
Johor,1.4854,103.7618,2026-02-09T14:00,31.8,43,33.5,0.0,3,1007.7,19.5,24,100,902.0,34.7,0.144
Johor,1.4854,103.7618,2026-02-09T15:00,31.2,46,32.3,0.0,3,1007.2,20.2,26,100,734.0,35.3,0.143
Johor,1.4854,103.7618,2026-02-09T16:00,30.9,49,31.7,0.0,3,1006.6,17.4,21,100,558.0,35.3,0.143
Johor,1.4854,103.7618,2026-02-09T17:00,31.0,48,31.8,0.0,3,1006.5,16.7,18,98,566.0,35.4,0.142
Johor,1.4854,103.7618,2026-02-09T18:00,29.9,50,30.6,0.0,3,1006.6,16.0,17,100,275.0,34.6,0.142
Johor,1.4854,103.7618,2026-02-09T19:00,28.0,63,29.9,0.0,3,1007.2,14.3,28,100,105.0,33.2,0.142
Johor,1.4854,103.7618,2026-02-09T20:00,27.5,62,29.6,0.0,3,1008.6,10.7,22,95,4.0,32.3,0.14
Johor,1.4854,103.7618,2026-02-09T21:00,26.5,69,29.0,0.0,2,1009.5,10.4,17,56,0.0,31.0,0.14
Johor,1.4854,103.7618,2026-02-09T22:00,25.5,75,28.4,0.0,3,1010.0,10.1,19,98,0.0,29.9,0.14
Johor,1.4854,103.7618,2026-02-09T23:00,25.0,79,28.1,0.0,3,1010.3,10.2,18,97,0.0,29.0,0.14
Johor,1.4854,103.7618,2026-02-10T00:00,24.5,84,27.6,0.0,3,1010.2,11.5,22,97,0.0,28.1,0.14
Johor,1.4854,103.7618,2026-02-10T01:00,24.2,86,27.1,0.0,3,1010.1,12.6,20,100,0.0,27.5,0.14
Johor,1.4854,103.7618,2026-02-10T02:00,23.6,88,26.9,0.0,3,1009.4,10.2,21,100,0.0,27.1,0.138
Johor,1.4854,103.7618,2026-02-10T03:00,23.4,90,26.5,0.0,3,1008.6,10.7,13,100,0.0,26.6,0.138
Johor,1.4854,103.7618,2026-02-10T04:00,23.1,90,26.2,0.0,1,1008.3,11.1,7,38,0.0,26.1,0.138
Johor,1.4854,103.7618,2026-02-10T05:00,22.9,91,26.0,0.0,0,1008.1,10.5,7,11,0.0,25.6,0.138
Johor,1.4854,103.7618,2026-02-10T06:00,22.9,91,26.2,0.0,0,1008.4,8.9,9,5,0.0,25.3,0.138
Johor,1.4854,103.7618,2026-02-10T07:00,22.9,91,26.0,0.0,0,1009.1,9.7,11,2,0.0,25.0,0.138
Johor,1.4854,103.7618,2026-02-10T08:00,24.0,88,26.9,0.0,2,1009.6,13.6,11,59,28.0,25.5,0.138
Johor,1.4854,103.7618,2026-02-10T09:00,26.4,76,28.5,0.0,1,1010.3,18.2,11,26,216.0,26.3,0.138
Johor,1.4854,103.7618,2026-02-10T10:00,28.4,65,30.1,0.0,2,1010.6,18.7,11,73,438.0,27.9,0.139
Johor,1.4854,103.7618,2026-02-10T11:00,30.0,58,32.0,0.0,1,1010.5,17.9,13,37,612.0,29.9,0.139
Johor,1.4854,103.7618,2026-02-10T12:00,31.2,54,33.9,0.2,51,1009.9,17.9,17,33,776.0,32.0,0.14
Johor,1.4854,103.7618,2026-02-10T13:00,31.8,53,34.9,0.2,51,1008.7,17.9,17,45,826.0,33.8,0.143
Johor,1.4854,103.7618,2026-02-10T14:00,31.9,49,34.8,0.1,51,1008.3,16.2,13,46,847.0,35.3,0.148
Johor,1.4854,103.7618,2026-02-10T15:00,32.5,47,35.3,0.1,51,1007.7,15.4,11,53,805.0,36.2,0.148
Johor,1.4854,103.7618,2026-02-10T16:00,31.7,50,33.4,0.2,51,1007.2,16.4,12,93,610.0,36.3,0.149
Johor,1.4854,103.7618,2026-02-10T17:00,30.4,56,32.4,0.2,51,1007.0,15.4,7,62,417.0,35.7,0.151
Johor,1.4854,103.7618,2026-02-10T18:00,30.1,58,32.3,0.2,51,1007.1,14.2,12,34,303.0,34.8,0.152
Johor,1.4854,103.7618,2026-02-10T19:00,28.9,63,31.4,0.0,1,1007.5,13.3,30,46,118.0,33.5,0.151
Johor,1.4854,103.7618,2026-02-10T20:00,28.0,68,31.1,0.0,0,1008.5,11.2,38,15,4.0,32.7,0.145
Johor,1.4854,103.7618,2026-02-10T21:00,26.8,75,30.0,0.0,1,1009.5,11.5,31,20,0.0,31.4,0.144
Johor,1.4854,103.7618,2026-02-10T22:00,26.2,79,29.4,0.0,3,1010.0,12.7,18,99,0.0,30.3,0.144
Johor,1.4854,103.7618,2026-02-10T23:00,25.7,82,29.2,0.0,2,1010.4,11.4,6,60,0.0,29.4,0.144
Johor,1.4854,103.7618,2026-02-11T00:00,25.4,84,28.9,0.0,1,1010.6,11.1,13,28,0.0,28.6,0.144
Johor,1.4854,103.7618,2026-02-11T01:00,25.2,85,28.7,0.0,3,1010.5,11.4,12,80,0.0,28.0,0.144
Johor,1.4854,103.7618,2026-02-11T02:00,25.1,87,28.9,0.0,3,1010.0,10.9,12,100,0.0,27.8,0.145
Johor,1.4854,103.7618,2026-02-11T03:00,24.9,88,28.4,0.0,3,1009.4,12.2,9,84,0.0,27.3,0.145
Johor,1.4854,103.7618,2026-02-11T04:00,24.5,88,28.0,0.0,3,1009.2,11.8,9,88,0.0,26.9,0.145
Johor,1.4854,103.7618,2026-02-11T05:00,24.3,89,27.8,0.0,3,1009.0,11.4,11,98,0.0,26.5,0.145
Johor,1.4854,103.7618,2026-02-11T06:00,24.2,90,27.8,0.0,3,1009.4,10.7,16,100,0.0,26.2,0.145
Johor,1.4854,103.7618,2026-02-11T07:00,24.1,90,27.9,0.0,3,1009.8,9.4,18,100,0.0,26.0,0.145
Johor,1.4854,103.7618,2026-02-11T08:00,24.9,87,28.4,0.0,3,1010.4,12.1,15,99,26.0,26.1,0.141
Johor,1.4854,103.7618,2026-02-11T09:00,26.5,78,29.6,0.0,3,1011.1,13.4,11,91,205.0,27.0,0.141
Johor,1.4854,103.7618,2026-02-11T10:00,28.9,65,30.9,0.0,3,1011.5,17.9,10,98,444.0,28.5,0.141
Johor,1.4854,103.7618,2026-02-11T11:00,30.2,60,32.7,0.0,3,1011.2,16.4,8,100,584.0,30.3,0.141
Johor,1.4854,103.7618,2026-02-11T12:00,31.6,55,35.2,0.1,51,1010.5,14.1,7,97,725.0,32.4,0.142
Johor,1.4854,103.7618,2026-02-11T13:00,32.3,55,37.2,0.1,51,1009.4,12.6,360,99,866.0,34.5,0.143
Johor,1.4854,103.7618,2026-02-11T14:00,32.0,56,36.2,0.0,3,1008.9,10.8,350,100,693.0,35.6,0.141
Johor,1.4854,103.7618,2026-02-11T15:00,30.2,59,33.1,0.3,51,1008.3,13.1,359,100,583.0,35.8,0.145
Johor,1.4854,103.7618,2026-02-11T16:00,30.2,63,33.7,0.5,53,1007.1,11.6,348,100,385.0,35.3,0.15
Johor,1.4854,103.7618,2026-02-11T17:00,30.5,61,34.0,0.0,3,1006.9,10.2,346,100,402.0,35.1,0.149
Johor,1.4854,103.7618,2026-02-11T18:00,28.5,69,31.6,0.0,3,1007.2,13.2,26,100,218.0,34.2,0.149
Johor,1.4854,103.7618,2026-02-11T19:00,28.0,72,31.7,0.1,51,1007.5,10.7,29,91,83.0,32.9,0.15
Johor,1.4854,103.7618,2026-02-11T20:00,26.8,81,31.4,0.0,3,1008.5,6.4,10,95,4.0,31.0,0.17
Johor,1.4854,103.7618,2026-02-11T21:00,26.4,82,30.5,0.0,3,1009.1,9.6,21,98,0.0,30.0,0.17
Johor,1.4854,103.7618,2026-02-11T22:00,26.0,82,29.9,0.0,3,1010.1,9.3,18,100,0.0,29.0,0.169
Johor,1.4854,103.7618,2026-02-11T23:00,25.5,81,28.7,0.0,3,1010.2,11.0,11,86,0.0,28.3,0.169
Johor,1.4854,103.7618,2026-02-12T00:00,25.0,82,28.0,0.0,3,1010.5,11.2,19,80,0.0,27.6,0.168
Johor,1.4854,103.7618,2026-02-12T01:00,24.7,85,27.9,0.0,3,1010.4,11.5,29,98,0.0,27.1,0.168
Johor,1.4854,103.7618,2026-02-12T02:00,24.9,87,28.5,0.0,3,1010.1,11.3,27,100,0.0,27.0,0.168
Johor,1.4854,103.7618,2026-02-12T03:00,24.9,87,28.4,0.0,3,1009.2,11.9,22,97,0.0,26.8,0.167
Johor,1.4854,103.7618,2026-02-12T04:00,24.7,87,28.2,0.0,3,1008.5,11.5,23,94,0.0,26.5,0.167
Johor,1.4854,103.7618,2026-02-12T05:00,24.6,88,28.2,0.0,3,1008.6,11.0,23,98,0.0,26.3,0.167
Johor,1.4854,103.7618,2026-02-12T06:00,24.5,88,28.1,0.0,2,1008.8,11.0,15,73,0.0,26.0,0.167
Johor,1.4854,103.7618,2026-02-12T07:00,24.4,88,27.7,0.0,3,1009.2,11.5,4,100,0.0,25.9,0.167
Johor,1.4854,103.7618,2026-02-12T08:00,25.1,84,28.5,0.0,3,1009.9,12.2,8,100,21.0,26.1,0.166
Johor,1.4854,103.7618,2026-02-12T09:00,25.9,81,29.0,0.0,3,1010.4,13.9,20,98,76.0,26.4,0.166
Johor,1.4854,103.7618,2026-02-12T10:00,27.0,76,29.7,0.0,3,1010.9,16.5,20,99,208.0,27.0,0.165
Johor,1.4854,103.7618,2026-02-12T11:00,28.1,70,30.6,0.0,3,1010.9,17.4,16,100,385.0,28.2,0.164
Johor,1.4854,103.7618,2026-02-12T12:00,28.9,66,31.2,0.0,3,1010.6,17.0,13,100,523.0,29.5,0.162
Johor,1.4854,103.7618,2026-02-12T13:00,29.1,64,31.5,0.0,3,1009.7,16.0,8,100,502.0,30.4,0.16
Johor,1.4854,103.7618,2026-02-12T14:00,29.6,62,32.2,0.0,3,1009.1,14.8,10,100,431.0,31.1,0.161
Johor,1.4854,103.7618,2026-02-12T15:00,28.8,63,31.1,0.0,3,1008.2,13.3,2,100,253.0,31.0,0.16
Johor,1.4854,103.7618,2026-02-12T16:00,28.0,66,30.6,0.1,51,1007.4,12.4,346,100,250.0,30.9,0.16
Johor,1.4854,103.7618,2026-02-12T17:00,26.8,74,30.4,0.7,53,1007.2,8.2,14,99,150.0,30.2,0.167
Johor,1.4854,103.7618,2026-02-12T18:00,27.1,76,31.1,0.1,51,1006.9,8.7,14,100,129.0,29.8,0.168
Johor,1.4854,103.7618,2026-02-12T19:00,26.5,78,29.9,0.0,3,1007.1,11.5,30,100,41.0,29.1,0.168
Johor,1.4854,103.7618,2026-02-12T20:00,27.0,72,30.0,0.0,3,1008.4,11.6,18,100,2.0,30.4,0.15
Johor,1.4854,103.7618,2026-02-12T21:00,26.1,79,29.4,0.0,3,1008.9,11.9,25,100,0.0,29.3,0.151
Johor,1.4854,103.7618,2026-02-12T22:00,25.4,86,28.7,0.2,51,1009.4,14.1,22,100,0.0,28.5,0.153
Johor,1.4854,103.7618,2026-02-12T23:00,24.7,93,28.6,0.9,53,1009.8,13.0,29,100,0.0,27.8,0.163
Johor,1.4854,103.7618,2026-02-13T00:00,24.5,95,28.4,0.7,53,1009.7,12.7,30,100,0.0,27.0,0.171
Johor,1.4854,103.7618,2026-02-13T01:00,24.2,96,28.6,1.3,61,1009.5,10.5,16,100,0.0,26.5,0.188
Johor,1.4854,103.7618,2026-02-13T02:00,24.5,96,29.0,0.7,53,1008.6,9.8,32,100,0.0,26.7,0.193
Johor,1.4854,103.7618,2026-02-13T03:00,24.5,95,29.0,0.0,3,1008.3,10.1,29,100,0.0,26.2,0.193
Johor,1.4854,103.7618,2026-02-13T04:00,24.5,95,28.4,0.0,3,1007.5,13.3,33,100,0.0,26.0,0.193
Johor,1.4854,103.7618,2026-02-13T05:00,24.3,95,28.1,0.4,51,1007.1,13.5,38,100,0.0,25.8,0.197
Johor,1.4854,103.7618,2026-02-13T06:00,24.2,95,28.2,0.1,51,1007.6,11.5,22,100,0.0,25.6,0.199
Johor,1.4854,103.7618,2026-02-13T07:00,24.0,95,28.2,0.1,51,1007.9,9.4,23,100,0.0,25.4,0.2
Johor,1.4854,103.7618,2026-02-13T08:00,24.4,96,28.9,0.0,3,1008.1,9.4,32,98,21.0,26.1,0.27
Johor,1.4854,103.7618,2026-02-13T09:00,26.0,88,30.0,0.1,51,1008.8,14.0,28,100,169.0,26.3,0.27
Johor,1.4854,103.7618,2026-02-13T10:00,27.4,81,31.0,0.0,3,1009.4,15.8,29,100,390.0,27.1,0.269
Johor,1.4854,103.7618,2026-02-13T11:00,26.8,84,30.9,0.0,3,1009.4,12.6,24,100,205.0,27.4,0.267
Johor,1.4854,103.7618,2026-02-13T12:00,27.2,81,31.0,0.1,51,1009.3,13.8,20,100,262.0,27.8,0.266
Johor,1.4854,103.7618,2026-02-13T13:00,28.0,76,32.0,0.0,3,1008.4,12.0,21,100,320.0,28.3,0.264
Johor,1.4854,103.7618,2026-02-13T14:00,29.9,64,32.9,0.0,3,1007.8,14.0,13,100,305.0,28.7,0.26
Johor,1.4854,103.7618,2026-02-13T15:00,29.2,65,32.1,0.0,3,1006.8,13.3,13,100,536.0,29.5,0.256
Johor,1.4854,103.7618,2026-02-13T16:00,28.4,69,31.6,0.0,3,1006.0,12.8,22,100,213.0,29.2,0.254
Johor,1.4854,103.7618,2026-02-13T17:00,29.1,67,32.6,0.0,3,1005.7,11.7,21,100,410.0,29.6,0.25
Johor,1.4854,103.7618,2026-02-13T18:00,28.1,70,31.3,0.2,51,1006.1,12.4,33,100,294.0,29.5,0.25
Johor,1.4854,103.7618,2026-02-13T19:00,26.9,75,30.0,0.0,3,1007.1,12.4,26,100,99.0,28.9,0.249
Johor,1.4854,103.7618,2026-02-13T20:00,26.2,83,30.1,0.0,3,1007.3,10.8,42,100,4.0,28.5,0.248
Johor,1.4854,103.7618,2026-02-13T21:00,25.7,82,29.3,0.0,3,1007.9,10.9,39,100,0.0,27.8,0.247
Johor,1.4854,103.7618,2026-02-13T22:00,25.5,87,29.6,0.0,3,1008.8,10.3,41,100,0.0,27.1,0.247
Johor,1.4854,103.7618,2026-02-13T23:00,25.5,87,29.7,0.0,3,1009.0,9.8,41,100,0.0,26.8,0.246
Johor,1.4854,103.7618,2026-02-14T00:00,25.4,87,29.4,0.0,3,1008.8,10.0,34,100,0.0,26.5,0.246
Johor,1.4854,103.7618,2026-02-14T01:00,25.1,89,29.3,0.0,3,1008.4,9.8,30,100,0.0,26.2,0.245
Johor,1.4854,103.7618,2026-02-14T02:00,24.6,92,28.9,0.0,3,1008.2,9.0,26,100,0.0,26.4,0.244
Johor,1.4854,103.7618,2026-02-14T03:00,24.4,93,28.6,0.0,3,1007.8,9.1,36,100,0.0,26.0,0.244
Johor,1.4854,103.7618,2026-02-14T04:00,24.1,95,28.6,0.0,3,1007.4,7.9,27,100,0.0,25.6,0.244
Johor,1.4854,103.7618,2026-02-14T05:00,24.0,95,28.3,0.0,3,1007.0,8.0,38,98,0.0,25.4,0.244
Johor,1.4854,103.7618,2026-02-14T06:00,24.0,95,28.3,0.0,3,1007.1,7.9,27,84,0.0,25.1,0.244
Johor,1.4854,103.7618,2026-02-14T07:00,23.8,95,27.9,0.0,1,1007.2,9.5,21,36,0.0,24.9,0.244
Johor,1.4854,103.7618,2026-02-14T08:00,24.4,95,28.9,0.0,3,1007.9,8.4,28,90,27.0,25.2,0.243
Johor,1.4854,103.7618,2026-02-14T09:00,26.4,84,30.0,0.0,3,1008.6,14.8,37,91,205.0,25.9,0.242
Johor,1.4854,103.7618,2026-02-14T10:00,28.0,76,32.0,0.0,1,1009.2,11.6,32,44,403.0,27.0,0.24
Johor,1.4854,103.7618,2026-02-14T11:00,29.4,70,33.7,0.0,0,1009.0,11.1,31,13,617.0,28.5,0.236
Johor,1.4854,103.7618,2026-02-14T12:00,30.5,65,35.5,0.0,1,1008.3,12.7,25,28,801.0,30.1,0.232
Johor,1.4854,103.7618,2026-02-14T13:00,31.1,61,36.3,0.1,51,1006.9,13.8,24,21,876.0,31.5,0.227
Johor,1.4854,103.7618,2026-02-14T14:00,29.1,66,34.1,0.0,2,1006.6,13.0,51,76,892.0,32.5,0.223
Johor,1.4854,103.7618,2026-02-14T15:00,30.2,66,34.9,0.4,51,1005.4,11.0,41,53,666.0,32.8,0.223
Johor,1.4854,103.7618,2026-02-14T16:00,30.1,61,33.1,0.2,51,1004.3,13.1,32,43,578.0,32.8,0.221
Johor,1.4854,103.7618,2026-02-14T17:00,29.6,63,32.5,0.2,51,1004.2,13.1,30,61,489.0,32.5,0.22
Johor,1.4854,103.7618,2026-02-14T18:00,28.8,67,31.7,0.3,51,1004.4,13.6,43,28,281.0,31.6,0.22
Johor,1.4854,103.7618,2026-02-14T19:00,27.5,74,30.5,0.1,51,1004.9,14.0,36,41,104.0,30.5,0.219
Johor,1.4854,103.7618,2026-02-14T20:00,25.4,96,31.6,0.0,3,1006.3,2.3,356,100,4.0,29.1,0.215
Johor,1.4854,103.7618,2026-02-14T21:00,25.8,93,31.1,0.3,51,1006.7,7.9,20,97,0.0,28.1,0.218
Johor,1.4854,103.7618,2026-02-14T22:00,25.4,92,29.9,0.1,51,1007.5,10.4,34,100,0.0,27.3,0.219
Johor,1.4854,103.7618,2026-02-14T23:00,24.9,92,29.0,0.0,3,1008.2,11.3,37,99,0.0,26.7,0.219
Johor,1.4854,103.7618,2026-02-15T00:00,24.5,91,28.0,0.0,3,1008.2,13.0,31,100,0.0,26.2,0.219
Johor,1.4854,103.7618,2026-02-15T01:00,24.0,88,27.1,0.0,3,1008.0,11.7,27,99,0.0,25.8,0.219
Johor,1.4854,103.7618,2026-02-15T02:00,24.3,88,28.2,0.0,3,1007.8,7.8,38,100,0.0,26.5,0.217
Johor,1.4854,103.7618,2026-02-15T03:00,24.5,88,28.5,0.0,3,1006.7,7.3,30,100,0.0,26.1,0.217
Johor,1.4854,103.7618,2026-02-15T04:00,24.4,91,28.5,0.0,3,1006.1,8.6,20,99,0.0,25.8,0.217
Johor,1.4854,103.7618,2026-02-15T05:00,24.2,94,28.7,0.0,3,1006.1,7.7,30,98,0.0,25.5,0.217
Johor,1.4854,103.7618,2026-02-15T06:00,24.0,95,28.7,0.0,3,1006.8,6.2,36,100,0.0,25.2,0.217
Johor,1.4854,103.7618,2026-02-15T07:00,23.9,95,28.4,0.0,3,1006.8,7.5,11,91,0.0,25.0,0.217
Johor,1.4854,103.7618,2026-02-15T08:00,24.0,97,28.7,0.0,3,1007.7,6.8,12,98,26.0,25.5,0.212
Johor,1.4854,103.7618,2026-02-15T09:00,25.6,88,29.9,0.4,51,1008.4,9.7,18,63,183.0,25.9,0.216
Johor,1.4854,103.7618,2026-02-15T10:00,26.9,80,30.8,0.1,51,1008.7,11.8,25,55,380.0,26.8,0.216
Johor,1.4854,103.7618,2026-02-15T11:00,27.9,77,32.0,0.1,51,1008.9,12.2,25,95,573.0,28.2,0.214
Johor,1.4854,103.7618,2026-02-15T12:00,28.9,72,34.0,0.2,51,1008.3,10.2,17,45,687.0,29.6,0.212
Johor,1.4854,103.7618,2026-02-15T13:00,30.1,68,36.4,0.2,51,1007.1,10.3,15,100,871.0,31.2,0.209
Johor,1.4854,103.7618,2026-02-15T14:00,27.3,78,32.5,0.2,51,1006.7,12.6,17,100,811.0,32.3,0.209
Johor,1.4854,103.7618,2026-02-15T15:00,28.5,69,32.1,0.0,2,1005.6,13.0,14,76,595.0,32.3,0.206
Johor,1.4854,103.7618,2026-02-15T16:00,29.0,67,32.7,0.0,3,1004.5,12.0,7,89,614.0,32.5,0.202
Johor,1.4854,103.7618,2026-02-15T17:00,29.0,65,32.1,0.0,2,1004.0,11.8,13,66,508.0,32.4,0.198
Johor,1.4854,103.7618,2026-02-15T18:00,28.5,68,31.4,0.0,3,1004.2,13.4,15,99,357.0,31.9,0.196
Johor,1.4854,103.7618,2026-02-15T19:00,27.5,73,30.8,0.0,3,1005.0,11.0,19,90,122.0,30.8,0.194
Johor,1.4854,103.7618,2026-02-15T20:00,25.6,85,29.6,0.0,3,1005.8,10.2,23,96,4.0,28.5,0.286
Johor,1.4854,103.7618,2026-02-15T21:00,25.1,88,29.2,0.0,3,1006.8,8.9,24,98,0.0,27.8,0.285
Johor,1.4854,103.7618,2026-02-15T22:00,24.2,92,28.3,0.4,51,1007.5,9.2,35,100,0.0,27.0,0.29
Johor,1.4854,103.7618,2026-02-15T23:00,23.7,97,27.9,4.1,63,1008.0,9.5,32,100,0.0,26.4,0.344
Johor,1.4854,103.7618,2026-02-16T00:00,23.5,98,28.6,7.4,63,1008.4,3.7,35,100,0.0,25.9,0.447
Johor,1.4854,103.7618,2026-02-16T01:00,23.8,98,28.5,9.1,65,1007.8,7.0,357,100,0.0,25.5,0.516
Johor,1.4854,103.7618,2026-02-16T02:00,24.0,97,28.3,5.1,63,1007.2,10.2,30,100,0.0,26.0,0.513
Johor,1.4854,103.7618,2026-02-16T03:00,23.6,97,27.3,7.2,63,1006.3,13.2,10,100,0.0,25.6,0.501
Johor,1.4854,103.7618,2026-02-16T04:00,23.4,98,27.4,3.5,63,1006.0,9.6,20,100,0.0,25.2,0.514
Johor,1.4854,103.7618,2026-02-16T05:00,23.4,98,27.6,2.2,61,1005.3,9.0,3,100,0.0,25.0,0.51
Johor,1.4854,103.7618,2026-02-16T06:00,23.4,98,27.7,0.9,53,1005.6,8.5,6,100,0.0,24.9,0.504
Johor,1.4854,103.7618,2026-02-16T07:00,23.3,98,27.7,0.4,51,1006.1,7.6,360,100,0.0,24.7,0.498
Johor,1.4854,103.7618,2026-02-16T08:00,24.2,97,29.2,0.2,51,1006.7,6.6,339,99,13.0,25.6,0.303
Johor,1.4854,103.7618,2026-02-16T09:00,25.4,90,29.7,0.1,51,1007.3,11.0,357,100,158.0,25.8,0.303
Johor,1.4854,103.7618,2026-02-16T10:00,26.2,85,30.0,0.1,51,1007.8,13.7,2,100,287.0,26.4,0.303
Johor,1.4854,103.7618,2026-02-16T11:00,27.9,75,31.5,0.1,51,1007.9,13.7,14,99,550.0,27.5,0.301
Johor,1.4854,103.7618,2026-02-16T12:00,28.8,74,33.7,0.3,51,1007.6,12.0,19,97,673.0,28.8,0.3
Johor,1.4854,103.7618,2026-02-16T13:00,28.5,75,33.3,0.4,51,1006.5,11.1,16,100,646.0,29.6,0.3
Johor,1.4854,103.7618,2026-02-16T14:00,27.7,77,31.6,5.8,63,1005.3,11.6,42,100,504.0,29.8,0.373
Johor,1.4854,103.7618,2026-02-16T15:00,26.1,87,31.1,6.4,63,1004.3,7.5,8,99,452.0,29.1,0.454
Johor,1.4854,103.7618,2026-02-16T16:00,27.5,82,32.3,0.2,51,1004.3,10.4,14,70,525.0,29.5,0.449
Johor,1.4854,103.7618,2026-02-16T17:00,27.0,81,30.7,4.0,63,1003.8,14.0,28,100,487.0,29.5,0.494
Johor,1.4854,103.7618,2026-02-16T18:00,25.9,87,30.2,0.7,53,1003.5,10.4,20,96,196.0,28.6,0.487
Johor,1.4854,103.7618,2026-02-16T19:00,25.8,87,30.3,0.0,3,1004.3,8.8,19,98,112.0,28.0,0.478
Johor,1.4854,103.7618,2026-02-16T20:00,25.1,88,29.6,0.2,51,1005.2,7.6,7,97,4.0,27.2,0.473
Johor,1.4854,103.7618,2026-02-16T21:00,24.8,90,29.2,0.2,51,1006.0,7.6,5,96,0.0,26.6,0.469
Johor,1.4854,103.7618,2026-02-16T22:00,24.6,92,29.3,0.4,51,1007.1,5.9,325,100,0.0,26.2,0.469
Johor,1.4854,103.7618,2026-02-16T23:00,23.8,97,29.2,1.6,61,1008.1,1.5,306,100,0.0,25.9,0.484
Pahang,3.8126,103.3256,2026-01-17T00:00,24.7,86,28.6,0.0,1,1010.1,8.2,10,41,0.0,25.5,0.243
Pahang,3.8126,103.3256,2026-01-17T01:00,24.2,89,28.1,0.0,1,1009.6,8.7,355,20,0.0,25.2,0.243
Pahang,3.8126,103.3256,2026-01-17T02:00,24.4,89,27.9,0.0,0,1008.9,11.4,16,12,0.0,25.6,0.24
Pahang,3.8126,103.3256,2026-01-17T03:00,24.1,90,27.7,0.0,2,1008.4,10.1,3,55,0.0,25.2,0.24
Pahang,3.8126,103.3256,2026-01-17T04:00,23.8,92,27.6,0.0,3,1007.9,8.9,352,84,0.0,24.9,0.24
Pahang,3.8126,103.3256,2026-01-17T05:00,23.5,93,27.2,0.0,3,1007.8,9.5,359,95,0.0,24.6,0.24
Pahang,3.8126,103.3256,2026-01-17T06:00,23.3,94,26.8,0.0,2,1008.0,10.4,1,62,0.0,24.4,0.241
Pahang,3.8126,103.3256,2026-01-17T07:00,23.3,93,26.8,0.0,3,1008.1,10.5,355,88,0.0,24.2,0.241
Pahang,3.8126,103.3256,2026-01-17T08:00,23.5,91,26.9,0.0,3,1008.5,10.3,356,99,25.0,24.4,0.24
Pahang,3.8126,103.3256,2026-01-17T09:00,25.0,85,28.4,0.0,3,1009.3,11.7,4,98,195.0,24.9,0.24
Pahang,3.8126,103.3256,2026-01-17T10:00,26.8,74,29.4,0.1,51,1009.9,15.0,17,89,422.0,25.8,0.239
Pahang,3.8126,103.3256,2026-01-17T11:00,27.5,71,30.1,0.3,51,1009.7,15.9,25,98,585.0,26.9,0.24
Pahang,3.8126,103.3256,2026-01-17T12:00,28.0,69,31.0,0.2,51,1009.0,16.2,29,86,664.0,27.8,0.239
Pahang,3.8126,103.3256,2026-01-17T13:00,27.9,70,31.9,0.6,53,1008.4,14.3,28,55,774.0,28.6,0.243
Pahang,3.8126,103.3256,2026-01-17T14:00,28.0,67,32.1,0.3,51,1007.8,13.3,32,48,822.0,29.4,0.239
Pahang,3.8126,103.3256,2026-01-17T15:00,28.2,66,32.2,0.4,51,1006.3,14.6,45,73,823.0,29.9,0.239
Pahang,3.8126,103.3256,2026-01-17T16:00,27.6,69,30.6,0.4,51,1005.7,14.9,48,100,654.0,29.9,0.24
Pahang,3.8126,103.3256,2026-01-17T17:00,27.4,67,29.4,0.1,51,1005.5,15.5,52,100,528.0,29.6,0.238
Pahang,3.8126,103.3256,2026-01-17T18:00,26.6,70,28.7,0.0,3,1006.0,14.5,48,100,281.0,29.0,0.237
Pahang,3.8126,103.3256,2026-01-17T19:00,25.8,77,28.5,0.0,3,1006.3,13.8,40,93,93.0,28.1,0.236
Pahang,3.8126,103.3256,2026-01-17T20:00,25.8,76,28.3,0.0,2,1007.0,13.4,26,66,2.0,27.8,0.227
Pahang,3.8126,103.3256,2026-01-17T21:00,25.4,81,28.4,0.0,1,1007.6,12.6,20,46,0.0,27.0,0.226
Pahang,3.8126,103.3256,2026-01-17T22:00,25.1,82,28.3,0.0,3,1008.3,11.2,16,100,0.0,26.4,0.226
Pahang,3.8126,103.3256,2026-01-17T23:00,24.7,85,28.1,0.0,2,1008.8,10.4,10,63,0.0,25.9,0.226
Pahang,3.8126,103.3256,2026-01-18T00:00,24.2,88,27.7,0.0,3,1008.7,10.1,5,99,0.0,25.5,0.226
Pahang,3.8126,103.3256,2026-01-18T01:00,23.9,89,27.4,0.0,3,1008.6,10.0,354,99,0.0,25.1,0.226
Pahang,3.8126,103.3256,2026-01-18T02:00,23.9,90,27.3,0.0,3,1008.0,10.3,7,100,0.0,25.4,0.223
Pahang,3.8126,103.3256,2026-01-18T03:00,23.5,92,27.0,0.0,3,1007.5,9.6,354,100,0.0,25.0,0.223
Pahang,3.8126,103.3256,2026-01-18T04:00,23.1,93,26.5,0.0,3,1007.0,10.0,353,97,0.0,24.6,0.223
Pahang,3.8126,103.3256,2026-01-18T05:00,22.7,94,26.1,0.0,3,1006.8,9.4,337,99,0.0,24.3,0.223
Pahang,3.8126,103.3256,2026-01-18T06:00,22.0,95,25.1,0.0,3,1006.9,9.4,312,95,0.0,24.0,0.223
Pahang,3.8126,103.3256,2026-01-18T07:00,21.6,96,24.8,0.0,2,1007.0,8.5,318,73,0.0,23.6,0.223
Pahang,3.8126,103.3256,2026-01-18T08:00,22.5,93,26.0,0.0,3,1007.8,8.1,332,84,26.0,23.8,0.224
Pahang,3.8126,103.3256,2026-01-18T09:00,24.5,85,28.4,0.0,2,1008.4,7.1,341,59,209.0,24.4,0.224
Pahang,3.8126,103.3256,2026-01-18T10:00,26.4,77,29.8,0.0,3,1008.5,10.0,14,89,445.0,25.6,0.222
Pahang,3.8126,103.3256,2026-01-18T11:00,27.6,68,31.3,0.0,3,1008.5,10.2,32,100,650.0,27.0,0.22
Pahang,3.8126,103.3256,2026-01-18T12:00,28.5,65,32.8,0.0,3,1008.4,10.9,45,100,795.0,28.5,0.217
Pahang,3.8126,103.3256,2026-01-18T13:00,28.8,63,32.9,0.0,3,1008.0,12.1,52,100,832.0,29.5,0.214
Pahang,3.8126,103.3256,2026-01-18T14:00,28.5,59,31.7,0.0,3,1007.2,12.6,57,100,816.0,30.3,0.211
Pahang,3.8126,103.3256,2026-01-18T15:00,28.5,60,31.5,0.0,3,1006.3,12.8,59,100,756.0,30.8,0.208
Pahang,3.8126,103.3256,2026-01-18T16:00,28.0,63,30.6,0.0,3,1005.8,12.7,57,100,636.0,30.8,0.206
Pahang,3.8126,103.3256,2026-01-18T17:00,27.2,67,29.2,0.0,3,1005.5,14.4,58,100,468.0,30.4,0.204
Pahang,3.8126,103.3256,2026-01-18T18:00,26.8,74,29.2,0.0,3,1005.8,15.8,63,99,341.0,29.8,0.203
Pahang,3.8126,103.3256,2026-01-18T19:00,25.7,78,28.1,0.0,3,1006.2,15.6,57,100,107.0,28.8,0.202
Pahang,3.8126,103.3256,2026-01-18T20:00,25.4,81,28.4,0.0,3,1007.1,12.9,54,100,2.0,28.1,0.197
Pahang,3.8126,103.3256,2026-01-18T21:00,25.0,82,28.3,0.0,3,1008.0,10.2,30,100,0.0,27.2,0.197
Pahang,3.8126,103.3256,2026-01-18T22:00,24.6,85,28.1,0.0,3,1008.8,9.6,23,100,0.0,26.5,0.196
Pahang,3.8126,103.3256,2026-01-18T23:00,24.4,87,28.0,0.0,3,1009.2,8.5,21,100,0.0,26.0,0.196
Pahang,3.8126,103.3256,2026-01-19T00:00,24.0,89,27.7,0.0,3,1009.1,8.6,16,100,0.0,25.5,0.196
Pahang,3.8126,103.3256,2026-01-19T01:00,23.9,89,27.4,0.0,3,1009.1,9.5,10,100,0.0,25.2,0.196
Pahang,3.8126,103.3256,2026-01-19T02:00,23.5,90,26.8,0.0,3,1008.5,9.7,11,100,0.0,25.0,0.194
Pahang,3.8126,103.3256,2026-01-19T03:00,23.2,91,26.5,0.0,3,1007.7,9.9,1,100,0.0,24.8,0.194
Pahang,3.8126,103.3256,2026-01-19T04:00,22.5,94,25.9,0.0,3,1007.5,8.4,323,100,0.0,24.4,0.194
Pahang,3.8126,103.3256,2026-01-19T05:00,22.0,94,25.1,0.0,3,1007.5,8.6,330,100,0.0,24.0,0.194
Pahang,3.8126,103.3256,2026-01-19T06:00,21.7,95,24.7,0.0,3,1007.5,8.9,328,100,0.0,23.7,0.194
Pahang,3.8126,103.3256,2026-01-19T07:00,21.4,95,24.3,0.0,3,1007.8,8.8,325,98,0.0,23.4,0.194
Pahang,3.8126,103.3256,2026-01-19T08:00,22.0,93,25.0,0.0,3,1008.3,8.3,338,99,24.0,23.4,0.195
Pahang,3.8126,103.3256,2026-01-19T09:00,24.0,85,27.5,0.0,1,1009.3,6.8,342,28,204.0,24.0,0.195
Pahang,3.8126,103.3256,2026-01-19T10:00,26.0,76,29.6,0.0,2,1009.9,6.5,355,78,447.0,25.5,0.194
Pahang,3.8126,103.3256,2026-01-19T11:00,27.5,67,31.4,0.0,3,1009.8,6.7,38,93,661.0,27.2,0.192
Pahang,3.8126,103.3256,2026-01-19T12:00,28.5,61,32.9,0.0,3,1009.8,8.8,57,90,828.0,28.9,0.19
Pahang,3.8126,103.3256,2026-01-19T13:00,29.0,59,33.6,0.0,3,1009.4,10.6,62,100,921.0,30.5,0.188
Pahang,3.8126,103.3256,2026-01-19T14:00,28.7,62,33.4,0.0,3,1008.9,11.8,67,100,946.0,31.5,0.188
Pahang,3.8126,103.3256,2026-01-19T15:00,28.8,60,32.2,0.0,3,1008.0,13.6,62,100,807.0,32.0,0.186
Pahang,3.8126,103.3256,2026-01-19T16:00,28.6,60,31.6,0.0,3,1007.4,13.0,56,100,712.0,32.2,0.184
Pahang,3.8126,103.3256,2026-01-19T17:00,28.0,64,30.2,0.0,3,1007.2,13.1,61,100,519.0,31.9,0.183
Pahang,3.8126,103.3256,2026-01-19T18:00,27.0,68,29.1,0.0,3,1007.2,13.8,66,100,316.0,31.0,0.182
Pahang,3.8126,103.3256,2026-01-19T19:00,26.0,73,28.4,0.0,3,1007.6,13.3,54,100,101.0,29.9,0.182
Pahang,3.8126,103.3256,2026-01-19T20:00,25.8,76,28.5,0.0,3,1008.8,11.7,47,99,2.0,28.9,0.18
Pahang,3.8126,103.3256,2026-01-19T21:00,25.6,76,28.6,0.0,3,1009.5,10.3,38,100,0.0,28.0,0.18
Pahang,3.8126,103.3256,2026-01-19T22:00,25.2,78,28.0,0.0,3,1010.0,10.9,27,100,0.0,27.2,0.18
Pahang,3.8126,103.3256,2026-01-19T23:00,24.8,80,27.7,0.0,3,1009.9,10.0,21,84,0.0,26.6,0.18
Pahang,3.8126,103.3256,2026-01-20T00:00,24.4,83,27.7,0.0,3,1010.2,8.2,14,100,0.0,26.0,0.18
Pahang,3.8126,103.3256,2026-01-20T01:00,24.1,84,27.4,0.0,3,1010.1,9.2,11,100,0.0,25.6,0.18
Pahang,3.8126,103.3256,2026-01-20T02:00,24.0,84,27.1,0.0,3,1009.5,9.9,16,100,0.0,25.5,0.178
Pahang,3.8126,103.3256,2026-01-20T03:00,23.6,87,26.9,0.0,3,1008.6,9.1,8,99,0.0,25.2,0.178
Pahang,3.8126,103.3256,2026-01-20T04:00,23.3,89,26.5,0.0,3,1008.2,9.4,3,100,0.0,24.9,0.178
Pahang,3.8126,103.3256,2026-01-20T05:00,23.0,90,26.3,0.0,3,1008.4,9.1,8,100,0.0,24.6,0.178
Pahang,3.8126,103.3256,2026-01-20T06:00,22.9,91,26.4,0.0,3,1008.7,7.5,352,100,0.0,24.4,0.178
Pahang,3.8126,103.3256,2026-01-20T07:00,22.5,91,25.9,0.0,3,1009.1,7.6,335,100,0.0,24.1,0.178
Pahang,3.8126,103.3256,2026-01-20T08:00,22.5,92,25.8,0.0,3,1010.0,7.2,341,100,21.0,24.2,0.178
Pahang,3.8126,103.3256,2026-01-20T09:00,24.5,83,28.1,0.0,3,1010.7,6.3,347,100,166.0,24.8,0.178
Pahang,3.8126,103.3256,2026-01-20T10:00,26.5,73,30.0,0.0,3,1011.4,7.0,13,100,372.0,26.1,0.178
Pahang,3.8126,103.3256,2026-01-20T11:00,27.7,65,30.2,0.0,3,1011.4,10.7,36,100,513.0,27.5,0.177
Pahang,3.8126,103.3256,2026-01-20T12:00,28.8,60,31.7,0.0,3,1011.1,13.2,38,100,716.0,29.1,0.177
Pahang,3.8126,103.3256,2026-01-20T13:00,29.2,57,32.5,0.1,51,1010.5,13.3,41,100,805.0,30.5,0.177
Pahang,3.8126,103.3256,2026-01-20T14:00,29.1,54,31.3,0.2,51,1009.7,14.0,49,100,734.0,31.2,0.179
Pahang,3.8126,103.3256,2026-01-20T15:00,29.1,54,31.0,0.0,3,1008.7,16.8,53,100,752.0,31.9,0.177
Pahang,3.8126,103.3256,2026-01-20T16:00,28.6,56,30.2,0.0,3,1008.2,16.3,53,100,677.0,32.1,0.177
Pahang,3.8126,103.3256,2026-01-20T17:00,28.0,60,29.3,0.0,3,1008.0,15.3,49,100,521.0,31.9,0.176
Pahang,3.8126,103.3256,2026-01-20T18:00,27.1,63,28.6,0.0,3,1008.1,14.7,48,100,299.0,31.1,0.175
Pahang,3.8126,103.3256,2026-01-20T19:00,26.2,69,28.3,0.0,3,1008.5,12.5,49,100,109.0,30.0,0.175
Pahang,3.8126,103.3256,2026-01-20T20:00,25.9,74,28.3,0.0,3,1008.9,13.0,46,100,2.0,28.8,0.177
Pahang,3.8126,103.3256,2026-01-20T21:00,25.5,76,28.2,0.0,3,1009.7,12.2,38,100,0.0,28.0,0.177
Pahang,3.8126,103.3256,2026-01-20T22:00,25.4,77,27.9,0.0,3,1010.5,12.6,34,100,0.0,27.2,0.177
Pahang,3.8126,103.3256,2026-01-20T23:00,25.1,77,27.7,0.0,3,1011.0,11.6,26,100,0.0,26.7,0.177
Pahang,3.8126,103.3256,2026-01-21T00:00,24.6,80,27.5,0.0,3,1011.1,9.6,14,100,0.0,26.2,0.177
Pahang,3.8126,103.3256,2026-01-21T01:00,24.0,83,27.1,0.0,3,1011.2,9.0,3,100,0.0,25.8,0.177
Pahang,3.8126,103.3256,2026-01-21T02:00,24.0,84,26.9,0.0,3,1010.5,10.7,14,100,0.0,25.8,0.174
Pahang,3.8126,103.3256,2026-01-21T03:00,23.7,85,26.7,0.0,3,1009.8,9.9,12,100,0.0,25.4,0.174
Pahang,3.8126,103.3256,2026-01-21T04:00,23.4,87,26.4,0.0,3,1009.1,9.7,358,100,0.0,25.0,0.174
Pahang,3.8126,103.3256,2026-01-21T05:00,23.0,89,25.8,0.0,3,1008.8,11.0,350,100,0.0,24.7,0.174
Pahang,3.8126,103.3256,2026-01-21T06:00,22.6,88,25.2,0.0,3,1009.0,10.4,337,100,0.0,24.4,0.174
Pahang,3.8126,103.3256,2026-01-21T07:00,22.3,88,24.9,0.0,3,1009.7,9.4,330,100,0.0,24.0,0.174
Pahang,3.8126,103.3256,2026-01-21T08:00,22.4,89,25.3,0.0,3,1010.7,7.9,319,100,21.0,23.7,0.175
Pahang,3.8126,103.3256,2026-01-21T09:00,24.4,81,27.7,0.0,3,1011.5,6.2,327,100,160.0,24.4,0.175
Pahang,3.8126,103.3256,2026-01-21T10:00,26.6,70,29.7,0.0,3,1012.1,7.5,11,100,401.0,25.9,0.175
Pahang,3.8126,103.3256,2026-01-21T11:00,27.8,63,30.2,0.1,51,1012.2,12.2,45,100,594.0,27.6,0.175
Pahang,3.8126,103.3256,2026-01-21T12:00,28.5,60,31.6,0.1,51,1011.9,13.9,51,100,774.0,29.2,0.175
Pahang,3.8126,103.3256,2026-01-21T13:00,29.0,56,31.9,0.0,3,1011.4,14.8,52,100,819.0,30.6,0.175
Pahang,3.8126,103.3256,2026-01-21T14:00,28.5,55,30.4,0.0,3,1010.7,15.8,53,100,740.0,31.4,0.175
Pahang,3.8126,103.3256,2026-01-21T15:00,28.8,54,30.4,0.0,3,1009.8,16.4,45,100,714.0,31.9,0.174
Pahang,3.8126,103.3256,2026-01-21T16:00,28.4,56,29.5,0.0,3,1009.4,16.5,45,100,600.0,32.0,0.174
Pahang,3.8126,103.3256,2026-01-21T17:00,27.2,60,28.1,0.0,3,1009.1,16.5,40,100,260.0,31.1,0.173
Pahang,3.8126,103.3256,2026-01-21T18:00,27.0,62,28.1,0.0,3,1009.3,15.8,36,100,219.0,30.5,0.173
Pahang,3.8126,103.3256,2026-01-21T19:00,26.1,67,27.5,0.0,3,1009.6,15.1,32,100,88.0,29.5,0.173
Pahang,3.8126,103.3256,2026-01-21T20:00,25.5,71,27.1,0.0,3,1010.2,14.8,30,100,2.0,28.7,0.171
Pahang,3.8126,103.3256,2026-01-21T21:00,25.1,73,26.9,0.0,3,1010.9,14.0,23,100,0.0,27.8,0.171
Pahang,3.8126,103.3256,2026-01-21T22:00,24.9,76,27.0,0.0,3,1012.0,12.7,12,100,0.0,27.1,0.171
Pahang,3.8126,103.3256,2026-01-21T23:00,24.6,77,26.9,0.0,3,1012.4,11.7,5,100,0.0,26.5,0.171
Pahang,3.8126,103.3256,2026-01-22T00:00,24.1,79,26.5,0.0,3,1012.5,11.1,352,100,0.0,26.1,0.171
Pahang,3.8126,103.3256,2026-01-22T01:00,24.0,80,26.4,0.0,3,1012.3,10.8,350,100,0.0,25.8,0.171
Pahang,3.8126,103.3256,2026-01-22T02:00,23.2,85,25.8,0.0,3,1011.7,10.5,343,100,0.0,25.5,0.172
Pahang,3.8126,103.3256,2026-01-22T03:00,23.0,86,25.5,0.0,3,1010.9,10.4,339,100,0.0,25.0,0.172
Pahang,3.8126,103.3256,2026-01-22T04:00,23.0,86,25.7,0.0,3,1010.3,10.1,336,100,0.0,24.8,0.172
Pahang,3.8126,103.3256,2026-01-22T05:00,22.6,87,25.2,0.0,3,1010.2,10.2,334,99,0.0,24.5,0.172
Pahang,3.8126,103.3256,2026-01-22T06:00,22.5,87,24.7,0.0,3,1010.6,11.2,336,85,0.0,24.2,0.172
Pahang,3.8126,103.3256,2026-01-22T07:00,22.2,87,24.3,0.0,3,1011.0,11.7,337,100,0.0,24.0,0.172
Pahang,3.8126,103.3256,2026-01-22T08:00,22.5,88,25.0,0.0,3,1011.6,10.5,341,100,23.0,23.5,0.175
Pahang,3.8126,103.3256,2026-01-22T09:00,24.2,80,27.0,0.0,3,1012.3,9.7,341,100,181.0,24.2,0.175
Pahang,3.8126,103.3256,2026-01-22T10:00,26.4,71,28.4,0.0,3,1012.8,14.5,6,100,397.0,25.6,0.174
Pahang,3.8126,103.3256,2026-01-22T11:00,27.6,62,28.9,0.0,3,1012.8,18.0,25,100,572.0,27.0,0.174
Pahang,3.8126,103.3256,2026-01-22T12:00,28.5,57,29.9,0.0,3,1012.6,20.2,31,100,719.0,28.5,0.174
Pahang,3.8126,103.3256,2026-01-22T13:00,29.1,53,30.6,0.0,3,1012.0,19.2,32,100,768.0,29.9,0.173
Pahang,3.8126,103.3256,2026-01-22T14:00,28.6,56,30.1,0.0,3,1011.3,18.6,30,100,694.0,30.6,0.175
Pahang,3.8126,103.3256,2026-01-22T15:00,28.4,57,29.7,0.5,53,1010.6,18.2,27,100,657.0,31.0,0.179
Pahang,3.8126,103.3256,2026-01-22T16:00,28.0,60,29.3,0.2,51,1010.1,18.2,26,100,623.0,31.1,0.181
Pahang,3.8126,103.3256,2026-01-22T17:00,27.5,62,28.6,0.0,3,1009.9,17.6,29,100,403.0,30.8,0.181
Pahang,3.8126,103.3256,2026-01-22T18:00,26.6,67,27.8,0.1,51,1010.0,18.7,30,100,236.0,30.0,0.181
Pahang,3.8126,103.3256,2026-01-22T19:00,26.0,70,27.4,0.0,3,1010.5,17.8,30,99,95.0,29.0,0.181
Pahang,3.8126,103.3256,2026-01-22T20:00,25.3,76,27.3,0.0,3,1011.3,15.5,25,98,2.0,28.4,0.178
Pahang,3.8126,103.3256,2026-01-22T21:00,25.0,78,27.2,0.0,3,1012.2,14.9,17,99,0.0,27.5,0.178
Pahang,3.8126,103.3256,2026-01-22T22:00,24.7,79,26.9,0.0,3,1012.9,14.4,9,99,0.0,26.8,0.178
Pahang,3.8126,103.3256,2026-01-22T23:00,24.1,82,26.5,0.0,1,1012.9,12.8,359,23,0.0,26.2,0.178
Pahang,3.8126,103.3256,2026-01-23T00:00,23.6,84,26.2,0.0,3,1013.1,11.9,356,91,0.0,25.7,0.178
Pahang,3.8126,103.3256,2026-01-23T01:00,23.2,86,25.8,0.0,3,1013.3,11.6,347,96,0.0,25.2,0.178
Pahang,3.8126,103.3256,2026-01-23T02:00,23.0,86,25.3,0.0,3,1012.7,12.6,346,95,0.0,25.3,0.177
Pahang,3.8126,103.3256,2026-01-23T03:00,22.5,88,24.8,0.0,3,1012.2,11.7,331,97,0.0,24.8,0.177
Pahang,3.8126,103.3256,2026-01-23T04:00,22.2,89,24.5,0.0,3,1011.6,12.1,330,100,0.0,24.5,0.177
Pahang,3.8126,103.3256,2026-01-23T05:00,22.2,89,24.3,0.0,3,1011.2,12.7,339,95,0.0,24.1,0.177
Pahang,3.8126,103.3256,2026-01-23T06:00,22.1,89,24.2,0.0,3,1011.3,13.0,341,100,0.0,23.9,0.177
Pahang,3.8126,103.3256,2026-01-23T07:00,22.0,89,24.2,0.0,3,1012.1,12.5,342,100,0.0,23.6,0.177
Pahang,3.8126,103.3256,2026-01-23T08:00,22.5,88,24.8,0.0,3,1013.0,12.1,343,98,23.0,23.3,0.177
Pahang,3.8126,103.3256,2026-01-23T09:00,24.4,80,26.9,0.0,3,1014.1,11.1,337,100,191.0,24.1,0.177
Pahang,3.8126,103.3256,2026-01-23T10:00,26.2,72,28.2,0.0,3,1014.4,14.8,357,100,397.0,25.4,0.177
Pahang,3.8126,103.3256,2026-01-23T11:00,27.5,64,29.2,0.0,3,1014.3,16.9,12,99,590.0,27.0,0.177
Pahang,3.8126,103.3256,2026-01-23T12:00,29.0,56,30.9,0.0,3,1013.9,18.6,23,100,772.0,28.6,0.176
Pahang,3.8126,103.3256,2026-01-23T13:00,29.5,53,31.3,0.0,3,1013.1,21.1,27,99,849.0,30.0,0.176
Pahang,3.8126,103.3256,2026-01-23T14:00,29.5,53,31.3,0.1,51,1012.4,20.7,26,99,845.0,31.1,0.176
Pahang,3.8126,103.3256,2026-01-23T15:00,29.2,56,31.2,0.3,51,1011.7,20.6,26,98,818.0,31.8,0.178
Pahang,3.8126,103.3256,2026-01-23T16:00,28.6,56,29.4,0.1,51,1011.2,20.9,22,78,653.0,31.9,0.178
Pahang,3.8126,103.3256,2026-01-23T17:00,28.2,61,29.1,0.1,51,1010.7,20.3,25,100,502.0,31.5,0.178
Pahang,3.8126,103.3256,2026-01-23T18:00,27.4,64,28.4,0.0,2,1011.0,19.9,26,55,313.0,30.9,0.177
Pahang,3.8126,103.3256,2026-01-23T19:00,26.2,72,27.8,0.0,0,1011.4,18.8,25,16,117.0,29.8,0.177
Pahang,3.8126,103.3256,2026-01-23T20:00,25.7,73,27.4,0.0,2,1012.1,17.2,18,62,2.0,28.6,0.179
Pahang,3.8126,103.3256,2026-01-23T21:00,25.4,75,26.8,0.0,3,1012.5,18.7,23,96,0.0,27.8,0.179
Pahang,3.8126,103.3256,2026-01-23T22:00,25.0,77,26.7,0.0,3,1013.1,17.0,9,90,0.0,27.1,0.179
Pahang,3.8126,103.3256,2026-01-23T23:00,24.5,78,26.4,0.0,3,1013.6,14.6,359,97,0.0,26.5,0.179
Pahang,3.8126,103.3256,2026-01-24T00:00,24.0,80,26.1,0.0,3,1013.8,13.0,355,97,0.0,26.0,0.179
Pahang,3.8126,103.3256,2026-01-24T01:00,23.5,83,25.9,0.0,3,1013.9,12.1,358,94,0.0,25.5,0.179
Pahang,3.8126,103.3256,2026-01-24T02:00,23.2,86,25.8,0.0,1,1013.2,11.2,349,46,0.0,25.6,0.177
Pahang,3.8126,103.3256,2026-01-24T03:00,23.0,86,25.5,0.0,3,1013.0,10.6,345,89,0.0,25.1,0.177
Pahang,3.8126,103.3256,2026-01-24T04:00,22.5,87,25.0,0.0,3,1012.7,10.2,346,99,0.0,24.7,0.177
Pahang,3.8126,103.3256,2026-01-24T05:00,22.4,87,24.7,0.0,3,1012.6,10.6,341,89,0.0,24.4,0.177
Pahang,3.8126,103.3256,2026-01-24T06:00,22.1,88,24.4,0.0,0,1012.5,10.6,332,5,0.0,24.0,0.177
Pahang,3.8126,103.3256,2026-01-24T07:00,21.9,88,24.0,0.0,0,1012.8,11.3,333,2,0.0,23.8,0.177
Pahang,3.8126,103.3256,2026-01-24T08:00,22.5,86,24.9,0.0,2,1013.7,11.1,353,77,24.0,23.9,0.177
Pahang,3.8126,103.3256,2026-01-24T09:00,24.8,77,27.2,0.0,2,1014.2,11.1,353,64,208.0,24.6,0.177
Pahang,3.8126,103.3256,2026-01-24T10:00,26.7,68,28.9,0.0,3,1014.7,12.6,5,95,433.0,26.0,0.177
Pahang,3.8126,103.3256,2026-01-24T11:00,28.0,62,29.9,0.0,3,1014.8,18.0,25,96,659.0,27.6,0.176
Pahang,3.8126,103.3256,2026-01-24T12:00,29.0,58,31.3,0.1,51,1014.2,18.7,33,97,783.0,29.2,0.176
Pahang,3.8126,103.3256,2026-01-24T13:00,29.4,58,32.0,0.1,51,1013.2,20.5,34,100,877.0,30.5,0.176
Pahang,3.8126,103.3256,2026-01-24T14:00,29.7,53,32.0,0.2,51,1012.5,19.4,33,88,873.0,31.5,0.178
Pahang,3.8126,103.3256,2026-01-24T15:00,29.6,55,31.9,0.0,3,1011.4,20.8,37,98,862.0,32.3,0.177
Pahang,3.8126,103.3256,2026-01-24T16:00,28.7,60,30.2,0.2,51,1011.0,21.9,37,98,689.0,32.3,0.178
Pahang,3.8126,103.3256,2026-01-24T17:00,28.1,64,29.1,0.1,51,1010.6,22.2,33,100,530.0,32.0,0.178
Pahang,3.8126,103.3256,2026-01-24T18:00,27.2,68,28.6,0.0,3,1010.7,20.4,32,98,332.0,31.1,0.178
Pahang,3.8126,103.3256,2026-01-24T19:00,26.2,73,27.7,0.0,3,1011.2,19.9,30,95,109.0,30.0,0.177
Pahang,3.8126,103.3256,2026-01-24T20:00,25.5,80,27.4,0.0,3,1011.5,19.2,26,100,3.0,28.6,0.186
Pahang,3.8126,103.3256,2026-01-24T21:00,25.1,81,27.0,0.0,3,1012.2,20.1,28,100,0.0,27.7,0.186
Pahang,3.8126,103.3256,2026-01-24T22:00,25.1,82,27.3,0.0,3,1012.9,17.4,20,100,0.0,27.1,0.186
Pahang,3.8126,103.3256,2026-01-24T23:00,24.9,81,27.2,0.0,3,1013.0,15.5,15,100,0.0,26.5,0.186
Pahang,3.8126,103.3256,2026-01-25T00:00,24.5,83,27.0,0.0,3,1013.0,14.1,14,100,0.0,26.0,0.186
Pahang,3.8126,103.3256,2026-01-25T01:00,24.0,85,26.4,0.1,51,1013.1,14.7,11,100,0.0,25.6,0.186
Pahang,3.8126,103.3256,2026-01-25T02:00,23.9,84,26.2,0.1,51,1012.4,14.0,9,100,0.0,26.1,0.186
Pahang,3.8126,103.3256,2026-01-25T03:00,23.3,86,25.7,0.1,51,1011.8,13.4,5,100,0.0,25.5,0.186
Pahang,3.8126,103.3256,2026-01-25T04:00,23.1,88,25.8,0.0,3,1011.4,11.9,359,100,0.0,25.1,0.186
Pahang,3.8126,103.3256,2026-01-25T05:00,22.8,89,25.7,0.0,3,1011.2,10.2,337,100,0.0,24.8,0.186
Pahang,3.8126,103.3256,2026-01-25T06:00,22.5,91,25.1,0.0,3,1011.6,11.3,342,100,0.0,24.4,0.187
Pahang,3.8126,103.3256,2026-01-25T07:00,22.2,91,24.8,0.0,3,1012.0,11.7,340,100,0.0,24.0,0.187
Pahang,3.8126,103.3256,2026-01-25T08:00,23.4,89,26.1,0.0,3,1012.6,12.8,5,98,19.0,24.8,0.182
Pahang,3.8126,103.3256,2026-01-25T09:00,24.8,81,27.6,0.0,3,1013.2,11.6,8,91,166.0,25.2,0.182
Pahang,3.8126,103.3256,2026-01-25T10:00,26.1,73,28.2,0.1,51,1013.9,15.1,29,99,401.0,26.2,0.183
Pahang,3.8126,103.3256,2026-01-25T11:00,27.6,67,30.0,0.1,51,1013.9,15.2,31,100,596.0,27.6,0.182
Pahang,3.8126,103.3256,2026-01-25T12:00,28.0,64,30.5,0.0,3,1013.5,17.2,40,99,705.0,28.9,0.181
Pahang,3.8126,103.3256,2026-01-25T13:00,29.0,59,31.8,0.1,51,1013.0,17.1,41,93,807.0,30.2,0.181
Pahang,3.8126,103.3256,2026-01-25T14:00,28.2,59,31.3,0.1,51,1012.3,16.2,42,100,908.0,31.4,0.185
Pahang,3.8126,103.3256,2026-01-25T15:00,28.6,60,31.3,0.1,51,1011.3,17.1,46,100,805.0,31.9,0.185
Pahang,3.8126,103.3256,2026-01-25T16:00,28.2,61,29.9,0.0,3,1010.7,17.4,46,100,609.0,31.9,0.183
Pahang,3.8126,103.3256,2026-01-25T17:00,27.9,62,29.2,0.0,3,1010.4,17.3,45,100,462.0,31.5,0.183
Pahang,3.8126,103.3256,2026-01-25T18:00,27.1,65,28.6,0.0,3,1010.7,16.7,45,100,265.0,30.7,0.182
Pahang,3.8126,103.3256,2026-01-25T19:00,26.5,69,28.3,0.0,3,1011.1,14.8,41,98,76.0,29.6,0.181
Pahang,3.8126,103.3256,2026-01-25T20:00,25.8,74,27.9,0.0,3,1011.5,14.7,35,98,2.0,28.5,0.183
Pahang,3.8126,103.3256,2026-01-25T21:00,25.3,77,27.8,0.0,3,1012.3,13.0,31,80,0.0,27.6,0.183
Pahang,3.8126,103.3256,2026-01-25T22:00,25.3,76,27.5,0.0,3,1012.8,13.8,33,100,0.0,27.0,0.183
Pahang,3.8126,103.3256,2026-01-25T23:00,24.9,78,27.2,0.0,3,1013.2,13.0,29,100,0.0,26.5,0.183
Pahang,3.8126,103.3256,2026-01-26T00:00,24.5,80,26.9,0.0,1,1013.0,13.6,26,39,0.0,26.0,0.183
Pahang,3.8126,103.3256,2026-01-26T01:00,24.2,82,26.9,0.1,51,1012.8,11.3,20,52,0.0,25.6,0.184
Pahang,3.8126,103.3256,2026-01-26T02:00,23.2,86,25.9,0.0,3,1012.2,10.9,352,94,0.0,25.5,0.184
Pahang,3.8126,103.3256,2026-01-26T03:00,23.0,87,25.7,0.0,3,1011.8,11.1,8,100,0.0,25.1,0.184
Pahang,3.8126,103.3256,2026-01-26T04:00,22.8,90,25.8,0.0,3,1011.7,9.4,359,100,0.0,24.8,0.184
Pahang,3.8126,103.3256,2026-01-26T05:00,23.0,89,25.9,0.1,51,1011.6,10.5,4,30,0.0,24.5,0.185
Pahang,3.8126,103.3256,2026-01-26T06:00,22.8,89,25.6,0.0,1,1012.0,10.7,354,45,0.0,24.2,0.185
Pahang,3.8126,103.3256,2026-01-26T07:00,22.6,90,25.5,0.0,3,1012.7,10.1,349,100,0.0,24.0,0.185
Pahang,3.8126,103.3256,2026-01-26T08:00,22.5,89,25.1,0.0,3,1012.9,11.0,339,96,22.0,24.1,0.184
Pahang,3.8126,103.3256,2026-01-26T09:00,24.6,80,27.6,0.0,0,1013.8,9.6,343,16,187.0,24.7,0.184
Pahang,3.8126,103.3256,2026-01-26T10:00,26.9,68,28.7,0.1,51,1014.2,15.4,26,16,422.0,26.0,0.185
Pahang,3.8126,103.3256,2026-01-26T11:00,28.0,60,29.5,0.1,51,1014.1,17.4,36,13,623.0,27.5,0.185
Pahang,3.8126,103.3256,2026-01-26T12:00,28.9,55,30.6,0.0,0,1013.6,18.2,43,6,772.0,29.0,0.183
Pahang,3.8126,103.3256,2026-01-26T13:00,29.1,54,31.2,0.0,0,1013.0,20.0,45,5,904.0,30.3,0.182
Pahang,3.8126,103.3256,2026-01-26T14:00,28.6,53,30.8,0.0,0,1012.0,18.2,47,2,917.0,31.4,0.18
Pahang,3.8126,103.3256,2026-01-26T15:00,29.2,50,31.1,0.0,0,1011.1,18.2,46,5,897.0,32.2,0.178
Pahang,3.8126,103.3256,2026-01-26T16:00,28.8,52,30.1,0.0,0,1010.2,18.2,46,5,766.0,32.4,0.177
Pahang,3.8126,103.3256,2026-01-26T17:00,28.1,55,28.9,0.0,0,1010.0,17.1,47,7,600.0,32.2,0.176
Pahang,3.8126,103.3256,2026-01-26T18:00,27.1,62,28.2,0.0,1,1010.2,17.1,45,38,358.0,31.5,0.176
Pahang,3.8126,103.3256,2026-01-26T19:00,26.0,70,27.5,0.0,2,1010.6,17.0,42,73,122.0,30.2,0.175
Pahang,3.8126,103.3256,2026-01-26T20:00,26.0,70,27.6,0.0,3,1011.4,15.2,43,98,3.0,29.4,0.173
Pahang,3.8126,103.3256,2026-01-26T21:00,25.6,71,27.6,0.0,3,1011.9,13.1,36,98,0.0,28.4,0.173
Pahang,3.8126,103.3256,2026-01-26T22:00,25.2,74,27.6,0.0,3,1012.7,10.8,21,100,0.0,27.6,0.173
Pahang,3.8126,103.3256,2026-01-26T23:00,24.7,78,27.3,0.0,3,1013.3,10.9,16,100,0.0,26.9,0.173
Pahang,3.8126,103.3256,2026-01-27T00:00,24.3,81,26.8,0.0,3,1013.1,11.8,12,93,0.0,26.4,0.173
Pahang,3.8126,103.3256,2026-01-27T01:00,23.9,83,26.6,0.0,3,1013.1,11.0,2,99,0.0,25.9,0.173
Pahang,3.8126,103.3256,2026-01-27T02:00,23.4,86,26.1,0.0,2,1012.9,11.2,5,62,0.0,25.5,0.173
Pahang,3.8126,103.3256,2026-01-27T03:00,23.2,87,25.9,0.0,3,1012.5,11.7,4,99,0.0,25.0,0.173
Pahang,3.8126,103.3256,2026-01-27T04:00,22.9,88,25.4,0.0,2,1012.1,11.6,352,77,0.0,24.8,0.173
Pahang,3.8126,103.3256,2026-01-27T05:00,22.5,89,25.0,0.0,3,1012.0,11.4,341,100,0.0,24.5,0.173
Pahang,3.8126,103.3256,2026-01-27T06:00,22.3,89,24.7,0.0,3,1012.4,11.5,335,100,0.0,24.1,0.173
Pahang,3.8126,103.3256,2026-01-27T07:00,22.0,90,24.4,0.0,3,1013.0,10.8,324,100,0.0,23.9,0.173
Pahang,3.8126,103.3256,2026-01-27T08:00,22.6,88,25.1,0.0,3,1013.7,10.7,335,100,19.0,24.0,0.172
Pahang,3.8126,103.3256,2026-01-27T09:00,24.4,80,27.1,0.0,3,1014.5,9.5,338,100,169.0,24.6,0.172
Pahang,3.8126,103.3256,2026-01-27T10:00,26.6,69,29.0,0.0,3,1014.7,12.0,7,100,406.0,26.0,0.172
Pahang,3.8126,103.3256,2026-01-27T11:00,28.2,60,29.9,0.0,3,1014.5,16.3,27,100,636.0,27.8,0.171
Pahang,3.8126,103.3256,2026-01-27T12:00,29.2,54,31.1,0.0,3,1014.1,17.5,34,100,766.0,29.5,0.171
Pahang,3.8126,103.3256,2026-01-27T13:00,29.5,53,31.6,0.0,3,1013.4,16.6,37,100,766.0,30.8,0.17
Pahang,3.8126,103.3256,2026-01-27T14:00,29.8,52,31.9,0.0,3,1012.3,15.2,30,100,745.0,31.7,0.172
Pahang,3.8126,103.3256,2026-01-27T15:00,29.6,55,31.7,0.1,51,1011.1,16.6,41,100,716.0,32.4,0.172
Pahang,3.8126,103.3256,2026-01-27T16:00,28.5,60,29.9,0.1,51,1010.6,17.2,50,100,540.0,32.3,0.172
Pahang,3.8126,103.3256,2026-01-27T17:00,27.9,63,29.1,0.0,3,1010.2,18.9,51,100,382.0,31.9,0.172
Pahang,3.8126,103.3256,2026-01-27T18:00,27.2,68,28.7,0.0,3,1010.5,18.6,43,100,288.0,31.1,0.172
Pahang,3.8126,103.3256,2026-01-27T19:00,26.4,74,28.2,0.0,3,1010.8,18.5,40,100,75.0,30.0,0.172
Pahang,3.8126,103.3256,2026-01-27T20:00,25.7,74,27.5,0.0,3,1011.4,16.7,36,100,2.0,29.0,0.173
Pahang,3.8126,103.3256,2026-01-27T21:00,25.5,75,27.5,0.0,3,1012.1,15.7,33,100,0.0,28.2,0.173
Pahang,3.8126,103.3256,2026-01-27T22:00,25.3,77,27.6,0.0,3,1012.9,14.4,32,100,0.0,27.5,0.172
Pahang,3.8126,103.3256,2026-01-27T23:00,25.0,78,27.5,0.0,3,1013.1,12.3,21,100,0.0,26.9,0.172
Pahang,3.8126,103.3256,2026-01-28T00:00,24.5,81,27.3,0.0,3,1013.1,11.5,14,100,0.0,26.5,0.172
Pahang,3.8126,103.3256,2026-01-28T01:00,24.1,83,27.0,0.0,3,1013.1,10.8,4,99,0.0,26.0,0.172
Pahang,3.8126,103.3256,2026-01-28T02:00,24.0,86,26.9,0.0,3,1012.3,11.9,3,89,0.0,26.0,0.171
Pahang,3.8126,103.3256,2026-01-28T03:00,23.9,86,26.7,0.0,3,1011.8,12.2,8,98,0.0,25.6,0.171
Pahang,3.8126,103.3256,2026-01-28T04:00,23.4,89,26.3,0.0,3,1011.3,11.9,355,100,0.0,25.3,0.171
Pahang,3.8126,103.3256,2026-01-28T05:00,23.0,90,25.9,0.0,3,1011.2,11.0,349,99,0.0,25.0,0.171
Pahang,3.8126,103.3256,2026-01-28T06:00,22.9,90,25.8,0.0,3,1011.4,10.9,353,98,0.0,24.7,0.171
Pahang,3.8126,103.3256,2026-01-28T07:00,22.5,92,25.5,0.0,3,1012.0,10.1,335,100,0.0,24.4,0.171
Pahang,3.8126,103.3256,2026-01-28T08:00,22.9,89,25.8,0.0,3,1012.4,10.4,328,100,19.0,24.5,0.172
Pahang,3.8126,103.3256,2026-01-28T09:00,24.8,81,27.9,0.0,3,1013.3,9.0,331,100,177.0,25.1,0.172
Pahang,3.8126,103.3256,2026-01-28T10:00,27.0,70,29.2,0.0,3,1013.6,14.4,20,100,407.0,26.5,0.171
Pahang,3.8126,103.3256,2026-01-28T11:00,28.2,63,30.2,0.2,51,1013.6,16.7,37,92,598.0,28.0,0.174
Pahang,3.8126,103.3256,2026-01-28T12:00,28.2,63,30.7,0.4,51,1013.6,17.4,39,98,711.0,29.4,0.178
Pahang,3.8126,103.3256,2026-01-28T13:00,28.5,62,31.2,0.3,51,1012.9,17.7,42,100,786.0,30.5,0.18
Pahang,3.8126,103.3256,2026-01-28T14:00,28.6,59,31.1,0.2,51,1012.5,15.8,37,100,730.0,31.1,0.186
Pahang,3.8126,103.3256,2026-01-28T15:00,28.5,61,31.2,0.5,53,1011.4,16.6,42,100,759.0,31.5,0.189
Pahang,3.8126,103.3256,2026-01-28T16:00,27.9,63,30.2,0.3,51,1010.6,15.8,44,70,662.0,31.6,0.191
Pahang,3.8126,103.3256,2026-01-28T17:00,27.7,64,29.4,0.1,51,1010.3,15.8,46,25,515.0,31.4,0.19
Pahang,3.8126,103.3256,2026-01-28T18:00,27.0,69,28.9,0.0,1,1010.2,16.3,46,20,323.0,30.7,0.189
Pahang,3.8126,103.3256,2026-01-28T19:00,26.1,75,28.5,0.0,1,1010.7,14.8,38,23,113.0,29.7,0.188
Pahang,3.8126,103.3256,2026-01-28T20:00,25.8,76,28.1,0.0,3,1011.7,15.3,38,91,3.0,28.8,0.188
Pahang,3.8126,103.3256,2026-01-28T21:00,25.2,82,28.1,0.0,3,1012.7,14.0,29,99,0.0,27.9,0.188
Pahang,3.8126,103.3256,2026-01-28T22:00,25.0,83,28.0,0.0,3,1013.3,13.9,25,96,0.0,27.2,0.188
Pahang,3.8126,103.3256,2026-01-28T23:00,24.8,84,27.7,0.0,3,1013.6,13.5,16,95,0.0,26.6,0.187
Pahang,3.8126,103.3256,2026-01-29T00:00,24.3,86,27.3,0.0,3,1013.6,12.6,13,100,0.0,26.2,0.187
Pahang,3.8126,103.3256,2026-01-29T01:00,24.0,88,27.1,0.0,3,1013.3,11.5,3,100,0.0,25.8,0.187
Pahang,3.8126,103.3256,2026-01-29T02:00,23.5,89,26.7,0.0,3,1013.0,10.7,352,100,0.0,25.9,0.187
Pahang,3.8126,103.3256,2026-01-29T03:00,23.2,91,26.4,0.0,3,1012.2,11.0,345,100,0.0,25.5,0.187
Pahang,3.8126,103.3256,2026-01-29T04:00,23.0,92,26.1,0.0,1,1011.3,10.9,351,22,0.0,25.1,0.187
Pahang,3.8126,103.3256,2026-01-29T05:00,22.9,92,25.9,0.0,2,1011.0,11.0,350,51,0.0,24.8,0.187
Pahang,3.8126,103.3256,2026-01-29T06:00,22.9,92,25.8,0.0,3,1011.2,11.5,350,90,0.0,24.5,0.187
Pahang,3.8126,103.3256,2026-01-29T07:00,22.6,93,25.6,0.0,3,1011.7,11.3,340,100,0.0,24.3,0.187
Pahang,3.8126,103.3256,2026-01-29T08:00,23.4,88,26.3,0.0,3,1012.2,11.1,353,100,20.0,25.0,0.184
Pahang,3.8126,103.3256,2026-01-29T09:00,25.4,80,28.6,0.0,3,1013.0,9.6,352,91,186.0,25.5,0.184
Pahang,3.8126,103.3256,2026-01-29T10:00,26.8,71,29.0,0.1,51,1013.4,14.7,24,100,401.0,26.6,0.184
Pahang,3.8126,103.3256,2026-01-29T11:00,27.8,65,29.6,0.1,51,1013.7,16.1,34,95,565.0,27.9,0.184
Pahang,3.8126,103.3256,2026-01-29T12:00,28.0,64,30.2,0.1,51,1013.6,16.1,35,99,639.0,29.0,0.184
Pahang,3.8126,103.3256,2026-01-29T13:00,28.5,60,30.5,0.0,2,1012.9,15.7,41,53,638.0,29.9,0.183
Pahang,3.8126,103.3256,2026-01-29T14:00,28.5,58,31.0,0.1,51,1012.1,15.7,46,65,765.0,30.9,0.187
Pahang,3.8126,103.3256,2026-01-29T15:00,28.6,58,31.1,0.0,2,1011.2,15.6,41,65,749.0,31.5,0.185
Pahang,3.8126,103.3256,2026-01-29T16:00,28.5,60,30.7,0.1,51,1010.4,15.8,41,39,695.0,31.8,0.185
Pahang,3.8126,103.3256,2026-01-29T17:00,27.8,64,29.2,0.2,51,1010.1,17.7,43,24,515.0,31.5,0.186
Pahang,3.8126,103.3256,2026-01-29T18:00,26.9,68,28.5,0.0,1,1010.2,17.5,41,27,307.0,30.8,0.185
Pahang,3.8126,103.3256,2026-01-29T19:00,26.0,74,28.0,0.0,1,1010.6,15.9,35,30,111.0,29.8,0.184
Pahang,3.8126,103.3256,2026-01-29T20:00,25.9,77,28.5,0.0,1,1011.5,14.2,32,21,3.0,28.3,0.19
Pahang,3.8126,103.3256,2026-01-29T21:00,25.5,79,28.2,0.0,0,1012.0,14.1,23,11,0.0,27.5,0.19
Pahang,3.8126,103.3256,2026-01-29T22:00,25.2,81,28.2,0.0,0,1013.0,12.5,18,13,0.0,27.0,0.189
Pahang,3.8126,103.3256,2026-01-29T23:00,24.8,83,28.0,0.0,1,1013.5,11.1,7,38,0.0,26.5,0.189
Pahang,3.8126,103.3256,2026-01-30T00:00,24.4,86,27.6,0.0,1,1013.7,10.8,3,22,0.0,26.0,0.189
Pahang,3.8126,103.3256,2026-01-30T01:00,23.9,88,27.4,0.0,1,1013.7,9.4,352,25,0.0,25.6,0.189
Pahang,3.8126,103.3256,2026-01-30T02:00,23.5,89,26.9,0.0,1,1013.2,10.0,343,33,0.0,25.2,0.189
Pahang,3.8126,103.3256,2026-01-30T03:00,23.3,90,26.5,0.0,1,1012.8,10.4,343,26,0.0,25.0,0.189
Pahang,3.8126,103.3256,2026-01-30T04:00,23.1,90,26.3,0.0,1,1012.5,9.4,340,20,0.0,24.7,0.189
Pahang,3.8126,103.3256,2026-01-30T05:00,22.9,91,26.0,0.0,1,1012.5,9.3,347,20,0.0,24.5,0.189
Pahang,3.8126,103.3256,2026-01-30T06:00,22.6,92,25.8,0.0,1,1012.6,9.5,346,30,0.0,24.2,0.189
Pahang,3.8126,103.3256,2026-01-30T07:00,22.5,92,25.4,0.0,1,1013.0,10.1,333,20,0.0,24.0,0.189
Pahang,3.8126,103.3256,2026-01-30T08:00,23.0,91,26.3,0.0,0,1013.2,9.1,351,9,18.0,23.7,0.191
Pahang,3.8126,103.3256,2026-01-30T09:00,24.9,83,28.4,0.0,1,1014.0,8.7,347,30,189.0,24.5,0.191
Pahang,3.8126,103.3256,2026-01-30T10:00,26.8,73,29.5,0.1,51,1014.3,13.7,21,89,383.0,25.8,0.191
Pahang,3.8126,103.3256,2026-01-30T11:00,27.8,68,30.1,0.3,51,1014.3,15.8,35,69,553.0,27.1,0.193
Pahang,3.8126,103.3256,2026-01-30T12:00,27.9,69,30.8,0.3,51,1013.7,17.0,42,95,677.0,28.5,0.195
Pahang,3.8126,103.3256,2026-01-30T13:00,28.6,65,32.1,0.2,51,1012.9,18.1,40,51,854.0,29.8,0.195
Pahang,3.8126,103.3256,2026-01-30T14:00,28.5,63,32.1,0.1,51,1012.3,16.7,42,73,873.0,30.8,0.198
Pahang,3.8126,103.3256,2026-01-30T15:00,28.7,63,32.0,0.3,51,1011.2,17.2,42,95,829.0,31.4,0.198
Pahang,3.8126,103.3256,2026-01-30T16:00,28.4,64,30.8,0.1,51,1010.7,18.0,49,83,686.0,31.5,0.197
Pahang,3.8126,103.3256,2026-01-30T17:00,28.1,64,29.4,0.0,3,1010.5,19.6,45,94,528.0,31.2,0.196
Pahang,3.8126,103.3256,2026-01-30T18:00,27.2,67,28.6,0.0,2,1010.4,18.7,45,69,280.0,30.5,0.194
Pahang,3.8126,103.3256,2026-01-30T19:00,26.5,71,28.3,0.0,3,1010.9,17.1,38,100,88.0,29.5,0.194
Pahang,3.8126,103.3256,2026-01-30T20:00,26.2,75,28.5,0.0,0,1011.6,15.8,37,7,2.0,28.9,0.189
Pahang,3.8126,103.3256,2026-01-30T21:00,25.9,77,28.4,0.0,0,1012.0,14.5,28,2,0.0,28.0,0.189
Pahang,3.8126,103.3256,2026-01-30T22:00,25.6,78,28.3,0.0,0,1012.8,13.6,26,3,0.0,27.4,0.188
Pahang,3.8126,103.3256,2026-01-30T23:00,25.2,80,28.3,0.0,1,1013.3,11.3,18,20,0.0,26.8,0.188
Pahang,3.8126,103.3256,2026-01-31T00:00,24.9,82,28.0,0.0,1,1013.4,10.3,16,43,0.0,26.4,0.188
Pahang,3.8126,103.3256,2026-01-31T01:00,24.5,84,27.7,0.0,2,1013.4,10.1,11,51,0.0,26.0,0.188
Pahang,3.8126,103.3256,2026-01-31T02:00,24.2,86,27.4,0.0,0,1012.7,11.0,1,14,0.0,25.7,0.185
Pahang,3.8126,103.3256,2026-01-31T03:00,23.8,88,27.0,0.0,1,1011.9,10.4,351,32,0.0,25.3,0.185
Pahang,3.8126,103.3256,2026-01-31T04:00,23.5,89,26.7,0.0,0,1011.3,9.7,356,13,0.0,25.0,0.185
Pahang,3.8126,103.3256,2026-01-31T05:00,23.2,90,26.3,0.0,1,1011.3,10.1,357,20,0.0,24.7,0.185
Pahang,3.8126,103.3256,2026-01-31T06:00,23.0,90,25.9,0.0,1,1011.4,11.1,352,24,0.0,24.5,0.185
Pahang,3.8126,103.3256,2026-01-31T07:00,22.8,91,25.7,0.0,0,1012.0,10.8,339,15,0.0,24.2,0.184
Pahang,3.8126,103.3256,2026-01-31T08:00,22.9,90,25.8,0.0,0,1013.0,10.5,329,1,20.0,23.9,0.188
Pahang,3.8126,103.3256,2026-01-31T09:00,24.9,82,28.3,0.0,0,1013.8,9.2,334,0,196.0,24.6,0.187
Pahang,3.8126,103.3256,2026-01-31T10:00,26.8,73,29.9,0.0,1,1014.6,10.9,16,26,422.0,26.0,0.187
Pahang,3.8126,103.3256,2026-01-31T11:00,27.5,69,30.3,0.2,51,1014.8,13.3,40,72,601.0,27.5,0.188
Pahang,3.8126,103.3256,2026-01-31T12:00,28.2,64,31.5,0.2,51,1014.6,13.4,43,75,711.0,29.0,0.188
Pahang,3.8126,103.3256,2026-01-31T13:00,29.0,61,32.7,0.2,51,1013.8,14.4,49,96,846.0,30.3,0.189
Pahang,3.8126,103.3256,2026-01-31T14:00,28.9,58,32.1,0.1,51,1013.0,14.4,54,98,854.0,31.2,0.191
Pahang,3.8126,103.3256,2026-01-31T15:00,29.1,58,32.3,0.0,3,1011.9,15.8,54,94,861.0,32.0,0.188
Pahang,3.8126,103.3256,2026-01-31T16:00,28.6,61,31.2,0.0,3,1011.0,16.3,49,80,716.0,32.2,0.187
Pahang,3.8126,103.3256,2026-01-31T17:00,28.3,62,30.2,0.0,0,1010.4,14.9,47,3,575.0,32.0,0.185
Pahang,3.8126,103.3256,2026-01-31T18:00,27.4,67,29.3,0.0,0,1010.7,16.2,45,10,361.0,31.4,0.184
Pahang,3.8126,103.3256,2026-01-31T19:00,26.1,77,28.6,0.0,0,1011.0,15.8,37,18,129.0,30.2,0.184
Pahang,3.8126,103.3256,2026-01-31T20:00,26.1,81,29.3,0.0,0,1011.5,14.3,36,6,3.0,29.4,0.179
Pahang,3.8126,103.3256,2026-01-31T21:00,25.9,83,28.8,0.0,1,1012.2,16.4,33,26,0.0,28.5,0.179
Pahang,3.8126,103.3256,2026-01-31T22:00,25.5,85,28.6,0.0,1,1012.8,15.3,28,21,0.0,27.8,0.179
Pahang,3.8126,103.3256,2026-01-31T23:00,25.2,86,28.3,0.0,3,1013.3,14.8,26,83,0.0,27.2,0.179
Pahang,3.8126,103.3256,2026-02-01T00:00,25.0,87,28.1,0.0,3,1013.3,14.0,20,100,0.0,26.8,0.179
Pahang,3.8126,103.3256,2026-02-01T01:00,24.4,89,27.8,0.0,2,1012.9,11.9,11,70,0.0,26.4,0.179
Pahang,3.8126,103.3256,2026-02-01T02:00,23.9,90,27.2,0.1,51,1012.3,11.5,360,20,0.0,26.2,0.178
Pahang,3.8126,103.3256,2026-02-01T03:00,23.6,92,27.0,0.0,1,1011.4,11.1,351,23,0.0,25.8,0.178
Pahang,3.8126,103.3256,2026-02-01T04:00,23.2,94,26.7,0.0,1,1010.8,10.9,351,29,0.0,25.4,0.178
Pahang,3.8126,103.3256,2026-02-01T05:00,23.1,94,26.5,0.0,1,1010.5,10.6,346,20,0.0,25.1,0.178
Pahang,3.8126,103.3256,2026-02-01T06:00,23.0,94,26.4,0.0,1,1011.1,10.0,346,30,0.0,24.8,0.179
Pahang,3.8126,103.3256,2026-02-01T07:00,22.9,93,26.2,0.0,1,1011.5,10.0,343,38,0.0,24.5,0.179
Pahang,3.8126,103.3256,2026-02-01T08:00,23.6,88,26.8,0.0,0,1012.4,10.2,351,16,19.0,25.0,0.177
Pahang,3.8126,103.3256,2026-02-01T09:00,25.2,80,28.4,0.0,0,1013.3,10.1,359,13,177.0,25.5,0.177
Pahang,3.8126,103.3256,2026-02-01T10:00,26.8,72,29.2,0.1,51,1013.6,14.3,21,33,402.0,26.7,0.177
Pahang,3.8126,103.3256,2026-02-01T11:00,28.0,66,30.3,0.1,51,1013.7,15.3,30,27,596.0,28.1,0.178
Pahang,3.8126,103.3256,2026-02-01T12:00,28.8,62,31.6,0.2,51,1013.6,16.1,33,72,725.0,29.5,0.179
Pahang,3.8126,103.3256,2026-02-01T13:00,29.1,60,31.6,0.2,51,1012.7,19.8,39,73,802.0,30.7,0.18
Pahang,3.8126,103.3256,2026-02-01T14:00,28.4,63,31.3,0.2,51,1012.3,18.9,41,55,846.0,31.6,0.187
Pahang,3.8126,103.3256,2026-02-01T15:00,28.9,61,31.4,0.1,51,1011.3,18.7,42,31,786.0,32.0,0.186
Pahang,3.8126,103.3256,2026-02-01T16:00,28.8,61,31.0,0.1,51,1010.6,19.1,43,12,733.0,32.3,0.186
Pahang,3.8126,103.3256,2026-02-01T17:00,28.2,63,29.4,0.0,0,1010.2,20.9,41,12,582.0,32.0,0.185
Pahang,3.8126,103.3256,2026-02-01T18:00,27.4,66,28.4,0.0,2,1010.3,21.0,37,51,350.0,31.3,0.184
Pahang,3.8126,103.3256,2026-02-01T19:00,26.4,72,27.8,0.0,2,1010.6,19.9,30,70,126.0,30.2,0.183
Pahang,3.8126,103.3256,2026-02-01T20:00,25.8,77,27.9,0.0,0,1011.6,17.6,26,2,3.0,29.0,0.177
Pahang,3.8126,103.3256,2026-02-01T21:00,25.4,81,27.7,0.0,2,1012.2,16.8,23,67,0.0,28.1,0.177
Pahang,3.8126,103.3256,2026-02-01T22:00,25.0,82,27.6,0.0,2,1013.0,15.5,15,72,0.0,27.5,0.176
Pahang,3.8126,103.3256,2026-02-01T23:00,24.8,83,27.4,0.0,1,1013.5,14.3,12,34,0.0,26.9,0.176
Pahang,3.8126,103.3256,2026-02-02T00:00,24.5,84,27.3,0.0,1,1013.6,13.2,10,33,0.0,26.4,0.176
Pahang,3.8126,103.3256,2026-02-02T01:00,24.4,85,27.2,0.0,1,1013.7,12.8,9,27,0.0,26.0,0.176
Pahang,3.8126,103.3256,2026-02-02T02:00,24.0,85,26.5,0.0,2,1013.0,15.0,5,57,0.0,26.0,0.173
Pahang,3.8126,103.3256,2026-02-02T03:00,23.5,88,26.2,0.0,2,1012.3,12.9,351,59,0.0,25.5,0.173
Pahang,3.8126,103.3256,2026-02-02T04:00,23.0,89,25.5,0.0,2,1011.7,13.5,348,76,0.0,25.2,0.173
Pahang,3.8126,103.3256,2026-02-02T05:00,22.8,90,25.2,0.0,3,1011.5,13.1,344,82,0.0,24.9,0.173
Pahang,3.8126,103.3256,2026-02-02T06:00,22.6,90,25.0,0.0,2,1011.6,13.1,342,52,0.0,24.5,0.173
Pahang,3.8126,103.3256,2026-02-02T07:00,22.4,90,24.8,0.0,1,1012.1,13.0,343,27,0.0,24.3,0.173
Pahang,3.8126,103.3256,2026-02-02T08:00,23.1,87,25.7,0.0,0,1013.0,11.7,335,12,21.0,24.1,0.173
Pahang,3.8126,103.3256,2026-02-02T09:00,24.9,79,27.7,0.0,1,1013.8,10.0,345,46,199.0,24.9,0.173
Pahang,3.8126,103.3256,2026-02-02T10:00,26.9,69,29.0,0.0,2,1014.0,14.4,22,66,426.0,26.3,0.173
Pahang,3.8126,103.3256,2026-02-02T11:00,28.3,57,29.1,0.0,3,1013.9,19.4,36,98,601.0,27.8,0.173
Pahang,3.8126,103.3256,2026-02-02T12:00,29.2,51,30.3,0.0,3,1013.6,21.2,39,96,801.0,29.5,0.172
Pahang,3.8126,103.3256,2026-02-02T13:00,29.5,49,30.3,0.0,3,1013.0,22.1,37,99,826.0,30.7,0.172
Pahang,3.8126,103.3256,2026-02-02T14:00,29.2,50,31.1,0.0,3,1012.2,20.4,39,93,965.0,32.0,0.176
Pahang,3.8126,103.3256,2026-02-02T15:00,29.8,49,31.4,0.0,3,1011.4,19.7,39,99,884.0,32.7,0.175
Pahang,3.8126,103.3256,2026-02-02T16:00,28.8,56,30.2,0.0,1,1010.5,20.0,45,27,719.0,32.8,0.174
Pahang,3.8126,103.3256,2026-02-02T17:00,28.2,57,28.7,0.0,0,1010.4,19.5,43,15,466.0,32.3,0.173
Pahang,3.8126,103.3256,2026-02-02T18:00,27.1,66,28.2,0.0,0,1010.4,20.0,42,6,369.0,31.7,0.173
Pahang,3.8126,103.3256,2026-02-02T19:00,26.0,72,27.4,0.0,0,1010.6,18.5,35,7,130.0,30.5,0.173
Pahang,3.8126,103.3256,2026-02-02T20:00,25.5,75,27.3,0.0,0,1011.8,17.4,39,16,4.0,29.2,0.171
Pahang,3.8126,103.3256,2026-02-02T21:00,25.4,75,27.1,0.0,1,1012.8,17.8,36,20,0.0,28.2,0.171
Pahang,3.8126,103.3256,2026-02-02T22:00,25.5,74,27.1,0.0,1,1013.4,16.6,29,43,0.0,27.6,0.171
Pahang,3.8126,103.3256,2026-02-02T23:00,25.4,73,27.1,0.0,3,1013.5,15.2,24,91,0.0,27.1,0.171
Pahang,3.8126,103.3256,2026-02-03T00:00,24.9,76,26.8,0.0,3,1013.6,14.5,17,100,0.0,26.6,0.171
Pahang,3.8126,103.3256,2026-02-03T01:00,24.4,79,26.6,0.0,3,1013.5,13.2,6,100,0.0,26.2,0.171
Pahang,3.8126,103.3256,2026-02-03T02:00,23.7,86,26.4,0.0,3,1013.2,12.8,2,95,0.0,25.7,0.171
Pahang,3.8126,103.3256,2026-02-03T03:00,23.5,87,26.1,0.0,1,1012.4,12.8,359,26,0.0,25.4,0.171
Pahang,3.8126,103.3256,2026-02-03T04:00,23.1,89,26.0,0.0,0,1012.2,11.7,351,14,0.0,25.0,0.171
Pahang,3.8126,103.3256,2026-02-03T05:00,22.6,91,25.5,0.0,1,1012.3,10.6,332,49,0.0,24.8,0.172
Pahang,3.8126,103.3256,2026-02-03T06:00,22.5,91,25.1,0.0,1,1012.4,11.4,345,37,0.0,24.5,0.172
Pahang,3.8126,103.3256,2026-02-03T07:00,22.4,90,24.9,0.0,1,1012.8,11.5,346,35,0.0,24.2,0.172
Pahang,3.8126,103.3256,2026-02-03T08:00,23.2,86,25.7,0.0,1,1013.5,11.5,2,48,20.0,24.1,0.17
Pahang,3.8126,103.3256,2026-02-03T09:00,25.0,77,27.3,0.1,51,1014.3,13.5,9,49,172.0,24.9,0.171
Pahang,3.8126,103.3256,2026-02-03T10:00,26.4,67,27.8,0.0,3,1014.8,16.6,21,100,351.0,26.0,0.171
Pahang,3.8126,103.3256,2026-02-03T11:00,28.0,59,29.1,0.0,3,1014.6,16.6,27,92,571.0,27.5,0.171
Pahang,3.8126,103.3256,2026-02-03T12:00,29.4,54,31.2,0.0,0,1014.3,18.7,34,19,799.0,29.4,0.171
Pahang,3.8126,103.3256,2026-02-03T13:00,29.6,52,31.4,0.0,1,1013.7,19.5,38,32,830.0,30.8,0.17
Pahang,3.8126,103.3256,2026-02-03T14:00,29.1,52,31.5,0.0,2,1013.3,17.7,42,79,949.0,32.2,0.17
Pahang,3.8126,103.3256,2026-02-03T15:00,29.6,51,31.7,0.0,2,1012.3,18.8,44,74,888.0,33.0,0.169
Pahang,3.8126,103.3256,2026-02-03T16:00,28.9,55,30.4,0.0,2,1011.5,17.6,43,73,695.0,33.2,0.169
Pahang,3.8126,103.3256,2026-02-03T17:00,28.6,55,29.5,0.0,2,1010.8,17.4,39,68,587.0,33.1,0.169
Pahang,3.8126,103.3256,2026-02-03T18:00,27.6,63,28.8,0.0,3,1010.5,17.7,35,96,364.0,32.3,0.169
Pahang,3.8126,103.3256,2026-02-03T19:00,26.5,70,28.3,0.0,1,1011.0,15.5,31,41,127.0,31.1,0.169
Pahang,3.8126,103.3256,2026-02-03T20:00,26.1,74,28.4,0.0,2,1011.8,14.6,18,69,4.0,29.9,0.174
Pahang,3.8126,103.3256,2026-02-03T21:00,25.5,77,28.1,0.0,1,1012.3,13.7,14,44,0.0,28.8,0.173
Pahang,3.8126,103.3256,2026-02-03T22:00,25.0,80,27.5,0.0,3,1013.1,13.7,4,81,0.0,28.0,0.173
Pahang,3.8126,103.3256,2026-02-03T23:00,24.5,81,26.9,0.0,3,1013.1,13.2,353,80,0.0,27.2,0.173
Pahang,3.8126,103.3256,2026-02-04T00:00,24.2,82,26.6,0.0,1,1013.3,12.7,353,35,0.0,26.6,0.173
Pahang,3.8126,103.3256,2026-02-04T01:00,23.9,83,26.4,0.0,1,1013.2,12.0,351,30,0.0,26.2,0.173
Pahang,3.8126,103.3256,2026-02-04T02:00,23.4,87,26.2,0.0,0,1012.7,11.6,345,16,0.0,26.0,0.172
Pahang,3.8126,103.3256,2026-02-04T03:00,23.1,89,25.9,0.0,0,1012.1,11.7,346,2,0.0,25.5,0.172
Pahang,3.8126,103.3256,2026-02-04T04:00,23.0,90,25.8,0.0,0,1011.6,12.1,348,13,0.0,25.2,0.172
Pahang,3.8126,103.3256,2026-02-04T05:00,23.0,89,25.8,0.0,1,1011.5,11.9,349,24,0.0,24.9,0.172
Pahang,3.8126,103.3256,2026-02-04T06:00,23.0,90,25.6,0.0,0,1011.5,12.3,349,9,0.0,24.7,0.172
Pahang,3.8126,103.3256,2026-02-04T07:00,22.8,90,25.4,0.0,0,1011.8,12.1,350,14,0.0,24.5,0.172
Pahang,3.8126,103.3256,2026-02-04T08:00,23.5,85,26.1,0.0,1,1012.7,12.5,356,23,21.0,24.5,0.173
Pahang,3.8126,103.3256,2026-02-04T09:00,25.6,78,28.1,0.0,2,1013.5,14.7,8,50,188.0,25.2,0.173
Pahang,3.8126,103.3256,2026-02-04T10:00,27.2,69,29.1,0.0,1,1014.0,17.8,16,48,404.0,26.5,0.173
Pahang,3.8126,103.3256,2026-02-04T11:00,28.4,66,30.5,0.2,51,1013.9,17.8,26,52,591.0,28.0,0.175
Pahang,3.8126,103.3256,2026-02-04T12:00,28.8,66,31.9,0.1,51,1013.6,17.2,28,78,700.0,29.5,0.176
Pahang,3.8126,103.3256,2026-02-04T13:00,28.2,65,30.7,0.1,51,1013.0,17.9,24,97,680.0,30.5,0.176
Pahang,3.8126,103.3256,2026-02-04T14:00,27.6,69,29.6,0.0,3,1012.3,19.3,21,100,603.0,31.0,0.18
Pahang,3.8126,103.3256,2026-02-04T15:00,26.2,77,28.9,0.1,51,1011.8,15.0,20,100,191.0,30.2,0.18
Pahang,3.8126,103.3256,2026-02-04T16:00,25.9,79,28.2,0.2,51,1011.2,17.2,20,100,193.0,29.5,0.182
Pahang,3.8126,103.3256,2026-02-04T17:00,25.8,79,28.2,0.1,51,1010.8,16.2,17,100,169.0,29.0,0.183
Pahang,3.8126,103.3256,2026-02-04T18:00,25.1,83,28.1,0.5,53,1010.8,13.6,11,100,73.0,28.1,0.188
Pahang,3.8126,103.3256,2026-02-04T19:00,24.8,86,28.0,0.1,51,1011.3,12.3,10,100,37.0,27.4,0.189
Pahang,3.8126,103.3256,2026-02-04T20:00,24.8,92,28.4,0.0,3,1011.6,13.6,7,98,2.0,27.2,0.2
Pahang,3.8126,103.3256,2026-02-04T21:00,24.4,93,28.2,0.0,3,1012.6,12.3,8,100,0.0,26.6,0.2
Pahang,3.8126,103.3256,2026-02-04T22:00,24.3,93,28.2,0.0,3,1013.1,11.5,360,100,0.0,26.2,0.2
Pahang,3.8126,103.3256,2026-02-04T23:00,24.0,94,28.0,0.0,3,1013.7,10.7,353,100,0.0,25.9,0.2
Pahang,3.8126,103.3256,2026-02-05T00:00,23.7,95,27.5,0.0,3,1013.5,11.3,342,98,0.0,25.5,0.201
Pahang,3.8126,103.3256,2026-02-05T01:00,23.5,96,27.4,0.0,3,1013.5,10.2,328,98,0.0,25.3,0.201
Pahang,3.8126,103.3256,2026-02-05T02:00,23.4,96,27.3,0.0,3,1012.8,9.7,335,100,0.0,25.7,0.198
Pahang,3.8126,103.3256,2026-02-05T03:00,23.5,95,27.3,1.0,55,1012.3,9.4,342,98,0.0,25.4,0.208
Pahang,3.8126,103.3256,2026-02-05T04:00,23.1,98,27.4,1.0,55,1011.9,7.8,352,98,0.0,24.9,0.221
Pahang,3.8126,103.3256,2026-02-05T05:00,23.3,97,27.5,0.1,51,1011.6,8.2,352,96,0.0,24.6,0.222
Pahang,3.8126,103.3256,2026-02-05T06:00,23.2,97,27.3,0.1,51,1011.7,9.0,359,91,0.0,24.4,0.223
Pahang,3.8126,103.3256,2026-02-05T07:00,23.1,97,26.9,0.0,3,1011.9,10.3,5,99,0.0,24.1,0.223
Pahang,3.8126,103.3256,2026-02-05T08:00,24.0,89,27.4,0.0,3,1012.5,10.5,3,90,18.0,25.0,0.199
Pahang,3.8126,103.3256,2026-02-05T09:00,25.3,84,28.9,0.0,3,1013.2,10.6,2,99,186.0,25.5,0.199
Pahang,3.8126,103.3256,2026-02-05T10:00,26.8,76,29.8,0.0,3,1013.8,14.2,16,100,399.0,26.5,0.198
Pahang,3.8126,103.3256,2026-02-05T11:00,28.0,70,30.8,0.0,2,1013.5,15.8,30,55,579.0,27.8,0.197
Pahang,3.8126,103.3256,2026-02-05T12:00,29.0,67,32.6,0.1,51,1012.7,16.6,34,100,747.0,29.2,0.195
Pahang,3.8126,103.3256,2026-02-05T13:00,29.0,67,32.4,0.1,51,1011.8,19.0,38,100,777.0,30.3,0.194
Pahang,3.8126,103.3256,2026-02-05T14:00,28.6,67,32.0,0.1,51,1011.1,20.1,40,100,831.0,31.2,0.195
Pahang,3.8126,103.3256,2026-02-05T15:00,29.2,63,32.0,0.0,3,1010.2,19.3,41,100,742.0,31.6,0.193
Pahang,3.8126,103.3256,2026-02-05T16:00,28.2,66,29.9,0.1,51,1009.7,19.7,40,100,485.0,31.4,0.193
Pahang,3.8126,103.3256,2026-02-05T17:00,27.8,69,29.5,0.0,3,1009.4,20.1,42,100,310.0,30.8,0.192
Pahang,3.8126,103.3256,2026-02-05T18:00,27.1,72,29.2,0.0,3,1009.5,17.6,41,98,218.0,30.1,0.191
Pahang,3.8126,103.3256,2026-02-05T19:00,26.5,75,28.9,0.0,2,1010.3,15.6,35,79,107.0,29.3,0.191
Pahang,3.8126,103.3256,2026-02-05T20:00,26.1,79,29.2,0.0,0,1011.1,13.4,36,11,3.0,28.8,0.187
Pahang,3.8126,103.3256,2026-02-05T21:00,25.8,80,28.8,0.0,2,1011.6,13.8,27,70,0.0,28.0,0.186
Pahang,3.8126,103.3256,2026-02-05T22:00,25.6,80,28.7,0.0,3,1012.5,12.1,25,88,0.0,27.4,0.186
Pahang,3.8126,103.3256,2026-02-05T23:00,25.4,81,28.6,0.0,3,1012.7,11.1,23,91,0.0,26.9,0.186
Pahang,3.8126,103.3256,2026-02-06T00:00,24.8,84,28.3,0.0,1,1012.8,9.7,2,28,0.0,26.4,0.186
Pahang,3.8126,103.3256,2026-02-06T01:00,24.4,87,27.8,0.0,2,1012.6,10.6,358,77,0.0,26.0,0.186
Pahang,3.8126,103.3256,2026-02-06T02:00,24.5,87,28.0,0.0,3,1012.0,10.1,2,97,0.0,26.0,0.184
Pahang,3.8126,103.3256,2026-02-06T03:00,24.0,90,27.6,0.0,1,1011.5,9.7,357,44,0.0,25.6,0.184
Pahang,3.8126,103.3256,2026-02-06T04:00,23.7,92,27.6,0.0,3,1011.3,8.4,350,99,0.0,25.3,0.184
Pahang,3.8126,103.3256,2026-02-06T05:00,23.5,93,27.3,0.0,3,1011.1,8.7,347,98,0.0,25.0,0.184
Pahang,3.8126,103.3256,2026-02-06T06:00,23.0,94,26.7,0.0,3,1011.3,8.6,330,100,0.0,24.8,0.184
Pahang,3.8126,103.3256,2026-02-06T07:00,22.6,95,26.3,0.0,3,1011.4,7.9,327,100,0.0,24.5,0.184
Pahang,3.8126,103.3256,2026-02-06T08:00,23.3,90,26.7,0.0,3,1011.9,8.8,340,98,20.0,24.6,0.184
Pahang,3.8126,103.3256,2026-02-06T09:00,25.4,81,29.2,0.0,3,1012.9,7.4,353,100,176.0,25.2,0.184
Pahang,3.8126,103.3256,2026-02-06T10:00,27.4,72,30.8,0.0,3,1013.5,10.6,21,100,383.0,26.6,0.183
Pahang,3.8126,103.3256,2026-02-06T11:00,28.8,65,32.0,0.0,3,1013.6,10.8,28,99,579.0,28.2,0.182
Pahang,3.8126,103.3256,2026-02-06T12:00,29.9,61,34.5,0.0,3,1013.0,8.9,43,99,757.0,30.0,0.18
Pahang,3.8126,103.3256,2026-02-06T13:00,30.4,59,35.5,0.0,3,1012.1,10.7,60,100,890.0,31.8,0.179
Pahang,3.8126,103.3256,2026-02-06T14:00,29.6,59,33.7,0.1,51,1011.2,13.1,71,100,844.0,32.8,0.181
Pahang,3.8126,103.3256,2026-02-06T15:00,29.0,61,32.6,0.9,53,1010.0,13.5,52,97,769.0,32.9,0.189
Pahang,3.8126,103.3256,2026-02-06T16:00,28.9,61,31.3,0.3,51,1009.0,13.3,72,89,584.0,32.7,0.191
Pahang,3.8126,103.3256,2026-02-06T17:00,28.7,64,31.9,0.0,3,1009.1,9.6,73,100,568.0,32.6,0.189
Pahang,3.8126,103.3256,2026-02-06T18:00,28.1,67,31.8,0.0,3,1009.4,6.1,58,100,321.0,32.0,0.188
Pahang,3.8126,103.3256,2026-02-06T19:00,27.4,70,31.3,0.0,3,1009.9,4.8,22,100,109.0,31.0,0.188
Pahang,3.8126,103.3256,2026-02-06T20:00,25.6,80,29.5,0.0,3,1010.5,7.0,282,100,4.0,29.6,0.185
Pahang,3.8126,103.3256,2026-02-06T21:00,25.1,83,29.2,0.0,3,1011.5,5.9,270,100,0.0,28.6,0.185
Pahang,3.8126,103.3256,2026-02-06T22:00,25.0,86,29.5,0.0,3,1012.0,3.6,270,100,0.0,27.9,0.185
Pahang,3.8126,103.3256,2026-02-06T23:00,24.8,89,29.4,0.0,3,1012.2,5.0,308,100,0.0,27.3,0.184
Pahang,3.8126,103.3256,2026-02-07T00:00,24.5,91,29.3,0.0,3,1011.9,4.5,307,100,0.0,26.8,0.184
Pahang,3.8126,103.3256,2026-02-07T01:00,24.3,91,29.1,0.0,3,1011.3,3.9,304,100,0.0,26.4,0.184
Pahang,3.8126,103.3256,2026-02-07T02:00,24.0,90,28.5,0.0,3,1010.9,3.9,323,100,0.0,26.0,0.181
Pahang,3.8126,103.3256,2026-02-07T03:00,23.9,90,28.2,0.0,3,1010.5,4.0,342,100,0.0,25.6,0.181
Pahang,3.8126,103.3256,2026-02-07T04:00,23.7,90,27.9,0.0,3,1010.2,4.5,2,93,0.0,25.3,0.181
Pahang,3.8126,103.3256,2026-02-07T05:00,23.6,90,27.7,0.0,3,1010.1,4.8,345,98,0.0,25.0,0.181
Pahang,3.8126,103.3256,2026-02-07T06:00,23.4,90,27.2,0.0,3,1010.4,6.8,335,100,0.0,24.8,0.181
Pahang,3.8126,103.3256,2026-02-07T07:00,23.2,91,26.9,0.0,3,1010.7,7.2,328,100,0.0,24.6,0.181
Pahang,3.8126,103.3256,2026-02-07T08:00,23.6,92,27.5,0.0,3,1011.3,8.1,339,100,15.0,24.5,0.182
Pahang,3.8126,103.3256,2026-02-07T09:00,25.2,85,29.5,0.0,3,1012.0,6.9,351,100,137.0,25.2,0.182
Pahang,3.8126,103.3256,2026-02-07T10:00,27.0,78,31.0,0.0,2,1012.3,9.1,22,57,332.0,26.5,0.181
Pahang,3.8126,103.3256,2026-02-07T11:00,28.8,66,32.5,0.0,3,1012.2,9.7,42,100,615.0,28.2,0.18
Pahang,3.8126,103.3256,2026-02-07T12:00,29.7,60,33.7,0.0,3,1011.7,10.7,49,97,755.0,30.0,0.179
Pahang,3.8126,103.3256,2026-02-07T13:00,30.1,58,34.4,0.0,3,1010.8,12.4,50,88,863.0,31.6,0.178
Pahang,3.8126,103.3256,2026-02-07T14:00,30.0,58,34.1,0.1,51,1010.1,13.4,64,54,875.0,32.8,0.177
Pahang,3.8126,103.3256,2026-02-07T15:00,30.1,58,33.7,0.0,1,1008.9,15.0,66,40,823.0,33.5,0.176
Pahang,3.8126,103.3256,2026-02-07T16:00,29.8,60,32.9,0.0,2,1008.0,15.6,61,72,734.0,33.8,0.175
Pahang,3.8126,103.3256,2026-02-07T17:00,29.0,67,31.7,0.0,2,1007.6,16.1,54,75,578.0,33.7,0.174
Pahang,3.8126,103.3256,2026-02-07T18:00,27.9,73,30.9,0.0,3,1007.5,15.3,51,100,303.0,32.7,0.174
Pahang,3.8126,103.3256,2026-02-07T19:00,27.0,79,30.4,0.0,3,1008.1,14.4,50,100,75.0,31.4,0.174
Pahang,3.8126,103.3256,2026-02-07T20:00,26.7,79,30.3,0.0,3,1009.1,12.3,55,100,3.0,30.0,0.177
Pahang,3.8126,103.3256,2026-02-07T21:00,26.4,80,30.1,0.0,1,1010.2,11.4,59,38,0.0,29.1,0.177
Pahang,3.8126,103.3256,2026-02-07T22:00,26.3,79,29.9,0.0,0,1011.0,11.0,58,6,0.0,28.4,0.177
Pahang,3.8126,103.3256,2026-02-07T23:00,25.9,81,29.7,0.0,0,1011.4,8.8,46,3,0.0,27.8,0.177
Pahang,3.8126,103.3256,2026-02-08T00:00,25.2,85,29.5,0.0,0,1011.1,6.8,32,9,0.0,27.1,0.177
Pahang,3.8126,103.3256,2026-02-08T01:00,24.9,87,29.0,0.0,1,1011.0,7.8,34,20,0.0,26.6,0.177
Pahang,3.8126,103.3256,2026-02-08T02:00,25.0,86,29.2,0.0,1,1010.5,6.4,40,25,0.0,26.7,0.174
Pahang,3.8126,103.3256,2026-02-08T03:00,24.5,88,28.9,0.0,1,1009.5,5.2,22,24,0.0,26.2,0.174
Pahang,3.8126,103.3256,2026-02-08T04:00,24.0,91,28.5,0.1,51,1009.6,5.1,23,86,0.0,25.9,0.175
Pahang,3.8126,103.3256,2026-02-08T05:00,24.0,90,28.2,0.1,51,1009.9,5.3,33,52,0.0,25.5,0.176
Pahang,3.8126,103.3256,2026-02-08T06:00,23.9,90,27.9,0.0,0,1010.4,6.9,31,17,0.0,25.2,0.176
Pahang,3.8126,103.3256,2026-02-08T07:00,24.0,88,27.6,0.0,0,1011.0,8.4,28,18,0.0,25.0,0.176
Pahang,3.8126,103.3256,2026-02-08T08:00,23.8,93,27.9,0.0,3,1011.7,7.5,17,92,21.0,24.9,0.177
Pahang,3.8126,103.3256,2026-02-08T09:00,26.0,80,30.0,0.0,3,1012.4,7.9,27,99,190.0,25.6,0.176
Pahang,3.8126,103.3256,2026-02-08T10:00,27.8,68,30.4,0.2,51,1012.9,13.7,58,97,423.0,27.0,0.178
Pahang,3.8126,103.3256,2026-02-08T11:00,28.5,64,30.9,0.1,51,1012.7,14.5,62,91,553.0,28.5,0.178
Pahang,3.8126,103.3256,2026-02-08T12:00,29.5,60,32.8,0.0,2,1012.0,16.1,62,58,811.0,30.2,0.177
Pahang,3.8126,103.3256,2026-02-08T13:00,29.4,61,32.6,0.0,2,1011.2,17.8,60,69,834.0,31.5,0.177
Pahang,3.8126,103.3256,2026-02-08T14:00,29.1,61,32.8,0.1,51,1010.4,16.8,65,51,899.0,32.5,0.177
Pahang,3.8126,103.3256,2026-02-08T15:00,29.2,62,32.3,0.1,51,1009.5,18.8,63,38,839.0,33.1,0.177
Pahang,3.8126,103.3256,2026-02-08T16:00,28.8,63,30.9,0.0,1,1008.9,20.6,60,23,716.0,33.2,0.176
Pahang,3.8126,103.3256,2026-02-08T17:00,28.1,61,28.9,0.0,1,1008.7,21.2,54,30,527.0,32.8,0.175
Pahang,3.8126,103.3256,2026-02-08T18:00,27.4,65,28.4,0.0,1,1009.0,20.7,45,27,334.0,32.0,0.175
Pahang,3.8126,103.3256,2026-02-08T19:00,26.5,72,28.1,0.0,2,1009.5,18.8,38,59,120.0,30.8,0.174
Pahang,3.8126,103.3256,2026-02-08T20:00,26.2,76,28.4,0.0,1,1010.0,17.9,34,40,4.0,29.9,0.171
Pahang,3.8126,103.3256,2026-02-08T21:00,25.9,78,28.0,0.0,0,1010.4,18.7,30,16,0.0,29.0,0.171
Pahang,3.8126,103.3256,2026-02-08T22:00,25.6,80,28.1,0.0,1,1011.2,16.5,24,29,0.0,28.2,0.171
Pahang,3.8126,103.3256,2026-02-08T23:00,25.2,82,27.7,0.0,1,1011.6,16.4,23,29,0.0,27.5,0.171
Pahang,3.8126,103.3256,2026-02-09T00:00,25.1,82,27.8,0.0,3,1011.7,15.4,21,98,0.0,27.0,0.171
Pahang,3.8126,103.3256,2026-02-09T01:00,24.7,84,27.6,0.0,3,1011.7,13.5,10,98,0.0,26.6,0.171
Pahang,3.8126,103.3256,2026-02-09T02:00,24.8,80,27.2,0.0,1,1011.0,13.8,15,41,0.0,26.5,0.168
Pahang,3.8126,103.3256,2026-02-09T03:00,24.4,81,26.9,0.0,1,1010.3,12.8,10,47,0.0,26.1,0.168
Pahang,3.8126,103.3256,2026-02-09T04:00,23.9,84,26.6,0.0,0,1009.7,12.1,1,7,0.0,25.8,0.168
Pahang,3.8126,103.3256,2026-02-09T05:00,23.4,87,26.3,0.0,0,1009.5,10.9,352,8,0.0,25.4,0.168
Pahang,3.8126,103.3256,2026-02-09T06:00,23.0,89,25.8,0.0,1,1009.7,11.8,351,34,0.0,25.0,0.168
Pahang,3.8126,103.3256,2026-02-09T07:00,23.0,88,25.6,0.0,1,1010.4,11.4,355,28,0.0,24.8,0.168
Pahang,3.8126,103.3256,2026-02-09T08:00,23.4,87,25.8,0.0,1,1010.9,13.5,351,41,22.0,24.5,0.169
Pahang,3.8126,103.3256,2026-02-09T09:00,25.2,78,27.8,0.0,1,1011.5,12.9,354,49,197.0,25.3,0.169
Pahang,3.8126,103.3256,2026-02-09T10:00,27.1,68,28.9,0.2,51,1011.9,17.2,21,41,440.0,26.7,0.171
Pahang,3.8126,103.3256,2026-02-09T11:00,28.5,60,29.9,0.1,51,1011.7,18.0,33,42,590.0,28.2,0.172
Pahang,3.8126,103.3256,2026-02-09T12:00,29.5,55,31.4,0.0,2,1011.4,18.6,38,63,745.0,29.9,0.171
Pahang,3.8126,103.3256,2026-02-09T13:00,30.1,52,32.4,0.0,3,1010.6,18.1,40,98,827.0,31.4,0.171
Pahang,3.8126,103.3256,2026-02-09T14:00,30.2,49,32.1,0.0,1,1009.9,19.6,39,27,879.0,32.6,0.17
Pahang,3.8126,103.3256,2026-02-09T15:00,30.2,50,32.0,0.0,2,1009.3,19.9,41,59,838.0,33.4,0.17
Pahang,3.8126,103.3256,2026-02-09T16:00,29.9,51,31.5,0.0,0,1008.7,19.1,41,7,766.0,33.8,0.169
Pahang,3.8126,103.3256,2026-02-09T17:00,29.1,56,30.1,0.0,1,1008.7,19.5,44,21,589.0,33.7,0.169
Pahang,3.8126,103.3256,2026-02-09T18:00,27.9,64,29.3,0.0,0,1008.7,18.9,41,12,378.0,32.8,0.169
Pahang,3.8126,103.3256,2026-02-09T19:00,27.0,68,28.6,0.0,1,1009.2,17.5,35,23,133.0,31.6,0.169
Pahang,3.8126,103.3256,2026-02-09T20:00,26.3,73,28.1,0.0,3,1010.3,17.8,34,100,4.0,30.2,0.164
Pahang,3.8126,103.3256,2026-02-09T21:00,25.5,80,27.7,0.0,3,1011.2,17.8,26,100,0.0,29.2,0.164
Pahang,3.8126,103.3256,2026-02-09T22:00,25.1,83,27.6,0.0,3,1011.6,16.7,17,88,0.0,28.4,0.164
Pahang,3.8126,103.3256,2026-02-09T23:00,24.9,83,27.5,0.0,0,1011.7,14.6,9,19,0.0,27.6,0.164
Pahang,3.8126,103.3256,2026-02-10T00:00,24.5,84,27.3,0.0,1,1011.7,12.6,1,21,0.0,27.1,0.164
Pahang,3.8126,103.3256,2026-02-10T01:00,24.1,85,27.1,0.0,0,1011.6,11.2,354,11,0.0,26.6,0.164
Pahang,3.8126,103.3256,2026-02-10T02:00,23.5,88,26.7,0.0,1,1010.9,10.0,342,29,0.0,26.8,0.159
Pahang,3.8126,103.3256,2026-02-10T03:00,23.5,88,26.6,0.0,1,1010.4,10.6,337,23,0.0,26.2,0.159
Pahang,3.8126,103.3256,2026-02-10T04:00,23.4,89,26.4,0.0,1,1010.2,10.5,344,33,0.0,25.8,0.16
Pahang,3.8126,103.3256,2026-02-10T05:00,23.1,90,26.2,0.0,1,1010.0,10.4,343,20,0.0,25.5,0.16
Pahang,3.8126,103.3256,2026-02-10T06:00,23.0,90,26.0,0.0,1,1010.2,10.8,345,24,0.0,25.1,0.16
Pahang,3.8126,103.3256,2026-02-10T07:00,23.0,90,25.9,0.0,0,1010.9,10.9,351,4,0.0,24.9,0.16
Pahang,3.8126,103.3256,2026-02-10T08:00,23.8,85,26.4,0.0,1,1011.4,12.6,357,32,21.0,25.4,0.158
Pahang,3.8126,103.3256,2026-02-10T09:00,25.4,78,28.2,0.0,1,1012.4,10.9,351,30,183.0,26.0,0.158
Pahang,3.8126,103.3256,2026-02-10T10:00,27.4,67,29.6,0.0,1,1012.6,14.1,10,43,405.0,27.2,0.158
Pahang,3.8126,103.3256,2026-02-10T11:00,29.0,61,31.1,0.0,1,1012.4,15.3,25,46,574.0,28.9,0.158
Pahang,3.8126,103.3256,2026-02-10T12:00,30.0,57,32.6,0.1,51,1011.8,17.9,36,23,743.0,30.6,0.158
Pahang,3.8126,103.3256,2026-02-10T13:00,30.5,56,33.4,0.1,51,1010.8,20.1,39,87,882.0,32.2,0.16
Pahang,3.8126,103.3256,2026-02-10T14:00,29.6,58,31.9,0.1,51,1010.6,23.7,36,99,886.0,33.4,0.162
Pahang,3.8126,103.3256,2026-02-10T15:00,30.4,56,32.8,0.0,3,1009.6,21.1,40,100,825.0,34.0,0.162
Pahang,3.8126,103.3256,2026-02-10T16:00,30.5,55,32.5,0.0,3,1009.1,21.0,43,100,769.0,34.5,0.162
Pahang,3.8126,103.3256,2026-02-10T17:00,29.0,65,31.0,0.0,3,1008.8,20.5,43,100,585.0,34.2,0.162
Pahang,3.8126,103.3256,2026-02-10T18:00,28.1,68,29.9,0.0,3,1009.2,20.6,34,100,344.0,33.3,0.162
Pahang,3.8126,103.3256,2026-02-10T19:00,27.3,72,29.2,0.0,3,1009.6,19.7,27,100,124.0,32.0,0.162
Pahang,3.8126,103.3256,2026-02-10T20:00,26.7,75,29.3,0.0,3,1010.2,15.4,24,100,4.0,31.0,0.151
Pahang,3.8126,103.3256,2026-02-10T21:00,26.5,76,29.1,0.0,3,1010.9,16.0,19,100,0.0,30.0,0.151
Pahang,3.8126,103.3256,2026-02-10T22:00,26.1,79,28.8,0.0,3,1011.8,15.9,12,100,0.0,29.1,0.151
Pahang,3.8126,103.3256,2026-02-10T23:00,25.6,81,28.6,0.0,3,1012.1,14.1,4,100,0.0,28.4,0.151
Pahang,3.8126,103.3256,2026-02-11T00:00,25.4,82,28.2,0.0,3,1012.2,14.1,3,100,0.0,27.9,0.151
Pahang,3.8126,103.3256,2026-02-11T01:00,25.2,82,28.1,0.0,3,1012.3,13.7,356,100,0.0,27.4,0.151
Pahang,3.8126,103.3256,2026-02-11T02:00,24.8,85,27.6,0.0,3,1011.8,14.6,356,99,0.0,26.9,0.153
Pahang,3.8126,103.3256,2026-02-11T03:00,24.2,88,27.0,0.3,51,1011.4,14.5,348,99,0.0,26.5,0.156
Pahang,3.8126,103.3256,2026-02-11T04:00,23.0,96,26.0,1.9,61,1011.1,15.4,350,100,0.0,25.9,0.178
Pahang,3.8126,103.3256,2026-02-11T05:00,23.0,97,26.0,4.4,63,1010.7,15.4,342,100,0.0,25.2,0.24
Pahang,3.8126,103.3256,2026-02-11T06:00,23.4,95,26.9,1.5,61,1011.1,11.2,339,100,0.0,24.9,0.259
Pahang,3.8126,103.3256,2026-02-11T07:00,23.4,95,26.7,0.3,51,1011.5,12.9,347,98,0.0,24.6,0.263
Pahang,3.8126,103.3256,2026-02-11T08:00,24.5,83,27.5,0.0,2,1011.8,11.5,359,68,14.0,25.9,0.15
Pahang,3.8126,103.3256,2026-02-11T09:00,26.2,76,29.1,0.0,3,1012.8,11.8,352,84,175.0,26.5,0.15
Pahang,3.8126,103.3256,2026-02-11T10:00,27.5,72,30.2,0.1,51,1013.3,14.8,6,96,303.0,27.5,0.151
Pahang,3.8126,103.3256,2026-02-11T11:00,27.8,71,30.0,0.3,51,1013.4,18.3,23,100,336.0,28.4,0.154
Pahang,3.8126,103.3256,2026-02-11T12:00,27.2,77,30.4,0.1,51,1013.0,15.6,30,75,353.0,29.0,0.155
Pahang,3.8126,103.3256,2026-02-11T13:00,28.8,67,31.2,0.1,51,1012.0,18.9,38,81,601.0,30.2,0.155
Pahang,3.8126,103.3256,2026-02-11T14:00,28.9,66,31.6,0.1,51,1011.4,20.6,43,27,724.0,31.5,0.169
Pahang,3.8126,103.3256,2026-02-11T15:00,29.1,63,31.5,0.1,51,1010.1,20.2,41,24,710.0,32.2,0.17
Pahang,3.8126,103.3256,2026-02-11T16:00,29.3,59,31.4,0.0,0,1009.3,20.0,46,8,737.0,32.8,0.17
Pahang,3.8126,103.3256,2026-02-11T17:00,28.5,63,29.9,0.0,0,1009.2,19.9,45,13,568.0,32.8,0.169
Pahang,3.8126,103.3256,2026-02-11T18:00,27.8,67,29.6,0.0,0,1009.4,18.0,44,16,362.0,32.2,0.169
Pahang,3.8126,103.3256,2026-02-11T19:00,26.8,73,28.9,0.0,1,1009.8,17.3,42,26,131.0,31.1,0.169
Pahang,3.8126,103.3256,2026-02-11T20:00,26.5,73,29.0,0.0,1,1010.1,13.3,27,47,4.0,30.0,0.168
Pahang,3.8126,103.3256,2026-02-11T21:00,26.1,76,28.8,0.0,2,1011.0,12.9,28,57,0.0,29.0,0.168
Pahang,3.8126,103.3256,2026-02-11T22:00,25.8,77,28.4,0.0,1,1012.0,13.2,20,27,0.0,28.3,0.168
Pahang,3.8126,103.3256,2026-02-11T23:00,25.4,79,28.1,0.0,3,1012.4,12.4,17,85,0.0,27.7,0.168
Pahang,3.8126,103.3256,2026-02-12T00:00,25.0,80,27.9,0.0,1,1012.2,11.5,17,36,0.0,27.1,0.168
Pahang,3.8126,103.3256,2026-02-12T01:00,24.4,83,27.6,0.0,3,1012.3,9.7,360,96,0.0,26.6,0.168
Pahang,3.8126,103.3256,2026-02-12T02:00,24.0,87,27.4,0.0,3,1012.0,10.2,351,100,0.0,26.5,0.167
Pahang,3.8126,103.3256,2026-02-12T03:00,23.4,90,26.7,0.0,3,1011.2,9.9,345,100,0.0,26.0,0.167
Pahang,3.8126,103.3256,2026-02-12T04:00,23.0,92,26.2,0.0,3,1010.7,9.5,331,96,0.0,25.5,0.167
Pahang,3.8126,103.3256,2026-02-12T05:00,22.9,91,25.9,0.0,3,1010.7,10.1,335,95,0.0,25.1,0.168
Pahang,3.8126,103.3256,2026-02-12T06:00,22.9,91,25.9,0.0,1,1011.0,10.7,340,41,0.0,25.0,0.168
Pahang,3.8126,103.3256,2026-02-12T07:00,22.7,93,25.8,0.0,3,1011.0,11.1,344,84,0.0,24.8,0.168
Pahang,3.8126,103.3256,2026-02-12T08:00,23.9,84,26.5,0.0,2,1011.5,12.3,339,77,16.0,25.0,0.167
Pahang,3.8126,103.3256,2026-02-12T09:00,25.5,76,28.2,0.0,3,1012.2,10.6,351,98,166.0,25.6,0.167
Pahang,3.8126,103.3256,2026-02-12T10:00,27.2,67,29.7,0.0,3,1013.1,11.4,7,97,311.0,26.8,0.167
Pahang,3.8126,103.3256,2026-02-12T11:00,29.0,61,31.5,0.0,3,1012.9,11.9,15,100,566.0,28.7,0.167
Pahang,3.8126,103.3256,2026-02-12T12:00,29.4,60,31.9,0.0,3,1012.7,14.0,32,100,596.0,30.2,0.167
Pahang,3.8126,103.3256,2026-02-12T13:00,28.9,62,31.0,0.0,3,1011.8,14.3,35,100,510.0,31.0,0.167
Pahang,3.8126,103.3256,2026-02-12T14:00,28.0,67,30.6,0.1,51,1011.2,14.1,30,100,308.0,31.0,0.169
Pahang,3.8126,103.3256,2026-02-12T15:00,29.1,64,32.2,0.1,51,1010.2,12.5,43,100,582.0,31.9,0.169
Pahang,3.8126,103.3256,2026-02-12T16:00,28.2,64,30.4,0.5,53,1009.1,14.8,30,100,497.0,32.0,0.174
Pahang,3.8126,103.3256,2026-02-12T17:00,27.7,71,30.2,0.2,51,1008.9,15.9,18,100,373.0,31.5,0.176
Pahang,3.8126,103.3256,2026-02-12T18:00,27.4,73,30.4,0.0,3,1009.0,13.0,14,100,232.0,30.9,0.175
Pahang,3.8126,103.3256,2026-02-12T19:00,26.3,77,29.3,0.0,3,1009.4,12.9,16,100,73.0,30.0,0.175
Pahang,3.8126,103.3256,2026-02-12T20:00,25.8,83,29.3,0.3,51,1010.1,12.4,19,100,2.0,28.9,0.167
Pahang,3.8126,103.3256,2026-02-12T21:00,25.7,84,29.4,0.0,3,1010.7,11.4,15,100,0.0,28.2,0.167
Pahang,3.8126,103.3256,2026-02-12T22:00,25.7,84,29.5,0.0,3,1011.3,10.9,7,100,0.0,27.8,0.167
Pahang,3.8126,103.3256,2026-02-12T23:00,25.3,87,29.2,0.1,51,1011.8,10.8,359,100,0.0,27.4,0.168
Pahang,3.8126,103.3256,2026-02-13T00:00,25.0,88,28.9,0.0,3,1011.7,10.6,360,100,0.0,27.0,0.168
Pahang,3.8126,103.3256,2026-02-13T01:00,24.8,89,28.6,0.0,3,1011.3,10.7,351,100,0.0,26.6,0.168
Pahang,3.8126,103.3256,2026-02-13T02:00,25.0,89,28.7,0.1,51,1010.3,12.8,359,100,0.0,27.0,0.165
Pahang,3.8126,103.3256,2026-02-13T03:00,23.9,96,27.8,3.7,63,1009.9,12.1,350,98,0.0,26.2,0.212
Pahang,3.8126,103.3256,2026-02-13T04:00,23.8,96,27.8,1.3,61,1009.5,10.9,9,99,0.0,25.7,0.23
Pahang,3.8126,103.3256,2026-02-13T05:00,23.8,98,28.3,0.8,53,1009.2,7.9,4,100,0.0,25.3,0.241
Pahang,3.8126,103.3256,2026-02-13T06:00,23.9,96,28.2,0.3,51,1009.2,9.4,352,98,0.0,25.0,0.245
Pahang,3.8126,103.3256,2026-02-13T07:00,23.7,97,27.8,0.1,51,1009.2,10.5,357,89,0.0,24.9,0.246
Pahang,3.8126,103.3256,2026-02-13T08:00,24.4,91,28.4,0.0,3,1009.7,9.5,349,83,19.0,25.8,0.173
Pahang,3.8126,103.3256,2026-02-13T09:00,26.1,83,30.5,0.0,3,1010.3,8.0,342,98,199.0,26.5,0.173
Pahang,3.8126,103.3256,2026-02-13T10:00,27.4,76,31.5,0.0,3,1011.0,8.5,2,88,285.0,27.4,0.173
Pahang,3.8126,103.3256,2026-02-13T11:00,28.6,68,32.4,0.0,2,1010.9,8.8,26,55,436.0,28.7,0.173
Pahang,3.8126,103.3256,2026-02-13T12:00,30.2,60,34.4,0.1,51,1010.5,11.7,43,40,777.0,30.8,0.173
Pahang,3.8126,103.3256,2026-02-13T13:00,30.6,58,34.6,0.1,51,1009.7,14.1,52,97,814.0,32.3,0.173
Pahang,3.8126,103.3256,2026-02-13T14:00,29.3,60,32.6,0.2,51,1009.3,14.3,56,95,749.0,33.1,0.172
Pahang,3.8126,103.3256,2026-02-13T15:00,29.6,64,33.7,0.5,53,1008.4,11.5,58,100,684.0,33.4,0.177
Pahang,3.8126,103.3256,2026-02-13T16:00,29.3,65,32.3,0.0,3,1007.5,13.0,57,100,549.0,33.5,0.176
Pahang,3.8126,103.3256,2026-02-13T17:00,29.0,67,31.7,0.0,3,1007.4,16.7,55,100,524.0,33.4,0.175
Pahang,3.8126,103.3256,2026-02-13T18:00,28.2,70,31.1,0.0,3,1007.5,14.8,49,99,287.0,32.5,0.175
Pahang,3.8126,103.3256,2026-02-13T19:00,27.3,76,30.6,0.0,3,1008.4,14.0,44,100,113.0,31.5,0.174
Pahang,3.8126,103.3256,2026-02-13T20:00,27.2,76,30.1,0.0,3,1008.8,16.2,46,100,4.0,30.8,0.163
Pahang,3.8126,103.3256,2026-02-13T21:00,26.9,80,30.5,0.0,3,1009.5,13.5,44,100,0.0,29.8,0.163
Pahang,3.8126,103.3256,2026-02-13T22:00,26.4,83,30.1,0.0,3,1010.3,13.5,41,100,0.0,29.0,0.163
Pahang,3.8126,103.3256,2026-02-13T23:00,26.2,84,30.0,0.0,3,1010.8,13.5,36,100,0.0,28.4,0.163
Pahang,3.8126,103.3256,2026-02-14T00:00,25.9,86,29.8,0.0,3,1010.7,12.8,19,100,0.0,27.9,0.163
Pahang,3.8126,103.3256,2026-02-14T01:00,25.4,89,29.4,0.0,3,1010.3,11.4,5,100,0.0,27.5,0.163
Pahang,3.8126,103.3256,2026-02-14T02:00,25.4,88,29.1,0.0,3,1009.8,12.9,12,100,0.0,27.5,0.16
Pahang,3.8126,103.3256,2026-02-14T03:00,25.0,88,28.6,0.0,3,1009.0,12.5,7,100,0.0,27.1,0.16
Pahang,3.8126,103.3256,2026-02-14T04:00,24.5,89,28.2,0.0,3,1008.5,11.5,357,100,0.0,26.7,0.16
Pahang,3.8126,103.3256,2026-02-14T05:00,24.2,91,28.1,0.0,3,1008.1,9.7,350,100,0.0,26.4,0.16
Pahang,3.8126,103.3256,2026-02-14T06:00,24.0,91,27.8,0.0,3,1008.5,9.4,347,100,0.0,26.0,0.16
Pahang,3.8126,103.3256,2026-02-14T07:00,23.9,90,27.5,0.0,3,1008.9,9.2,356,100,0.0,25.8,0.16
Pahang,3.8126,103.3256,2026-02-14T08:00,24.8,87,28.6,0.0,3,1009.3,9.6,5,100,18.0,26.4,0.159
Pahang,3.8126,103.3256,2026-02-14T09:00,26.6,78,29.8,0.1,51,1010.2,12.8,11,100,163.0,26.9,0.16
Pahang,3.8126,103.3256,2026-02-14T10:00,27.8,70,30.7,0.1,51,1010.7,13.2,22,100,307.0,27.8,0.161
Pahang,3.8126,103.3256,2026-02-14T11:00,29.1,64,31.7,0.1,51,1010.6,14.9,41,100,499.0,29.2,0.162
Pahang,3.8126,103.3256,2026-02-14T12:00,30.0,61,33.3,0.2,51,1010.3,15.5,48,99,726.0,30.9,0.164
Pahang,3.8126,103.3256,2026-02-14T13:00,30.2,60,34.1,0.2,51,1009.2,15.9,55,95,837.0,32.5,0.166
Pahang,3.8126,103.3256,2026-02-14T14:00,29.3,64,33.4,0.1,51,1008.7,17.0,48,65,895.0,33.8,0.166
Pahang,3.8126,103.3256,2026-02-14T15:00,29.9,62,33.7,0.1,51,1007.6,18.0,51,20,875.0,34.6,0.167
Pahang,3.8126,103.3256,2026-02-14T16:00,29.5,64,32.6,0.0,0,1006.5,19.5,51,5,762.0,34.8,0.167
Pahang,3.8126,103.3256,2026-02-14T17:00,28.7,68,30.9,0.0,0,1006.3,20.2,45,12,583.0,34.5,0.168
Pahang,3.8126,103.3256,2026-02-14T18:00,28.1,71,30.4,0.1,51,1006.6,18.6,38,32,354.0,33.5,0.169
Pahang,3.8126,103.3256,2026-02-14T19:00,27.0,77,29.8,0.0,3,1006.9,16.5,33,100,129.0,32.2,0.168
Pahang,3.8126,103.3256,2026-02-14T20:00,26.8,81,30.1,0.0,3,1008.1,15.5,28,98,4.0,30.5,0.169
Pahang,3.8126,103.3256,2026-02-14T21:00,26.5,81,29.6,0.0,3,1008.4,16.8,27,95,0.0,29.5,0.169
Pahang,3.8126,103.3256,2026-02-14T22:00,26.3,81,29.6,0.0,3,1009.1,14.1,17,100,0.0,28.9,0.169
Pahang,3.8126,103.3256,2026-02-14T23:00,26.2,81,29.7,0.0,3,1009.8,12.3,10,100,0.0,28.4,0.169
Pahang,3.8126,103.3256,2026-02-15T00:00,25.8,83,29.5,0.0,3,1010.1,10.8,358,100,0.0,28.0,0.169
Pahang,3.8126,103.3256,2026-02-15T01:00,25.4,84,29.1,0.0,3,1010.0,10.3,349,100,0.0,27.5,0.169
Pahang,3.8126,103.3256,2026-02-15T02:00,25.4,88,29.5,0.1,51,1009.2,10.3,19,100,0.0,27.9,0.167
Pahang,3.8126,103.3256,2026-02-15T03:00,25.1,89,29.3,0.2,51,1008.7,10.2,7,100,0.0,27.4,0.17
Pahang,3.8126,103.3256,2026-02-15T04:00,24.9,91,29.0,0.2,51,1007.7,10.5,3,100,0.0,26.9,0.172
Pahang,3.8126,103.3256,2026-02-15T05:00,24.4,94,28.5,0.2,51,1007.4,9.9,5,100,0.0,26.5,0.174
Pahang,3.8126,103.3256,2026-02-15T06:00,23.9,94,28.1,2.5,63,1008.2,8.1,356,100,0.0,25.9,0.205
Pahang,3.8126,103.3256,2026-02-15T07:00,23.9,96,28.0,0.1,51,1008.4,10.1,359,100,0.0,25.4,0.207
Pahang,3.8126,103.3256,2026-02-15T08:00,24.2,95,28.1,0.1,51,1008.7,12.6,2,95,17.0,26.5,0.17
Pahang,3.8126,103.3256,2026-02-15T09:00,25.5,85,29.0,0.0,3,1009.7,13.1,359,88,170.0,26.7,0.17
Pahang,3.8126,103.3256,2026-02-15T10:00,27.3,75,30.6,0.0,3,1010.1,12.5,5,95,356.0,27.7,0.17
Pahang,3.8126,103.3256,2026-02-15T11:00,28.9,69,32.5,0.0,1,1010.3,12.5,12,28,571.0,29.3,0.17
Pahang,3.8126,103.3256,2026-02-15T12:00,30.2,63,34.7,0.1,51,1009.6,13.2,22,42,779.0,31.2,0.171
Pahang,3.8126,103.3256,2026-02-15T13:00,30.9,59,35.3,0.1,51,1008.6,15.1,33,18,871.0,32.9,0.171
Pahang,3.8126,103.3256,2026-02-15T14:00,30.2,59,32.7,0.9,53,1008.0,19.2,37,38,711.0,33.0,0.179
Pahang,3.8126,103.3256,2026-02-15T15:00,30.1,61,33.3,0.0,1,1007.0,19.0,38,46,798.0,33.5,0.178
Pahang,3.8126,103.3256,2026-02-15T16:00,29.1,65,31.0,0.0,1,1006.0,20.1,46,29,548.0,33.4,0.177
Pahang,3.8126,103.3256,2026-02-15T17:00,28.2,68,30.0,0.1,51,1005.9,20.3,36,39,413.0,32.8,0.177
Pahang,3.8126,103.3256,2026-02-15T18:00,27.9,67,29.6,0.2,51,1006.1,19.7,33,62,299.0,32.0,0.179
Pahang,3.8126,103.3256,2026-02-15T19:00,26.8,75,29.3,0.0,1,1006.7,16.8,27,41,110.0,31.0,0.179
Pahang,3.8126,103.3256,2026-02-15T20:00,25.1,86,27.7,0.0,3,1007.1,17.8,18,90,3.0,29.0,0.198
Pahang,3.8126,103.3256,2026-02-15T21:00,24.6,89,28.2,0.3,51,1008.5,11.5,4,97,0.0,28.0,0.201
Pahang,3.8126,103.3256,2026-02-15T22:00,24.5,92,28.3,0.1,51,1009.2,11.7,4,100,0.0,27.2,0.202
Pahang,3.8126,103.3256,2026-02-15T23:00,24.4,92,28.1,0.1,51,1009.4,11.7,4,100,0.0,26.7,0.202
Pahang,3.8126,103.3256,2026-02-16T00:00,24.0,94,27.9,0.1,51,1009.6,10.1,349,100,0.0,26.2,0.203
Pahang,3.8126,103.3256,2026-02-16T01:00,23.6,96,27.9,0.7,53,1009.4,8.7,339,100,0.0,25.8,0.211
Pahang,3.8126,103.3256,2026-02-16T02:00,24.1,94,28.1,0.3,51,1008.8,10.4,351,100,0.0,26.1,0.212
Pahang,3.8126,103.3256,2026-02-16T03:00,23.9,96,28.1,0.5,53,1008.0,9.0,344,100,0.0,25.8,0.217
Pahang,3.8126,103.3256,2026-02-16T04:00,23.5,96,27.7,0.1,51,1007.5,8.9,331,99,0.0,25.4,0.218
Pahang,3.8126,103.3256,2026-02-16T05:00,23.2,97,27.2,0.1,51,1007.0,9.1,328,100,0.0,25.0,0.219
Pahang,3.8126,103.3256,2026-02-16T06:00,23.1,96,27.2,0.0,3,1007.1,8.2,328,89,0.0,24.8,0.219
Pahang,3.8126,103.3256,2026-02-16T07:00,23.3,95,27.2,0.1,51,1007.7,9.0,354,94,0.0,24.6,0.219
Pahang,3.8126,103.3256,2026-02-16T08:00,24.0,93,27.8,0.1,51,1008.1,10.3,2,100,17.0,25.5,0.283
Pahang,3.8126,103.3256,2026-02-16T09:00,24.6,92,28.4,0.2,51,1008.9,12.2,352,100,99.0,25.5,0.285
Pahang,3.8126,103.3256,2026-02-16T10:00,25.8,87,29.3,0.1,51,1009.4,14.4,4,100,301.0,26.0,0.285
Pahang,3.8126,103.3256,2026-02-16T11:00,27.2,81,31.2,0.2,51,1009.6,14.1,19,100,546.0,27.1,0.285
Pahang,3.8126,103.3256,2026-02-16T12:00,28.5,73,32.5,0.1,51,1008.9,16.4,35,100,709.0,28.4,0.283
Pahang,3.8126,103.3256,2026-02-16T13:00,28.0,74,31.4,0.2,51,1008.1,16.8,46,100,608.0,29.0,0.282
Pahang,3.8126,103.3256,2026-02-16T14:00,25.4,85,28.4,0.7,53,1007.3,15.9,42,100,396.0,28.7,0.287
Pahang,3.8126,103.3256,2026-02-16T15:00,26.2,82,28.8,0.3,51,1006.5,19.9,44,100,555.0,28.9,0.287
Pahang,3.8126,103.3256,2026-02-16T16:00,26.3,81,28.8,0.3,51,1005.9,20.3,48,100,426.0,28.7,0.288
Pahang,3.8126,103.3256,2026-02-16T17:00,26.4,82,29.4,0.2,51,1005.4,17.0,41,100,336.0,28.5,0.288
Pahang,3.8126,103.3256,2026-02-16T18:00,26.2,82,29.1,0.2,51,1005.6,16.9,43,100,239.0,28.1,0.289
Pahang,3.8126,103.3256,2026-02-16T19:00,25.4,85,28.5,0.5,53,1006.2,14.7,28,100,85.0,27.5,0.293
Pahang,3.8126,103.3256,2026-02-16T20:00,25.0,88,28.7,0.5,53,1006.8,11.8,21,100,3.0,26.8,0.298
Pahang,3.8126,103.3256,2026-02-16T21:00,24.4,93,28.4,2.0,61,1007.6,10.7,25,100,0.0,26.1,0.323
Pahang,3.8126,103.3256,2026-02-16T22:00,24.0,96,28.3,0.3,51,1008.4,10.2,32,100,0.0,25.5,0.326
Pahang,3.8126,103.3256,2026-02-16T23:00,24.0,97,28.9,0.3,51,1009.0,6.7,8,100,0.0,25.2,0.33
Terengganu,5.3117,103.1324,2026-01-17T00:00,24.2,90,29.0,0.0,2,1010.5,2.5,69,56,0.0,25.2,0.317
Terengganu,5.3117,103.1324,2026-01-17T01:00,23.9,92,28.9,0.0,3,1010.4,1.4,67,95,0.0,24.8,0.318
Terengganu,5.3117,103.1324,2026-01-17T02:00,23.9,92,28.3,0.0,2,1009.8,5.5,44,70,0.0,24.9,0.318
Terengganu,5.3117,103.1324,2026-01-17T03:00,23.6,93,28.0,0.0,2,1009.3,6.0,39,52,0.0,24.6,0.319
Terengganu,5.3117,103.1324,2026-01-17T04:00,23.4,94,27.8,0.0,2,1008.8,4.9,39,65,0.0,24.4,0.319
Terengganu,5.3117,103.1324,2026-01-17T05:00,23.3,94,27.6,0.0,2,1008.6,5.7,44,61,0.0,24.2,0.32
Terengganu,5.3117,103.1324,2026-01-17T06:00,23.0,94,27.4,0.0,1,1008.8,4.1,34,33,0.0,24.0,0.321
Terengganu,5.3117,103.1324,2026-01-17T07:00,22.9,94,27.4,0.0,3,1008.9,2.2,9,84,0.0,23.8,0.321
Terengganu,5.3117,103.1324,2026-01-17T08:00,23.0,97,27.6,0.0,3,1009.1,3.9,304,95,19.0,24.0,0.321
Terengganu,5.3117,103.1324,2026-01-17T09:00,25.0,90,30.3,0.0,3,1010.2,2.0,315,98,156.0,24.6,0.321
Terengganu,5.3117,103.1324,2026-01-17T10:00,26.6,77,30.3,0.1,51,1010.8,9.6,49,59,414.0,25.7,0.321
Terengganu,5.3117,103.1324,2026-01-17T11:00,27.1,75,30.7,0.0,1,1010.6,12.3,50,22,597.0,26.8,0.319
Terengganu,5.3117,103.1324,2026-01-17T12:00,27.4,74,31.7,0.0,0,1010.1,12.6,49,13,751.0,27.8,0.316
Terengganu,5.3117,103.1324,2026-01-17T13:00,27.6,72,32.6,0.0,0,1009.2,12.6,47,7,872.0,28.8,0.313
Terengganu,5.3117,103.1324,2026-01-17T14:00,28.0,69,32.9,0.0,0,1008.5,12.4,42,5,894.0,29.5,0.309
Terengganu,5.3117,103.1324,2026-01-17T15:00,27.8,69,32.3,0.0,0,1007.3,12.6,44,18,860.0,29.9,0.305
Terengganu,5.3117,103.1324,2026-01-17T16:00,27.4,72,31.4,0.0,0,1006.4,12.4,48,2,743.0,30.0,0.302
Terengganu,5.3117,103.1324,2026-01-17T17:00,26.9,75,30.0,0.0,0,1006.3,12.8,50,2,562.0,29.6,0.3
Terengganu,5.3117,103.1324,2026-01-17T18:00,26.1,78,29.5,0.0,0,1006.7,11.4,49,9,339.0,29.0,0.299
Terengganu,5.3117,103.1324,2026-01-17T19:00,25.2,82,28.8,0.0,3,1007.2,9.0,46,87,111.0,28.0,0.299
Terengganu,5.3117,103.1324,2026-01-17T20:00,24.9,83,28.3,0.0,3,1007.4,9.5,51,100,1.0,27.5,0.294
Terengganu,5.3117,103.1324,2026-01-17T21:00,24.5,86,28.4,0.0,3,1008.6,7.5,57,97,0.0,26.5,0.294
Terengganu,5.3117,103.1324,2026-01-17T22:00,23.7,90,27.8,0.0,3,1009.3,5.3,45,96,0.0,25.8,0.294
Terengganu,5.3117,103.1324,2026-01-17T23:00,23.4,90,27.4,0.0,2,1009.4,5.1,39,74,0.0,25.1,0.294
Terengganu,5.3117,103.1324,2026-01-18T00:00,23.3,90,27.7,0.0,3,1009.5,1.9,22,91,0.0,24.6,0.295
Terengganu,5.3117,103.1324,2026-01-18T01:00,22.8,93,27.4,0.0,2,1009.5,0.0,270,69,0.0,24.1,0.295
Terengganu,5.3117,103.1324,2026-01-18T02:00,22.6,94,27.3,0.0,3,1008.7,0.5,270,98,0.0,24.1,0.293
Terengganu,5.3117,103.1324,2026-01-18T03:00,22.1,96,26.8,0.0,3,1008.0,0.5,225,96,0.0,23.8,0.293
Terengganu,5.3117,103.1324,2026-01-18T04:00,21.2,100,25.4,0.0,3,1007.5,2.4,228,99,0.0,23.4,0.293
Terengganu,5.3117,103.1324,2026-01-18T05:00,21.5,98,25.0,0.0,3,1007.4,6.6,233,100,0.0,23.2,0.294
Terengganu,5.3117,103.1324,2026-01-18T06:00,21.2,98,24.6,0.0,3,1007.4,7.1,246,100,0.0,23.0,0.294
Terengganu,5.3117,103.1324,2026-01-18T07:00,21.0,99,24.3,0.0,3,1007.6,6.1,256,99,0.0,22.9,0.294
Terengganu,5.3117,103.1324,2026-01-18T08:00,21.4,99,24.7,0.0,3,1008.1,8.1,238,100,18.0,23.2,0.298
Terengganu,5.3117,103.1324,2026-01-18T09:00,23.0,98,27.6,0.0,3,1009.2,5.2,226,100,150.0,23.8,0.298
Terengganu,5.3117,103.1324,2026-01-18T10:00,25.8,83,30.9,0.0,3,1009.6,1.2,207,80,409.0,25.1,0.297
Terengganu,5.3117,103.1324,2026-01-18T11:00,27.0,76,32.3,0.0,3,1009.5,3.5,62,80,647.0,26.7,0.295
Terengganu,5.3117,103.1324,2026-01-18T12:00,27.9,70,33.2,0.0,3,1009.2,7.2,58,97,806.0,28.1,0.292
Terengganu,5.3117,103.1324,2026-01-18T13:00,28.0,69,33.5,0.0,3,1008.8,9.7,63,95,913.0,29.1,0.289
Terengganu,5.3117,103.1324,2026-01-18T14:00,28.4,64,33.4,0.0,3,1007.8,10.2,64,97,938.0,30.0,0.285
Terengganu,5.3117,103.1324,2026-01-18T15:00,28.0,68,32.9,0.0,3,1007.0,11.0,69,99,886.0,30.4,0.282
Terengganu,5.3117,103.1324,2026-01-18T16:00,27.6,71,32.1,0.0,3,1006.5,10.8,69,100,761.0,30.5,0.279
Terengganu,5.3117,103.1324,2026-01-18T17:00,26.9,74,30.0,0.0,3,1006.3,11.7,69,99,549.0,30.0,0.277
Terengganu,5.3117,103.1324,2026-01-18T18:00,26.1,75,28.8,0.0,3,1006.6,12.8,70,97,333.0,29.2,0.276
Terengganu,5.3117,103.1324,2026-01-18T19:00,25.1,80,28.0,0.0,3,1007.0,11.6,69,99,112.0,28.0,0.275
Terengganu,5.3117,103.1324,2026-01-18T20:00,24.5,86,28.2,0.0,3,1007.9,8.2,68,100,1.0,27.4,0.272
Terengganu,5.3117,103.1324,2026-01-18T21:00,24.2,88,28.3,0.0,3,1008.7,5.6,75,96,0.0,26.5,0.272
Terengganu,5.3117,103.1324,2026-01-18T22:00,23.9,88,27.8,0.0,3,1009.3,6.0,73,100,0.0,25.8,0.273
Terengganu,5.3117,103.1324,2026-01-18T23:00,23.4,90,27.5,0.0,3,1009.6,4.2,97,100,0.0,25.1,0.273
Terengganu,5.3117,103.1324,2026-01-19T00:00,22.9,91,27.1,0.0,3,1009.5,2.5,172,100,0.0,24.6,0.273
Terengganu,5.3117,103.1324,2026-01-19T01:00,22.2,96,26.3,0.0,3,1009.8,4.5,209,100,0.0,24.2,0.274
Terengganu,5.3117,103.1324,2026-01-19T02:00,22.1,97,26.3,0.0,3,1009.3,4.0,210,100,0.0,24.0,0.273
Terengganu,5.3117,103.1324,2026-01-19T03:00,21.4,98,25.4,0.0,3,1008.6,2.2,246,91,0.0,23.6,0.273
Terengganu,5.3117,103.1324,2026-01-19T04:00,21.4,97,25.3,0.0,3,1008.0,2.4,261,100,0.0,23.4,0.273
Terengganu,5.3117,103.1324,2026-01-19T05:00,21.1,98,24.5,0.0,3,1008.0,6.5,236,100,0.0,23.1,0.273
Terengganu,5.3117,103.1324,2026-01-19T06:00,20.9,100,24.1,0.0,3,1008.1,7.8,232,100,0.0,23.0,0.274
Terengganu,5.3117,103.1324,2026-01-19T07:00,20.7,100,23.9,0.0,3,1008.4,7.3,234,100,0.0,22.9,0.274
Terengganu,5.3117,103.1324,2026-01-19T08:00,21.1,99,24.5,0.0,3,1008.9,7.0,226,100,17.0,23.0,0.273
Terengganu,5.3117,103.1324,2026-01-19T09:00,23.0,97,27.8,0.0,3,1009.8,3.5,219,82,165.0,23.7,0.273
Terengganu,5.3117,103.1324,2026-01-19T10:00,25.6,81,30.1,0.0,1,1010.4,3.3,126,36,428.0,25.0,0.272
Terengganu,5.3117,103.1324,2026-01-19T11:00,26.7,75,31.4,0.0,2,1010.5,5.1,94,52,632.0,26.5,0.271
Terengganu,5.3117,103.1324,2026-01-19T12:00,27.5,71,32.7,0.0,1,1010.4,7.3,83,34,795.0,27.9,0.268
Terengganu,5.3117,103.1324,2026-01-19T13:00,27.8,70,33.2,0.0,3,1010.1,10.0,81,92,917.0,29.1,0.265
Terengganu,5.3117,103.1324,2026-01-19T14:00,28.1,68,33.5,0.0,3,1009.6,10.8,79,95,937.0,29.9,0.261
Terengganu,5.3117,103.1324,2026-01-19T15:00,27.9,70,32.8,0.0,3,1008.8,11.7,79,97,876.0,30.4,0.258
Terengganu,5.3117,103.1324,2026-01-19T16:00,27.4,72,31.1,0.0,3,1008.2,12.7,75,98,695.0,30.3,0.256
Terengganu,5.3117,103.1324,2026-01-19T17:00,27.0,72,29.7,0.0,3,1007.9,13.2,70,100,548.0,30.0,0.254
Terengganu,5.3117,103.1324,2026-01-19T18:00,26.5,73,29.2,0.0,3,1008.2,11.8,69,100,316.0,29.2,0.253
Terengganu,5.3117,103.1324,2026-01-19T19:00,25.6,76,28.6,0.0,3,1008.5,9.8,70,100,96.0,28.1,0.252
Terengganu,5.3117,103.1324,2026-01-19T20:00,24.9,81,28.5,0.0,3,1009.4,6.7,84,98,1.0,27.4,0.251
Terengganu,5.3117,103.1324,2026-01-19T21:00,24.8,81,28.2,0.0,3,1010.1,8.0,85,100,0.0,26.5,0.251
Terengganu,5.3117,103.1324,2026-01-19T22:00,24.8,80,28.2,0.0,3,1010.7,7.1,83,100,0.0,25.9,0.251
Terengganu,5.3117,103.1324,2026-01-19T23:00,23.9,86,27.6,0.0,3,1010.8,5.3,80,100,0.0,25.3,0.251
Terengganu,5.3117,103.1324,2026-01-20T00:00,23.6,87,27.4,0.0,3,1010.8,5.2,74,100,0.0,24.9,0.251
Terengganu,5.3117,103.1324,2026-01-20T01:00,23.6,88,27.9,0.0,3,1010.9,2.7,82,100,0.0,24.5,0.251
Terengganu,5.3117,103.1324,2026-01-20T02:00,23.3,90,27.4,0.0,3,1010.3,4.2,97,100,0.0,24.4,0.251
Terengganu,5.3117,103.1324,2026-01-20T03:00,23.1,89,27.4,0.0,3,1009.3,1.5,97,100,0.0,24.0,0.251
Terengganu,5.3117,103.1324,2026-01-20T04:00,22.7,91,27.1,0.0,3,1008.8,0.3,225,100,0.0,23.8,0.251
Terengganu,5.3117,103.1324,2026-01-20T05:00,21.5,98,25.6,0.0,3,1009.0,2.2,228,100,0.0,23.4,0.252
Terengganu,5.3117,103.1324,2026-01-20T06:00,21.4,99,25.3,0.0,3,1009.1,3.6,233,100,0.0,23.1,0.252
Terengganu,5.3117,103.1324,2026-01-20T07:00,21.4,98,24.7,0.0,3,1009.5,6.8,228,100,0.0,23.0,0.252
Terengganu,5.3117,103.1324,2026-01-20T08:00,21.6,97,25.1,0.0,3,1010.6,6.5,238,100,17.0,23.4,0.253
Terengganu,5.3117,103.1324,2026-01-20T09:00,24.1,88,28.4,0.0,3,1011.5,5.3,242,100,166.0,24.0,0.253
Terengganu,5.3117,103.1324,2026-01-20T10:00,26.0,78,30.7,0.0,3,1012.1,1.5,201,100,408.0,25.4,0.252
Terengganu,5.3117,103.1324,2026-01-20T11:00,27.0,72,31.3,0.0,3,1012.3,4.9,88,100,589.0,26.8,0.25
Terengganu,5.3117,103.1324,2026-01-20T12:00,27.8,68,32.5,0.0,3,1012.0,8.0,72,100,770.0,28.1,0.248
Terengganu,5.3117,103.1324,2026-01-20T13:00,27.9,67,32.2,0.0,3,1011.6,10.2,66,100,804.0,29.0,0.245
Terengganu,5.3117,103.1324,2026-01-20T14:00,28.3,59,32.0,0.0,3,1010.8,11.7,67,100,854.0,29.8,0.242
Terengganu,5.3117,103.1324,2026-01-20T15:00,27.8,63,31.4,0.0,3,1009.6,12.5,65,100,821.0,30.2,0.239
Terengganu,5.3117,103.1324,2026-01-20T16:00,27.4,67,30.5,0.0,3,1009.0,13.1,67,100,705.0,30.2,0.237
Terengganu,5.3117,103.1324,2026-01-20T17:00,26.8,70,29.3,0.0,3,1009.0,12.1,70,100,530.0,29.9,0.235
Terengganu,5.3117,103.1324,2026-01-20T18:00,26.1,73,28.9,0.0,3,1008.9,10.8,69,100,311.0,29.1,0.234
Terengganu,5.3117,103.1324,2026-01-20T19:00,25.2,77,28.5,0.0,3,1009.2,7.3,80,100,98.0,28.0,0.234
Terengganu,5.3117,103.1324,2026-01-20T20:00,24.8,79,27.7,0.0,3,1009.6,10.4,70,100,2.0,27.1,0.234
Terengganu,5.3117,103.1324,2026-01-20T21:00,24.6,80,27.8,0.0,3,1010.6,8.3,68,100,0.0,26.3,0.234
Terengganu,5.3117,103.1324,2026-01-20T22:00,24.1,84,27.7,0.0,3,1011.4,5.7,62,100,0.0,25.6,0.234
Terengganu,5.3117,103.1324,2026-01-20T23:00,23.7,85,27.3,0.0,3,1011.6,5.2,70,100,0.0,25.0,0.234
Terengganu,5.3117,103.1324,2026-01-21T00:00,23.8,84,27.6,0.0,3,1011.7,3.2,87,100,0.0,24.6,0.234
Terengganu,5.3117,103.1324,2026-01-21T01:00,23.3,86,27.3,0.0,3,1011.9,2.1,165,100,0.0,24.2,0.235
Terengganu,5.3117,103.1324,2026-01-21T02:00,23.4,85,27.3,0.0,3,1011.4,2.2,138,100,0.0,24.0,0.235
Terengganu,5.3117,103.1324,2026-01-21T03:00,22.7,88,26.7,0.0,3,1010.6,1.0,158,100,0.0,23.6,0.235
Terengganu,5.3117,103.1324,2026-01-21T04:00,22.1,92,26.3,0.0,3,1009.9,0.3,225,100,0.0,23.2,0.235
Terengganu,5.3117,103.1324,2026-01-21T05:00,21.8,95,26.0,0.0,3,1009.6,0.8,225,100,0.0,23.0,0.236
Terengganu,5.3117,103.1324,2026-01-21T06:00,21.2,98,25.1,0.0,3,1009.9,3.2,236,100,0.0,22.9,0.236
Terengganu,5.3117,103.1324,2026-01-21T07:00,21.4,96,24.8,0.0,3,1010.4,5.3,246,100,0.0,22.8,0.236
Terengganu,5.3117,103.1324,2026-01-21T08:00,21.5,95,24.6,0.0,3,1011.0,8.3,243,100,17.0,22.6,0.237
Terengganu,5.3117,103.1324,2026-01-21T09:00,24.1,87,28.1,0.0,3,1012.0,5.1,238,100,151.0,23.4,0.237
Terengganu,5.3117,103.1324,2026-01-21T10:00,25.8,79,30.3,0.0,3,1012.8,2.2,138,100,390.0,24.9,0.236
Terengganu,5.3117,103.1324,2026-01-21T11:00,26.7,74,30.8,0.0,3,1012.9,5.4,86,100,565.0,26.4,0.235
Terengganu,5.3117,103.1324,2026-01-21T12:00,27.5,69,31.9,0.1,51,1012.8,10.0,73,100,765.0,27.8,0.234
Terengganu,5.3117,103.1324,2026-01-21T13:00,27.5,68,31.2,0.0,3,1012.5,12.5,65,100,770.0,28.6,0.231
Terengganu,5.3117,103.1324,2026-01-21T14:00,27.4,64,30.6,0.0,3,1012.0,12.8,62,100,771.0,29.3,0.229
Terengganu,5.3117,103.1324,2026-01-21T15:00,27.2,64,29.5,0.0,3,1010.9,12.7,61,100,613.0,29.4,0.227
Terengganu,5.3117,103.1324,2026-01-21T16:00,27.1,64,29.3,0.0,3,1010.4,11.4,62,100,594.0,29.5,0.225
Terengganu,5.3117,103.1324,2026-01-21T17:00,26.6,67,28.8,0.0,3,1010.3,11.4,59,100,449.0,29.1,0.224
Terengganu,5.3117,103.1324,2026-01-21T18:00,26.0,70,28.4,0.0,3,1010.5,9.9,55,100,271.0,28.5,0.223
Terengganu,5.3117,103.1324,2026-01-21T19:00,25.1,75,28.2,0.0,3,1010.8,6.9,53,100,80.0,27.5,0.222
Terengganu,5.3117,103.1324,2026-01-21T20:00,24.4,81,27.8,0.0,3,1011.2,6.2,44,100,1.0,27.0,0.221
Terengganu,5.3117,103.1324,2026-01-21T21:00,24.0,84,27.7,0.0,3,1012.1,4.8,45,100,0.0,26.1,0.221
Terengganu,5.3117,103.1324,2026-01-21T22:00,23.8,86,27.4,0.0,3,1013.0,5.4,37,100,0.0,25.5,0.221
Terengganu,5.3117,103.1324,2026-01-21T23:00,23.5,86,27.2,0.0,3,1013.2,5.1,32,100,0.0,25.0,0.221
Terengganu,5.3117,103.1324,2026-01-22T00:00,23.3,87,27.0,0.0,3,1013.3,4.9,33,100,0.0,24.6,0.221
Terengganu,5.3117,103.1324,2026-01-22T01:00,23.3,86,26.9,0.0,3,1013.2,4.8,45,100,0.0,24.3,0.221
Terengganu,5.3117,103.1324,2026-01-22T02:00,23.4,85,27.2,0.0,3,1012.7,3.5,24,100,0.0,23.9,0.223
Terengganu,5.3117,103.1324,2026-01-22T03:00,22.8,87,26.6,0.0,3,1011.8,2.0,5,100,0.0,23.5,0.223
Terengganu,5.3117,103.1324,2026-01-22T04:00,22.3,89,26.2,0.0,3,1011.2,1.3,360,100,0.0,23.3,0.223
Terengganu,5.3117,103.1324,2026-01-22T05:00,22.0,92,26.0,0.0,3,1011.1,1.0,329,100,0.0,23.0,0.224
Terengganu,5.3117,103.1324,2026-01-22T06:00,21.5,94,25.4,0.0,3,1011.5,1.8,336,100,0.0,22.8,0.224
Terengganu,5.3117,103.1324,2026-01-22T07:00,21.6,94,25.6,0.0,3,1012.0,1.3,326,100,0.0,22.6,0.224
Terengganu,5.3117,103.1324,2026-01-22T08:00,22.1,95,26.3,0.0,2,1012.4,2.3,293,77,17.0,22.2,0.226
Terengganu,5.3117,103.1324,2026-01-22T09:00,24.6,85,29.4,0.0,3,1013.3,1.3,8,82,184.0,23.3,0.226
Terengganu,5.3117,103.1324,2026-01-22T10:00,26.3,73,29.2,0.1,51,1013.9,10.4,54,97,412.0,24.7,0.226
Terengganu,5.3117,103.1324,2026-01-22T11:00,27.0,69,29.5,0.0,3,1013.9,13.3,54,84,605.0,26.1,0.224
Terengganu,5.3117,103.1324,2026-01-22T12:00,27.4,66,30.6,0.0,1,1013.9,14.1,52,45,761.0,27.4,0.222
Terengganu,5.3117,103.1324,2026-01-22T13:00,27.6,64,31.2,0.0,1,1013.3,13.2,52,33,824.0,28.5,0.22
Terengganu,5.3117,103.1324,2026-01-22T14:00,28.3,62,32.3,0.0,3,1012.5,12.2,49,84,867.0,29.5,0.218
Terengganu,5.3117,103.1324,2026-01-22T15:00,27.5,64,30.8,0.0,3,1011.7,13.8,48,81,778.0,29.9,0.216
Terengganu,5.3117,103.1324,2026-01-22T16:00,27.4,66,30.4,0.0,2,1011.2,13.3,49,67,723.0,30.1,0.214
Terengganu,5.3117,103.1324,2026-01-22T17:00,26.9,67,29.0,0.1,51,1011.3,12.7,54,66,544.0,29.9,0.213
Terengganu,5.3117,103.1324,2026-01-22T18:00,26.1,70,28.5,0.0,2,1011.5,11.5,48,71,306.0,29.1,0.212
Terengganu,5.3117,103.1324,2026-01-22T19:00,25.5,74,28.1,0.0,3,1011.8,10.2,44,89,107.0,28.1,0.211
Terengganu,5.3117,103.1324,2026-01-22T20:00,24.8,78,27.8,0.0,2,1012.5,7.8,37,77,2.0,27.2,0.211
Terengganu,5.3117,103.1324,2026-01-22T21:00,24.4,81,27.5,0.0,3,1013.3,8.2,36,90,0.0,26.4,0.211
Terengganu,5.3117,103.1324,2026-01-22T22:00,24.5,82,27.8,0.0,3,1014.1,7.7,30,94,0.0,25.8,0.211
Terengganu,5.3117,103.1324,2026-01-22T23:00,24.0,85,27.4,0.0,3,1014.0,7.2,25,86,0.0,25.2,0.212
Terengganu,5.3117,103.1324,2026-01-23T00:00,23.6,87,27.1,0.0,2,1014.2,7.1,24,58,0.0,24.8,0.212
Terengganu,5.3117,103.1324,2026-01-23T01:00,23.5,87,27.1,0.0,2,1014.3,6.4,25,53,0.0,24.5,0.212
Terengganu,5.3117,103.1324,2026-01-23T02:00,23.2,88,26.9,0.0,2,1013.7,5.8,20,70,0.0,24.2,0.212
Terengganu,5.3117,103.1324,2026-01-23T03:00,22.8,90,26.4,0.0,3,1013.2,5.8,360,91,0.0,24.0,0.212
Terengganu,5.3117,103.1324,2026-01-23T04:00,22.4,93,26.2,0.0,3,1012.5,4.6,334,100,0.0,23.7,0.212
Terengganu,5.3117,103.1324,2026-01-23T05:00,21.8,94,25.4,0.0,3,1012.3,4.6,321,98,0.0,23.4,0.213
Terengganu,5.3117,103.1324,2026-01-23T06:00,21.8,94,25.3,0.0,3,1012.5,5.1,328,97,0.0,23.1,0.213
Terengganu,5.3117,103.1324,2026-01-23T07:00,21.8,94,25.4,0.0,3,1013.1,4.8,333,93,0.0,23.0,0.213
Terengganu,5.3117,103.1324,2026-01-23T08:00,22.8,91,26.5,0.0,3,1013.8,5.6,360,98,18.0,22.5,0.214
Terengganu,5.3117,103.1324,2026-01-23T09:00,25.0,82,28.9,0.0,3,1015.1,6.1,24,99,172.0,23.5,0.214
Terengganu,5.3117,103.1324,2026-01-23T10:00,26.3,73,29.1,0.1,51,1015.5,10.9,44,100,365.0,24.7,0.214
Terengganu,5.3117,103.1324,2026-01-23T11:00,27.2,68,29.6,0.2,51,1015.4,13.1,58,100,531.0,26.0,0.215
Terengganu,5.3117,103.1324,2026-01-23T12:00,27.1,69,29.3,0.4,51,1015.3,19.6,55,100,697.0,27.1,0.218
Terengganu,5.3117,103.1324,2026-01-23T13:00,27.5,70,31.1,0.2,51,1014.6,16.6,50,100,818.0,28.2,0.217
Terengganu,5.3117,103.1324,2026-01-23T14:00,27.9,68,31.4,0.2,51,1014.0,17.1,51,99,809.0,29.0,0.217
Terengganu,5.3117,103.1324,2026-01-23T15:00,27.5,71,31.4,0.1,51,1013.1,16.2,45,98,823.0,29.6,0.216
Terengganu,5.3117,103.1324,2026-01-23T16:00,27.1,72,30.1,0.0,3,1012.5,14.1,48,95,606.0,29.7,0.215
Terengganu,5.3117,103.1324,2026-01-23T17:00,26.6,73,29.0,0.1,51,1012.2,15.7,51,97,503.0,29.5,0.215
Terengganu,5.3117,103.1324,2026-01-23T18:00,26.0,74,28.3,0.1,51,1012.4,14.9,47,86,268.0,28.7,0.215
Terengganu,5.3117,103.1324,2026-01-23T19:00,25.5,76,27.9,0.0,1,1012.7,13.4,48,45,99.0,27.8,0.215
Terengganu,5.3117,103.1324,2026-01-23T20:00,24.8,78,27.2,0.0,3,1013.4,12.0,49,98,2.0,27.4,0.209
Terengganu,5.3117,103.1324,2026-01-23T21:00,25.1,75,27.2,0.1,51,1013.9,13.0,51,100,0.0,26.5,0.209
Terengganu,5.3117,103.1324,2026-01-23T22:00,24.8,78,27.1,0.1,51,1014.4,12.7,40,96,0.0,26.0,0.21
Terengganu,5.3117,103.1324,2026-01-23T23:00,24.8,76,27.1,0.4,51,1014.6,11.1,44,98,0.0,25.4,0.215
Terengganu,5.3117,103.1324,2026-01-24T00:00,24.5,78,27.2,0.4,51,1014.5,10.0,41,95,0.0,24.9,0.219
Terengganu,5.3117,103.1324,2026-01-24T01:00,23.9,87,27.5,0.3,51,1014.7,7.5,44,97,0.0,24.4,0.222
Terengganu,5.3117,103.1324,2026-01-24T02:00,24.2,83,27.6,0.1,51,1014.1,7.5,27,98,0.0,24.5,0.223
Terengganu,5.3117,103.1324,2026-01-24T03:00,23.1,82,26.8,0.7,53,1013.9,0.7,270,99,0.0,24.1,0.23
Terengganu,5.3117,103.1324,2026-01-24T04:00,22.4,91,26.1,0.4,51,1013.4,3.6,233,96,0.0,23.7,0.234
Terengganu,5.3117,103.1324,2026-01-24T05:00,21.9,95,25.3,0.1,51,1013.3,6.5,236,72,0.0,23.4,0.235
Terengganu,5.3117,103.1324,2026-01-24T06:00,21.3,97,24.5,0.0,1,1013.5,7.1,236,43,0.0,23.0,0.236
Terengganu,5.3117,103.1324,2026-01-24T07:00,20.9,97,23.9,0.0,1,1014.0,6.7,250,20,0.0,22.6,0.236
Terengganu,5.3117,103.1324,2026-01-24T08:00,21.5,97,25.0,0.0,1,1014.8,5.2,229,33,18.0,22.9,0.219
Terengganu,5.3117,103.1324,2026-01-24T09:00,23.7,90,28.0,0.1,51,1015.3,3.8,270,37,173.0,23.5,0.22
Terengganu,5.3117,103.1324,2026-01-24T10:00,25.7,79,30.3,0.0,0,1015.7,1.5,21,13,396.0,24.9,0.22
Terengganu,5.3117,103.1324,2026-01-24T11:00,27.2,70,30.5,0.1,51,1015.7,11.1,56,53,604.0,26.4,0.219
Terengganu,5.3117,103.1324,2026-01-24T12:00,27.9,68,31.4,0.1,51,1015.3,15.1,54,85,781.0,27.8,0.218
Terengganu,5.3117,103.1324,2026-01-24T13:00,27.8,70,32.0,0.4,51,1014.4,15.8,53,80,876.0,28.9,0.22
Terengganu,5.3117,103.1324,2026-01-24T14:00,28.3,66,32.0,0.1,51,1013.8,14.3,47,87,781.0,29.5,0.228
Terengganu,5.3117,103.1324,2026-01-24T15:00,28.0,67,31.8,0.1,51,1012.8,16.3,52,80,877.0,30.1,0.226
Terengganu,5.3117,103.1324,2026-01-24T16:00,27.4,69,30.0,0.1,51,1012.1,17.9,53,48,684.0,30.1,0.224
Terengganu,5.3117,103.1324,2026-01-24T17:00,26.9,71,28.7,0.1,51,1011.8,18.6,55,56,528.0,29.8,0.223
Terengganu,5.3117,103.1324,2026-01-24T18:00,26.4,72,28.1,0.4,51,1011.8,17.3,59,42,301.0,28.9,0.227
Terengganu,5.3117,103.1324,2026-01-24T19:00,25.6,77,28.1,0.0,1,1012.4,14.5,58,33,88.0,27.9,0.226
Terengganu,5.3117,103.1324,2026-01-24T20:00,25.1,79,27.8,0.0,2,1012.8,12.2,47,76,2.0,27.1,0.22
Terengganu,5.3117,103.1324,2026-01-24T21:00,25.0,79,27.4,0.0,3,1013.5,13.9,56,100,0.0,26.4,0.22
Terengganu,5.3117,103.1324,2026-01-24T22:00,24.9,80,27.6,0.0,3,1014.0,12.0,53,100,0.0,25.8,0.22
Terengganu,5.3117,103.1324,2026-01-24T23:00,24.6,82,27.6,0.1,51,1014.2,10.3,50,100,0.0,25.4,0.222
Terengganu,5.3117,103.1324,2026-01-25T00:00,24.3,84,27.6,0.2,51,1013.8,8.5,62,100,0.0,25.0,0.224
Terengganu,5.3117,103.1324,2026-01-25T01:00,23.9,86,27.5,0.2,51,1013.9,6.7,76,99,0.0,24.6,0.226
Terengganu,5.3117,103.1324,2026-01-25T02:00,23.8,89,28.3,0.5,53,1013.3,1.8,90,100,0.0,25.2,0.228
Terengganu,5.3117,103.1324,2026-01-25T03:00,23.2,94,26.8,0.2,51,1013.1,9.2,90,100,0.0,24.7,0.23
Terengganu,5.3117,103.1324,2026-01-25T04:00,22.6,97,26.7,0.2,51,1012.5,6.1,336,100,0.0,24.2,0.232
Terengganu,5.3117,103.1324,2026-01-25T05:00,22.4,96,26.8,0.1,51,1012.3,2.8,349,100,0.0,23.8,0.234
Terengganu,5.3117,103.1324,2026-01-25T06:00,22.2,97,26.5,0.0,3,1012.6,2.7,62,100,0.0,23.4,0.235
Terengganu,5.3117,103.1324,2026-01-25T07:00,22.3,96,26.5,0.0,3,1013.1,3.4,90,100,0.0,23.2,0.236
Terengganu,5.3117,103.1324,2026-01-25T08:00,22.0,100,26.4,0.0,3,1013.3,3.2,232,100,17.0,23.5,0.247
Terengganu,5.3117,103.1324,2026-01-25T09:00,23.8,95,28.8,0.0,1,1014.1,3.0,142,34,153.0,24.0,0.248
Terengganu,5.3117,103.1324,2026-01-25T10:00,25.5,80,29.5,0.1,51,1014.8,6.0,100,20,360.0,24.9,0.249
Terengganu,5.3117,103.1324,2026-01-25T11:00,27.0,70,30.1,0.1,51,1014.8,10.9,82,62,582.0,26.1,0.248
Terengganu,5.3117,103.1324,2026-01-25T12:00,27.0,68,29.7,0.3,51,1014.4,13.6,79,100,648.0,27.1,0.249
Terengganu,5.3117,103.1324,2026-01-25T13:00,28.0,66,32.2,0.1,51,1013.9,13.0,76,100,851.0,28.4,0.247
Terengganu,5.3117,103.1324,2026-01-25T14:00,28.1,66,32.5,0.0,3,1013.2,12.6,87,97,865.0,29.2,0.247
Terengganu,5.3117,103.1324,2026-01-25T15:00,27.8,66,31.1,0.1,51,1012.3,13.9,85,100,768.0,29.7,0.245
Terengganu,5.3117,103.1324,2026-01-25T16:00,27.6,65,30.5,0.0,3,1011.6,13.5,74,98,669.0,29.9,0.243
Terengganu,5.3117,103.1324,2026-01-25T17:00,27.1,68,29.3,0.0,2,1011.3,14.2,72,76,532.0,29.6,0.241
Terengganu,5.3117,103.1324,2026-01-25T18:00,26.5,72,29.1,0.0,2,1011.6,12.4,71,62,333.0,29.0,0.24
Terengganu,5.3117,103.1324,2026-01-25T19:00,25.5,78,28.8,0.0,3,1012.0,9.3,66,85,114.0,28.0,0.239
Terengganu,5.3117,103.1324,2026-01-25T20:00,24.9,81,28.2,0.0,1,1012.5,8.7,60,33,2.0,27.1,0.241
Terengganu,5.3117,103.1324,2026-01-25T21:00,24.8,81,27.8,0.1,51,1013.1,9.9,68,37,0.0,26.3,0.242
Terengganu,5.3117,103.1324,2026-01-25T22:00,24.6,80,27.7,0.0,2,1013.7,9.1,80,50,0.0,25.6,0.243
Terengganu,5.3117,103.1324,2026-01-25T23:00,24.4,82,27.8,0.0,1,1013.9,6.9,81,34,0.0,25.1,0.242
Terengganu,5.3117,103.1324,2026-01-26T00:00,24.0,84,27.6,0.0,3,1013.7,5.8,86,95,0.0,24.8,0.243
Terengganu,5.3117,103.1324,2026-01-26T01:00,23.5,88,27.3,0.0,3,1013.6,5.2,90,87,0.0,24.4,0.243
Terengganu,5.3117,103.1324,2026-01-26T02:00,23.8,84,27.7,0.0,3,1013.3,2.5,111,100,0.0,24.4,0.243
Terengganu,5.3117,103.1324,2026-01-26T03:00,23.1,86,27.0,0.1,51,1012.9,2.0,85,99,0.0,24.0,0.244
Terengganu,5.3117,103.1324,2026-01-26T04:00,22.9,85,26.4,0.0,3,1012.4,3.5,78,100,0.0,23.7,0.244
Terengganu,5.3117,103.1324,2026-01-26T05:00,22.6,85,26.2,0.0,3,1012.4,1.7,103,100,0.0,23.4,0.244
Terengganu,5.3117,103.1324,2026-01-26T06:00,22.3,88,26.1,0.0,3,1012.8,1.2,117,100,0.0,23.0,0.245
Terengganu,5.3117,103.1324,2026-01-26T07:00,21.9,92,26.0,0.0,3,1013.4,0.5,180,97,0.0,22.8,0.245
Terengganu,5.3117,103.1324,2026-01-26T08:00,21.9,95,25.5,0.0,0,1013.9,5.3,237,13,17.0,23.2,0.243
Terengganu,5.3117,103.1324,2026-01-26T09:00,24.7,85,29.3,0.0,1,1014.7,2.3,225,26,184.0,24.0,0.243
Terengganu,5.3117,103.1324,2026-01-26T10:00,26.5,74,30.1,0.3,51,1015.2,6.6,77,20,407.0,25.2,0.245
Terengganu,5.3117,103.1324,2026-01-26T11:00,27.3,66,29.9,0.1,51,1015.1,12.4,69,19,612.0,26.4,0.244
Terengganu,5.3117,103.1324,2026-01-26T12:00,27.5,66,30.6,0.0,0,1014.6,13.6,67,6,720.0,27.5,0.241
Terengganu,5.3117,103.1324,2026-01-26T13:00,27.9,65,31.8,0.0,0,1013.9,14.4,68,5,896.0,28.7,0.239
Terengganu,5.3117,103.1324,2026-01-26T14:00,28.0,65,32.4,0.0,0,1012.8,12.4,71,7,924.0,29.6,0.235
Terengganu,5.3117,103.1324,2026-01-26T15:00,27.8,65,31.9,0.0,0,1011.9,12.7,74,5,878.0,30.2,0.232
Terengganu,5.3117,103.1324,2026-01-26T16:00,27.5,66,30.9,0.0,0,1011.1,12.2,71,4,762.0,30.4,0.23
Terengganu,5.3117,103.1324,2026-01-26T17:00,26.9,68,29.4,0.0,0,1010.9,12.0,69,9,581.0,30.1,0.228
Terengganu,5.3117,103.1324,2026-01-26T18:00,26.2,71,28.8,0.0,0,1011.3,10.7,68,10,349.0,29.4,0.226
Terengganu,5.3117,103.1324,2026-01-26T19:00,25.3,76,28.3,0.0,0,1011.7,8.4,74,16,118.0,28.3,0.226
Terengganu,5.3117,103.1324,2026-01-26T20:00,24.7,81,28.5,0.0,1,1012.5,4.7,72,31,2.0,27.5,0.223
Terengganu,5.3117,103.1324,2026-01-26T21:00,24.5,82,28.1,0.0,1,1013.1,6.6,61,30,0.0,26.6,0.223
Terengganu,5.3117,103.1324,2026-01-26T22:00,24.3,83,27.8,0.0,1,1013.6,6.6,53,41,0.0,25.9,0.223
Terengganu,5.3117,103.1324,2026-01-26T23:00,23.7,88,27.7,0.0,3,1014.0,4.6,45,85,0.0,25.4,0.223
Terengganu,5.3117,103.1324,2026-01-27T00:00,23.5,88,27.6,0.0,3,1014.0,3.1,50,88,0.0,24.8,0.223
Terengganu,5.3117,103.1324,2026-01-27T01:00,23.1,89,27.0,0.0,3,1014.2,4.3,42,91,0.0,24.4,0.224
Terengganu,5.3117,103.1324,2026-01-27T02:00,23.4,87,26.7,0.0,3,1013.7,7.1,43,95,0.0,23.8,0.224
Terengganu,5.3117,103.1324,2026-01-27T03:00,23.0,89,26.3,0.0,2,1013.6,6.9,51,62,0.0,23.6,0.224
Terengganu,5.3117,103.1324,2026-01-27T04:00,23.0,87,26.2,0.1,51,1013.2,6.8,40,74,0.0,23.5,0.225
Terengganu,5.3117,103.1324,2026-01-27T05:00,22.9,88,26.2,0.1,51,1012.9,6.7,31,97,0.0,23.3,0.226
Terengganu,5.3117,103.1324,2026-01-27T06:00,22.4,89,25.8,0.1,51,1013.3,5.2,31,95,0.0,23.1,0.226
Terengganu,5.3117,103.1324,2026-01-27T07:00,22.5,89,26.3,0.0,3,1013.6,1.6,354,94,0.0,23.0,0.227
Terengganu,5.3117,103.1324,2026-01-27T08:00,22.1,95,25.8,0.0,3,1014.4,5.7,242,100,18.0,22.2,0.228
Terengganu,5.3117,103.1324,2026-01-27T09:00,24.0,91,28.4,0.0,3,1015.3,4.5,241,100,184.0,23.1,0.228
Terengganu,5.3117,103.1324,2026-01-27T10:00,26.0,79,30.6,0.0,3,1015.6,1.7,41,98,419.0,24.7,0.227
Terengganu,5.3117,103.1324,2026-01-27T11:00,27.2,69,31.2,0.0,3,1015.5,7.1,60,98,647.0,26.4,0.225
Terengganu,5.3117,103.1324,2026-01-27T12:00,27.8,66,31.9,0.0,3,1015.2,11.4,57,98,805.0,27.9,0.223
Terengganu,5.3117,103.1324,2026-01-27T13:00,27.9,67,32.4,0.0,3,1014.6,12.1,53,99,880.0,29.1,0.22
Terengganu,5.3117,103.1324,2026-01-27T14:00,28.2,64,33.1,0.0,3,1013.6,9.7,55,100,893.0,30.0,0.217
Terengganu,5.3117,103.1324,2026-01-27T15:00,28.1,64,32.5,0.0,3,1012.5,9.2,57,100,823.0,30.6,0.214
Terengganu,5.3117,103.1324,2026-01-27T16:00,27.9,66,31.5,0.0,3,1011.7,11.1,53,99,711.0,30.8,0.212
Terengganu,5.3117,103.1324,2026-01-27T17:00,27.0,71,29.7,0.0,3,1011.4,13.0,48,100,523.0,30.5,0.21
Terengganu,5.3117,103.1324,2026-01-27T18:00,26.4,75,29.3,0.0,3,1011.8,12.5,43,99,332.0,29.7,0.209
Terengganu,5.3117,103.1324,2026-01-27T19:00,25.5,78,28.8,0.0,2,1012.1,9.3,43,67,117.0,28.6,0.209
Terengganu,5.3117,103.1324,2026-01-27T20:00,24.9,80,28.0,0.0,3,1012.4,9.4,55,100,3.0,27.6,0.208
Terengganu,5.3117,103.1324,2026-01-27T21:00,24.6,82,27.9,0.0,3,1013.0,8.3,51,100,0.0,26.8,0.208
Terengganu,5.3117,103.1324,2026-01-27T22:00,24.3,83,27.8,0.0,3,1013.7,6.8,55,96,0.0,26.0,0.208
Terengganu,5.3117,103.1324,2026-01-27T23:00,23.8,86,27.6,0.0,3,1014.0,5.1,42,98,0.0,25.4,0.208
Terengganu,5.3117,103.1324,2026-01-28T00:00,23.4,89,27.3,0.0,3,1014.1,4.8,45,100,0.0,25.0,0.208
Terengganu,5.3117,103.1324,2026-01-28T01:00,23.5,88,27.2,0.0,3,1013.9,5.1,48,100,0.0,24.6,0.208
Terengganu,5.3117,103.1324,2026-01-28T02:00,23.8,89,27.8,0.0,3,1013.4,5.8,36,100,0.0,24.5,0.208
Terengganu,5.3117,103.1324,2026-01-28T03:00,23.2,91,27.2,0.0,3,1012.7,5.7,35,100,0.0,24.2,0.208
Terengganu,5.3117,103.1324,2026-01-28T04:00,23.1,90,27.3,0.0,3,1012.0,2.7,23,100,0.0,24.0,0.208
Terengganu,5.3117,103.1324,2026-01-28T05:00,22.8,91,27.2,0.0,3,1011.8,0.7,14,100,0.0,23.7,0.209
Terengganu,5.3117,103.1324,2026-01-28T06:00,22.4,94,26.9,0.0,3,1012.3,0.4,180,100,0.0,23.5,0.209
Terengganu,5.3117,103.1324,2026-01-28T07:00,22.1,97,26.7,0.0,3,1012.8,0.9,217,98,0.0,23.2,0.209
Terengganu,5.3117,103.1324,2026-01-28T08:00,22.6,97,26.9,0.0,3,1013.2,5.0,240,100,16.0,23.5,0.209
Terengganu,5.3117,103.1324,2026-01-28T09:00,24.7,88,29.6,0.0,3,1014.2,2.7,270,100,155.0,24.2,0.209
Terengganu,5.3117,103.1324,2026-01-28T10:00,26.4,76,30.1,0.1,51,1014.6,7.7,54,100,358.0,25.5,0.21
Terengganu,5.3117,103.1324,2026-01-28T11:00,27.5,67,30.4,0.0,3,1014.7,12.0,60,100,604.0,26.9,0.208
Terengganu,5.3117,103.1324,2026-01-28T12:00,27.8,66,30.8,0.0,3,1014.6,13.6,59,100,692.0,28.0,0.207
Terengganu,5.3117,103.1324,2026-01-28T13:00,28.1,65,32.2,0.0,3,1014.0,13.6,58,100,865.0,29.3,0.204
Terengganu,5.3117,103.1324,2026-01-28T14:00,28.2,66,32.7,0.0,3,1013.5,11.4,61,97,857.0,30.2,0.203
Terengganu,5.3117,103.1324,2026-01-28T15:00,28.1,65,32.7,0.0,3,1012.4,10.6,60,97,859.0,31.0,0.201
Terengganu,5.3117,103.1324,2026-01-28T16:00,27.4,69,30.4,0.0,3,1011.3,12.1,60,90,621.0,31.0,0.199
Terengganu,5.3117,103.1324,2026-01-28T17:00,27.0,71,29.8,0.0,2,1011.2,13.3,57,66,557.0,30.7,0.198
Terengganu,5.3117,103.1324,2026-01-28T18:00,26.2,75,29.0,0.1,51,1011.5,13.0,63,31,348.0,30.0,0.197
Terengganu,5.3117,103.1324,2026-01-28T19:00,25.4,79,28.4,0.0,2,1011.8,11.6,57,61,115.0,28.9,0.197
Terengganu,5.3117,103.1324,2026-01-28T20:00,24.4,86,27.4,0.0,0,1012.8,12.9,50,12,2.0,27.8,0.197
Terengganu,5.3117,103.1324,2026-01-28T21:00,24.2,88,27.8,0.0,0,1013.7,9.7,48,13,0.0,26.9,0.197
Terengganu,5.3117,103.1324,2026-01-28T22:00,24.3,86,27.8,0.0,1,1014.5,8.5,54,45,0.0,26.2,0.198
Terengganu,5.3117,103.1324,2026-01-28T23:00,24.2,85,27.8,0.1,51,1014.6,8.3,51,96,0.0,25.6,0.198
Terengganu,5.3117,103.1324,2026-01-29T00:00,24.2,85,27.6,0.0,3,1014.4,9.0,57,85,0.0,25.2,0.199
Terengganu,5.3117,103.1324,2026-01-29T01:00,24.2,85,27.6,0.0,2,1014.1,8.6,59,69,0.0,24.9,0.199
Terengganu,5.3117,103.1324,2026-01-29T02:00,24.2,85,27.7,0.1,51,1013.7,8.2,52,31,0.0,25.0,0.199
Terengganu,5.3117,103.1324,2026-01-29T03:00,24.1,84,27.6,0.1,51,1013.0,8.0,54,100,0.0,24.8,0.2
Terengganu,5.3117,103.1324,2026-01-29T04:00,23.6,87,27.3,0.1,51,1012.3,5.5,46,100,0.0,24.5,0.2
Terengganu,5.3117,103.1324,2026-01-29T05:00,23.2,89,27.1,0.0,3,1011.8,4.5,53,99,0.0,24.2,0.201
Terengganu,5.3117,103.1324,2026-01-29T06:00,23.4,87,27.2,0.0,3,1012.2,4.5,61,100,0.0,24.0,0.201
Terengganu,5.3117,103.1324,2026-01-29T07:00,23.4,88,27.3,0.0,3,1012.5,4.1,45,98,0.0,24.0,0.201
Terengganu,5.3117,103.1324,2026-01-29T08:00,23.9,88,28.0,0.0,3,1013.2,4.5,34,94,15.0,24.5,0.197
Terengganu,5.3117,103.1324,2026-01-29T09:00,25.9,77,29.6,0.1,51,1013.8,7.2,39,48,177.0,25.1,0.198
Terengganu,5.3117,103.1324,2026-01-29T10:00,27.0,71,29.6,0.0,1,1014.1,12.5,51,40,420.0,26.1,0.197
Terengganu,5.3117,103.1324,2026-01-29T11:00,27.5,68,30.2,0.0,1,1014.6,12.1,55,34,572.0,27.4,0.196
Terengganu,5.3117,103.1324,2026-01-29T12:00,27.7,68,31.5,0.0,0,1014.4,12.9,55,13,751.0,28.6,0.194
Terengganu,5.3117,103.1324,2026-01-29T13:00,27.9,68,32.3,0.0,3,1013.7,12.9,55,100,881.0,29.9,0.192
Terengganu,5.3117,103.1324,2026-01-29T14:00,28.1,66,32.2,0.0,2,1012.9,13.0,57,78,830.0,30.7,0.193
Terengganu,5.3117,103.1324,2026-01-29T15:00,27.8,67,31.3,0.0,3,1012.0,13.3,58,100,760.0,31.1,0.192
Terengganu,5.3117,103.1324,2026-01-29T16:00,27.5,68,30.4,0.0,3,1011.3,14.9,58,99,681.0,31.2,0.19
Terengganu,5.3117,103.1324,2026-01-29T17:00,26.8,72,29.2,0.0,2,1011.2,15.2,57,56,458.0,30.7,0.189
Terengganu,5.3117,103.1324,2026-01-29T18:00,26.2,75,28.8,0.0,1,1011.3,14.1,59,27,275.0,30.0,0.189
Terengganu,5.3117,103.1324,2026-01-29T19:00,25.7,77,28.6,0.0,1,1011.6,11.7,61,27,105.0,28.9,0.189
Terengganu,5.3117,103.1324,2026-01-29T20:00,25.2,81,28.8,0.0,0,1012.5,8.6,61,16,3.0,27.9,0.188
Terengganu,5.3117,103.1324,2026-01-29T21:00,24.9,84,28.7,0.0,1,1013.2,7.3,57,21,0.0,27.0,0.188
Terengganu,5.3117,103.1324,2026-01-29T22:00,24.5,85,28.5,0.0,0,1014.1,6.4,50,19,0.0,26.4,0.188
Terengganu,5.3117,103.1324,2026-01-29T23:00,24.2,87,28.2,0.0,1,1014.4,6.0,46,30,0.0,25.9,0.188
Terengganu,5.3117,103.1324,2026-01-30T00:00,24.0,88,28.1,0.0,1,1014.5,5.2,41,31,0.0,25.5,0.188
Terengganu,5.3117,103.1324,2026-01-30T01:00,23.9,88,27.9,0.0,1,1014.4,5.4,34,35,0.0,25.0,0.188
Terengganu,5.3117,103.1324,2026-01-30T02:00,23.5,90,27.7,0.0,1,1014.0,4.8,31,44,0.0,24.8,0.188
Terengganu,5.3117,103.1324,2026-01-30T03:00,23.4,92,27.7,0.0,2,1013.7,3.7,14,56,0.0,24.6,0.188
Terengganu,5.3117,103.1324,2026-01-30T04:00,22.9,93,27.3,0.1,51,1013.3,2.8,18,50,0.0,24.3,0.189
Terengganu,5.3117,103.1324,2026-01-30T05:00,22.6,94,26.7,0.0,1,1013.2,4.0,21,48,0.0,24.0,0.189
Terengganu,5.3117,103.1324,2026-01-30T06:00,22.6,92,26.8,0.0,3,1013.3,2.4,13,100,0.0,23.7,0.189
Terengganu,5.3117,103.1324,2026-01-30T07:00,22.5,92,26.8,0.0,3,1013.6,0.9,349,99,0.0,23.4,0.19
Terengganu,5.3117,103.1324,2026-01-30T08:00,23.7,92,28.3,0.0,2,1013.8,3.5,21,65,18.0,23.1,0.191
Terengganu,5.3117,103.1324,2026-01-30T09:00,25.6,83,30.3,0.0,3,1014.8,3.8,49,96,167.0,24.1,0.191
Terengganu,5.3117,103.1324,2026-01-30T10:00,27.1,72,30.4,0.0,3,1015.1,10.2,53,87,392.0,25.6,0.191
Terengganu,5.3117,103.1324,2026-01-30T11:00,27.9,68,31.1,0.0,3,1015.2,11.8,52,95,602.0,27.2,0.189
Terengganu,5.3117,103.1324,2026-01-30T12:00,28.2,67,32.2,0.0,1,1014.9,12.4,51,41,751.0,28.6,0.188
Terengganu,5.3117,103.1324,2026-01-30T13:00,28.4,66,32.8,0.0,0,1014.2,13.9,50,16,897.0,30.0,0.186
Terengganu,5.3117,103.1324,2026-01-30T14:00,28.6,64,33.0,0.0,0,1013.4,13.7,50,15,902.0,31.0,0.185
Terengganu,5.3117,103.1324,2026-01-30T15:00,28.4,65,32.6,0.0,1,1012.4,13.5,48,30,862.0,31.8,0.183
Terengganu,5.3117,103.1324,2026-01-30T16:00,28.0,67,31.3,0.0,1,1011.8,13.0,48,44,680.0,31.9,0.182
Terengganu,5.3117,103.1324,2026-01-30T17:00,27.4,69,29.9,0.0,2,1011.6,12.8,50,59,453.0,31.4,0.181
Terengganu,5.3117,103.1324,2026-01-30T18:00,27.0,70,29.6,0.0,1,1011.6,11.9,51,32,313.0,30.6,0.18
Terengganu,5.3117,103.1324,2026-01-30T19:00,26.0,74,29.1,0.0,0,1012.0,9.0,55,5,123.0,29.5,0.18
Terengganu,5.3117,103.1324,2026-01-30T20:00,25.8,77,29.2,0.0,0,1012.5,8.3,48,10,3.0,28.6,0.181
Terengganu,5.3117,103.1324,2026-01-30T21:00,25.2,81,29.1,0.0,0,1012.8,6.5,46,16,0.0,27.6,0.181
Terengganu,5.3117,103.1324,2026-01-30T22:00,25.0,83,28.9,0.0,1,1013.7,6.2,52,38,0.0,27.0,0.181
Terengganu,5.3117,103.1324,2026-01-30T23:00,24.7,84,28.8,0.0,1,1014.0,5.3,55,21,0.0,26.4,0.181
Terengganu,5.3117,103.1324,2026-01-31T00:00,24.4,86,28.5,0.0,1,1014.2,4.9,57,25,0.0,25.9,0.181
Terengganu,5.3117,103.1324,2026-01-31T01:00,24.1,87,28.2,0.0,1,1013.9,4.9,62,30,0.0,25.4,0.181
Terengganu,5.3117,103.1324,2026-01-31T02:00,24.0,88,28.2,0.0,1,1013.6,5.0,49,34,0.0,25.0,0.179
Terengganu,5.3117,103.1324,2026-01-31T03:00,23.5,92,27.7,0.0,1,1013.0,4.5,40,29,0.0,24.8,0.179
Terengganu,5.3117,103.1324,2026-01-31T04:00,23.1,94,27.5,0.0,1,1012.4,4.4,38,23,0.0,24.5,0.179
Terengganu,5.3117,103.1324,2026-01-31T05:00,23.1,94,27.4,0.0,0,1012.3,4.4,32,19,0.0,24.4,0.179
Terengganu,5.3117,103.1324,2026-01-31T06:00,22.9,93,27.2,0.0,0,1012.3,2.9,7,18,0.0,24.0,0.18
Terengganu,5.3117,103.1324,2026-01-31T07:00,22.5,95,26.8,0.0,0,1012.7,2.5,339,16,0.0,23.8,0.18
Terengganu,5.3117,103.1324,2026-01-31T08:00,23.6,92,28.0,0.0,1,1013.4,5.5,11,32,17.0,23.1,0.187
Terengganu,5.3117,103.1324,2026-01-31T09:00,25.4,84,29.8,0.0,1,1014.5,5.4,30,47,161.0,24.1,0.187
Terengganu,5.3117,103.1324,2026-01-31T10:00,26.6,75,30.1,0.1,51,1015.1,9.3,54,25,367.0,25.5,0.188
Terengganu,5.3117,103.1324,2026-01-31T11:00,27.1,73,30.3,0.3,51,1015.4,12.7,67,66,577.0,27.0,0.19
Terengganu,5.3117,103.1324,2026-01-31T12:00,27.8,71,31.7,0.1,51,1015.3,13.4,70,59,720.0,28.4,0.19
Terengganu,5.3117,103.1324,2026-01-31T13:00,28.1,68,32.8,0.0,3,1014.7,13.8,72,91,892.0,29.9,0.188
Terengganu,5.3117,103.1324,2026-01-31T14:00,28.7,63,33.2,0.0,3,1014.0,12.9,67,95,917.0,31.0,0.188
Terengganu,5.3117,103.1324,2026-01-31T15:00,28.1,68,32.6,0.0,3,1013.0,13.5,65,92,858.0,31.6,0.186
Terengganu,5.3117,103.1324,2026-01-31T16:00,27.9,69,32.0,0.0,3,1012.1,12.4,66,94,759.0,32.0,0.184
Terengganu,5.3117,103.1324,2026-01-31T17:00,27.5,71,30.6,0.0,3,1011.5,12.6,62,97,594.0,31.8,0.183
Terengganu,5.3117,103.1324,2026-01-31T18:00,26.5,78,29.6,0.0,0,1011.8,13.4,57,2,357.0,31.0,0.182
Terengganu,5.3117,103.1324,2026-01-31T19:00,25.7,81,29.0,0.0,0,1012.2,11.8,52,9,127.0,29.8,0.182
Terengganu,5.3117,103.1324,2026-01-31T20:00,25.8,79,28.6,0.0,2,1012.6,14.2,54,78,3.0,29.0,0.174
Terengganu,5.3117,103.1324,2026-01-31T21:00,25.4,84,28.9,0.0,2,1013.3,11.1,59,53,0.0,28.1,0.174
Terengganu,5.3117,103.1324,2026-01-31T22:00,25.2,86,29.3,0.0,1,1014.0,7.9,57,32,0.0,27.4,0.174
Terengganu,5.3117,103.1324,2026-01-31T23:00,25.0,87,29.2,0.0,0,1014.2,6.6,45,17,0.0,26.8,0.174
Terengganu,5.3117,103.1324,2026-02-01T00:00,24.5,89,29.0,0.0,0,1014.3,5.5,38,13,0.0,26.4,0.174
Terengganu,5.3117,103.1324,2026-02-01T01:00,24.0,92,28.6,0.0,0,1013.8,4.5,34,16,0.0,25.9,0.174
Terengganu,5.3117,103.1324,2026-02-01T02:00,23.9,91,28.4,0.0,0,1013.1,4.3,15,17,0.0,25.6,0.171
Terengganu,5.3117,103.1324,2026-02-01T03:00,23.2,94,27.7,0.1,51,1012.4,3.2,360,94,0.0,25.1,0.171
Terengganu,5.3117,103.1324,2026-02-01T04:00,23.0,94,27.7,0.0,0,1011.8,2.0,333,16,0.0,24.8,0.172
Terengganu,5.3117,103.1324,2026-02-01T05:00,22.9,95,27.5,0.0,0,1011.4,1.9,319,14,0.0,24.5,0.172
Terengganu,5.3117,103.1324,2026-02-01T06:00,22.6,95,27.2,0.0,1,1011.9,1.7,311,24,0.0,24.2,0.172
Terengganu,5.3117,103.1324,2026-02-01T07:00,22.4,97,27.1,0.1,51,1012.4,0.9,259,37,0.0,24.0,0.173
Terengganu,5.3117,103.1324,2026-02-01T08:00,23.1,98,27.8,0.1,51,1013.2,4.5,263,27,16.0,24.3,0.178
Terengganu,5.3117,103.1324,2026-02-01T09:00,25.2,85,30.0,0.1,51,1014.0,3.5,291,38,168.0,25.0,0.179
Terengganu,5.3117,103.1324,2026-02-01T10:00,26.9,76,31.2,0.1,51,1014.6,5.4,48,21,377.0,26.5,0.18
Terengganu,5.3117,103.1324,2026-02-01T11:00,27.7,70,30.9,0.1,51,1014.6,12.2,56,25,587.0,28.0,0.18
Terengganu,5.3117,103.1324,2026-02-01T12:00,28.1,68,31.8,0.1,51,1014.7,14.4,53,16,732.0,29.3,0.18
Terengganu,5.3117,103.1324,2026-02-01T13:00,28.4,65,32.1,0.0,0,1014.0,15.8,55,14,852.0,30.5,0.179
Terengganu,5.3117,103.1324,2026-02-01T14:00,28.9,63,32.6,0.0,2,1013.4,16.7,52,75,889.0,31.5,0.183
Terengganu,5.3117,103.1324,2026-02-01T15:00,28.2,63,31.5,0.0,3,1012.5,15.9,53,88,825.0,32.0,0.181
Terengganu,5.3117,103.1324,2026-02-01T16:00,28.0,63,30.7,0.0,2,1011.8,16.2,52,71,750.0,32.1,0.18
Terengganu,5.3117,103.1324,2026-02-01T17:00,27.4,67,29.4,0.0,3,1011.7,15.1,50,95,551.0,31.8,0.179
Terengganu,5.3117,103.1324,2026-02-01T18:00,26.6,71,28.9,0.0,1,1011.8,14.0,46,21,359.0,31.0,0.178
Terengganu,5.3117,103.1324,2026-02-01T19:00,25.6,77,28.3,0.0,2,1012.2,12.1,41,70,124.0,29.8,0.178
Terengganu,5.3117,103.1324,2026-02-01T20:00,25.3,80,28.5,0.0,3,1012.9,10.6,35,88,3.0,29.0,0.172
Terengganu,5.3117,103.1324,2026-02-01T21:00,25.1,80,28.2,0.0,3,1013.4,10.5,39,95,0.0,28.0,0.171
Terengganu,5.3117,103.1324,2026-02-01T22:00,24.8,82,28.1,0.0,2,1014.2,9.1,39,57,0.0,27.2,0.171
Terengganu,5.3117,103.1324,2026-02-01T23:00,24.4,84,27.9,0.0,1,1014.3,7.3,36,22,0.0,26.5,0.171
Terengganu,5.3117,103.1324,2026-02-02T00:00,24.1,84,27.9,0.0,2,1014.2,5.9,45,73,0.0,26.0,0.171
Terengganu,5.3117,103.1324,2026-02-02T01:00,23.6,87,27.6,0.0,2,1014.5,3.8,41,66,0.0,25.5,0.172
Terengganu,5.3117,103.1324,2026-02-02T02:00,23.3,91,27.5,0.0,2,1014.2,3.5,24,73,0.0,25.2,0.169
Terengganu,5.3117,103.1324,2026-02-02T03:00,22.7,92,26.7,0.1,51,1013.5,4.3,24,82,0.0,24.8,0.17
Terengganu,5.3117,103.1324,2026-02-02T04:00,22.7,91,26.6,0.0,0,1013.0,4.0,36,19,0.0,24.5,0.17
Terengganu,5.3117,103.1324,2026-02-02T05:00,22.5,91,26.3,0.0,1,1012.6,4.1,29,27,0.0,24.1,0.171
Terengganu,5.3117,103.1324,2026-02-02T06:00,22.2,91,25.7,0.0,3,1012.8,5.0,19,98,0.0,23.8,0.171
Terengganu,5.3117,103.1324,2026-02-02T07:00,22.4,90,25.8,0.0,3,1013.2,5.2,31,88,0.0,23.6,0.171
Terengganu,5.3117,103.1324,2026-02-02T08:00,23.2,92,27.7,0.0,2,1013.7,2.9,353,61,16.0,23.0,0.172
Terengganu,5.3117,103.1324,2026-02-02T09:00,25.3,82,29.5,0.0,1,1014.4,4.9,28,32,178.0,24.0,0.172
Terengganu,5.3117,103.1324,2026-02-02T10:00,26.8,70,28.9,0.1,51,1014.9,14.8,57,16,388.0,25.5,0.172
Terengganu,5.3117,103.1324,2026-02-02T11:00,27.2,68,29.5,0.0,1,1015.0,15.2,63,20,578.0,27.0,0.172
Terengganu,5.3117,103.1324,2026-02-02T12:00,28.0,64,31.0,0.0,1,1014.8,16.3,63,41,789.0,28.8,0.171
Terengganu,5.3117,103.1324,2026-02-02T13:00,27.9,65,31.6,0.0,1,1014.2,15.0,63,25,887.0,30.2,0.17
Terengganu,5.3117,103.1324,2026-02-02T14:00,28.3,63,32.3,0.0,2,1013.4,14.3,56,78,903.0,31.4,0.174
Terengganu,5.3117,103.1324,2026-02-02T15:00,27.8,66,32.0,0.0,3,1012.6,13.0,55,88,886.0,32.1,0.173
Terengganu,5.3117,103.1324,2026-02-02T16:00,27.4,67,30.5,0.0,2,1011.8,13.4,59,77,708.0,32.2,0.172
Terengganu,5.3117,103.1324,2026-02-02T17:00,27.0,68,29.2,0.1,51,1011.7,14.3,61,27,577.0,32.0,0.172
Terengganu,5.3117,103.1324,2026-02-02T18:00,26.2,72,28.6,0.1,51,1011.7,13.4,62,13,331.0,31.1,0.172
Terengganu,5.3117,103.1324,2026-02-02T19:00,25.6,74,28.2,0.0,0,1011.8,11.4,59,13,123.0,29.9,0.172
Terengganu,5.3117,103.1324,2026-02-02T20:00,25.4,75,27.9,0.0,2,1012.8,11.3,53,64,3.0,28.5,0.174
Terengganu,5.3117,103.1324,2026-02-02T21:00,25.1,77,27.9,0.0,3,1013.6,10.6,60,85,0.0,27.6,0.174
Terengganu,5.3117,103.1324,2026-02-02T22:00,24.9,79,27.8,0.0,3,1014.5,9.3,65,88,0.0,26.9,0.174
Terengganu,5.3117,103.1324,2026-02-02T23:00,24.5,80,27.4,0.1,51,1014.7,9.7,61,70,0.0,26.3,0.175
Terengganu,5.3117,103.1324,2026-02-03T00:00,24.1,83,27.2,0.0,1,1014.8,9.2,59,35,0.0,25.9,0.175
Terengganu,5.3117,103.1324,2026-02-03T01:00,23.8,84,27.3,0.1,51,1014.7,5.3,45,10,0.0,25.4,0.176
Terengganu,5.3117,103.1324,2026-02-03T02:00,23.8,85,27.1,0.0,0,1014.0,7.5,37,13,0.0,24.7,0.179
Terengganu,5.3117,103.1324,2026-02-03T03:00,23.4,84,26.6,0.0,0,1013.3,6.6,37,12,0.0,24.2,0.179
Terengganu,5.3117,103.1324,2026-02-03T04:00,22.8,85,26.0,0.0,1,1013.1,5.5,27,27,0.0,23.9,0.179
Terengganu,5.3117,103.1324,2026-02-03T05:00,22.6,85,26.0,0.0,3,1013.1,3.5,15,95,0.0,23.5,0.179
Terengganu,5.3117,103.1324,2026-02-03T06:00,22.5,86,26.0,0.0,3,1013.5,2.0,360,95,0.0,23.2,0.179
Terengganu,5.3117,103.1324,2026-02-03T07:00,22.1,87,25.7,0.0,3,1013.8,1.4,337,94,0.0,22.9,0.179
Terengganu,5.3117,103.1324,2026-02-03T08:00,23.8,86,27.7,0.0,2,1014.1,4.0,18,55,19.0,23.5,0.177
Terengganu,5.3117,103.1324,2026-02-03T09:00,25.7,75,29.1,0.0,1,1015.1,6.7,34,29,190.0,24.4,0.177
Terengganu,5.3117,103.1324,2026-02-03T10:00,27.1,63,29.1,0.0,3,1015.6,11.8,47,87,434.0,25.8,0.177
Terengganu,5.3117,103.1324,2026-02-03T11:00,27.5,64,29.8,0.0,3,1015.7,13.3,50,98,613.0,27.3,0.176
Terengganu,5.3117,103.1324,2026-02-03T12:00,27.9,64,31.5,0.0,2,1015.3,12.4,49,79,794.0,29.0,0.175
Terengganu,5.3117,103.1324,2026-02-03T13:00,27.9,64,31.8,0.1,51,1014.7,13.7,51,91,873.0,30.4,0.174
Terengganu,5.3117,103.1324,2026-02-03T14:00,28.2,62,32.1,0.3,51,1014.2,12.9,53,23,891.0,31.4,0.18
Terengganu,5.3117,103.1324,2026-02-03T15:00,27.5,65,31.0,0.0,1,1013.7,12.8,59,45,798.0,31.9,0.178
Terengganu,5.3117,103.1324,2026-02-03T16:00,27.5,66,30.9,0.0,1,1012.8,9.8,59,22,682.0,32.0,0.178
Terengganu,5.3117,103.1324,2026-02-03T17:00,27.2,67,30.1,0.0,1,1012.1,9.8,52,26,571.0,31.9,0.177
Terengganu,5.3117,103.1324,2026-02-03T18:00,26.2,73,29.0,0.0,3,1011.9,10.7,45,100,321.0,31.0,0.176
Terengganu,5.3117,103.1324,2026-02-03T19:00,25.5,75,28.5,0.0,2,1012.4,8.2,33,64,113.0,29.8,0.176
Terengganu,5.3117,103.1324,2026-02-03T20:00,25.1,81,28.3,0.0,3,1013.0,10.1,31,80,3.0,28.1,0.178
Terengganu,5.3117,103.1324,2026-02-03T21:00,24.9,83,28.2,0.0,3,1013.5,10.6,26,100,0.0,27.3,0.178
Terengganu,5.3117,103.1324,2026-02-03T22:00,24.9,84,28.3,0.0,3,1014.3,9.9,21,95,0.0,26.7,0.178
Terengganu,5.3117,103.1324,2026-02-03T23:00,24.5,86,28.2,0.1,51,1014.5,8.3,13,96,0.0,26.2,0.179
Terengganu,5.3117,103.1324,2026-02-04T00:00,24.1,88,27.8,0.1,51,1014.3,7.9,11,96,0.0,25.8,0.18
Terengganu,5.3117,103.1324,2026-02-04T01:00,24.1,88,28.3,0.2,51,1014.1,5.2,6,85,0.0,25.4,0.182
Terengganu,5.3117,103.1324,2026-02-04T02:00,23.7,93,28.2,0.1,51,1013.5,4.5,344,73,0.0,25.5,0.181
Terengganu,5.3117,103.1324,2026-02-04T03:00,23.2,96,27.9,0.1,51,1013.1,4.2,342,67,0.0,25.0,0.183
Terengganu,5.3117,103.1324,2026-02-04T04:00,23.2,97,28.0,0.1,51,1012.7,4.1,337,86,0.0,24.8,0.184
Terengganu,5.3117,103.1324,2026-02-04T05:00,23.2,97,28.0,0.1,51,1012.5,4.1,326,99,0.0,24.5,0.185
Terengganu,5.3117,103.1324,2026-02-04T06:00,23.1,97,27.7,0.4,51,1012.6,5.3,332,84,0.0,24.4,0.189
Terengganu,5.3117,103.1324,2026-02-04T07:00,23.0,98,27.8,0.2,51,1013.0,3.8,343,100,0.0,24.1,0.192
Terengganu,5.3117,103.1324,2026-02-04T08:00,23.3,95,27.6,0.4,51,1013.8,6.0,39,100,11.0,23.8,0.195
Terengganu,5.3117,103.1324,2026-02-04T09:00,24.5,88,28.4,0.2,51,1014.5,8.8,31,94,102.0,24.0,0.196
Terengganu,5.3117,103.1324,2026-02-04T10:00,25.5,83,29.6,0.2,51,1015.2,8.0,38,100,296.0,25.0,0.198
Terengganu,5.3117,103.1324,2026-02-04T11:00,26.3,78,29.7,0.3,51,1015.4,11.2,60,100,387.0,26.0,0.2
Terengganu,5.3117,103.1324,2026-02-04T12:00,24.5,87,28.2,0.9,53,1015.3,9.2,70,100,165.0,25.9,0.21
Terengganu,5.3117,103.1324,2026-02-04T13:00,25.1,86,29.5,0.5,53,1014.6,6.3,13,100,327.0,26.2,0.214
Terengganu,5.3117,103.1324,2026-02-04T14:00,24.9,87,28.9,0.5,53,1013.7,8.4,53,100,448.0,27.0,0.23
Terengganu,5.3117,103.1324,2026-02-04T15:00,25.0,86,29.1,0.7,53,1013.0,7.6,54,100,258.0,26.5,0.238
Terengganu,5.3117,103.1324,2026-02-04T16:00,25.0,85,28.8,0.4,51,1012.2,9.1,54,100,284.0,26.5,0.242
Terengganu,5.3117,103.1324,2026-02-04T17:00,25.0,85,28.3,0.2,51,1012.0,11.5,65,99,205.0,26.3,0.244
Terengganu,5.3117,103.1324,2026-02-04T18:00,25.0,84,29.0,0.1,51,1011.9,7.2,62,100,104.0,26.0,0.244
Terengganu,5.3117,103.1324,2026-02-04T19:00,24.9,85,28.7,0.1,51,1012.3,7.7,53,98,76.0,25.9,0.244
Terengganu,5.3117,103.1324,2026-02-04T20:00,24.6,91,28.7,0.1,51,1012.9,10.1,74,100,3.0,26.1,0.246
Terengganu,5.3117,103.1324,2026-02-04T21:00,24.8,90,29.1,0.1,51,1013.3,7.6,62,100,0.0,25.5,0.247
Terengganu,5.3117,103.1324,2026-02-04T22:00,24.3,91,29.3,0.1,51,1014.1,2.4,17,100,0.0,25.0,0.247
Terengganu,5.3117,103.1324,2026-02-04T23:00,23.6,95,28.6,0.1,51,1014.6,3.1,347,100,0.0,24.8,0.249
Terengganu,5.3117,103.1324,2026-02-05T00:00,23.7,97,29.0,0.2,51,1014.1,2.4,297,100,0.0,24.5,0.25
Terengganu,5.3117,103.1324,2026-02-05T01:00,23.4,99,28.3,0.3,51,1014.2,4.8,255,100,0.0,24.4,0.254
Terengganu,5.3117,103.1324,2026-02-05T02:00,23.5,98,28.1,0.2,51,1013.5,6.8,259,100,0.0,24.8,0.252
Terengganu,5.3117,103.1324,2026-02-05T03:00,23.5,98,28.5,0.1,51,1013.0,3.8,265,100,0.0,24.5,0.254
Terengganu,5.3117,103.1324,2026-02-05T04:00,23.1,99,28.2,0.1,51,1012.6,3.0,327,99,0.0,24.2,0.256
Terengganu,5.3117,103.1324,2026-02-05T05:00,23.0,100,27.8,0.1,51,1012.2,4.0,262,100,0.0,24.1,0.256
Terengganu,5.3117,103.1324,2026-02-05T06:00,22.6,99,27.1,0.0,3,1012.5,5.1,253,100,0.0,23.9,0.257
Terengganu,5.3117,103.1324,2026-02-05T07:00,22.6,99,27.2,0.0,3,1012.7,4.0,267,100,0.0,23.6,0.258
Terengganu,5.3117,103.1324,2026-02-05T08:00,23.4,97,28.4,0.0,3,1013.4,3.1,357,100,13.0,24.0,0.258
Terengganu,5.3117,103.1324,2026-02-05T09:00,25.0,91,30.2,0.1,51,1014.0,4.3,28,100,121.0,24.5,0.259
Terengganu,5.3117,103.1324,2026-02-05T10:00,26.2,81,30.0,0.2,51,1014.7,10.0,57,96,274.0,25.2,0.261
Terengganu,5.3117,103.1324,2026-02-05T11:00,27.0,76,30.9,0.0,1,1014.8,9.1,60,34,426.0,26.1,0.26
Terengganu,5.3117,103.1324,2026-02-05T12:00,27.7,74,32.1,0.2,51,1014.2,8.8,57,45,618.0,27.4,0.259
Terengganu,5.3117,103.1324,2026-02-05T13:00,27.8,73,32.0,0.1,51,1013.4,10.8,52,51,645.0,28.3,0.258
Terengganu,5.3117,103.1324,2026-02-05T14:00,27.7,73,32.1,0.1,51,1012.4,13.0,47,75,748.0,29.1,0.255
Terengganu,5.3117,103.1324,2026-02-05T15:00,28.2,72,33.3,0.0,3,1011.5,13.9,48,100,883.0,30.0,0.252
Terengganu,5.3117,103.1324,2026-02-05T16:00,27.7,74,31.7,0.0,3,1010.6,15.4,53,100,732.0,30.3,0.249
Terengganu,5.3117,103.1324,2026-02-05T17:00,27.2,75,30.1,0.0,3,1010.4,15.3,54,100,497.0,30.0,0.247
Terengganu,5.3117,103.1324,2026-02-05T18:00,26.8,75,29.7,0.0,2,1010.4,12.8,52,77,289.0,29.3,0.246
Terengganu,5.3117,103.1324,2026-02-05T19:00,25.9,79,29.7,0.0,1,1011.1,7.8,48,30,121.0,28.4,0.245
Terengganu,5.3117,103.1324,2026-02-05T20:00,25.1,85,29.7,0.0,3,1011.9,3.7,39,97,4.0,27.6,0.244
Terengganu,5.3117,103.1324,2026-02-05T21:00,24.5,89,29.0,0.0,2,1012.5,4.1,52,59,0.0,26.7,0.244
Terengganu,5.3117,103.1324,2026-02-05T22:00,24.2,91,29.0,0.0,3,1013.3,3.2,47,100,0.0,26.0,0.244
Terengganu,5.3117,103.1324,2026-02-05T23:00,24.0,93,28.7,0.0,3,1013.4,5.0,44,100,0.0,25.5,0.244
Terengganu,5.3117,103.1324,2026-02-06T00:00,23.9,93,28.6,0.0,3,1013.3,3.9,43,100,0.0,25.1,0.244
Terengganu,5.3117,103.1324,2026-02-06T01:00,24.0,92,29.1,0.0,3,1013.6,0.7,360,98,0.0,24.8,0.244
Terengganu,5.3117,103.1324,2026-02-06T02:00,23.9,92,28.5,0.0,3,1012.8,4.2,43,99,0.0,24.6,0.244
Terengganu,5.3117,103.1324,2026-02-06T03:00,23.8,92,28.9,0.0,3,1012.3,0.6,288,100,0.0,24.5,0.244
Terengganu,5.3117,103.1324,2026-02-06T04:00,22.9,97,27.7,0.0,3,1011.7,2.5,249,88,0.0,24.2,0.244
Terengganu,5.3117,103.1324,2026-02-06T05:00,22.2,99,26.7,0.0,3,1011.7,2.6,258,100,0.0,24.0,0.244
Terengganu,5.3117,103.1324,2026-02-06T06:00,21.8,99,26.2,0.0,3,1012.0,1.8,264,98,0.0,23.8,0.244
Terengganu,5.3117,103.1324,2026-02-06T07:00,22.0,98,26.1,0.0,3,1012.1,4.4,258,100,0.0,23.6,0.244
Terengganu,5.3117,103.1324,2026-02-06T08:00,21.9,99,26.4,0.0,3,1012.4,2.1,232,100,16.0,23.8,0.243
Terengganu,5.3117,103.1324,2026-02-06T09:00,24.6,95,30.3,0.0,3,1013.5,2.2,228,100,145.0,24.5,0.243
Terengganu,5.3117,103.1324,2026-02-06T10:00,26.7,79,31.4,0.0,3,1014.2,4.0,98,100,353.0,25.8,0.242
Terengganu,5.3117,103.1324,2026-02-06T11:00,27.9,71,32.5,0.0,3,1014.2,4.0,93,100,585.0,27.2,0.24
Terengganu,5.3117,103.1324,2026-02-06T12:00,28.5,69,33.8,0.0,3,1013.8,7.2,76,100,754.0,28.8,0.237
Terengganu,5.3117,103.1324,2026-02-06T13:00,28.6,68,33.8,0.0,3,1013.0,10.8,69,100,856.0,29.9,0.234
Terengganu,5.3117,103.1324,2026-02-06T14:00,29.2,63,34.2,0.0,3,1011.7,12.6,71,98,919.0,30.8,0.231
Terengganu,5.3117,103.1324,2026-02-06T15:00,28.8,64,33.1,0.0,2,1010.6,13.5,71,71,884.0,31.4,0.228
Terengganu,5.3117,103.1324,2026-02-06T16:00,28.5,67,32.6,0.0,1,1009.6,13.9,67,22,768.0,31.5,0.225
Terengganu,5.3117,103.1324,2026-02-06T17:00,27.8,72,31.3,0.0,0,1009.3,12.5,67,10,585.0,31.2,0.223
Terengganu,5.3117,103.1324,2026-02-06T18:00,27.0,75,30.7,0.0,1,1009.8,9.5,65,40,368.0,30.5,0.221
Terengganu,5.3117,103.1324,2026-02-06T19:00,26.1,80,30.3,0.0,3,1010.3,6.9,75,95,132.0,29.5,0.22
Terengganu,5.3117,103.1324,2026-02-06T20:00,25.7,86,30.8,0.0,3,1010.7,4.0,93,100,4.0,28.4,0.22
Terengganu,5.3117,103.1324,2026-02-06T21:00,25.1,90,30.2,0.0,3,1011.8,4.5,104,96,0.0,27.5,0.219
Terengganu,5.3117,103.1324,2026-02-06T22:00,24.9,91,30.1,0.0,3,1012.4,3.0,123,100,0.0,26.7,0.219
Terengganu,5.3117,103.1324,2026-02-06T23:00,24.2,94,29.3,0.0,3,1012.7,3.9,152,99,0.0,26.0,0.219
Terengganu,5.3117,103.1324,2026-02-07T00:00,23.9,95,29.0,0.0,3,1012.5,2.8,195,100,0.0,25.6,0.219
Terengganu,5.3117,103.1324,2026-02-07T01:00,23.5,97,28.5,0.0,3,1012.1,2.7,228,100,0.0,25.2,0.219
Terengganu,5.3117,103.1324,2026-02-07T02:00,23.0,98,28.1,0.0,3,1011.5,2.0,243,100,0.0,24.9,0.218
Terengganu,5.3117,103.1324,2026-02-07T03:00,22.4,98,27.2,0.0,3,1011.1,1.1,252,100,0.0,24.5,0.218
Terengganu,5.3117,103.1324,2026-02-07T04:00,22.5,99,27.2,0.0,3,1010.8,2.6,231,100,0.0,24.4,0.218
Terengganu,5.3117,103.1324,2026-02-07T05:00,22.4,99,26.9,0.0,3,1010.7,3.1,230,100,0.0,24.1,0.218
Terengganu,5.3117,103.1324,2026-02-07T06:00,22.1,98,26.4,0.0,3,1011.1,3.9,233,100,0.0,24.0,0.218
Terengganu,5.3117,103.1324,2026-02-07T07:00,21.9,99,26.1,0.0,3,1011.4,4.3,228,99,0.0,23.9,0.218
Terengganu,5.3117,103.1324,2026-02-07T08:00,22.2,99,26.4,0.0,3,1012.0,6.0,229,98,15.0,23.6,0.219
Terengganu,5.3117,103.1324,2026-02-07T09:00,24.4,94,29.5,0.0,1,1012.8,3.6,213,38,154.0,24.4,0.219
Terengganu,5.3117,103.1324,2026-02-07T10:00,27.0,81,32.1,0.0,1,1013.2,4.8,103,40,424.0,26.0,0.218
Terengganu,5.3117,103.1324,2026-02-07T11:00,28.1,73,33.2,0.0,3,1012.9,6.2,80,85,630.0,27.6,0.216
Terengganu,5.3117,103.1324,2026-02-07T12:00,28.9,68,34.2,0.0,1,1012.5,9.1,72,35,810.0,29.2,0.213
Terengganu,5.3117,103.1324,2026-02-07T13:00,29.0,66,34.1,0.0,3,1011.8,11.9,67,100,898.0,30.5,0.21
Terengganu,5.3117,103.1324,2026-02-07T14:00,29.6,63,34.5,0.0,3,1011.0,12.3,60,100,872.0,31.2,0.208
Terengganu,5.3117,103.1324,2026-02-07T15:00,29.1,66,34.1,0.0,3,1009.9,11.9,60,100,851.0,31.9,0.205
Terengganu,5.3117,103.1324,2026-02-07T16:00,28.5,69,32.6,0.0,3,1008.9,11.8,65,100,686.0,31.9,0.203
Terengganu,5.3117,103.1324,2026-02-07T17:00,27.4,75,31.1,0.0,3,1008.6,10.9,63,100,343.0,31.1,0.202
Terengganu,5.3117,103.1324,2026-02-07T18:00,27.0,78,30.9,0.0,3,1008.4,10.9,63,100,251.0,30.4,0.201
Terengganu,5.3117,103.1324,2026-02-07T19:00,26.2,83,30.4,0.0,3,1008.9,9.3,58,95,98.0,29.4,0.201
Terengganu,5.3117,103.1324,2026-02-07T20:00,25.5,87,29.9,0.0,3,1009.4,8.0,59,100,4.0,28.5,0.198
Terengganu,5.3117,103.1324,2026-02-07T21:00,25.1,88,29.8,0.0,3,1010.6,5.5,77,100,0.0,27.5,0.198
Terengganu,5.3117,103.1324,2026-02-07T22:00,24.5,91,29.3,0.0,3,1011.4,4.5,90,98,0.0,26.8,0.198
Terengganu,5.3117,103.1324,2026-02-07T23:00,24.2,91,29.2,0.0,3,1011.9,2.8,145,99,0.0,26.1,0.198
Terengganu,5.3117,103.1324,2026-02-08T00:00,23.5,95,28.3,0.0,3,1011.7,3.6,189,100,0.0,25.6,0.198
Terengganu,5.3117,103.1324,2026-02-08T01:00,23.4,96,28.2,0.0,3,1011.6,3.1,173,98,0.0,25.2,0.198
Terengganu,5.3117,103.1324,2026-02-08T02:00,23.6,96,28.6,0.0,3,1011.0,3.4,137,99,0.0,25.0,0.195
Terengganu,5.3117,103.1324,2026-02-08T03:00,23.3,97,28.3,0.0,3,1010.1,2.7,148,100,0.0,24.6,0.195
Terengganu,5.3117,103.1324,2026-02-08T04:00,23.1,99,28.1,0.0,3,1010.1,3.1,156,100,0.0,24.5,0.195
Terengganu,5.3117,103.1324,2026-02-08T05:00,23.0,99,27.9,0.0,3,1010.3,3.1,156,100,0.0,24.4,0.196
Terengganu,5.3117,103.1324,2026-02-08T06:00,22.9,98,27.7,0.0,3,1010.9,3.3,167,93,0.0,24.3,0.196
Terengganu,5.3117,103.1324,2026-02-08T07:00,22.8,98,27.5,0.0,3,1011.6,3.5,195,100,0.0,24.1,0.196
Terengganu,5.3117,103.1324,2026-02-08T08:00,23.0,96,27.1,0.0,2,1012.2,7.0,206,79,16.0,24.1,0.198
Terengganu,5.3117,103.1324,2026-02-08T09:00,25.4,86,30.0,0.0,1,1013.0,5.6,209,21,168.0,24.9,0.197
Terengganu,5.3117,103.1324,2026-02-08T10:00,27.4,75,31.2,0.2,51,1013.5,9.3,115,84,419.0,26.2,0.198
Terengganu,5.3117,103.1324,2026-02-08T11:00,28.0,71,31.3,0.2,51,1013.5,14.4,99,98,616.0,27.7,0.198
Terengganu,5.3117,103.1324,2026-02-08T12:00,28.2,70,31.4,0.0,3,1013.0,16.8,93,96,671.0,28.8,0.197
Terengganu,5.3117,103.1324,2026-02-08T13:00,28.5,70,32.7,0.0,3,1012.2,18.5,83,96,882.0,30.1,0.195
Terengganu,5.3117,103.1324,2026-02-08T14:00,28.7,67,32.6,0.0,1,1011.6,19.1,76,37,906.0,31.1,0.193
Terengganu,5.3117,103.1324,2026-02-08T15:00,28.3,67,31.5,0.0,3,1010.7,20.2,70,96,860.0,31.6,0.191
Terengganu,5.3117,103.1324,2026-02-08T16:00,28.0,66,30.7,0.0,3,1010.0,19.6,70,96,792.0,31.9,0.189
Terengganu,5.3117,103.1324,2026-02-08T17:00,27.3,70,29.4,0.0,2,1009.9,18.3,71,74,601.0,31.5,0.188
Terengganu,5.3117,103.1324,2026-02-08T18:00,26.6,74,28.9,0.0,3,1010.2,16.5,67,85,354.0,30.8,0.187
Terengganu,5.3117,103.1324,2026-02-08T19:00,25.9,76,28.2,0.0,2,1010.7,15.6,66,52,127.0,29.6,0.187
Terengganu,5.3117,103.1324,2026-02-08T20:00,25.6,83,29.0,0.0,0,1011.1,12.4,62,13,4.0,28.8,0.183
Terengganu,5.3117,103.1324,2026-02-08T21:00,25.4,83,28.8,0.0,3,1011.6,11.2,55,97,0.0,27.9,0.182
Terengganu,5.3117,103.1324,2026-02-08T22:00,25.1,84,28.4,0.0,3,1012.4,12.1,49,100,0.0,27.1,0.182
Terengganu,5.3117,103.1324,2026-02-08T23:00,25.0,84,28.5,0.0,3,1012.6,10.5,49,100,0.0,26.6,0.183
Terengganu,5.3117,103.1324,2026-02-09T00:00,24.6,85,28.2,0.0,3,1012.8,9.3,49,100,0.0,26.1,0.183
Terengganu,5.3117,103.1324,2026-02-09T01:00,23.8,91,28.2,0.0,3,1012.5,4.4,32,98,0.0,25.6,0.183
Terengganu,5.3117,103.1324,2026-02-09T02:00,23.7,87,27.6,0.0,3,1011.9,5.0,26,92,0.0,25.2,0.181
Terengganu,5.3117,103.1324,2026-02-09T03:00,23.0,89,26.7,0.0,2,1011.1,4.8,13,62,0.0,24.7,0.181
Terengganu,5.3117,103.1324,2026-02-09T04:00,22.6,90,26.3,0.0,1,1010.8,4.0,3,38,0.0,24.2,0.181
Terengganu,5.3117,103.1324,2026-02-09T05:00,23.8,81,26.2,0.0,1,1010.8,11.7,49,38,0.0,24.1,0.181
Terengganu,5.3117,103.1324,2026-02-09T06:00,24.5,78,26.7,0.0,0,1010.8,12.0,58,13,0.0,24.1,0.181
Terengganu,5.3117,103.1324,2026-02-09T07:00,24.3,77,26.7,0.0,0,1011.4,10.5,63,13,0.0,24.1,0.181
Terengganu,5.3117,103.1324,2026-02-09T08:00,24.2,81,27.3,0.0,0,1011.8,7.7,74,18,19.0,23.2,0.181
Terengganu,5.3117,103.1324,2026-02-09T09:00,26.1,73,29.2,0.0,0,1012.4,7.9,77,2,189.0,24.3,0.181
Terengganu,5.3117,103.1324,2026-02-09T10:00,27.5,65,29.7,0.0,3,1012.8,12.8,75,89,439.0,25.9,0.18
Terengganu,5.3117,103.1324,2026-02-09T11:00,28.1,64,31.1,0.0,3,1012.5,12.6,85,100,662.0,27.6,0.179
Terengganu,5.3117,103.1324,2026-02-09T12:00,28.6,63,32.0,0.0,2,1012.3,16.2,78,73,807.0,29.2,0.178
Terengganu,5.3117,103.1324,2026-02-09T13:00,28.7,63,32.5,0.0,1,1011.7,15.1,75,41,848.0,30.6,0.177
Terengganu,5.3117,103.1324,2026-02-09T14:00,28.9,64,33.6,0.3,51,1011.1,13.5,65,48,936.0,31.7,0.178
Terengganu,5.3117,103.1324,2026-02-09T15:00,28.5,66,32.8,0.0,1,1010.4,12.8,58,48,835.0,32.4,0.177
Terengganu,5.3117,103.1324,2026-02-09T16:00,27.9,70,31.8,0.2,51,1010.0,13.8,54,88,749.0,32.6,0.179
Terengganu,5.3117,103.1324,2026-02-09T17:00,27.4,71,30.0,0.4,51,1009.9,14.9,48,84,576.0,32.2,0.182
Terengganu,5.3117,103.1324,2026-02-09T18:00,26.6,75,29.6,0.0,2,1009.9,13.2,52,76,335.0,31.2,0.181
Terengganu,5.3117,103.1324,2026-02-09T19:00,26.1,75,29.1,0.0,3,1010.5,10.9,57,95,120.0,30.0,0.181
Terengganu,5.3117,103.1324,2026-02-09T20:00,25.8,77,29.1,0.0,3,1011.5,9.0,57,100,4.0,29.0,0.175
Terengganu,5.3117,103.1324,2026-02-09T21:00,25.4,79,28.8,0.1,51,1012.5,7.8,53,99,0.0,28.1,0.176
Terengganu,5.3117,103.1324,2026-02-09T22:00,24.8,82,28.0,0.2,51,1012.9,10.1,44,100,0.0,27.2,0.178
Terengganu,5.3117,103.1324,2026-02-09T23:00,24.2,86,28.1,0.3,51,1012.9,6.7,46,93,0.0,26.5,0.181
Terengganu,5.3117,103.1324,2026-02-10T00:00,24.1,89,28.7,0.1,51,1012.6,3.2,19,53,0.0,26.0,0.183
Terengganu,5.3117,103.1324,2026-02-10T01:00,23.5,92,28.2,0.0,1,1012.5,2.2,325,39,0.0,25.5,0.183
Terengganu,5.3117,103.1324,2026-02-10T02:00,23.5,95,28.4,0.0,3,1011.8,2.4,287,83,0.0,25.5,0.18
Terengganu,5.3117,103.1324,2026-02-10T03:00,23.1,97,28.1,0.3,51,1011.4,2.4,347,77,0.0,24.9,0.184
Terengganu,5.3117,103.1324,2026-02-10T04:00,23.1,98,27.9,0.1,51,1011.2,3.8,329,41,0.0,24.5,0.186
Terengganu,5.3117,103.1324,2026-02-10T05:00,22.9,98,27.7,0.1,51,1011.0,3.1,339,47,0.0,24.2,0.187
Terengganu,5.3117,103.1324,2026-02-10T06:00,22.8,98,27.4,0.1,51,1011.3,4.0,330,86,0.0,24.0,0.189
Terengganu,5.3117,103.1324,2026-02-10T07:00,22.8,98,27.1,0.0,1,1011.9,5.2,266,21,0.0,23.9,0.189
Terengganu,5.3117,103.1324,2026-02-10T08:00,22.5,95,25.9,0.0,0,1012.1,8.5,249,9,17.0,24.0,0.189
Terengganu,5.3117,103.1324,2026-02-10T09:00,25.0,86,29.4,0.0,1,1012.9,5.5,234,23,185.0,24.7,0.189
Terengganu,5.3117,103.1324,2026-02-10T10:00,26.9,74,31.6,0.0,0,1013.3,0.5,90,14,401.0,26.2,0.189
Terengganu,5.3117,103.1324,2026-02-10T11:00,27.8,72,31.6,0.0,1,1013.3,9.2,57,37,567.0,27.8,0.188
Terengganu,5.3117,103.1324,2026-02-10T12:00,28.5,68,32.9,0.0,3,1012.8,12.7,52,98,782.0,29.4,0.187
Terengganu,5.3117,103.1324,2026-02-10T13:00,28.8,67,33.6,0.0,2,1012.0,12.9,48,74,878.0,30.8,0.185
Terengganu,5.3117,103.1324,2026-02-10T14:00,29.0,65,33.9,0.3,51,1011.7,14.0,47,97,937.0,32.0,0.186
Terengganu,5.3117,103.1324,2026-02-10T15:00,28.8,68,33.4,0.2,51,1011.0,13.6,44,92,831.0,32.5,0.187
Terengganu,5.3117,103.1324,2026-02-10T16:00,28.3,70,31.9,0.6,53,1010.5,16.7,42,99,736.0,32.4,0.191
Terengganu,5.3117,103.1324,2026-02-10T17:00,27.7,71,30.3,0.6,53,1010.2,16.2,37,100,557.0,31.8,0.197
Terengganu,5.3117,103.1324,2026-02-10T18:00,27.1,76,30.1,0.0,3,1010.6,14.6,32,99,311.0,30.9,0.197
Terengganu,5.3117,103.1324,2026-02-10T19:00,26.5,76,29.5,0.3,51,1011.1,12.5,28,100,102.0,29.6,0.198
Terengganu,5.3117,103.1324,2026-02-10T20:00,26.0,79,29.5,0.1,51,1011.6,10.1,22,100,3.0,28.9,0.191
Terengganu,5.3117,103.1324,2026-02-10T21:00,26.0,81,29.8,0.0,3,1012.2,9.3,18,100,0.0,28.1,0.191
Terengganu,5.3117,103.1324,2026-02-10T22:00,26.0,79,29.3,0.2,51,1013.1,11.1,16,100,0.0,27.5,0.193
Terengganu,5.3117,103.1324,2026-02-10T23:00,25.4,83,28.7,0.2,51,1013.4,12.4,17,99,0.0,27.0,0.195
Terengganu,5.3117,103.1324,2026-02-11T00:00,25.2,84,28.5,0.2,51,1013.4,12.8,16,100,0.0,26.5,0.196
Terengganu,5.3117,103.1324,2026-02-11T01:00,24.8,89,29.0,0.0,3,1013.8,8.5,1,100,0.0,26.0,0.197
Terengganu,5.3117,103.1324,2026-02-11T02:00,24.6,88,27.6,0.0,3,1013.2,14.8,26,100,0.0,25.6,0.198
Terengganu,5.3117,103.1324,2026-02-11T03:00,24.2,92,28.2,0.2,51,1012.5,10.1,343,73,0.0,25.4,0.2
Terengganu,5.3117,103.1324,2026-02-11T04:00,23.5,96,27.5,2.7,63,1012.0,8.6,344,100,0.0,25.0,0.235
Terengganu,5.3117,103.1324,2026-02-11T05:00,23.7,97,28.3,1.4,61,1011.6,6.7,329,100,0.0,24.8,0.254
Terengganu,5.3117,103.1324,2026-02-11T06:00,23.5,99,28.1,1.5,61,1012.1,7.2,22,100,0.0,24.6,0.275
Terengganu,5.3117,103.1324,2026-02-11T07:00,23.8,96,27.8,0.6,53,1012.6,10.1,33,100,0.0,24.5,0.282
Terengganu,5.3117,103.1324,2026-02-11T08:00,23.0,97,26.8,0.8,53,1013.1,9.6,330,100,6.0,24.1,0.45
Terengganu,5.3117,103.1324,2026-02-11T09:00,23.1,98,27.8,0.6,53,1014.1,4.9,336,100,42.0,24.1,0.455
Terengganu,5.3117,103.1324,2026-02-11T10:00,24.2,93,28.7,1.1,55,1014.5,6.9,307,98,167.0,24.5,0.465
Terengganu,5.3117,103.1324,2026-02-11T11:00,25.1,87,29.6,0.8,53,1015.0,6.3,360,100,290.0,25.0,0.469
Terengganu,5.3117,103.1324,2026-02-11T12:00,26.0,86,30.7,0.4,51,1014.4,8.0,25,100,404.0,25.9,0.468
Terengganu,5.3117,103.1324,2026-02-11T13:00,26.1,85,30.2,0.3,51,1013.5,12.0,58,98,425.0,26.5,0.465
Terengganu,5.3117,103.1324,2026-02-11T14:00,27.4,80,32.0,0.2,51,1012.7,12.9,62,100,675.0,27.5,0.46
Terengganu,5.3117,103.1324,2026-02-11T15:00,27.5,78,31.7,0.2,51,1011.3,16.1,50,100,688.0,28.3,0.455
Terengganu,5.3117,103.1324,2026-02-11T16:00,27.0,81,30.7,0.5,53,1010.4,18.2,56,100,645.0,28.5,0.454
Terengganu,5.3117,103.1324,2026-02-11T17:00,27.0,79,30.0,0.2,51,1010.0,17.5,62,100,479.0,28.4,0.45
Terengganu,5.3117,103.1324,2026-02-11T18:00,26.5,81,29.9,0.0,3,1010.3,14.9,62,87,321.0,28.1,0.446
Terengganu,5.3117,103.1324,2026-02-11T19:00,25.7,85,29.4,0.0,3,1010.9,12.2,61,91,116.0,27.5,0.443
Terengganu,5.3117,103.1324,2026-02-11T20:00,25.1,88,29.2,0.0,3,1011.1,9.7,65,100,4.0,26.9,0.444
Terengganu,5.3117,103.1324,2026-02-11T21:00,25.1,87,29.1,0.0,3,1012.0,9.6,60,100,0.0,26.3,0.442
Terengganu,5.3117,103.1324,2026-02-11T22:00,25.0,85,28.7,0.0,2,1013.1,9.4,67,74,0.0,25.8,0.44
Terengganu,5.3117,103.1324,2026-02-11T23:00,24.6,86,28.4,0.0,2,1013.1,8.4,67,53,0.0,25.4,0.438
Terengganu,5.3117,103.1324,2026-02-12T00:00,24.3,89,28.5,0.0,2,1013.2,6.2,60,50,0.0,25.0,0.437
Terengganu,5.3117,103.1324,2026-02-12T01:00,23.9,89,28.0,0.0,3,1013.3,5.5,38,90,0.0,24.7,0.436
Terengganu,5.3117,103.1324,2026-02-12T02:00,24.0,91,28.5,0.0,3,1012.9,4.7,28,99,0.0,24.7,0.435
Terengganu,5.3117,103.1324,2026-02-12T03:00,23.5,90,27.9,0.0,3,1012.1,3.1,360,99,0.0,24.4,0.434
Terengganu,5.3117,103.1324,2026-02-12T04:00,23.1,94,27.2,0.1,51,1011.6,6.2,21,100,0.0,24.1,0.433
Terengganu,5.3117,103.1324,2026-02-12T05:00,23.3,92,27.4,0.1,51,1011.4,5.5,54,100,0.0,24.0,0.433
Terengganu,5.3117,103.1324,2026-02-12T06:00,23.3,90,27.8,0.0,3,1011.7,1.7,13,100,0.0,23.8,0.433
Terengganu,5.3117,103.1324,2026-02-12T07:00,22.8,94,27.5,0.0,3,1011.9,0.2,270,99,0.0,23.6,0.432
Terengganu,5.3117,103.1324,2026-02-12T08:00,22.6,96,26.5,0.0,3,1012.6,6.8,259,100,17.0,23.6,0.432
Terengganu,5.3117,103.1324,2026-02-12T09:00,25.0,88,29.9,0.0,1,1013.1,4.0,260,32,186.0,24.4,0.43
Terengganu,5.3117,103.1324,2026-02-12T10:00,26.6,77,31.1,0.1,51,1013.8,4.0,30,62,401.0,25.6,0.428
Terengganu,5.3117,103.1324,2026-02-12T11:00,27.2,75,31.2,0.3,51,1014.0,9.3,49,99,593.0,26.8,0.427
Terengganu,5.3117,103.1324,2026-02-12T12:00,28.0,70,32.7,0.9,53,1013.5,10.4,44,100,769.0,27.6,0.431
Terengganu,5.3117,103.1324,2026-02-12T13:00,27.5,73,32.1,0.9,53,1012.9,10.5,57,100,753.0,28.2,0.435
Terengganu,5.3117,103.1324,2026-02-12T14:00,26.9,77,31.1,1.4,61,1012.3,11.7,53,100,677.0,28.4,0.446
Terengganu,5.3117,103.1324,2026-02-12T15:00,27.1,80,31.4,0.1,51,1011.2,10.7,44,100,582.0,28.5,0.442
Terengganu,5.3117,103.1324,2026-02-12T16:00,27.5,77,32.5,0.0,3,1010.1,11.5,44,100,726.0,29.1,0.437
Terengganu,5.3117,103.1324,2026-02-12T17:00,26.6,76,30.0,0.6,53,1010.0,10.8,54,100,526.0,29.0,0.438
Terengganu,5.3117,103.1324,2026-02-12T18:00,26.4,81,30.2,0.3,51,1010.0,11.3,61,100,307.0,28.3,0.438
Terengganu,5.3117,103.1324,2026-02-12T19:00,25.9,84,30.1,0.1,51,1010.3,8.1,55,100,91.0,27.5,0.437
Terengganu,5.3117,103.1324,2026-02-12T20:00,25.4,86,30.0,0.0,3,1010.8,5.8,51,97,3.0,27.0,0.422
Terengganu,5.3117,103.1324,2026-02-12T21:00,25.5,85,29.7,0.1,51,1011.4,8.2,50,100,0.0,26.4,0.422
Terengganu,5.3117,103.1324,2026-02-12T22:00,25.4,86,29.5,0.0,3,1012.2,8.7,53,96,0.0,26.0,0.421
Terengganu,5.3117,103.1324,2026-02-12T23:00,25.1,87,29.4,0.0,3,1012.7,7.3,57,100,0.0,25.5,0.42
Terengganu,5.3117,103.1324,2026-02-13T00:00,25.2,86,29.6,0.0,3,1012.6,6.4,72,100,0.0,25.4,0.419
Terengganu,5.3117,103.1324,2026-02-13T01:00,25.0,88,29.7,0.0,3,1012.2,5.2,65,100,0.0,25.2,0.419
Terengganu,5.3117,103.1324,2026-02-13T02:00,25.1,88,29.2,0.0,3,1011.4,10.2,48,100,0.0,25.5,0.418
Terengganu,5.3117,103.1324,2026-02-13T03:00,25.0,88,29.1,0.0,3,1010.6,9.7,48,100,0.0,25.3,0.417
Terengganu,5.3117,103.1324,2026-02-13T04:00,24.6,91,29.5,0.0,3,1010.0,4.5,56,100,0.0,25.1,0.417
Terengganu,5.3117,103.1324,2026-02-13T05:00,24.9,89,29.3,0.0,3,1009.8,7.5,53,99,0.0,25.0,0.417
Terengganu,5.3117,103.1324,2026-02-13T06:00,24.6,90,29.3,0.0,3,1009.8,5.3,55,99,0.0,24.9,0.416
Terengganu,5.3117,103.1324,2026-02-13T07:00,24.2,92,29.3,0.0,2,1009.8,3.1,54,74,0.0,24.7,0.416
Terengganu,5.3117,103.1324,2026-02-13T08:00,24.5,94,29.5,0.0,3,1010.4,5.2,207,95,14.0,24.9,0.415
Terengganu,5.3117,103.1324,2026-02-13T09:00,25.8,90,31.4,0.1,51,1011.0,3.4,180,100,176.0,25.5,0.414
Terengganu,5.3117,103.1324,2026-02-13T10:00,26.9,83,31.7,0.5,53,1011.5,7.5,100,100,373.0,26.3,0.417
Terengganu,5.3117,103.1324,2026-02-13T11:00,28.0,76,32.6,0.2,51,1011.7,11.2,84,100,615.0,27.3,0.416
Terengganu,5.3117,103.1324,2026-02-13T12:00,28.2,76,32.9,0.1,51,1011.5,11.8,78,100,670.0,28.2,0.413
Terengganu,5.3117,103.1324,2026-02-13T13:00,28.0,77,32.9,0.0,3,1010.6,11.3,76,100,651.0,28.8,0.408
Terengganu,5.3117,103.1324,2026-02-13T14:00,29.0,72,34.7,0.0,3,1010.0,11.3,81,100,838.0,29.6,0.402
Terengganu,5.3117,103.1324,2026-02-13T15:00,28.7,75,34.1,0.0,3,1009.2,12.8,75,100,787.0,30.1,0.397
Terengganu,5.3117,103.1324,2026-02-13T16:00,28.0,78,32.1,0.0,3,1008.4,15.3,71,98,634.0,30.1,0.393
Terengganu,5.3117,103.1324,2026-02-13T17:00,27.6,80,31.3,0.0,3,1008.2,15.7,68,100,530.0,29.9,0.389
Terengganu,5.3117,103.1324,2026-02-13T18:00,27.0,83,30.9,0.0,3,1008.4,14.8,69,100,358.0,29.4,0.387
Terengganu,5.3117,103.1324,2026-02-13T19:00,26.3,86,30.5,0.0,3,1009.2,11.7,67,100,115.0,28.5,0.386
Terengganu,5.3117,103.1324,2026-02-13T20:00,26.1,84,30.2,0.0,3,1009.8,10.7,70,100,2.0,28.0,0.378
Terengganu,5.3117,103.1324,2026-02-13T21:00,26.1,86,30.0,0.0,3,1010.4,13.1,61,100,0.0,27.4,0.378
Terengganu,5.3117,103.1324,2026-02-13T22:00,25.6,87,29.7,0.0,3,1011.2,11.1,60,100,0.0,26.8,0.377
Terengganu,5.3117,103.1324,2026-02-13T23:00,25.5,87,29.5,0.0,3,1011.9,10.7,55,100,0.0,26.4,0.377
Terengganu,5.3117,103.1324,2026-02-14T00:00,25.4,87,29.6,0.0,3,1011.6,9.3,56,100,0.0,26.0,0.377
Terengganu,5.3117,103.1324,2026-02-14T01:00,25.0,88,29.6,0.0,3,1011.3,5.7,49,100,0.0,25.8,0.376
Terengganu,5.3117,103.1324,2026-02-14T02:00,24.6,92,29.8,0.3,51,1010.7,3.4,18,100,0.0,26.2,0.378
Terengganu,5.3117,103.1324,2026-02-14T03:00,24.0,92,29.2,0.3,51,1010.0,0.4,270,100,0.0,25.8,0.381
Terengganu,5.3117,103.1324,2026-02-14T04:00,23.8,96,28.6,0.1,51,1009.5,5.4,233,100,0.0,25.4,0.382
Terengganu,5.3117,103.1324,2026-02-14T05:00,23.4,98,28.7,0.0,3,1009.1,2.0,280,100,0.0,25.1,0.382
Terengganu,5.3117,103.1324,2026-02-14T06:00,23.2,99,28.4,0.0,3,1009.2,2.9,281,100,0.0,24.9,0.382
Terengganu,5.3117,103.1324,2026-02-14T07:00,23.2,99,28.3,0.0,3,1009.6,2.7,270,100,0.0,24.6,0.382
Terengganu,5.3117,103.1324,2026-02-14T08:00,24.3,96,29.5,0.0,3,1009.9,4.2,54,100,14.0,25.0,0.384
Terengganu,5.3117,103.1324,2026-02-14T09:00,25.8,90,31.3,0.0,3,1010.9,4.3,66,100,127.0,25.4,0.384
Terengganu,5.3117,103.1324,2026-02-14T10:00,26.9,81,31.4,0.1,51,1011.4,8.0,70,100,314.0,26.1,0.384
Terengganu,5.3117,103.1324,2026-02-14T11:00,27.5,78,31.7,0.1,51,1011.6,10.7,70,100,525.0,27.1,0.382
Terengganu,5.3117,103.1324,2026-02-14T12:00,27.5,78,31.6,0.1,51,1011.5,12.2,62,100,572.0,28.0,0.38
Terengganu,5.3117,103.1324,2026-02-14T13:00,27.6,78,31.5,0.3,51,1010.3,14.1,51,100,599.0,28.5,0.379
Terengganu,5.3117,103.1324,2026-02-14T14:00,28.0,73,32.0,0.2,51,1009.8,14.4,52,100,723.0,29.1,0.375
Terengganu,5.3117,103.1324,2026-02-14T15:00,28.0,78,33.0,0.3,51,1008.6,14.8,51,100,764.0,29.5,0.374
Terengganu,5.3117,103.1324,2026-02-14T16:00,27.6,78,31.9,0.1,51,1007.8,16.2,54,97,702.0,29.8,0.372
Terengganu,5.3117,103.1324,2026-02-14T17:00,27.4,78,30.2,0.1,51,1007.5,18.5,52,100,522.0,29.5,0.369
Terengganu,5.3117,103.1324,2026-02-14T18:00,26.5,81,29.7,0.1,51,1007.7,16.5,52,100,308.0,29.0,0.368
Terengganu,5.3117,103.1324,2026-02-14T19:00,26.0,84,29.6,0.0,3,1008.2,13.6,53,100,112.0,28.1,0.368
Terengganu,5.3117,103.1324,2026-02-14T20:00,25.6,85,29.8,0.0,3,1008.9,8.7,52,100,3.0,27.5,0.387
Terengganu,5.3117,103.1324,2026-02-14T21:00,25.5,86,29.9,0.0,3,1009.6,8.0,56,96,0.0,26.8,0.387
Terengganu,5.3117,103.1324,2026-02-14T22:00,25.5,86,29.6,0.0,3,1010.2,8.7,47,98,0.0,26.2,0.386
Terengganu,5.3117,103.1324,2026-02-14T23:00,25.5,86,29.8,0.0,3,1010.7,8.4,48,100,0.0,26.0,0.387
Terengganu,5.3117,103.1324,2026-02-15T00:00,25.5,88,30.1,0.1,51,1010.8,6.6,35,100,0.0,25.8,0.387
Terengganu,5.3117,103.1324,2026-02-15T01:00,25.0,91,30.1,0.1,51,1010.6,4.2,18,100,0.0,25.5,0.388
Terengganu,5.3117,103.1324,2026-02-15T02:00,24.7,89,29.6,0.3,51,1010.0,3.2,344,100,0.0,25.8,0.39
Terengganu,5.3117,103.1324,2026-02-15T03:00,23.4,98,28.2,1.3,61,1009.5,4.3,315,100,0.0,25.2,0.406
Terengganu,5.3117,103.1324,2026-02-15T04:00,22.5,99,26.4,3.6,63,1009.3,8.5,312,100,0.0,24.7,0.455
Terengganu,5.3117,103.1324,2026-02-15T05:00,22.5,98,27.1,0.6,53,1008.9,3.1,336,100,0.0,24.3,0.46
Terengganu,5.3117,103.1324,2026-02-15T06:00,22.1,100,26.4,0.6,53,1009.4,5.0,244,100,0.0,24.0,0.465
Terengganu,5.3117,103.1324,2026-02-15T07:00,22.2,99,26.5,0.7,53,1009.6,4.7,261,100,0.0,23.8,0.472
Terengganu,5.3117,103.1324,2026-02-15T08:00,22.8,98,27.1,1.7,61,1009.7,5.7,311,100,11.0,24.8,0.502
Terengganu,5.3117,103.1324,2026-02-15T09:00,24.4,94,29.5,0.0,3,1010.6,4.1,299,100,140.0,24.9,0.492
Terengganu,5.3117,103.1324,2026-02-15T10:00,25.8,89,31.1,0.0,3,1011.1,5.0,341,100,358.0,25.8,0.485
Terengganu,5.3117,103.1324,2026-02-15T11:00,26.5,84,31.5,0.4,51,1011.5,4.9,54,100,420.0,26.5,0.483
Terengganu,5.3117,103.1324,2026-02-15T12:00,27.0,81,31.1,1.7,61,1011.1,10.9,56,100,545.0,27.4,0.498
Terengganu,5.3117,103.1324,2026-02-15T13:00,25.7,85,29.2,3.3,63,1010.2,13.9,54,100,453.0,27.0,0.49
Terengganu,5.3117,103.1324,2026-02-15T14:00,27.4,80,31.9,0.0,2,1009.6,9.0,43,77,506.0,27.5,0.488
Terengganu,5.3117,103.1324,2026-02-15T15:00,27.8,77,33.5,0.1,51,1008.2,11.7,43,100,857.0,28.6,0.479
Terengganu,5.3117,103.1324,2026-02-15T16:00,26.8,83,31.1,1.0,55,1007.5,11.1,44,99,503.0,28.4,0.483
Terengganu,5.3117,103.1324,2026-02-15T17:00,26.2,85,30.1,0.1,51,1007.1,13.2,47,100,462.0,28.4,0.477
Terengganu,5.3117,103.1324,2026-02-15T18:00,26.0,83,29.7,0.1,51,1007.2,11.8,44,95,209.0,27.9,0.473
Terengganu,5.3117,103.1324,2026-02-15T19:00,25.2,86,29.4,1.0,55,1007.8,7.5,35,94,87.0,27.0,0.479
Terengganu,5.3117,103.1324,2026-02-15T20:00,25.4,85,29.5,1.2,55,1008.0,8.5,36,99,2.0,26.4,0.472
Terengganu,5.3117,103.1324,2026-02-15T21:00,25.3,83,29.4,0.2,51,1008.8,6.1,19,77,0.0,25.9,0.471
Terengganu,5.3117,103.1324,2026-02-15T22:00,25.0,89,29.8,0.0,2,1009.8,4.1,15,70,0.0,25.5,0.469
Terengganu,5.3117,103.1324,2026-02-15T23:00,25.1,85,29.4,0.6,53,1010.0,6.3,59,100,0.0,25.2,0.473
Terengganu,5.3117,103.1324,2026-02-16T00:00,24.7,91,30.0,0.5,53,1010.3,1.8,53,100,0.0,25.0,0.477
Terengganu,5.3117,103.1324,2026-02-16T01:00,24.5,93,29.7,0.2,51,1010.1,3.2,43,100,0.0,24.9,0.476
Terengganu,5.3117,103.1324,2026-02-16T02:00,24.2,92,29.1,0.7,53,1009.3,3.4,357,99,0.0,25.5,0.478
Terengganu,5.3117,103.1324,2026-02-16T03:00,23.8,96,29.2,0.6,53,1008.8,1.8,270,100,0.0,25.0,0.483
Terengganu,5.3117,103.1324,2026-02-16T04:00,23.5,99,28.6,0.3,51,1008.2,4.3,255,100,0.0,24.8,0.484
Terengganu,5.3117,103.1324,2026-02-16T05:00,23.1,98,28.1,2.2,61,1007.9,2.9,317,100,0.0,24.5,0.507
Terengganu,5.3117,103.1324,2026-02-16T06:00,23.5,98,28.3,0.7,53,1008.3,4.9,360,100,0.0,24.3,0.504
Terengganu,5.3117,103.1324,2026-02-16T07:00,23.5,98,28.2,0.2,51,1008.5,5.2,356,82,0.0,24.2,0.498
Terengganu,5.3117,103.1324,2026-02-16T08:00,24.5,94,29.6,0.2,51,1009.1,3.9,16,100,14.0,25.2,0.493
Terengganu,5.3117,103.1324,2026-02-16T09:00,25.0,91,29.6,0.9,53,1010.1,8.7,42,99,115.0,25.2,0.5
Terengganu,5.3117,103.1324,2026-02-16T10:00,25.8,88,31.1,0.2,51,1010.5,3.8,17,88,260.0,25.5,0.496
Terengganu,5.3117,103.1324,2026-02-16T11:00,27.0,83,31.6,0.3,51,1010.7,9.3,53,98,547.0,26.7,0.493
Terengganu,5.3117,103.1324,2026-02-16T12:00,27.0,79,30.2,0.3,51,1010.3,16.0,55,98,494.0,27.1,0.49
Terengganu,5.3117,103.1324,2026-02-16T13:00,26.7,83,30.3,0.1,51,1009.2,16.5,55,100,580.0,27.6,0.485
Terengganu,5.3117,103.1324,2026-02-16T14:00,26.9,81,30.6,0.2,51,1008.4,16.3,63,100,611.0,28.0,0.482
Terengganu,5.3117,103.1324,2026-02-16T15:00,26.0,88,29.4,2.5,63,1007.2,18.4,63,100,565.0,27.8,0.504
Terengganu,5.3117,103.1324,2026-02-16T16:00,26.5,82,29.4,0.2,51,1006.9,17.9,64,100,520.0,27.8,0.498
Terengganu,5.3117,103.1324,2026-02-16T17:00,26.5,84,29.9,0.3,51,1006.3,16.7,69,100,372.0,27.6,0.494
Terengganu,5.3117,103.1324,2026-02-16T18:00,26.3,83,29.8,0.1,51,1006.6,14.3,67,100,188.0,27.2,0.49
Terengganu,5.3117,103.1324,2026-02-16T19:00,25.2,88,29.3,1.5,61,1007.3,10.3,61,100,58.0,26.5,0.5
Terengganu,5.3117,103.1324,2026-02-16T20:00,24.5,91,29.0,0.6,53,1007.6,7.5,53,100,3.0,25.7,0.502
Terengganu,5.3117,103.1324,2026-02-16T21:00,25.0,88,28.7,0.2,51,1008.2,11.2,58,100,0.0,25.2,0.499
Terengganu,5.3117,103.1324,2026-02-16T22:00,24.1,93,28.4,0.6,53,1009.2,7.8,64,100,0.0,24.9,0.502
Terengganu,5.3117,103.1324,2026-02-16T23:00,24.2,94,29.3,0.3,51,1009.8,3.9,62,100,0.0,24.6,0.5
Kelantan,6.1254,102.2381,2026-01-17T00:00,24.9,87,28.9,0.0,2,1010.2,8.7,96,54,0.0,25.6,0.252
Kelantan,6.1254,102.2381,2026-01-17T01:00,24.6,88,28.9,0.0,2,1010.0,6.9,104,52,0.0,25.3,0.252
Kelantan,6.1254,102.2381,2026-01-17T02:00,24.3,88,28.2,0.0,1,1009.6,8.0,85,25,0.0,25.2,0.253
Kelantan,6.1254,102.2381,2026-01-17T03:00,24.2,89,28.1,0.0,1,1009.1,8.5,86,25,0.0,24.9,0.253
Kelantan,6.1254,102.2381,2026-01-17T04:00,24.0,90,28.0,0.0,1,1008.5,7.6,98,39,0.0,24.6,0.253
Kelantan,6.1254,102.2381,2026-01-17T05:00,23.8,91,27.8,0.0,1,1008.4,7.2,118,34,0.0,24.4,0.253
Kelantan,6.1254,102.2381,2026-01-17T06:00,23.6,92,27.7,0.0,0,1008.5,6.1,130,5,0.0,24.2,0.254
Kelantan,6.1254,102.2381,2026-01-17T07:00,23.2,93,27.4,0.0,0,1008.6,5.4,159,14,0.0,24.0,0.254
Kelantan,6.1254,102.2381,2026-01-17T08:00,23.5,93,27.5,0.0,0,1008.8,7.0,193,15,14.0,23.9,0.254
Kelantan,6.1254,102.2381,2026-01-17T09:00,25.2,87,29.8,0.0,3,1009.8,5.6,182,91,162.0,24.5,0.254
Kelantan,6.1254,102.2381,2026-01-17T10:00,26.9,77,31.0,0.0,3,1010.5,6.5,104,96,380.0,25.8,0.253
Kelantan,6.1254,102.2381,2026-01-17T11:00,28.0,70,32.0,0.0,3,1010.3,8.5,73,85,607.0,27.1,0.251
Kelantan,6.1254,102.2381,2026-01-17T12:00,28.2,68,32.6,0.0,1,1009.8,11.7,61,38,786.0,28.4,0.248
Kelantan,6.1254,102.2381,2026-01-17T13:00,28.4,67,33.1,0.0,1,1009.1,12.5,62,45,870.0,29.4,0.244
Kelantan,6.1254,102.2381,2026-01-17T14:00,28.5,66,33.3,0.0,0,1008.1,12.2,64,8,910.0,30.2,0.241
Kelantan,6.1254,102.2381,2026-01-17T15:00,28.7,64,33.1,0.0,0,1006.8,12.3,63,1,862.0,30.8,0.237
Kelantan,6.1254,102.2381,2026-01-17T16:00,28.4,64,31.9,0.0,0,1006.1,13.4,63,2,743.0,30.9,0.234
Kelantan,6.1254,102.2381,2026-01-17T17:00,27.8,67,30.4,0.0,0,1006.0,12.8,64,2,568.0,30.5,0.231
Kelantan,6.1254,102.2381,2026-01-17T18:00,26.9,72,29.7,0.0,0,1006.3,11.8,74,0,346.0,29.8,0.23
Kelantan,6.1254,102.2381,2026-01-17T19:00,25.9,79,29.2,0.0,0,1006.8,10.7,74,0,117.0,28.7,0.229
Kelantan,6.1254,102.2381,2026-01-17T20:00,25.7,79,28.5,0.0,2,1006.9,14.1,77,73,2.0,28.0,0.232
Kelantan,6.1254,102.2381,2026-01-17T21:00,25.4,83,28.7,0.0,3,1007.9,11.9,86,80,0.0,27.1,0.232
Kelantan,6.1254,102.2381,2026-01-17T22:00,25.1,85,28.7,0.0,3,1009.0,10.3,102,100,0.0,26.5,0.232
Kelantan,6.1254,102.2381,2026-01-17T23:00,24.8,86,28.2,0.0,3,1009.0,11.4,96,95,0.0,25.9,0.232
Kelantan,6.1254,102.2381,2026-01-18T00:00,24.6,87,28.2,0.0,3,1008.9,10.1,109,100,0.0,25.5,0.232
Kelantan,6.1254,102.2381,2026-01-18T01:00,24.0,89,27.9,0.0,2,1008.9,7.8,142,71,0.0,25.1,0.232
Kelantan,6.1254,102.2381,2026-01-18T02:00,23.5,90,27.4,0.0,2,1008.2,6.7,161,60,0.0,24.9,0.232
Kelantan,6.1254,102.2381,2026-01-18T03:00,23.0,93,27.0,0.0,1,1007.6,5.1,174,42,0.0,24.5,0.232
Kelantan,6.1254,102.2381,2026-01-18T04:00,22.9,92,26.4,0.0,3,1007.0,7.2,166,92,0.0,24.0,0.233
Kelantan,6.1254,102.2381,2026-01-18T05:00,22.5,93,26.0,0.0,3,1006.9,7.4,173,99,0.0,23.8,0.233
Kelantan,6.1254,102.2381,2026-01-18T06:00,22.1,93,25.5,0.0,3,1007.2,6.9,189,100,0.0,23.5,0.233
Kelantan,6.1254,102.2381,2026-01-18T07:00,21.6,93,24.8,0.0,3,1007.3,7.1,207,99,0.0,23.2,0.233
Kelantan,6.1254,102.2381,2026-01-18T08:00,22.0,96,25.4,0.0,3,1007.8,8.3,204,100,15.0,23.5,0.234
Kelantan,6.1254,102.2381,2026-01-18T09:00,24.0,91,28.2,0.0,3,1008.7,6.2,187,100,149.0,24.1,0.234
Kelantan,6.1254,102.2381,2026-01-18T10:00,26.0,78,30.0,0.0,3,1009.1,6.0,163,95,386.0,25.3,0.233
Kelantan,6.1254,102.2381,2026-01-18T11:00,27.5,71,31.8,0.0,3,1009.2,6.6,133,98,621.0,26.8,0.231
Kelantan,6.1254,102.2381,2026-01-18T12:00,28.6,66,33.7,0.0,3,1008.9,7.4,96,100,799.0,28.4,0.228
Kelantan,6.1254,102.2381,2026-01-18T13:00,29.1,63,34.1,0.0,3,1008.3,11.0,80,99,898.0,29.6,0.225
Kelantan,6.1254,102.2381,2026-01-18T14:00,29.0,60,33.1,0.0,3,1007.5,13.6,78,94,924.0,30.5,0.221
Kelantan,6.1254,102.2381,2026-01-18T15:00,28.8,62,33.0,0.0,3,1006.6,12.8,76,99,870.0,31.0,0.218
Kelantan,6.1254,102.2381,2026-01-18T16:00,28.6,64,32.5,0.0,3,1006.0,11.8,83,99,754.0,31.1,0.215
Kelantan,6.1254,102.2381,2026-01-18T17:00,28.0,66,30.6,0.0,3,1005.7,13.2,85,100,558.0,30.8,0.213
Kelantan,6.1254,102.2381,2026-01-18T18:00,27.0,73,29.7,0.0,3,1006.0,13.9,93,100,282.0,29.9,0.211
Kelantan,6.1254,102.2381,2026-01-18T19:00,26.0,80,29.3,0.0,3,1006.6,12.3,93,98,95.0,28.8,0.211
Kelantan,6.1254,102.2381,2026-01-18T20:00,25.2,85,28.6,0.0,3,1007.4,11.9,93,100,2.0,28.1,0.211
Kelantan,6.1254,102.2381,2026-01-18T21:00,25.1,83,28.1,0.0,3,1008.0,13.5,88,100,0.0,27.2,0.211
Kelantan,6.1254,102.2381,2026-01-18T22:00,24.9,82,27.9,0.0,3,1008.8,10.8,101,100,0.0,26.5,0.211
Kelantan,6.1254,102.2381,2026-01-18T23:00,24.6,84,28.0,0.0,3,1009.0,9.1,105,100,0.0,25.9,0.211
Kelantan,6.1254,102.2381,2026-01-19T00:00,24.4,86,27.8,0.0,3,1009.0,9.8,118,100,0.0,25.4,0.211
Kelantan,6.1254,102.2381,2026-01-19T01:00,24.0,87,27.8,0.0,3,1009.4,6.7,144,100,0.0,25.0,0.212
Kelantan,6.1254,102.2381,2026-01-19T02:00,23.6,87,27.2,0.0,3,1008.8,7.0,138,100,0.0,24.6,0.212
Kelantan,6.1254,102.2381,2026-01-19T03:00,23.5,88,26.8,0.0,3,1008.2,9.0,137,97,0.0,24.3,0.212
Kelantan,6.1254,102.2381,2026-01-19T04:00,23.1,90,26.2,0.0,3,1007.5,9.8,142,100,0.0,24.0,0.212
Kelantan,6.1254,102.2381,2026-01-19T05:00,22.8,90,25.8,0.0,3,1007.5,9.6,164,100,0.0,23.8,0.213
Kelantan,6.1254,102.2381,2026-01-19T06:00,22.0,91,24.7,0.0,3,1007.6,9.2,187,100,0.0,23.5,0.213
Kelantan,6.1254,102.2381,2026-01-19T07:00,21.5,91,24.2,0.0,3,1008.0,7.3,190,100,0.0,23.2,0.213
Kelantan,6.1254,102.2381,2026-01-19T08:00,21.8,92,24.6,0.0,3,1008.4,8.5,182,91,14.0,23.4,0.212
Kelantan,6.1254,102.2381,2026-01-19T09:00,23.9,85,27.5,0.0,3,1009.4,6.0,189,96,171.0,24.0,0.212
Kelantan,6.1254,102.2381,2026-01-19T10:00,25.7,77,29.3,0.0,3,1010.0,6.2,168,93,395.0,25.2,0.211
Kelantan,6.1254,102.2381,2026-01-19T11:00,27.3,71,31.3,0.0,2,1010.0,7.5,138,50,620.0,26.8,0.209
Kelantan,6.1254,102.2381,2026-01-19T12:00,28.5,65,33.1,0.0,2,1009.8,9.0,112,77,784.0,28.4,0.207
Kelantan,6.1254,102.2381,2026-01-19T13:00,29.1,62,33.7,0.0,3,1009.4,12.0,99,100,890.0,29.7,0.204
Kelantan,6.1254,102.2381,2026-01-19T14:00,28.9,63,33.2,0.0,3,1009.0,14.4,94,95,913.0,30.6,0.201
Kelantan,6.1254,102.2381,2026-01-19T15:00,29.0,62,32.7,0.0,3,1008.3,15.9,87,100,862.0,31.2,0.198
Kelantan,6.1254,102.2381,2026-01-19T16:00,28.2,66,31.0,0.0,3,1007.7,18.2,81,98,724.0,31.2,0.196
Kelantan,6.1254,102.2381,2026-01-19T17:00,27.7,68,29.8,0.0,3,1007.5,17.3,80,98,575.0,30.9,0.194
Kelantan,6.1254,102.2381,2026-01-19T18:00,27.1,70,29.3,0.0,3,1007.7,16.1,83,97,349.0,30.1,0.193
Kelantan,6.1254,102.2381,2026-01-19T19:00,26.0,76,28.3,0.0,3,1008.0,15.2,86,99,116.0,29.0,0.192
Kelantan,6.1254,102.2381,2026-01-19T20:00,25.5,78,27.6,0.0,3,1008.6,17.3,82,99,2.0,28.0,0.192
Kelantan,6.1254,102.2381,2026-01-19T21:00,25.2,78,27.9,0.0,3,1009.6,11.7,108,98,0.0,27.1,0.192
Kelantan,6.1254,102.2381,2026-01-19T22:00,24.9,78,27.7,0.0,3,1010.4,10.4,107,99,0.0,26.4,0.192
Kelantan,6.1254,102.2381,2026-01-19T23:00,24.7,80,27.7,0.0,3,1010.4,9.9,100,98,0.0,25.8,0.192
Kelantan,6.1254,102.2381,2026-01-20T00:00,24.6,81,27.6,0.0,3,1010.4,9.9,105,100,0.0,25.4,0.192
Kelantan,6.1254,102.2381,2026-01-20T01:00,24.4,83,27.7,0.0,3,1010.5,8.4,121,100,0.0,25.0,0.193
Kelantan,6.1254,102.2381,2026-01-20T02:00,24.5,82,27.4,0.0,3,1009.8,10.4,110,100,0.0,24.7,0.193
Kelantan,6.1254,102.2381,2026-01-20T03:00,24.0,84,27.1,0.0,3,1008.9,8.7,114,100,0.0,24.5,0.193
Kelantan,6.1254,102.2381,2026-01-20T04:00,23.5,86,26.8,0.0,3,1008.3,7.3,134,100,0.0,24.1,0.193
Kelantan,6.1254,102.2381,2026-01-20T05:00,23.0,89,26.3,0.0,3,1008.4,6.8,155,100,0.0,23.9,0.193
Kelantan,6.1254,102.2381,2026-01-20T06:00,22.6,90,26.0,0.0,3,1008.6,6.2,163,100,0.0,23.5,0.193
Kelantan,6.1254,102.2381,2026-01-20T07:00,22.3,90,25.4,0.0,3,1009.0,7.2,184,100,0.0,23.2,0.194
Kelantan,6.1254,102.2381,2026-01-20T08:00,22.5,88,25.2,0.0,3,1010.1,9.8,188,100,14.0,23.4,0.194
Kelantan,6.1254,102.2381,2026-01-20T09:00,24.5,82,27.7,0.0,3,1011.1,8.9,187,100,154.0,24.0,0.193
Kelantan,6.1254,102.2381,2026-01-20T10:00,26.2,75,29.3,0.0,3,1011.8,10.2,159,100,361.0,25.2,0.193
Kelantan,6.1254,102.2381,2026-01-20T11:00,27.6,67,30.5,0.1,51,1012.0,11.4,121,100,585.0,26.8,0.192
Kelantan,6.1254,102.2381,2026-01-20T12:00,28.5,62,32.0,0.0,3,1011.7,12.0,104,100,740.0,28.2,0.19
Kelantan,6.1254,102.2381,2026-01-20T13:00,29.1,58,32.7,0.0,3,1011.1,13.7,95,100,869.0,29.6,0.188
Kelantan,6.1254,102.2381,2026-01-20T14:00,29.1,53,32.0,0.0,3,1010.3,14.4,87,100,877.0,30.6,0.185
Kelantan,6.1254,102.2381,2026-01-20T15:00,29.2,51,31.4,0.0,3,1009.1,14.9,88,100,805.0,31.1,0.182
Kelantan,6.1254,102.2381,2026-01-20T16:00,29.0,51,30.4,0.0,3,1008.4,16.4,85,100,726.0,31.3,0.18
Kelantan,6.1254,102.2381,2026-01-20T17:00,28.0,58,28.9,0.0,3,1008.4,16.4,89,100,549.0,31.0,0.179
Kelantan,6.1254,102.2381,2026-01-20T18:00,27.1,63,28.4,0.0,3,1008.5,15.2,95,100,334.0,30.2,0.178
Kelantan,6.1254,102.2381,2026-01-20T19:00,25.9,72,28.1,0.0,3,1008.6,13.0,101,100,119.0,29.0,0.177
Kelantan,6.1254,102.2381,2026-01-20T20:00,25.4,77,27.7,0.0,3,1009.0,14.6,93,100,2.0,28.0,0.179
Kelantan,6.1254,102.2381,2026-01-20T21:00,25.3,78,27.6,0.0,3,1010.2,15.2,94,100,0.0,27.2,0.179
Kelantan,6.1254,102.2381,2026-01-20T22:00,25.2,77,27.4,0.0,3,1010.9,14.4,94,100,0.0,26.5,0.179
Kelantan,6.1254,102.2381,2026-01-20T23:00,25.0,78,27.5,0.0,3,1011.2,12.1,102,100,0.0,26.0,0.179
Kelantan,6.1254,102.2381,2026-01-21T00:00,24.7,79,27.5,0.0,3,1011.1,10.6,113,100,0.0,25.5,0.179
Kelantan,6.1254,102.2381,2026-01-21T01:00,24.5,82,27.5,0.0,3,1011.3,9.4,128,100,0.0,25.1,0.18
Kelantan,6.1254,102.2381,2026-01-21T02:00,24.4,80,27.1,0.0,3,1011.0,10.1,129,100,0.0,24.7,0.18
Kelantan,6.1254,102.2381,2026-01-21T03:00,23.8,83,26.6,0.0,3,1010.2,9.1,142,100,0.0,24.4,0.18
Kelantan,6.1254,102.2381,2026-01-21T04:00,23.4,85,26.4,0.0,3,1009.5,7.7,144,100,0.0,24.1,0.18
Kelantan,6.1254,102.2381,2026-01-21T05:00,22.9,87,26.1,0.0,3,1009.3,7.0,167,100,0.0,23.8,0.18
Kelantan,6.1254,102.2381,2026-01-21T06:00,22.5,88,25.5,0.0,3,1009.5,8.1,185,100,0.0,23.5,0.18
Kelantan,6.1254,102.2381,2026-01-21T07:00,22.2,88,24.9,0.0,3,1009.8,8.6,191,100,0.0,23.4,0.181
Kelantan,6.1254,102.2381,2026-01-21T08:00,22.5,85,24.8,0.0,3,1010.5,9.9,199,100,10.0,22.9,0.18
Kelantan,6.1254,102.2381,2026-01-21T09:00,24.0,80,26.8,0.0,3,1011.5,8.8,197,100,128.0,23.5,0.18
Kelantan,6.1254,102.2381,2026-01-21T10:00,25.9,72,28.7,0.0,3,1012.4,8.9,172,100,319.0,24.8,0.18
Kelantan,6.1254,102.2381,2026-01-21T11:00,27.8,65,30.3,0.0,3,1012.6,12.7,111,100,589.0,26.5,0.178
Kelantan,6.1254,102.2381,2026-01-21T12:00,28.2,61,30.8,0.0,3,1012.5,14.8,92,100,721.0,28.0,0.177
Kelantan,6.1254,102.2381,2026-01-21T13:00,28.8,58,31.4,0.0,3,1012.1,16.8,88,100,830.0,29.4,0.176
Kelantan,6.1254,102.2381,2026-01-21T14:00,28.2,60,30.9,0.0,3,1011.5,18.0,88,100,865.0,30.4,0.174
Kelantan,6.1254,102.2381,2026-01-21T15:00,28.5,56,30.4,0.0,3,1010.4,17.3,88,100,757.0,30.9,0.172
Kelantan,6.1254,102.2381,2026-01-21T16:00,28.2,54,28.8,0.0,3,1009.9,17.6,92,100,593.0,30.9,0.171
Kelantan,6.1254,102.2381,2026-01-21T17:00,27.7,56,28.3,0.0,3,1009.9,16.4,95,100,450.0,30.5,0.17
Kelantan,6.1254,102.2381,2026-01-21T18:00,26.8,64,28.0,0.0,3,1010.2,16.0,92,100,235.0,29.7,0.169
Kelantan,6.1254,102.2381,2026-01-21T19:00,26.1,68,28.0,0.0,3,1010.5,13.2,92,100,73.0,28.7,0.169
Kelantan,6.1254,102.2381,2026-01-21T20:00,25.1,76,27.8,0.0,3,1010.9,10.2,97,100,2.0,28.0,0.171
Kelantan,6.1254,102.2381,2026-01-21T21:00,25.0,77,27.8,0.0,3,1011.8,10.3,94,100,0.0,27.1,0.171
Kelantan,6.1254,102.2381,2026-01-21T22:00,25.2,76,27.8,0.0,3,1012.7,10.8,90,100,0.0,26.6,0.171
Kelantan,6.1254,102.2381,2026-01-21T23:00,25.1,76,27.9,0.0,3,1013.0,9.7,100,100,0.0,26.2,0.171
Kelantan,6.1254,102.2381,2026-01-22T00:00,24.6,78,27.3,0.0,3,1012.9,9.6,106,100,0.0,25.7,0.171
Kelantan,6.1254,102.2381,2026-01-22T01:00,24.4,78,27.1,0.0,3,1012.8,9.2,111,100,0.0,25.3,0.171
Kelantan,6.1254,102.2381,2026-01-22T02:00,23.9,79,26.6,0.0,3,1012.3,7.6,137,100,0.0,24.5,0.173
Kelantan,6.1254,102.2381,2026-01-22T03:00,23.2,82,26.2,0.0,3,1011.6,6.0,164,100,0.0,24.2,0.173
Kelantan,6.1254,102.2381,2026-01-22T04:00,22.5,87,25.9,0.0,3,1010.9,4.5,185,100,0.0,23.9,0.173
Kelantan,6.1254,102.2381,2026-01-22T05:00,22.2,90,25.8,0.0,3,1010.8,3.5,192,100,0.0,23.5,0.174
Kelantan,6.1254,102.2381,2026-01-22T06:00,22.4,90,25.9,0.0,3,1011.2,4.0,177,100,0.0,23.3,0.174
Kelantan,6.1254,102.2381,2026-01-22T07:00,22.2,90,25.7,0.0,3,1011.6,4.0,172,100,0.0,23.0,0.174
Kelantan,6.1254,102.2381,2026-01-22T08:00,22.4,91,25.7,0.0,3,1011.9,6.9,200,100,12.0,22.5,0.178
Kelantan,6.1254,102.2381,2026-01-22T09:00,24.4,83,28.0,0.0,3,1013.1,6.0,164,98,153.0,23.4,0.178
Kelantan,6.1254,102.2381,2026-01-22T10:00,26.2,72,28.8,0.0,3,1013.7,11.6,102,96,354.0,24.8,0.178
Kelantan,6.1254,102.2381,2026-01-22T11:00,27.8,62,29.9,0.0,3,1013.8,13.5,94,86,611.0,26.5,0.177
Kelantan,6.1254,102.2381,2026-01-22T12:00,28.4,58,30.9,0.0,3,1013.6,15.2,95,91,793.0,28.1,0.175
Kelantan,6.1254,102.2381,2026-01-22T13:00,28.8,56,31.7,0.0,3,1013.0,16.2,93,91,908.0,29.6,0.173
Kelantan,6.1254,102.2381,2026-01-22T14:00,28.6,56,31.6,0.0,2,1012.1,16.4,92,72,935.0,30.8,0.172
Kelantan,6.1254,102.2381,2026-01-22T15:00,28.8,56,31.4,0.0,3,1011.4,17.5,91,95,874.0,31.5,0.171
Kelantan,6.1254,102.2381,2026-01-22T16:00,28.2,58,30.0,0.0,3,1010.9,17.8,88,96,744.0,31.6,0.17
Kelantan,6.1254,102.2381,2026-01-22T17:00,28.0,58,29.0,0.0,3,1011.0,16.0,91,94,548.0,31.2,0.169
Kelantan,6.1254,102.2381,2026-01-22T18:00,26.9,64,28.0,0.0,3,1011.3,16.7,88,98,336.0,30.5,0.168
Kelantan,6.1254,102.2381,2026-01-22T19:00,26.0,68,27.6,0.0,3,1011.7,13.7,90,96,118.0,29.4,0.168
Kelantan,6.1254,102.2381,2026-01-22T20:00,25.3,74,27.6,0.0,3,1012.1,11.7,90,96,3.0,28.2,0.171
Kelantan,6.1254,102.2381,2026-01-22T21:00,25.1,75,27.4,0.0,1,1012.9,12.1,86,29,0.0,27.3,0.171
Kelantan,6.1254,102.2381,2026-01-22T22:00,25.0,76,27.4,0.0,3,1013.9,11.6,85,80,0.0,26.5,0.172
Kelantan,6.1254,102.2381,2026-01-22T23:00,24.8,77,27.5,0.0,3,1013.8,9.5,92,86,0.0,26.0,0.172
Kelantan,6.1254,102.2381,2026-01-23T00:00,24.6,80,27.6,0.0,3,1013.9,9.2,94,96,0.0,25.5,0.172
Kelantan,6.1254,102.2381,2026-01-23T01:00,24.5,82,27.8,0.0,3,1014.0,8.4,101,83,0.0,25.1,0.172
Kelantan,6.1254,102.2381,2026-01-23T02:00,24.2,84,27.6,0.0,2,1013.6,7.4,103,66,0.0,24.6,0.172
Kelantan,6.1254,102.2381,2026-01-23T03:00,23.9,85,27.4,0.0,3,1013.1,6.5,103,81,0.0,24.2,0.172
Kelantan,6.1254,102.2381,2026-01-23T04:00,23.2,88,27.0,0.0,3,1012.4,4.3,123,89,0.0,24.0,0.173
Kelantan,6.1254,102.2381,2026-01-23T05:00,22.7,90,26.5,0.0,3,1012.2,4.0,122,95,0.0,23.7,0.173
Kelantan,6.1254,102.2381,2026-01-23T06:00,22.5,91,26.3,0.0,3,1012.4,3.6,123,99,0.0,23.5,0.173
Kelantan,6.1254,102.2381,2026-01-23T07:00,22.5,91,26.4,0.1,51,1012.9,3.7,113,95,0.0,23.4,0.174
Kelantan,6.1254,102.2381,2026-01-23T08:00,22.5,91,26.3,0.1,51,1013.5,3.6,183,98,12.0,22.7,0.177
Kelantan,6.1254,102.2381,2026-01-23T09:00,24.9,81,28.7,0.0,3,1014.7,5.3,162,98,156.0,23.7,0.177
Kelantan,6.1254,102.2381,2026-01-23T10:00,26.4,73,29.8,0.1,51,1015.2,7.3,136,100,359.0,25.1,0.177
Kelantan,6.1254,102.2381,2026-01-23T11:00,28.0,61,29.2,0.1,51,1015.5,18.5,92,100,610.0,26.7,0.178
Kelantan,6.1254,102.2381,2026-01-23T12:00,28.5,56,29.9,0.0,3,1015.2,19.8,88,100,726.0,28.1,0.177
Kelantan,6.1254,102.2381,2026-01-23T13:00,28.4,59,30.2,0.2,51,1014.5,21.9,81,91,833.0,29.2,0.177
Kelantan,6.1254,102.2381,2026-01-23T14:00,28.2,60,30.2,0.3,51,1013.8,20.7,82,99,792.0,30.0,0.179
Kelantan,6.1254,102.2381,2026-01-23T15:00,28.5,61,31.3,0.2,51,1012.8,18.8,85,97,833.0,30.6,0.179
Kelantan,6.1254,102.2381,2026-01-23T16:00,28.0,62,29.7,0.3,51,1012.1,20.1,81,99,670.0,30.7,0.181
Kelantan,6.1254,102.2381,2026-01-23T17:00,27.6,67,29.3,0.1,51,1011.8,17.4,82,98,533.0,30.5,0.181
Kelantan,6.1254,102.2381,2026-01-23T18:00,27.1,66,28.3,0.0,3,1012.1,18.8,73,100,335.0,29.9,0.181
Kelantan,6.1254,102.2381,2026-01-23T19:00,26.0,74,27.9,0.0,3,1012.4,16.9,76,87,115.0,28.8,0.18
Kelantan,6.1254,102.2381,2026-01-23T20:00,25.5,75,27.6,0.0,3,1012.9,15.2,79,92,3.0,28.0,0.193
Kelantan,6.1254,102.2381,2026-01-23T21:00,25.2,79,27.6,0.0,3,1013.5,14.5,83,95,0.0,27.1,0.193
Kelantan,6.1254,102.2381,2026-01-23T22:00,25.1,80,27.9,0.0,3,1014.1,12.4,89,98,0.0,26.5,0.193
Kelantan,6.1254,102.2381,2026-01-23T23:00,25.0,79,27.8,0.0,3,1014.4,11.3,90,99,0.0,26.0,0.193
Kelantan,6.1254,102.2381,2026-01-24T00:00,25.1,77,27.7,0.0,3,1014.3,11.0,85,99,0.0,25.6,0.193
Kelantan,6.1254,102.2381,2026-01-24T01:00,24.9,81,28.1,0.0,3,1014.5,9.0,105,99,0.0,25.4,0.194
Kelantan,6.1254,102.2381,2026-01-24T02:00,24.8,79,27.7,0.1,51,1013.9,9.2,91,96,0.0,25.1,0.194
Kelantan,6.1254,102.2381,2026-01-24T03:00,24.5,83,27.5,0.0,3,1013.4,10.5,119,95,0.0,24.9,0.194
Kelantan,6.1254,102.2381,2026-01-24T04:00,24.2,84,27.8,0.0,3,1013.0,6.9,110,97,0.0,24.7,0.194
Kelantan,6.1254,102.2381,2026-01-24T05:00,24.0,83,27.2,0.1,51,1012.9,8.2,128,99,0.0,24.5,0.195
Kelantan,6.1254,102.2381,2026-01-24T06:00,23.2,87,26.6,0.0,2,1013.0,6.4,144,73,0.0,24.1,0.196
Kelantan,6.1254,102.2381,2026-01-24T07:00,22.7,90,26.3,0.0,1,1013.7,5.3,172,36,0.0,23.9,0.196
Kelantan,6.1254,102.2381,2026-01-24T08:00,22.5,88,25.4,0.0,3,1014.4,7.5,195,89,12.0,23.5,0.195
Kelantan,6.1254,102.2381,2026-01-24T09:00,24.5,82,28.1,0.0,2,1015.0,6.0,183,76,160.0,24.1,0.195
Kelantan,6.1254,102.2381,2026-01-24T10:00,26.7,70,29.6,0.0,0,1015.5,9.7,115,17,385.0,25.4,0.194
Kelantan,6.1254,102.2381,2026-01-24T11:00,28.0,61,29.7,0.0,0,1015.5,15.1,98,17,578.0,26.8,0.193
Kelantan,6.1254,102.2381,2026-01-24T12:00,28.6,60,31.5,0.0,0,1015.0,15.3,91,19,773.0,28.2,0.191
Kelantan,6.1254,102.2381,2026-01-24T13:00,28.8,60,32.1,0.1,51,1014.1,16.4,87,34,884.0,29.5,0.189
Kelantan,6.1254,102.2381,2026-01-24T14:00,28.9,58,32.0,0.2,51,1013.4,14.9,91,57,851.0,30.4,0.191
Kelantan,6.1254,102.2381,2026-01-24T15:00,28.8,58,31.6,0.0,3,1012.3,17.2,85,87,852.0,31.0,0.188
Kelantan,6.1254,102.2381,2026-01-24T16:00,28.3,60,30.2,0.3,51,1011.7,19.0,80,91,718.0,31.0,0.19
Kelantan,6.1254,102.2381,2026-01-24T17:00,27.4,66,28.6,0.5,53,1011.4,20.2,81,90,479.0,30.4,0.194
Kelantan,6.1254,102.2381,2026-01-24T18:00,26.6,70,28.1,0.3,51,1011.4,19.2,84,35,298.0,29.5,0.197
Kelantan,6.1254,102.2381,2026-01-24T19:00,25.9,74,27.7,0.0,1,1012.0,17.5,86,33,111.0,28.5,0.197
Kelantan,6.1254,102.2381,2026-01-24T20:00,25.2,81,27.8,0.0,1,1012.3,15.5,93,20,3.0,27.7,0.204
Kelantan,6.1254,102.2381,2026-01-24T21:00,25.2,79,27.3,0.0,1,1013.0,17.4,96,21,0.0,26.9,0.204
Kelantan,6.1254,102.2381,2026-01-24T22:00,25.1,79,27.2,0.0,1,1013.4,16.8,95,38,0.0,26.3,0.204
Kelantan,6.1254,102.2381,2026-01-24T23:00,25.1,78,27.3,0.0,3,1013.6,15.2,97,99,0.0,25.9,0.204
Kelantan,6.1254,102.2381,2026-01-25T00:00,25.0,79,27.1,0.0,3,1013.4,16.3,101,100,0.0,25.5,0.204
Kelantan,6.1254,102.2381,2026-01-25T01:00,24.9,79,27.2,0.0,3,1013.5,13.9,107,100,0.0,25.3,0.204
Kelantan,6.1254,102.2381,2026-01-25T02:00,24.8,80,27.8,0.2,51,1012.9,10.0,131,95,0.0,25.8,0.204
Kelantan,6.1254,102.2381,2026-01-25T03:00,24.0,85,27.3,0.0,2,1012.5,8.0,174,62,0.0,25.4,0.204
Kelantan,6.1254,102.2381,2026-01-25T04:00,23.5,87,26.9,0.0,3,1012.2,7.2,122,99,0.0,25.0,0.204
Kelantan,6.1254,102.2381,2026-01-25T05:00,23.8,83,26.9,0.0,3,1011.9,7.3,140,99,0.0,24.6,0.205
Kelantan,6.1254,102.2381,2026-01-25T06:00,23.1,87,26.6,0.0,3,1012.0,6.0,155,100,0.0,24.3,0.205
Kelantan,6.1254,102.2381,2026-01-25T07:00,23.1,89,26.4,0.0,3,1012.6,7.8,142,100,0.0,24.0,0.205
Kelantan,6.1254,102.2381,2026-01-25T08:00,23.3,86,26.1,0.0,2,1012.7,10.4,170,79,12.0,24.2,0.207
Kelantan,6.1254,102.2381,2026-01-25T09:00,24.6,82,28.0,0.0,1,1013.7,8.9,159,46,159.0,24.6,0.207
Kelantan,6.1254,102.2381,2026-01-25T10:00,26.4,73,29.1,0.0,0,1014.3,12.1,127,19,411.0,25.7,0.207
Kelantan,6.1254,102.2381,2026-01-25T11:00,27.1,68,28.9,0.7,53,1014.2,18.3,111,48,600.0,26.8,0.213
Kelantan,6.1254,102.2381,2026-01-25T12:00,27.5,69,30.5,0.5,53,1013.8,16.9,112,38,705.0,27.6,0.216
Kelantan,6.1254,102.2381,2026-01-25T13:00,27.5,66,29.8,0.2,51,1013.5,20.4,104,60,790.0,28.6,0.216
Kelantan,6.1254,102.2381,2026-01-25T14:00,27.9,67,30.3,0.0,3,1012.5,18.7,97,99,704.0,29.1,0.215
Kelantan,6.1254,102.2381,2026-01-25T15:00,28.1,64,30.8,0.0,3,1011.7,18.3,97,100,771.0,29.8,0.212
Kelantan,6.1254,102.2381,2026-01-25T16:00,28.2,62,29.9,0.0,3,1011.0,20.3,97,100,701.0,30.0,0.21
Kelantan,6.1254,102.2381,2026-01-25T17:00,27.5,65,28.6,0.0,3,1010.8,19.9,100,99,462.0,29.7,0.208
Kelantan,6.1254,102.2381,2026-01-25T18:00,26.9,69,28.7,0.0,3,1011.0,16.8,99,94,268.0,29.0,0.207
Kelantan,6.1254,102.2381,2026-01-25T19:00,26.1,74,28.4,0.0,1,1011.5,14.7,101,41,114.0,28.2,0.206
Kelantan,6.1254,102.2381,2026-01-25T20:00,25.7,75,28.0,0.0,3,1011.8,13.8,110,99,3.0,27.9,0.198
Kelantan,6.1254,102.2381,2026-01-25T21:00,25.4,75,27.3,0.0,2,1012.4,16.0,102,78,0.0,27.0,0.198
Kelantan,6.1254,102.2381,2026-01-25T22:00,25.4,75,27.2,0.0,3,1013.1,15.9,103,92,0.0,26.5,0.198
Kelantan,6.1254,102.2381,2026-01-25T23:00,25.2,75,27.0,0.0,3,1013.3,15.9,102,97,0.0,26.0,0.198
Kelantan,6.1254,102.2381,2026-01-26T00:00,25.1,75,27.0,0.0,1,1013.2,14.5,107,36,0.0,25.6,0.198
Kelantan,6.1254,102.2381,2026-01-26T01:00,24.9,76,27.0,0.0,3,1013.3,13.3,109,90,0.0,25.3,0.198
Kelantan,6.1254,102.2381,2026-01-26T02:00,24.8,75,26.5,0.0,1,1012.8,15.0,101,45,0.0,25.5,0.198
Kelantan,6.1254,102.2381,2026-01-26T03:00,24.6,75,26.7,0.0,1,1012.4,11.7,115,42,0.0,25.1,0.197
Kelantan,6.1254,102.2381,2026-01-26T04:00,24.4,76,26.6,0.0,3,1012.0,10.5,112,95,0.0,24.8,0.197
Kelantan,6.1254,102.2381,2026-01-26T05:00,24.2,77,26.5,0.0,0,1011.9,10.3,117,15,0.0,24.5,0.197
Kelantan,6.1254,102.2381,2026-01-26T06:00,24.1,77,26.4,0.0,0,1012.4,10.1,125,18,0.0,24.4,0.197
Kelantan,6.1254,102.2381,2026-01-26T07:00,23.7,80,26.3,0.0,1,1013.0,8.6,143,21,0.0,24.1,0.197
Kelantan,6.1254,102.2381,2026-01-26T08:00,22.9,88,26.1,0.0,0,1013.4,6.9,203,12,13.0,24.0,0.199
Kelantan,6.1254,102.2381,2026-01-26T09:00,25.0,79,28.7,0.0,0,1014.4,6.1,168,9,170.0,24.5,0.198
Kelantan,6.1254,102.2381,2026-01-26T10:00,27.2,65,29.2,0.1,51,1014.6,13.1,105,9,394.0,25.8,0.198
Kelantan,6.1254,102.2381,2026-01-26T11:00,28.1,59,29.4,0.0,0,1014.4,17.0,99,10,590.0,27.0,0.196
Kelantan,6.1254,102.2381,2026-01-26T12:00,28.5,58,30.6,0.0,0,1013.9,18.4,98,14,785.0,28.4,0.194
Kelantan,6.1254,102.2381,2026-01-26T13:00,28.8,58,31.5,0.1,51,1013.2,18.4,98,13,883.0,29.5,0.193
Kelantan,6.1254,102.2381,2026-01-26T14:00,28.6,58,31.4,0.0,0,1012.3,17.9,95,7,909.0,30.4,0.19
Kelantan,6.1254,102.2381,2026-01-26T15:00,28.9,57,31.6,0.0,0,1011.3,17.6,91,6,871.0,31.0,0.188
Kelantan,6.1254,102.2381,2026-01-26T16:00,28.5,58,30.5,0.0,0,1010.6,17.6,89,8,751.0,31.2,0.186
Kelantan,6.1254,102.2381,2026-01-26T17:00,27.8,61,29.1,0.0,0,1010.5,16.9,88,5,571.0,30.9,0.184
Kelantan,6.1254,102.2381,2026-01-26T18:00,27.1,63,28.5,0.0,0,1010.9,15.7,89,5,353.0,30.2,0.183
Kelantan,6.1254,102.2381,2026-01-26T19:00,26.0,70,28.0,0.0,0,1011.3,13.5,89,9,127.0,29.1,0.182
Kelantan,6.1254,102.2381,2026-01-26T20:00,25.7,73,27.8,0.0,0,1011.9,13.7,89,10,3.0,28.4,0.179
Kelantan,6.1254,102.2381,2026-01-26T21:00,25.4,75,27.9,0.0,0,1012.8,11.9,96,16,0.0,27.4,0.179
Kelantan,6.1254,102.2381,2026-01-26T22:00,25.2,77,27.9,0.0,0,1013.4,11.0,93,13,0.0,26.8,0.179
Kelantan,6.1254,102.2381,2026-01-26T23:00,25.0,78,27.8,0.0,0,1013.7,10.6,89,4,0.0,26.2,0.178
Kelantan,6.1254,102.2381,2026-01-27T00:00,24.7,81,27.8,0.0,0,1013.5,9.4,95,2,0.0,25.8,0.178
Kelantan,6.1254,102.2381,2026-01-27T01:00,24.5,82,27.6,0.0,1,1013.8,9.6,102,48,0.0,25.4,0.178
Kelantan,6.1254,102.2381,2026-01-27T02:00,24.2,80,27.1,0.0,2,1013.5,8.8,94,63,0.0,24.6,0.18
Kelantan,6.1254,102.2381,2026-01-27T03:00,23.9,81,26.5,0.0,1,1013.2,10.3,86,41,0.0,24.4,0.18
Kelantan,6.1254,102.2381,2026-01-27T04:00,23.8,82,26.3,0.0,1,1012.9,10.7,97,30,0.0,24.3,0.18
Kelantan,6.1254,102.2381,2026-01-27T05:00,23.9,81,26.4,0.0,3,1012.6,10.4,108,83,0.0,24.1,0.18
Kelantan,6.1254,102.2381,2026-01-27T06:00,23.5,83,26.4,0.0,1,1012.8,8.2,128,40,0.0,24.0,0.18
Kelantan,6.1254,102.2381,2026-01-27T07:00,23.1,86,26.3,0.0,3,1013.3,6.5,150,96,0.0,23.8,0.18
Kelantan,6.1254,102.2381,2026-01-27T08:00,22.5,90,25.3,0.0,3,1014.1,9.5,212,99,12.0,23.2,0.18
Kelantan,6.1254,102.2381,2026-01-27T09:00,24.0,83,27.2,0.0,3,1015.0,7.6,207,99,167.0,23.9,0.18
Kelantan,6.1254,102.2381,2026-01-27T10:00,26.0,74,29.4,0.0,3,1015.5,6.7,175,99,389.0,25.3,0.179
Kelantan,6.1254,102.2381,2026-01-27T11:00,27.6,65,31.1,0.0,3,1015.3,7.1,106,99,618.0,27.0,0.178
Kelantan,6.1254,102.2381,2026-01-27T12:00,28.7,58,32.1,0.0,3,1014.8,11.8,84,98,791.0,28.8,0.176
Kelantan,6.1254,102.2381,2026-01-27T13:00,29.0,56,32.6,0.0,3,1014.1,12.9,83,98,891.0,30.2,0.174
Kelantan,6.1254,102.2381,2026-01-27T14:00,29.1,56,32.9,0.0,3,1013.2,12.5,83,100,932.0,31.4,0.172
Kelantan,6.1254,102.2381,2026-01-27T15:00,29.4,56,32.8,0.0,3,1012.1,13.7,87,100,878.0,32.2,0.17
Kelantan,6.1254,102.2381,2026-01-27T16:00,28.9,59,31.6,0.0,3,1011.4,14.8,85,100,742.0,32.3,0.168
Kelantan,6.1254,102.2381,2026-01-27T17:00,28.1,62,30.1,0.0,3,1011.1,14.1,87,100,555.0,32.0,0.167
Kelantan,6.1254,102.2381,2026-01-27T18:00,27.3,66,29.3,0.0,3,1011.4,14.2,87,100,319.0,31.1,0.167
Kelantan,6.1254,102.2381,2026-01-27T19:00,26.3,70,28.0,0.0,3,1011.6,16.0,81,98,124.0,29.9,0.166
Kelantan,6.1254,102.2381,2026-01-27T20:00,25.6,76,28.0,0.0,3,1012.0,14.4,86,100,4.0,28.9,0.168
Kelantan,6.1254,102.2381,2026-01-27T21:00,25.5,78,28.0,0.0,3,1012.6,13.8,84,100,0.0,27.9,0.168
Kelantan,6.1254,102.2381,2026-01-27T22:00,25.3,79,27.9,0.0,3,1013.4,13.2,79,100,0.0,27.1,0.168
Kelantan,6.1254,102.2381,2026-01-27T23:00,25.2,79,28.0,0.0,3,1013.7,12.2,82,100,0.0,26.6,0.168
Kelantan,6.1254,102.2381,2026-01-28T00:00,25.1,79,28.0,0.0,3,1013.7,11.0,85,100,0.0,26.2,0.168
Kelantan,6.1254,102.2381,2026-01-28T01:00,25.0,80,27.9,0.0,3,1013.7,10.7,95,100,0.0,25.9,0.168
Kelantan,6.1254,102.2381,2026-01-28T02:00,24.5,82,27.8,0.0,3,1013.2,8.5,86,100,0.0,25.4,0.168
Kelantan,6.1254,102.2381,2026-01-28T03:00,24.3,83,27.8,0.0,3,1012.5,6.7,93,100,0.0,25.1,0.168
Kelantan,6.1254,102.2381,2026-01-28T04:00,23.9,86,27.7,0.0,3,1011.8,5.5,128,100,0.0,24.8,0.168
Kelantan,6.1254,102.2381,2026-01-28T05:00,23.5,89,27.5,0.0,3,1011.5,4.5,164,100,0.0,24.5,0.169
Kelantan,6.1254,102.2381,2026-01-28T06:00,23.2,92,27.0,0.1,51,1011.8,6.5,177,100,0.0,24.4,0.17
Kelantan,6.1254,102.2381,2026-01-28T07:00,22.9,93,26.9,0.1,51,1012.4,5.6,178,100,0.0,24.1,0.171
Kelantan,6.1254,102.2381,2026-01-28T08:00,23.0,93,27.1,0.0,3,1013.0,5.1,203,100,10.0,24.0,0.168
Kelantan,6.1254,102.2381,2026-01-28T09:00,24.9,84,29.3,0.1,51,1013.9,3.1,167,100,137.0,24.7,0.169
Kelantan,6.1254,102.2381,2026-01-28T10:00,26.9,72,30.0,0.1,51,1014.3,10.1,88,100,382.0,26.1,0.17
Kelantan,6.1254,102.2381,2026-01-28T11:00,28.1,59,29.8,0.0,3,1014.2,13.8,82,100,568.0,27.5,0.169
Kelantan,6.1254,102.2381,2026-01-28T12:00,28.5,59,31.2,0.0,3,1014.3,15.8,83,100,765.0,29.0,0.168
Kelantan,6.1254,102.2381,2026-01-28T13:00,29.1,57,32.4,0.0,3,1013.7,15.9,84,100,898.0,30.5,0.166
Kelantan,6.1254,102.2381,2026-01-28T14:00,29.0,57,32.1,0.0,3,1013.0,15.7,84,100,889.0,31.5,0.167
Kelantan,6.1254,102.2381,2026-01-28T15:00,29.5,54,32.3,0.0,3,1012.0,15.9,85,100,874.0,32.2,0.166
Kelantan,6.1254,102.2381,2026-01-28T16:00,29.0,57,31.1,0.0,3,1011.0,15.5,85,92,696.0,32.3,0.165
Kelantan,6.1254,102.2381,2026-01-28T17:00,28.5,58,29.9,0.0,2,1010.8,15.4,79,79,549.0,32.1,0.164
Kelantan,6.1254,102.2381,2026-01-28T18:00,27.4,64,29.1,0.0,1,1011.1,14.9,79,23,321.0,31.3,0.163
Kelantan,6.1254,102.2381,2026-01-28T19:00,26.2,72,28.5,0.0,1,1011.6,13.4,85,41,117.0,30.1,0.163
Kelantan,6.1254,102.2381,2026-01-28T20:00,25.9,77,28.5,0.0,1,1012.2,13.4,84,22,3.0,29.0,0.159
Kelantan,6.1254,102.2381,2026-01-28T21:00,25.7,78,28.5,0.0,2,1013.1,13.2,86,58,0.0,28.1,0.16
Kelantan,6.1254,102.2381,2026-01-28T22:00,25.5,79,28.1,0.0,0,1013.9,13.9,89,11,0.0,27.5,0.16
Kelantan,6.1254,102.2381,2026-01-28T23:00,25.3,80,27.9,0.0,0,1014.1,14.7,96,10,0.0,26.9,0.16
Kelantan,6.1254,102.2381,2026-01-29T00:00,25.0,81,27.8,0.0,2,1014.0,13.1,97,63,0.0,26.5,0.16
Kelantan,6.1254,102.2381,2026-01-29T01:00,24.9,81,27.6,0.0,3,1013.8,13.4,95,95,0.0,26.1,0.16
Kelantan,6.1254,102.2381,2026-01-29T02:00,24.8,81,27.4,0.0,3,1013.3,13.3,91,99,0.0,26.0,0.16
Kelantan,6.1254,102.2381,2026-01-29T03:00,24.8,79,27.1,0.0,3,1012.7,13.0,96,98,0.0,25.6,0.16
Kelantan,6.1254,102.2381,2026-01-29T04:00,24.8,78,27.4,0.0,3,1012.1,10.8,105,82,0.0,25.5,0.16
Kelantan,6.1254,102.2381,2026-01-29T05:00,24.5,80,27.3,0.0,1,1011.5,9.5,112,45,0.0,25.2,0.161
Kelantan,6.1254,102.2381,2026-01-29T06:00,24.2,81,27.2,0.0,2,1011.9,8.9,117,73,0.0,25.0,0.161
Kelantan,6.1254,102.2381,2026-01-29T07:00,23.8,84,27.2,0.0,2,1012.2,6.0,134,70,0.0,24.7,0.161
Kelantan,6.1254,102.2381,2026-01-29T08:00,23.4,91,27.3,0.0,1,1012.8,6.5,157,38,13.0,25.0,0.158
Kelantan,6.1254,102.2381,2026-01-29T09:00,25.7,78,29.4,0.0,2,1013.6,6.8,125,56,161.0,25.6,0.158
Kelantan,6.1254,102.2381,2026-01-29T10:00,27.5,64,29.5,0.0,2,1013.9,13.2,93,59,380.0,26.9,0.158
Kelantan,6.1254,102.2381,2026-01-29T11:00,28.5,55,30.0,0.0,2,1014.2,14.2,89,72,603.0,28.4,0.158
Kelantan,6.1254,102.2381,2026-01-29T12:00,29.2,54,31.6,0.0,2,1014.1,15.0,87,72,798.0,30.0,0.157
Kelantan,6.1254,102.2381,2026-01-29T13:00,29.4,56,32.5,0.0,2,1013.4,16.4,85,59,902.0,31.5,0.156
Kelantan,6.1254,102.2381,2026-01-29T14:00,29.0,55,32.0,0.0,0,1012.5,16.8,86,19,931.0,32.5,0.161
Kelantan,6.1254,102.2381,2026-01-29T15:00,29.1,58,32.0,0.0,1,1011.6,17.3,82,37,851.0,33.0,0.16
Kelantan,6.1254,102.2381,2026-01-29T16:00,28.6,60,31.0,0.0,1,1010.9,17.1,88,29,727.0,33.1,0.159
Kelantan,6.1254,102.2381,2026-01-29T17:00,28.2,62,29.8,0.0,1,1010.8,16.4,92,20,562.0,32.7,0.159
Kelantan,6.1254,102.2381,2026-01-29T18:00,27.5,65,29.1,0.0,1,1010.9,16.7,88,32,347.0,31.9,0.158
Kelantan,6.1254,102.2381,2026-01-29T19:00,26.5,70,28.2,0.0,1,1011.4,16.6,85,21,120.0,30.6,0.158
Kelantan,6.1254,102.2381,2026-01-29T20:00,26.0,74,28.6,0.0,1,1012.3,11.2,91,36,4.0,29.3,0.163
Kelantan,6.1254,102.2381,2026-01-29T21:00,25.7,76,28.4,0.0,0,1012.9,11.9,90,8,0.0,28.3,0.163
Kelantan,6.1254,102.2381,2026-01-29T22:00,25.5,76,28.1,0.0,0,1013.7,12.8,94,19,0.0,27.5,0.163
Kelantan,6.1254,102.2381,2026-01-29T23:00,25.4,77,28.2,0.0,0,1014.1,11.2,91,2,0.0,27.0,0.163
Kelantan,6.1254,102.2381,2026-01-30T00:00,25.1,78,28.1,0.0,0,1014.3,9.8,84,9,0.0,26.5,0.163
Kelantan,6.1254,102.2381,2026-01-30T01:00,24.9,78,27.6,0.0,0,1014.1,10.2,82,6,0.0,26.0,0.163
Kelantan,6.1254,102.2381,2026-01-30T02:00,24.8,78,27.4,0.0,0,1013.6,11.0,84,1,0.0,25.7,0.163
Kelantan,6.1254,102.2381,2026-01-30T03:00,24.5,78,27.1,0.0,0,1013.3,10.5,102,5,0.0,25.5,0.163
Kelantan,6.1254,102.2381,2026-01-30T04:00,24.5,77,27.1,0.0,0,1012.9,9.4,121,5,0.0,25.2,0.163
Kelantan,6.1254,102.2381,2026-01-30T05:00,24.1,80,27.0,0.0,0,1012.9,8.0,136,5,0.0,25.0,0.164
Kelantan,6.1254,102.2381,2026-01-30T06:00,23.6,84,27.0,0.0,3,1012.9,5.6,158,84,0.0,24.6,0.164
Kelantan,6.1254,102.2381,2026-01-30T07:00,23.0,89,26.4,0.0,3,1013.2,6.8,183,97,0.0,24.3,0.164
Kelantan,6.1254,102.2381,2026-01-30T08:00,23.0,90,26.7,0.0,2,1013.6,6.5,203,50,12.0,23.8,0.169
Kelantan,6.1254,102.2381,2026-01-30T09:00,24.9,83,28.9,0.0,3,1014.6,5.6,209,98,164.0,24.5,0.169
Kelantan,6.1254,102.2381,2026-01-30T10:00,26.9,73,30.9,0.0,1,1015.0,5.3,135,37,399.0,26.1,0.168
Kelantan,6.1254,102.2381,2026-01-30T11:00,28.5,61,31.1,0.0,0,1015.1,12.3,93,19,597.0,27.8,0.168
Kelantan,6.1254,102.2381,2026-01-30T12:00,29.2,57,32.1,0.0,1,1014.7,14.6,87,45,772.0,29.5,0.166
Kelantan,6.1254,102.2381,2026-01-30T13:00,29.8,53,32.5,0.0,3,1014.1,16.4,82,91,887.0,30.9,0.165
Kelantan,6.1254,102.2381,2026-01-30T14:00,29.4,56,32.7,0.0,0,1013.1,16.0,81,9,910.0,32.0,0.168
Kelantan,6.1254,102.2381,2026-01-30T15:00,29.5,57,32.9,0.0,0,1012.1,16.3,79,6,888.0,32.7,0.167
Kelantan,6.1254,102.2381,2026-01-30T16:00,29.0,59,31.8,0.0,1,1011.6,16.1,77,25,775.0,32.8,0.165
Kelantan,6.1254,102.2381,2026-01-30T17:00,28.5,62,30.4,0.0,0,1011.3,16.2,78,2,594.0,32.6,0.164
Kelantan,6.1254,102.2381,2026-01-30T18:00,27.7,65,29.7,0.0,0,1011.3,14.8,80,2,364.0,31.8,0.164
Kelantan,6.1254,102.2381,2026-01-30T19:00,26.8,69,29.0,0.0,0,1011.6,13.2,85,1,133.0,30.6,0.163
Kelantan,6.1254,102.2381,2026-01-30T20:00,26.4,74,29.1,0.0,0,1012.1,13.2,85,16,4.0,29.6,0.162
Kelantan,6.1254,102.2381,2026-01-30T21:00,26.0,77,28.8,0.0,0,1012.4,12.6,86,8,0.0,28.6,0.162
Kelantan,6.1254,102.2381,2026-01-30T22:00,25.6,79,28.8,0.0,0,1013.2,10.6,86,9,0.0,27.9,0.162
Kelantan,6.1254,102.2381,2026-01-30T23:00,25.5,79,28.8,0.0,1,1013.6,9.7,89,20,0.0,27.2,0.162
Kelantan,6.1254,102.2381,2026-01-31T00:00,25.4,80,28.9,0.0,1,1013.9,8.4,101,20,0.0,26.7,0.162
Kelantan,6.1254,102.2381,2026-01-31T01:00,25.1,82,28.8,0.0,0,1013.6,7.6,97,12,0.0,26.3,0.162
Kelantan,6.1254,102.2381,2026-01-31T02:00,25.0,82,28.4,0.0,0,1013.3,9.1,83,5,0.0,25.9,0.16
Kelantan,6.1254,102.2381,2026-01-31T03:00,24.8,83,28.1,0.0,0,1012.8,9.4,83,13,0.0,25.6,0.16
Kelantan,6.1254,102.2381,2026-01-31T04:00,24.5,85,27.8,0.0,0,1012.2,10.0,75,14,0.0,25.4,0.161
Kelantan,6.1254,102.2381,2026-01-31T05:00,24.2,86,27.8,0.0,1,1012.0,8.3,79,20,0.0,25.2,0.161
Kelantan,6.1254,102.2381,2026-01-31T06:00,24.1,87,28.1,0.0,0,1012.1,5.6,96,19,0.0,25.0,0.161
Kelantan,6.1254,102.2381,2026-01-31T07:00,23.5,91,27.8,0.0,1,1012.5,3.4,133,24,0.0,24.6,0.161
Kelantan,6.1254,102.2381,2026-01-31T08:00,23.4,92,27.7,0.0,1,1013.1,4.9,174,29,12.0,24.0,0.173
Kelantan,6.1254,102.2381,2026-01-31T09:00,25.1,84,29.4,0.0,1,1014.2,5.2,166,22,152.0,24.8,0.173
Kelantan,6.1254,102.2381,2026-01-31T10:00,26.4,76,30.1,0.4,51,1014.9,7.6,115,40,360.0,26.1,0.177
Kelantan,6.1254,102.2381,2026-01-31T11:00,27.8,68,30.9,0.1,51,1014.8,10.0,98,31,554.0,27.5,0.177
Kelantan,6.1254,102.2381,2026-01-31T12:00,29.0,62,32.7,0.0,0,1014.9,13.2,93,15,778.0,29.2,0.176
Kelantan,6.1254,102.2381,2026-01-31T13:00,29.4,59,33.0,0.0,3,1014.1,16.1,86,95,904.0,30.6,0.174
Kelantan,6.1254,102.2381,2026-01-31T14:00,29.2,58,32.8,0.0,3,1013.5,16.2,89,90,927.0,31.7,0.176
Kelantan,6.1254,102.2381,2026-01-31T15:00,29.5,58,32.9,0.0,3,1012.4,17.0,85,97,892.0,32.4,0.174
Kelantan,6.1254,102.2381,2026-01-31T16:00,29.0,61,31.9,0.0,3,1011.7,17.7,81,88,771.0,32.5,0.172
Kelantan,6.1254,102.2381,2026-01-31T17:00,28.5,65,30.5,0.0,3,1011.2,18.2,76,96,599.0,32.3,0.171
Kelantan,6.1254,102.2381,2026-01-31T18:00,27.4,70,29.7,0.0,3,1011.3,16.6,75,83,366.0,31.5,0.17
Kelantan,6.1254,102.2381,2026-01-31T19:00,26.4,77,29.1,0.0,0,1011.8,15.0,77,1,135.0,30.3,0.17
Kelantan,6.1254,102.2381,2026-01-31T20:00,26.2,78,29.2,0.0,0,1012.1,13.9,76,5,4.0,29.5,0.16
Kelantan,6.1254,102.2381,2026-01-31T21:00,26.1,79,29.1,0.0,0,1012.8,13.9,73,5,0.0,28.6,0.16
Kelantan,6.1254,102.2381,2026-01-31T22:00,26.1,77,28.9,0.0,0,1013.7,13.6,79,17,0.0,28.0,0.16
Kelantan,6.1254,102.2381,2026-01-31T23:00,25.9,78,28.8,0.0,1,1013.9,12.9,84,23,0.0,27.4,0.16
Kelantan,6.1254,102.2381,2026-02-01T00:00,25.8,79,28.9,0.0,1,1013.9,11.5,91,33,0.0,27.0,0.16
Kelantan,6.1254,102.2381,2026-02-01T01:00,25.7,78,28.9,0.0,1,1013.5,10.4,99,26,0.0,26.6,0.16
Kelantan,6.1254,102.2381,2026-02-01T02:00,25.0,82,28.4,0.0,1,1012.9,9.0,106,22,0.0,26.3,0.158
Kelantan,6.1254,102.2381,2026-02-01T03:00,24.7,83,28.3,0.0,1,1012.1,8.0,126,46,0.0,26.0,0.159
Kelantan,6.1254,102.2381,2026-02-01T04:00,24.2,86,27.9,0.0,1,1011.5,7.7,144,42,0.0,25.6,0.159
Kelantan,6.1254,102.2381,2026-02-01T05:00,23.8,88,27.7,0.0,3,1011.1,6.1,146,83,0.0,25.2,0.159
Kelantan,6.1254,102.2381,2026-02-01T06:00,23.6,89,27.4,0.0,2,1011.6,6.6,147,61,0.0,25.0,0.159
Kelantan,6.1254,102.2381,2026-02-01T07:00,23.5,89,27.1,0.0,1,1012.0,7.6,158,31,0.0,24.7,0.159
Kelantan,6.1254,102.2381,2026-02-01T08:00,24.0,88,27.6,0.0,3,1012.8,7.9,167,100,13.0,24.6,0.159
Kelantan,6.1254,102.2381,2026-02-01T09:00,26.0,79,30.0,0.0,3,1013.6,6.5,138,88,153.0,25.4,0.159
Kelantan,6.1254,102.2381,2026-02-01T10:00,27.9,66,30.6,0.0,1,1014.3,11.8,96,44,374.0,26.8,0.159
Kelantan,6.1254,102.2381,2026-02-01T11:00,29.0,61,31.4,0.0,3,1014.3,14.1,86,88,614.0,28.5,0.158
Kelantan,6.1254,102.2381,2026-02-01T12:00,29.5,57,32.3,0.0,2,1014.2,16.0,82,79,782.0,30.1,0.158
Kelantan,6.1254,102.2381,2026-02-01T13:00,29.6,56,32.5,0.0,0,1013.7,18.1,79,17,889.0,31.5,0.157
Kelantan,6.1254,102.2381,2026-02-01T14:00,29.1,58,32.0,0.0,1,1013.2,19.3,74,25,927.0,32.5,0.163
Kelantan,6.1254,102.2381,2026-02-01T15:00,29.4,55,31.3,0.0,0,1012.2,20.3,77,17,848.0,33.0,0.162
Kelantan,6.1254,102.2381,2026-02-01T16:00,29.0,54,30.4,0.0,2,1011.6,19.9,77,66,734.0,33.0,0.161
Kelantan,6.1254,102.2381,2026-02-01T17:00,28.1,61,29.3,0.0,2,1011.4,18.6,76,52,543.0,32.5,0.16
Kelantan,6.1254,102.2381,2026-02-01T18:00,27.5,63,28.9,0.0,2,1011.5,16.7,78,75,362.0,31.8,0.159
Kelantan,6.1254,102.2381,2026-02-01T19:00,26.4,71,28.5,0.0,3,1011.9,14.6,77,95,133.0,30.6,0.159
Kelantan,6.1254,102.2381,2026-02-01T20:00,25.8,76,28.4,0.0,3,1012.4,13.1,81,100,4.0,29.5,0.153
Kelantan,6.1254,102.2381,2026-02-01T21:00,25.6,78,28.3,0.0,3,1013.1,13.0,84,99,0.0,28.5,0.154
Kelantan,6.1254,102.2381,2026-02-01T22:00,25.5,79,28.4,0.0,2,1014.0,11.7,90,77,0.0,27.8,0.154
Kelantan,6.1254,102.2381,2026-02-01T23:00,25.2,79,28.3,0.0,3,1013.9,10.5,96,95,0.0,27.2,0.154
Kelantan,6.1254,102.2381,2026-02-02T00:00,24.9,81,28.2,0.0,0,1013.9,9.4,101,9,0.0,26.6,0.154
Kelantan,6.1254,102.2381,2026-02-02T01:00,24.8,82,28.1,0.0,1,1014.1,9.0,106,24,0.0,26.2,0.154
Kelantan,6.1254,102.2381,2026-02-02T02:00,24.6,81,27.6,0.0,1,1013.8,10.7,106,28,0.0,25.9,0.151
Kelantan,6.1254,102.2381,2026-02-02T03:00,24.5,81,27.5,0.0,1,1013.2,9.6,107,30,0.0,25.6,0.151
Kelantan,6.1254,102.2381,2026-02-02T04:00,24.2,82,27.3,0.0,1,1012.8,8.7,127,21,0.0,25.4,0.151
Kelantan,6.1254,102.2381,2026-02-02T05:00,23.8,85,27.0,0.0,2,1012.5,7.7,141,53,0.0,25.1,0.151
Kelantan,6.1254,102.2381,2026-02-02T06:00,23.2,88,26.5,0.0,3,1012.4,7.5,159,84,0.0,24.9,0.151
Kelantan,6.1254,102.2381,2026-02-02T07:00,22.8,90,26.3,0.0,1,1012.7,6.4,169,27,0.0,24.5,0.152
Kelantan,6.1254,102.2381,2026-02-02T08:00,22.9,91,26.5,0.0,0,1013.4,6.0,196,9,13.0,23.8,0.155
Kelantan,6.1254,102.2381,2026-02-02T09:00,25.3,79,29.2,0.0,1,1014.1,5.0,139,27,165.0,24.6,0.155
Kelantan,6.1254,102.2381,2026-02-02T10:00,27.2,66,29.2,0.2,51,1014.7,14.3,83,20,386.0,26.1,0.158
Kelantan,6.1254,102.2381,2026-02-02T11:00,28.0,62,29.6,0.0,0,1014.7,15.8,83,5,578.0,27.7,0.157
Kelantan,6.1254,102.2381,2026-02-02T12:00,28.8,57,31.2,0.0,0,1014.5,16.7,84,19,801.0,29.4,0.157
Kelantan,6.1254,102.2381,2026-02-02T13:00,29.4,52,31.9,0.0,2,1013.7,17.4,85,52,906.0,31.0,0.156
Kelantan,6.1254,102.2381,2026-02-02T14:00,29.1,52,31.7,0.0,0,1013.0,16.8,86,11,944.0,32.1,0.156
Kelantan,6.1254,102.2381,2026-02-02T15:00,29.2,54,31.9,0.0,0,1012.1,17.3,86,11,900.0,33.0,0.155
Kelantan,6.1254,102.2381,2026-02-02T16:00,28.8,58,30.9,0.0,0,1011.4,18.0,87,10,769.0,33.2,0.154
Kelantan,6.1254,102.2381,2026-02-02T17:00,28.0,61,29.4,0.0,1,1011.2,17.8,91,27,592.0,32.8,0.154
Kelantan,6.1254,102.2381,2026-02-02T18:00,27.3,64,28.7,0.0,2,1011.3,16.6,95,53,371.0,32.0,0.154
Kelantan,6.1254,102.2381,2026-02-02T19:00,26.3,71,28.1,0.0,0,1011.5,15.9,95,19,136.0,30.8,0.154
Kelantan,6.1254,102.2381,2026-02-02T20:00,26.0,70,27.8,0.0,0,1012.3,13.8,98,9,5.0,29.4,0.153
Kelantan,6.1254,102.2381,2026-02-02T21:00,25.8,71,27.4,0.0,0,1013.0,15.2,96,9,0.0,28.4,0.153
Kelantan,6.1254,102.2381,2026-02-02T22:00,25.5,74,27.4,0.0,0,1014.0,15.9,94,12,0.0,27.7,0.153
Kelantan,6.1254,102.2381,2026-02-02T23:00,25.1,76,26.9,0.0,1,1014.5,16.4,89,21,0.0,27.1,0.154
Kelantan,6.1254,102.2381,2026-02-03T00:00,24.8,78,27.0,0.0,0,1014.5,13.6,97,18,0.0,26.6,0.154
Kelantan,6.1254,102.2381,2026-02-03T01:00,24.6,78,27.2,0.0,0,1014.5,11.2,106,8,0.0,26.2,0.154
Kelantan,6.1254,102.2381,2026-02-03T02:00,24.5,78,27.1,0.0,0,1013.8,10.2,104,9,0.0,25.6,0.156
Kelantan,6.1254,102.2381,2026-02-03T03:00,24.5,76,26.9,0.0,0,1013.3,9.6,103,12,0.0,25.3,0.156
Kelantan,6.1254,102.2381,2026-02-03T04:00,24.4,75,26.8,0.0,0,1013.0,8.6,106,9,0.0,25.0,0.156
Kelantan,6.1254,102.2381,2026-02-03T05:00,24.0,77,26.5,0.0,0,1012.9,7.5,117,9,0.0,24.8,0.156
Kelantan,6.1254,102.2381,2026-02-03T06:00,23.4,80,26.3,0.0,0,1013.2,5.5,136,1,0.0,24.4,0.156
Kelantan,6.1254,102.2381,2026-02-03T07:00,22.5,86,25.7,0.0,0,1013.4,4.2,168,9,0.0,24.0,0.156
Kelantan,6.1254,102.2381,2026-02-03T08:00,23.2,87,26.6,0.0,1,1014.0,6.8,143,20,14.0,23.8,0.155
Kelantan,6.1254,102.2381,2026-02-03T09:00,25.4,76,28.7,0.0,0,1014.8,6.3,143,12,153.0,24.6,0.155
Kelantan,6.1254,102.2381,2026-02-03T10:00,27.6,59,29.0,0.0,0,1015.4,13.0,93,16,405.0,26.2,0.155
Kelantan,6.1254,102.2381,2026-02-03T11:00,28.6,52,29.7,0.0,0,1015.5,14.4,89,11,619.0,28.0,0.154
Kelantan,6.1254,102.2381,2026-02-03T12:00,29.3,50,31.6,0.0,1,1015.1,13.3,87,27,806.0,29.8,0.154
Kelantan,6.1254,102.2381,2026-02-03T13:00,29.7,50,32.6,0.0,3,1014.3,13.8,83,91,905.0,31.5,0.153
Kelantan,6.1254,102.2381,2026-02-03T14:00,29.2,51,31.9,0.0,2,1013.7,16.1,84,70,940.0,32.8,0.159
Kelantan,6.1254,102.2381,2026-02-03T15:00,29.0,53,30.9,0.0,3,1013.0,17.9,85,82,803.0,33.0,0.158
Kelantan,6.1254,102.2381,2026-02-03T16:00,28.3,58,30.0,0.0,0,1012.3,18.0,92,14,729.0,33.0,0.157
Kelantan,6.1254,102.2381,2026-02-03T17:00,28.5,57,29.7,0.0,1,1011.8,15.4,101,22,578.0,32.8,0.157
Kelantan,6.1254,102.2381,2026-02-03T18:00,27.2,65,28.6,0.0,0,1011.8,16.6,91,16,346.0,32.0,0.156
Kelantan,6.1254,102.2381,2026-02-03T19:00,26.0,72,28.2,0.0,0,1012.1,14.2,94,13,127.0,30.6,0.156
Kelantan,6.1254,102.2381,2026-02-03T20:00,25.6,77,28.5,0.0,1,1012.9,11.8,96,26,5.0,29.4,0.155
Kelantan,6.1254,102.2381,2026-02-03T21:00,25.4,79,28.4,0.0,0,1013.4,11.0,91,17,0.0,28.5,0.155
Kelantan,6.1254,102.2381,2026-02-03T22:00,25.2,81,28.5,0.0,0,1014.2,9.9,92,16,0.0,27.6,0.155
Kelantan,6.1254,102.2381,2026-02-03T23:00,25.0,83,28.3,0.0,2,1014.3,10.0,110,64,0.0,27.1,0.155
Kelantan,6.1254,102.2381,2026-02-04T00:00,24.9,84,28.3,0.0,2,1014.0,9.4,108,63,0.0,26.5,0.155
Kelantan,6.1254,102.2381,2026-02-04T01:00,24.7,84,28.5,0.0,3,1014.0,7.4,131,96,0.0,26.1,0.155
Kelantan,6.1254,102.2381,2026-02-04T02:00,24.2,87,28.4,0.0,3,1013.5,4.5,133,91,0.0,26.0,0.155
Kelantan,6.1254,102.2381,2026-02-04T03:00,23.6,90,27.9,0.2,51,1012.9,3.6,139,99,0.0,25.6,0.157
Kelantan,6.1254,102.2381,2026-02-04T04:00,23.4,92,27.8,0.4,51,1012.5,3.2,142,100,0.0,25.2,0.162
Kelantan,6.1254,102.2381,2026-02-04T05:00,23.0,96,27.4,0.7,53,1012.5,4.7,171,99,0.0,24.9,0.17
Kelantan,6.1254,102.2381,2026-02-04T06:00,22.8,98,27.3,0.4,51,1012.6,4.7,184,100,0.0,24.5,0.175
Kelantan,6.1254,102.2381,2026-02-04T07:00,22.7,98,27.2,0.2,51,1012.8,4.5,182,99,0.0,24.2,0.177
Kelantan,6.1254,102.2381,2026-02-04T08:00,23.1,95,27.7,0.3,51,1013.4,3.7,191,100,9.0,24.5,0.163
Kelantan,6.1254,102.2381,2026-02-04T09:00,24.8,87,29.0,0.1,51,1014.2,6.1,180,95,145.0,25.0,0.164
Kelantan,6.1254,102.2381,2026-02-04T10:00,26.3,79,30.2,0.1,51,1015.0,8.7,111,74,299.0,26.0,0.166
Kelantan,6.1254,102.2381,2026-02-04T11:00,27.5,71,30.3,0.1,51,1015.0,13.1,98,100,513.0,27.5,0.166
Kelantan,6.1254,102.2381,2026-02-04T12:00,28.4,64,30.9,0.3,51,1014.5,18.9,89,94,712.0,29.0,0.168
Kelantan,6.1254,102.2381,2026-02-04T13:00,28.0,68,30.5,0.2,51,1013.9,20.2,85,70,701.0,29.9,0.169
Kelantan,6.1254,102.2381,2026-02-04T14:00,27.6,70,30.3,0.1,51,1013.2,19.0,99,100,679.0,30.6,0.176
Kelantan,6.1254,102.2381,2026-02-04T15:00,28.0,67,30.0,0.1,51,1012.1,20.5,88,99,680.0,30.9,0.175
Kelantan,6.1254,102.2381,2026-02-04T16:00,28.0,68,30.5,0.2,51,1011.5,20.8,85,99,711.0,31.2,0.176
Kelantan,6.1254,102.2381,2026-02-04T17:00,27.5,70,29.1,0.0,3,1011.3,20.8,85,100,527.0,31.0,0.175
Kelantan,6.1254,102.2381,2026-02-04T18:00,26.9,70,28.4,0.0,3,1011.4,19.3,89,100,257.0,30.2,0.175
Kelantan,6.1254,102.2381,2026-02-04T19:00,26.3,74,28.5,0.0,3,1011.8,15.5,92,100,96.0,29.3,0.175
Kelantan,6.1254,102.2381,2026-02-04T20:00,25.8,82,29.1,0.0,3,1012.8,12.7,98,100,4.0,28.4,0.183
Kelantan,6.1254,102.2381,2026-02-04T21:00,25.8,82,29.3,0.0,3,1013.2,10.6,105,99,0.0,27.6,0.183
Kelantan,6.1254,102.2381,2026-02-04T22:00,25.5,83,29.4,0.0,3,1014.0,8.5,128,100,0.0,27.0,0.183
Kelantan,6.1254,102.2381,2026-02-04T23:00,25.2,83,29.0,0.1,51,1014.3,8.9,128,98,0.0,26.5,0.184
Kelantan,6.1254,102.2381,2026-02-05T00:00,25.0,85,29.1,0.0,3,1013.8,6.6,164,100,0.0,26.2,0.184
Kelantan,6.1254,102.2381,2026-02-05T01:00,24.2,89,28.2,0.0,3,1013.9,8.1,201,100,0.0,25.9,0.184
Kelantan,6.1254,102.2381,2026-02-05T02:00,23.7,93,27.8,0.0,3,1013.2,7.1,199,100,0.0,26.0,0.177
Kelantan,6.1254,102.2381,2026-02-05T03:00,23.6,92,27.7,0.0,3,1012.6,6.3,195,88,0.0,25.6,0.177
Kelantan,6.1254,102.2381,2026-02-05T04:00,23.5,91,27.6,0.0,1,1012.2,6.0,213,30,0.0,25.2,0.177
Kelantan,6.1254,102.2381,2026-02-05T05:00,23.4,91,27.4,0.0,2,1012.0,5.6,220,53,0.0,25.0,0.177
Kelantan,6.1254,102.2381,2026-02-05T06:00,23.4,91,27.7,0.0,1,1012.3,3.6,213,47,0.0,24.7,0.178
Kelantan,6.1254,102.2381,2026-02-05T07:00,23.4,92,28.0,0.0,2,1012.4,2.2,189,71,0.0,24.5,0.178
Kelantan,6.1254,102.2381,2026-02-05T08:00,23.8,93,28.6,0.0,3,1013.2,3.2,142,99,11.0,24.6,0.181
Kelantan,6.1254,102.2381,2026-02-05T09:00,25.5,83,30.0,0.0,3,1013.9,4.6,129,100,137.0,25.2,0.181
Kelantan,6.1254,102.2381,2026-02-05T10:00,26.7,75,30.2,0.1,51,1014.5,9.4,98,97,273.0,26.1,0.182
Kelantan,6.1254,102.2381,2026-02-05T11:00,28.0,71,31.3,0.1,51,1014.5,10.9,99,87,535.0,27.6,0.182
Kelantan,6.1254,102.2381,2026-02-05T12:00,28.8,67,32.7,0.0,3,1013.9,11.9,95,94,671.0,29.0,0.18
Kelantan,6.1254,102.2381,2026-02-05T13:00,29.3,65,33.6,0.0,3,1013.0,13.4,82,100,784.0,30.2,0.178
Kelantan,6.1254,102.2381,2026-02-05T14:00,29.0,67,33.5,0.1,51,1012.1,14.7,75,99,878.0,31.4,0.177
Kelantan,6.1254,102.2381,2026-02-05T15:00,28.9,66,32.6,0.0,0,1011.1,16.1,70,17,780.0,31.9,0.176
Kelantan,6.1254,102.2381,2026-02-05T16:00,28.6,67,32.1,0.0,1,1010.2,17.6,70,36,769.0,32.2,0.174
Kelantan,6.1254,102.2381,2026-02-05T17:00,28.0,70,30.4,0.0,0,1009.9,18.0,74,6,560.0,32.0,0.173
Kelantan,6.1254,102.2381,2026-02-05T18:00,27.5,71,30.0,0.0,0,1010.2,15.5,87,5,364.0,31.3,0.172
Kelantan,6.1254,102.2381,2026-02-05T19:00,26.6,75,29.5,0.0,0,1010.5,13.9,92,1,131.0,30.2,0.171
Kelantan,6.1254,102.2381,2026-02-05T20:00,26.1,78,29.4,0.0,0,1011.5,11.0,95,16,5.0,29.0,0.18
Kelantan,6.1254,102.2381,2026-02-05T21:00,25.8,81,29.3,0.0,0,1012.2,10.8,94,8,0.0,28.0,0.18
Kelantan,6.1254,102.2381,2026-02-05T22:00,25.6,82,29.4,0.0,0,1013.1,8.7,98,4,0.0,27.4,0.18
Kelantan,6.1254,102.2381,2026-02-05T23:00,25.2,84,29.4,0.0,3,1013.1,7.0,102,96,0.0,26.8,0.18
Kelantan,6.1254,102.2381,2026-02-06T00:00,25.0,86,29.3,0.0,2,1013.0,6.2,107,72,0.0,26.3,0.18
Kelantan,6.1254,102.2381,2026-02-06T01:00,24.5,88,29.1,0.0,0,1013.1,3.6,147,17,0.0,25.8,0.18
Kelantan,6.1254,102.2381,2026-02-06T02:00,24.3,88,28.7,0.0,1,1012.7,4.3,118,37,0.0,25.4,0.179
Kelantan,6.1254,102.2381,2026-02-06T03:00,24.0,89,28.4,0.0,2,1012.0,4.2,130,69,0.0,25.0,0.179
Kelantan,6.1254,102.2381,2026-02-06T04:00,23.9,90,28.0,0.0,3,1011.5,5.6,155,94,0.0,24.8,0.179
Kelantan,6.1254,102.2381,2026-02-06T05:00,23.3,93,27.4,0.0,3,1011.4,5.8,184,98,0.0,24.5,0.179
Kelantan,6.1254,102.2381,2026-02-06T06:00,22.9,95,27.1,0.0,3,1011.6,5.1,198,98,0.0,24.4,0.179
Kelantan,6.1254,102.2381,2026-02-06T07:00,22.6,95,26.6,0.0,3,1011.8,6.0,209,100,0.0,24.1,0.179
Kelantan,6.1254,102.2381,2026-02-06T08:00,23.4,92,27.2,0.0,1,1011.8,7.0,184,49,12.0,24.2,0.178
Kelantan,6.1254,102.2381,2026-02-06T09:00,25.5,82,29.9,0.0,2,1012.9,4.5,178,64,175.0,25.0,0.177
Kelantan,6.1254,102.2381,2026-02-06T10:00,27.2,75,31.4,0.0,3,1013.7,6.9,123,99,407.0,26.5,0.177
Kelantan,6.1254,102.2381,2026-02-06T11:00,28.7,67,32.6,0.0,3,1013.9,9.1,105,99,605.0,28.1,0.175
Kelantan,6.1254,102.2381,2026-02-06T12:00,29.9,59,34.1,0.0,3,1013.3,10.7,95,100,782.0,29.8,0.173
Kelantan,6.1254,102.2381,2026-02-06T13:00,30.4,59,34.7,0.0,3,1012.4,12.4,87,100,847.0,31.2,0.171
Kelantan,6.1254,102.2381,2026-02-06T14:00,30.1,58,34.4,0.0,3,1011.4,13.9,79,100,905.0,32.3,0.17
Kelantan,6.1254,102.2381,2026-02-06T15:00,30.3,56,34.2,0.0,3,1010.2,14.6,72,98,886.0,33.1,0.168
Kelantan,6.1254,102.2381,2026-02-06T16:00,29.7,60,33.1,0.0,0,1009.4,15.6,69,19,778.0,33.3,0.167
Kelantan,6.1254,102.2381,2026-02-06T17:00,28.5,68,31.5,0.0,2,1008.8,14.8,67,51,578.0,32.9,0.166
Kelantan,6.1254,102.2381,2026-02-06T18:00,28.0,71,31.4,0.0,3,1009.1,12.1,80,99,380.0,32.2,0.165
Kelantan,6.1254,102.2381,2026-02-06T19:00,27.0,76,30.7,0.0,0,1009.9,9.7,91,2,140.0,31.0,0.165
Kelantan,6.1254,102.2381,2026-02-06T20:00,26.5,80,30.7,0.0,0,1010.3,7.4,91,2,5.0,29.7,0.164
Kelantan,6.1254,102.2381,2026-02-06T21:00,25.9,83,30.1,0.0,0,1011.3,7.8,99,15,0.0,28.6,0.164
Kelantan,6.1254,102.2381,2026-02-06T22:00,25.5,86,30.1,0.0,0,1012.0,5.8,116,2,0.0,27.8,0.164
Kelantan,6.1254,102.2381,2026-02-06T23:00,25.0,89,30.1,0.0,1,1012.5,3.9,137,32,0.0,27.0,0.164
Kelantan,6.1254,102.2381,2026-02-07T00:00,24.6,92,30.0,0.0,2,1012.3,2.5,159,60,0.0,26.5,0.164
Kelantan,6.1254,102.2381,2026-02-07T01:00,24.5,93,30.0,0.0,3,1012.1,1.6,117,100,0.0,26.0,0.164
Kelantan,6.1254,102.2381,2026-02-07T02:00,24.3,91,29.5,0.0,3,1011.4,0.7,194,98,0.0,25.5,0.159
Kelantan,6.1254,102.2381,2026-02-07T03:00,24.0,93,29.0,0.0,3,1010.7,1.6,186,95,0.0,25.1,0.159
Kelantan,6.1254,102.2381,2026-02-07T04:00,23.5,95,28.4,0.0,3,1010.2,3.0,166,98,0.0,24.8,0.159
Kelantan,6.1254,102.2381,2026-02-07T05:00,23.4,94,28.0,0.0,3,1010.2,3.8,169,82,0.0,24.5,0.159
Kelantan,6.1254,102.2381,2026-02-07T06:00,23.5,94,27.9,0.0,1,1010.6,5.3,168,30,0.0,24.4,0.159
Kelantan,6.1254,102.2381,2026-02-07T07:00,23.3,94,27.7,0.0,1,1011.0,4.9,170,45,0.0,24.2,0.16
Kelantan,6.1254,102.2381,2026-02-07T08:00,23.1,96,27.5,0.0,3,1011.5,5.7,204,98,13.0,24.2,0.162
Kelantan,6.1254,102.2381,2026-02-07T09:00,25.4,85,30.2,0.0,2,1012.4,3.6,186,78,149.0,25.0,0.162
Kelantan,6.1254,102.2381,2026-02-07T10:00,27.5,76,31.9,0.0,2,1012.9,7.4,112,70,375.0,26.6,0.161
Kelantan,6.1254,102.2381,2026-02-07T11:00,29.0,66,33.2,0.0,1,1012.8,8.1,84,43,612.0,28.5,0.161
Kelantan,6.1254,102.2381,2026-02-07T12:00,29.8,62,34.4,0.0,3,1012.2,10.1,65,100,779.0,30.4,0.16
Kelantan,6.1254,102.2381,2026-02-07T13:00,30.0,62,34.7,0.0,3,1011.4,11.9,67,89,839.0,31.9,0.16
Kelantan,6.1254,102.2381,2026-02-07T14:00,30.0,62,34.6,0.1,51,1010.6,13.4,70,17,848.0,32.9,0.164
Kelantan,6.1254,102.2381,2026-02-07T15:00,30.5,59,34.9,0.0,1,1009.4,14.4,70,44,890.0,33.7,0.163
Kelantan,6.1254,102.2381,2026-02-07T16:00,30.0,60,33.5,0.0,3,1008.3,15.2,69,87,768.0,33.9,0.161
Kelantan,6.1254,102.2381,2026-02-07T17:00,29.2,64,32.0,0.0,0,1008.0,15.1,75,4,588.0,33.5,0.161
Kelantan,6.1254,102.2381,2026-02-07T18:00,28.5,66,31.0,0.0,3,1007.9,14.8,81,99,376.0,32.8,0.16
Kelantan,6.1254,102.2381,2026-02-07T19:00,27.4,74,30.5,0.0,3,1008.6,12.8,86,100,130.0,31.5,0.16
Kelantan,6.1254,102.2381,2026-02-07T20:00,26.4,83,30.3,0.0,3,1008.8,11.3,80,96,4.0,30.4,0.155
Kelantan,6.1254,102.2381,2026-02-07T21:00,26.2,83,30.1,0.0,3,1009.8,11.2,92,91,0.0,29.2,0.155
Kelantan,6.1254,102.2381,2026-02-07T22:00,26.0,84,29.9,0.0,2,1010.7,10.6,100,55,0.0,28.4,0.155
Kelantan,6.1254,102.2381,2026-02-07T23:00,25.6,86,29.7,0.0,2,1011.3,10.1,107,64,0.0,27.8,0.155
Kelantan,6.1254,102.2381,2026-02-08T00:00,25.5,86,29.5,0.0,3,1011.0,9.7,109,100,0.0,27.2,0.155
Kelantan,6.1254,102.2381,2026-02-08T01:00,25.4,86,29.3,0.0,3,1011.0,9.5,115,100,0.0,26.8,0.155
Kelantan,6.1254,102.2381,2026-02-08T02:00,25.4,83,28.9,0.0,3,1010.5,11.4,106,100,0.0,26.5,0.15
Kelantan,6.1254,102.2381,2026-02-08T03:00,25.4,82,28.6,0.0,2,1009.6,11.7,105,57,0.0,26.2,0.15
Kelantan,6.1254,102.2381,2026-02-08T04:00,25.1,83,28.5,0.0,0,1009.4,10.7,110,18,0.0,26.0,0.15
Kelantan,6.1254,102.2381,2026-02-08T05:00,25.0,83,28.3,0.0,1,1009.5,11.3,121,41,0.0,25.9,0.15
Kelantan,6.1254,102.2381,2026-02-08T06:00,24.9,84,28.2,0.0,1,1010.2,11.8,128,34,0.0,25.8,0.15
Kelantan,6.1254,102.2381,2026-02-08T07:00,24.8,85,28.1,0.0,3,1011.0,11.7,128,91,0.0,25.6,0.15
Kelantan,6.1254,102.2381,2026-02-08T08:00,25.1,84,28.4,0.0,3,1011.3,12.2,135,99,13.0,25.2,0.152
Kelantan,6.1254,102.2381,2026-02-08T09:00,26.6,78,29.9,0.0,3,1012.1,14.0,134,100,153.0,25.9,0.152
Kelantan,6.1254,102.2381,2026-02-08T10:00,28.1,71,31.0,0.0,3,1012.6,16.1,127,85,379.0,27.2,0.153
Kelantan,6.1254,102.2381,2026-02-08T11:00,29.4,64,32.0,0.0,1,1012.8,17.8,114,41,627.0,29.0,0.153
Kelantan,6.1254,102.2381,2026-02-08T12:00,29.9,62,32.8,0.1,51,1012.4,19.7,104,99,754.0,30.5,0.153
Kelantan,6.1254,102.2381,2026-02-08T13:00,30.0,60,33.0,0.0,3,1011.8,21.1,97,99,842.0,31.8,0.153
Kelantan,6.1254,102.2381,2026-02-08T14:00,29.3,61,32.3,0.0,2,1011.1,22.5,90,59,952.0,33.0,0.155
Kelantan,6.1254,102.2381,2026-02-08T15:00,29.5,61,32.3,0.1,51,1010.1,23.4,86,40,892.0,33.5,0.155
Kelantan,6.1254,102.2381,2026-02-08T16:00,29.1,63,31.4,0.0,3,1009.3,22.7,88,88,781.0,33.6,0.155
Kelantan,6.1254,102.2381,2026-02-08T17:00,28.5,64,29.8,0.0,3,1008.9,22.9,92,99,595.0,33.2,0.155
Kelantan,6.1254,102.2381,2026-02-08T18:00,27.6,67,28.8,0.0,3,1009.5,22.5,92,100,372.0,32.3,0.154
Kelantan,6.1254,102.2381,2026-02-08T19:00,26.7,71,28.0,0.0,3,1010.2,20.6,94,100,139.0,31.1,0.154
Kelantan,6.1254,102.2381,2026-02-08T20:00,26.5,78,29.4,0.0,0,1010.8,15.0,93,19,5.0,29.6,0.158
Kelantan,6.1254,102.2381,2026-02-08T21:00,26.2,80,29.0,0.0,1,1011.2,16.6,89,38,0.0,28.8,0.158
Kelantan,6.1254,102.2381,2026-02-08T22:00,26.0,80,28.7,0.0,3,1011.9,17.5,89,94,0.0,28.1,0.158
Kelantan,6.1254,102.2381,2026-02-08T23:00,25.9,80,28.3,0.0,3,1012.0,18.0,90,100,0.0,27.6,0.158
Kelantan,6.1254,102.2381,2026-02-09T00:00,25.6,80,28.1,0.0,3,1012.2,17.1,93,100,0.0,27.1,0.158
Kelantan,6.1254,102.2381,2026-02-09T01:00,25.5,80,28.2,0.0,3,1012.3,14.5,101,100,0.0,26.8,0.158
Kelantan,6.1254,102.2381,2026-02-09T02:00,25.4,77,27.8,0.0,3,1011.6,13.9,100,100,0.0,26.5,0.155
Kelantan,6.1254,102.2381,2026-02-09T03:00,25.1,77,27.4,0.0,3,1010.9,13.5,98,92,0.0,26.2,0.155
Kelantan,6.1254,102.2381,2026-02-09T04:00,25.1,75,27.2,0.0,1,1010.5,13.6,105,45,0.0,26.0,0.155
Kelantan,6.1254,102.2381,2026-02-09T05:00,25.1,73,27.0,0.0,0,1010.2,13.9,103,15,0.0,25.8,0.155
Kelantan,6.1254,102.2381,2026-02-09T06:00,24.9,76,26.8,0.0,0,1010.4,15.1,105,8,0.0,25.6,0.155
Kelantan,6.1254,102.2381,2026-02-09T07:00,25.1,74,26.8,0.0,0,1011.0,15.4,104,9,0.0,25.5,0.155
Kelantan,6.1254,102.2381,2026-02-09T08:00,25.0,77,27.2,0.0,0,1011.1,14.4,119,8,14.0,24.6,0.161
Kelantan,6.1254,102.2381,2026-02-09T09:00,26.9,69,28.2,0.0,0,1011.9,19.7,111,15,176.0,25.5,0.161
Kelantan,6.1254,102.2381,2026-02-09T10:00,28.0,62,29.1,0.0,0,1012.4,19.8,111,1,401.0,26.8,0.161
Kelantan,6.1254,102.2381,2026-02-09T11:00,29.1,58,30.9,0.0,3,1012.2,18.6,113,80,659.0,28.4,0.16
Kelantan,6.1254,102.2381,2026-02-09T12:00,29.5,56,31.5,0.0,2,1012.1,20.9,98,66,806.0,30.0,0.159
Kelantan,6.1254,102.2381,2026-02-09T13:00,29.5,58,32.4,0.0,3,1011.3,19.6,97,97,878.0,31.3,0.158
Kelantan,6.1254,102.2381,2026-02-09T14:00,29.3,57,31.8,0.0,3,1010.8,20.8,95,91,906.0,32.4,0.157
Kelantan,6.1254,102.2381,2026-02-09T15:00,29.4,56,31.7,0.0,3,1010.2,19.5,99,100,840.0,32.9,0.156
Kelantan,6.1254,102.2381,2026-02-09T16:00,29.5,53,30.8,0.0,3,1009.5,19.5,95,86,727.0,33.2,0.156
Kelantan,6.1254,102.2381,2026-02-09T17:00,28.5,62,30.1,0.0,0,1009.6,18.7,89,13,607.0,33.0,0.155
Kelantan,6.1254,102.2381,2026-02-09T18:00,27.8,65,29.5,0.0,1,1009.6,16.9,88,22,383.0,32.2,0.155
Kelantan,6.1254,102.2381,2026-02-09T19:00,26.7,71,28.9,0.0,0,1010.2,15.3,88,6,138.0,31.0,0.155
Kelantan,6.1254,102.2381,2026-02-09T20:00,25.9,78,28.8,0.0,0,1011.1,13.0,100,9,5.0,30.1,0.149
Kelantan,6.1254,102.2381,2026-02-09T21:00,25.9,78,28.4,0.0,2,1012.0,14.9,98,70,0.0,29.0,0.149
Kelantan,6.1254,102.2381,2026-02-09T22:00,25.6,80,28.4,0.0,3,1012.3,14.1,96,86,0.0,28.2,0.149
Kelantan,6.1254,102.2381,2026-02-09T23:00,25.5,80,28.4,0.0,3,1012.5,13.6,96,100,0.0,27.6,0.149
Kelantan,6.1254,102.2381,2026-02-10T00:00,25.5,80,28.7,0.0,0,1012.3,10.8,100,15,0.0,27.1,0.15
Kelantan,6.1254,102.2381,2026-02-10T01:00,25.0,82,28.7,0.0,0,1012.1,7.9,125,7,0.0,26.7,0.15
Kelantan,6.1254,102.2381,2026-02-10T02:00,24.5,83,28.2,0.0,0,1011.6,6.0,151,4,0.0,26.5,0.145
Kelantan,6.1254,102.2381,2026-02-10T03:00,24.0,86,27.9,0.0,0,1011.2,5.8,160,7,0.0,26.0,0.145
Kelantan,6.1254,102.2381,2026-02-10T04:00,23.5,89,27.6,0.0,1,1010.9,4.7,157,34,0.0,25.5,0.145
Kelantan,6.1254,102.2381,2026-02-10T05:00,23.5,89,27.7,0.0,1,1010.7,4.2,140,24,0.0,25.2,0.146
Kelantan,6.1254,102.2381,2026-02-10T06:00,23.6,88,27.4,0.0,0,1010.9,6.9,157,17,0.0,25.0,0.146
Kelantan,6.1254,102.2381,2026-02-10T07:00,23.4,89,26.8,0.0,0,1011.3,7.9,181,10,0.0,24.7,0.146
Kelantan,6.1254,102.2381,2026-02-10T08:00,23.0,89,26.0,0.0,0,1011.8,9.8,194,10,14.0,24.4,0.147
Kelantan,6.1254,102.2381,2026-02-10T09:00,25.1,78,28.2,0.0,0,1012.4,9.2,192,0,179.0,25.1,0.147
Kelantan,6.1254,102.2381,2026-02-10T10:00,27.6,67,30.6,0.0,0,1012.8,9.3,158,6,421.0,26.9,0.147
Kelantan,6.1254,102.2381,2026-02-10T11:00,29.0,61,31.4,0.1,51,1012.9,16.0,93,20,619.0,28.8,0.148
Kelantan,6.1254,102.2381,2026-02-10T12:00,29.7,60,33.1,0.0,3,1012.5,15.5,91,89,784.0,30.5,0.148
Kelantan,6.1254,102.2381,2026-02-10T13:00,30.5,56,34.3,0.0,3,1011.7,16.0,89,80,918.0,32.3,0.148
Kelantan,6.1254,102.2381,2026-02-10T14:00,30.0,56,33.2,0.0,3,1011.2,18.5,88,98,949.0,33.7,0.155
Kelantan,6.1254,102.2381,2026-02-10T15:00,30.0,58,33.2,0.0,3,1010.7,19.2,84,95,888.0,34.2,0.155
Kelantan,6.1254,102.2381,2026-02-10T16:00,29.5,61,32.5,0.0,3,1010.1,18.5,77,97,780.0,34.3,0.154
Kelantan,6.1254,102.2381,2026-02-10T17:00,28.6,66,30.8,0.0,3,1010.0,19.2,73,100,593.0,33.9,0.154
Kelantan,6.1254,102.2381,2026-02-10T18:00,27.8,70,29.9,0.2,51,1010.3,18.3,76,99,346.0,32.8,0.156
Kelantan,6.1254,102.2381,2026-02-10T19:00,27.1,73,29.8,0.0,3,1010.9,14.9,75,99,125.0,31.5,0.156
Kelantan,6.1254,102.2381,2026-02-10T20:00,26.6,76,29.8,0.0,3,1011.2,12.7,77,100,5.0,30.7,0.15
Kelantan,6.1254,102.2381,2026-02-10T21:00,26.5,78,30.0,0.0,3,1011.9,12.0,78,92,0.0,29.7,0.15
Kelantan,6.1254,102.2381,2026-02-10T22:00,26.4,79,30.0,0.0,3,1012.9,11.3,80,100,0.0,28.9,0.15
Kelantan,6.1254,102.2381,2026-02-10T23:00,26.3,80,30.0,0.0,3,1013.1,10.7,85,96,0.0,28.4,0.15
Kelantan,6.1254,102.2381,2026-02-11T00:00,26.2,79,29.5,0.0,3,1013.3,11.8,83,95,0.0,27.9,0.15
Kelantan,6.1254,102.2381,2026-02-11T01:00,26.1,78,29.2,0.1,51,1013.7,12.3,84,100,0.0,27.5,0.151
Kelantan,6.1254,102.2381,2026-02-11T02:00,24.9,86,28.0,0.0,3,1013.1,13.9,89,100,0.0,27.1,0.151
Kelantan,6.1254,102.2381,2026-02-11T03:00,24.8,87,28.2,0.5,53,1012.7,12.1,83,69,0.0,26.5,0.156
Kelantan,6.1254,102.2381,2026-02-11T04:00,24.3,91,28.2,0.4,51,1012.4,10.3,87,100,0.0,26.0,0.16
Kelantan,6.1254,102.2381,2026-02-11T05:00,23.8,96,28.8,2.5,63,1011.6,3.5,28,100,0.0,25.5,0.194
Kelantan,6.1254,102.2381,2026-02-11T06:00,23.8,95,27.9,1.1,55,1012.1,9.7,31,100,0.0,25.2,0.209
Kelantan,6.1254,102.2381,2026-02-11T07:00,23.8,95,27.5,1.5,61,1012.3,12.3,55,100,0.0,25.0,0.229
Kelantan,6.1254,102.2381,2026-02-11T08:00,24.1,97,29.7,3.7,63,1012.9,2.8,125,100,5.0,25.4,0.238
Kelantan,6.1254,102.2381,2026-02-11T09:00,24.8,91,29.2,0.3,51,1013.8,8.6,92,100,102.0,25.5,0.241
Kelantan,6.1254,102.2381,2026-02-11T10:00,23.6,97,27.8,1.8,61,1014.7,9.8,66,100,204.0,25.5,0.263
Kelantan,6.1254,102.2381,2026-02-11T11:00,23.8,95,28.5,5.8,63,1014.9,5.1,27,94,137.0,25.4,0.342
Kelantan,6.1254,102.2381,2026-02-11T12:00,25.6,85,29.8,0.3,51,1014.5,9.1,68,100,512.0,26.2,0.344
Kelantan,6.1254,102.2381,2026-02-11T13:00,26.1,82,30.0,0.2,51,1013.2,10.6,75,95,386.0,26.9,0.345
Kelantan,6.1254,102.2381,2026-02-11T14:00,26.5,84,31.2,0.2,51,1012.4,14.7,76,55,743.0,28.2,0.344
Kelantan,6.1254,102.2381,2026-02-11T15:00,28.0,76,32.0,0.1,51,1011.1,17.9,81,95,739.0,29.0,0.341
Kelantan,6.1254,102.2381,2026-02-11T16:00,27.8,77,31.8,0.1,51,1010.2,18.1,83,99,729.0,29.5,0.338
Kelantan,6.1254,102.2381,2026-02-11T17:00,27.1,80,30.2,0.3,51,1009.9,18.1,81,100,528.0,29.4,0.338
Kelantan,6.1254,102.2381,2026-02-11T18:00,27.0,78,29.6,0.2,51,1010.1,18.5,79,81,344.0,29.0,0.338
Kelantan,6.1254,102.2381,2026-02-11T19:00,26.3,81,29.4,0.0,3,1010.7,15.0,76,98,131.0,28.2,0.337
Kelantan,6.1254,102.2381,2026-02-11T20:00,26.0,82,29.0,0.1,51,1010.8,15.9,87,100,6.0,27.4,0.408
Kelantan,6.1254,102.2381,2026-02-11T21:00,25.6,85,28.8,0.0,3,1011.9,15.2,83,100,0.0,26.9,0.407
Kelantan,6.1254,102.2381,2026-02-11T22:00,25.5,85,28.5,0.0,3,1012.5,15.1,82,98,0.0,26.5,0.407
Kelantan,6.1254,102.2381,2026-02-11T23:00,25.5,84,28.8,0.0,2,1012.9,13.4,82,78,0.0,26.1,0.406
Kelantan,6.1254,102.2381,2026-02-12T00:00,25.4,83,28.4,0.0,2,1013.0,13.7,87,63,0.0,25.9,0.405
Kelantan,6.1254,102.2381,2026-02-12T01:00,25.1,82,28.3,0.0,2,1012.9,12.3,101,56,0.0,25.6,0.404
Kelantan,6.1254,102.2381,2026-02-12T02:00,24.8,87,28.1,0.0,3,1012.7,12.1,87,95,0.0,25.6,0.403
Kelantan,6.1254,102.2381,2026-02-12T03:00,24.8,85,28.1,0.0,3,1011.9,10.8,85,97,0.0,25.4,0.402
Kelantan,6.1254,102.2381,2026-02-12T04:00,24.6,85,28.0,0.0,2,1011.4,10.5,94,69,0.0,25.1,0.401
Kelantan,6.1254,102.2381,2026-02-12T05:00,24.4,87,28.1,0.0,3,1011.0,8.8,109,99,0.0,25.0,0.401
Kelantan,6.1254,102.2381,2026-02-12T06:00,24.0,89,27.8,0.0,3,1011.1,8.7,135,100,0.0,24.8,0.4
Kelantan,6.1254,102.2381,2026-02-12T07:00,23.5,92,27.3,0.0,3,1011.6,7.8,158,100,0.0,24.5,0.4
Kelantan,6.1254,102.2381,2026-02-12T08:00,23.1,92,26.8,0.0,3,1012.2,7.6,188,99,13.0,24.5,0.401
Kelantan,6.1254,102.2381,2026-02-12T09:00,24.6,88,28.8,0.0,2,1012.9,6.7,188,73,169.0,24.9,0.4
Kelantan,6.1254,102.2381,2026-02-12T10:00,26.2,79,30.2,0.0,2,1013.8,7.8,138,78,404.0,26.0,0.398
Kelantan,6.1254,102.2381,2026-02-12T11:00,27.4,76,31.3,0.2,51,1013.9,10.9,99,73,597.0,27.0,0.396
Kelantan,6.1254,102.2381,2026-02-12T12:00,27.9,73,32.3,0.2,51,1013.4,12.6,88,99,730.0,28.0,0.393
Kelantan,6.1254,102.2381,2026-02-12T13:00,28.2,73,33.2,0.2,51,1012.3,13.9,85,77,849.0,29.0,0.389
Kelantan,6.1254,102.2381,2026-02-12T14:00,28.3,72,33.1,0.0,1,1011.9,14.8,87,45,845.0,29.6,0.385
Kelantan,6.1254,102.2381,2026-02-12T15:00,28.6,71,33.4,0.0,3,1010.5,15.2,85,89,839.0,30.1,0.38
Kelantan,6.1254,102.2381,2026-02-12T16:00,28.4,72,32.5,0.0,3,1009.5,15.9,87,100,760.0,30.3,0.375
Kelantan,6.1254,102.2381,2026-02-12T17:00,27.7,74,30.7,0.0,3,1009.4,16.7,83,100,571.0,30.0,0.371
Kelantan,6.1254,102.2381,2026-02-12T18:00,27.0,77,30.0,0.0,3,1009.5,16.4,81,98,342.0,29.4,0.368
Kelantan,6.1254,102.2381,2026-02-12T19:00,26.2,82,29.6,0.0,2,1010.0,14.1,87,67,130.0,28.5,0.367
Kelantan,6.1254,102.2381,2026-02-12T20:00,26.0,83,29.7,0.0,3,1010.4,11.7,92,99,6.0,27.6,0.367
Kelantan,6.1254,102.2381,2026-02-12T21:00,25.8,84,29.6,0.0,1,1010.9,11.0,93,46,0.0,27.0,0.367
Kelantan,6.1254,102.2381,2026-02-12T22:00,25.9,83,29.5,0.0,3,1011.8,11.5,92,99,0.0,26.5,0.366
Kelantan,6.1254,102.2381,2026-02-12T23:00,25.8,83,29.3,0.0,3,1012.2,12.4,92,100,0.0,26.2,0.366
Kelantan,6.1254,102.2381,2026-02-13T00:00,25.9,84,29.4,0.0,3,1012.0,12.6,93,100,0.0,26.0,0.365
Kelantan,6.1254,102.2381,2026-02-13T01:00,25.7,86,29.4,0.0,3,1011.7,12.4,104,100,0.0,26.0,0.365
Kelantan,6.1254,102.2381,2026-02-13T02:00,25.7,85,29.4,0.0,3,1011.1,12.8,94,100,0.0,26.1,0.364
Kelantan,6.1254,102.2381,2026-02-13T03:00,25.6,84,29.3,0.0,3,1010.2,11.2,109,100,0.0,25.9,0.364
Kelantan,6.1254,102.2381,2026-02-13T04:00,25.4,85,29.2,0.0,3,1009.7,10.2,107,100,0.0,25.7,0.363
Kelantan,6.1254,102.2381,2026-02-13T05:00,25.1,88,29.0,0.0,3,1009.3,10.8,105,88,0.0,25.5,0.363
Kelantan,6.1254,102.2381,2026-02-13T06:00,25.1,88,28.9,0.0,3,1009.3,11.9,104,100,0.0,25.4,0.363
Kelantan,6.1254,102.2381,2026-02-13T07:00,25.2,88,29.0,0.0,3,1009.3,11.3,108,100,0.0,25.3,0.362
Kelantan,6.1254,102.2381,2026-02-13T08:00,25.0,89,28.8,0.0,3,1009.9,12.1,157,86,8.0,25.5,0.364
Kelantan,6.1254,102.2381,2026-02-13T09:00,26.1,83,29.8,0.0,3,1010.6,12.4,156,100,145.0,25.7,0.363
Kelantan,6.1254,102.2381,2026-02-13T10:00,27.0,78,30.9,0.0,2,1011.1,10.6,150,73,273.0,26.3,0.361
Kelantan,6.1254,102.2381,2026-02-13T11:00,28.5,72,32.5,0.0,2,1011.5,11.0,132,72,592.0,27.5,0.357
Kelantan,6.1254,102.2381,2026-02-13T12:00,29.4,67,34.2,0.0,1,1011.1,11.4,116,44,770.0,28.7,0.353
Kelantan,6.1254,102.2381,2026-02-13T13:00,29.6,67,34.6,0.0,3,1010.0,12.5,108,98,799.0,29.5,0.348
Kelantan,6.1254,102.2381,2026-02-13T14:00,30.2,63,34.7,0.0,3,1009.4,14.6,93,99,806.0,30.2,0.343
Kelantan,6.1254,102.2381,2026-02-13T15:00,29.5,68,33.9,0.0,3,1008.7,16.1,84,99,788.0,30.6,0.338
Kelantan,6.1254,102.2381,2026-02-13T16:00,29.2,70,33.6,0.0,3,1007.7,17.9,78,90,815.0,30.9,0.333
Kelantan,6.1254,102.2381,2026-02-13T17:00,28.6,73,32.1,0.0,3,1007.7,17.8,77,98,618.0,30.7,0.329
Kelantan,6.1254,102.2381,2026-02-13T18:00,27.7,78,31.1,0.0,3,1008.0,16.6,81,99,373.0,30.1,0.327
Kelantan,6.1254,102.2381,2026-02-13T19:00,26.8,83,30.4,0.0,3,1008.6,15.8,82,100,131.0,29.1,0.325
Kelantan,6.1254,102.2381,2026-02-13T20:00,26.6,82,29.9,0.0,3,1009.3,16.1,79,100,6.0,28.4,0.327
Kelantan,6.1254,102.2381,2026-02-13T21:00,26.2,82,29.3,0.0,3,1010.1,16.1,79,100,0.0,27.6,0.327
Kelantan,6.1254,102.2381,2026-02-13T22:00,26.0,85,29.5,0.0,3,1010.9,14.5,78,100,0.0,27.0,0.326
Kelantan,6.1254,102.2381,2026-02-13T23:00,25.9,87,29.7,0.0,3,1011.4,13.9,80,98,0.0,26.7,0.326
Kelantan,6.1254,102.2381,2026-02-14T00:00,25.7,87,29.6,0.0,3,1011.5,12.5,84,100,0.0,26.4,0.326
Kelantan,6.1254,102.2381,2026-02-14T01:00,25.5,88,29.7,0.0,3,1011.2,10.3,88,100,0.0,26.1,0.326
Kelantan,6.1254,102.2381,2026-02-14T02:00,25.4,88,29.8,0.0,3,1010.4,8.1,90,100,0.0,26.6,0.324
Kelantan,6.1254,102.2381,2026-02-14T03:00,25.2,89,29.7,0.0,3,1009.6,8.2,100,100,0.0,26.2,0.324
Kelantan,6.1254,102.2381,2026-02-14T04:00,25.1,88,29.4,0.0,3,1009.0,8.2,109,100,0.0,25.9,0.324
Kelantan,6.1254,102.2381,2026-02-14T05:00,24.6,91,29.3,0.0,3,1008.5,5.8,141,100,0.0,25.6,0.324
Kelantan,6.1254,102.2381,2026-02-14T06:00,24.4,91,29.0,0.0,3,1008.8,5.9,149,100,0.0,25.4,0.324
Kelantan,6.1254,102.2381,2026-02-14T07:00,24.1,93,28.9,0.0,3,1009.1,4.6,154,100,0.0,25.1,0.324
Kelantan,6.1254,102.2381,2026-02-14T08:00,25.2,88,29.5,0.0,3,1009.4,8.7,98,100,11.0,25.6,0.322
Kelantan,6.1254,102.2381,2026-02-14T09:00,26.9,78,30.7,0.0,3,1010.5,10.9,99,100,135.0,26.0,0.321
Kelantan,6.1254,102.2381,2026-02-14T10:00,27.7,74,31.0,0.0,3,1011.0,14.1,87,100,346.0,26.8,0.319
Kelantan,6.1254,102.2381,2026-02-14T11:00,27.9,74,31.2,0.1,51,1011.1,14.9,82,100,555.0,27.6,0.317
Kelantan,6.1254,102.2381,2026-02-14T12:00,28.1,75,32.1,0.2,51,1011.1,15.6,79,100,683.0,28.5,0.316
Kelantan,6.1254,102.2381,2026-02-14T13:00,28.3,76,32.3,0.5,53,1010.3,15.9,76,98,628.0,29.0,0.318
Kelantan,6.1254,102.2381,2026-02-14T14:00,28.4,75,33.7,0.0,3,1009.7,15.2,77,98,866.0,29.8,0.31
Kelantan,6.1254,102.2381,2026-02-14T15:00,28.5,74,33.1,0.0,3,1008.4,18.5,71,100,853.0,30.4,0.306
Kelantan,6.1254,102.2381,2026-02-14T16:00,28.2,74,32.0,0.1,51,1007.4,19.2,71,100,754.0,30.5,0.302
Kelantan,6.1254,102.2381,2026-02-14T17:00,27.9,75,30.6,0.1,51,1007.1,19.7,72,100,589.0,30.4,0.3
Kelantan,6.1254,102.2381,2026-02-14T18:00,27.2,77,29.8,0.0,3,1007.4,19.3,72,100,348.0,29.8,0.298
Kelantan,6.1254,102.2381,2026-02-14T19:00,26.5,82,29.7,0.0,3,1008.0,15.6,76,100,116.0,28.9,0.297
Kelantan,6.1254,102.2381,2026-02-14T20:00,26.6,82,30.6,0.0,2,1008.5,10.9,77,60,5.0,27.9,0.312
Kelantan,6.1254,102.2381,2026-02-14T21:00,26.2,84,30.4,0.0,3,1009.1,9.8,82,85,0.0,27.3,0.312
Kelantan,6.1254,102.2381,2026-02-14T22:00,26.0,85,30.0,0.0,3,1010.1,11.5,82,100,0.0,26.9,0.312
Kelantan,6.1254,102.2381,2026-02-14T23:00,26.0,86,29.9,0.0,2,1010.6,12.2,82,76,0.0,26.5,0.312
Kelantan,6.1254,102.2381,2026-02-15T00:00,25.8,87,30.1,0.0,3,1010.6,10.1,87,95,0.0,26.3,0.312
Kelantan,6.1254,102.2381,2026-02-15T01:00,25.6,88,30.3,0.0,3,1010.6,7.2,108,97,0.0,26.0,0.311
Kelantan,6.1254,102.2381,2026-02-15T02:00,25.5,88,30.5,0.1,51,1010.0,5.4,86,100,0.0,26.1,0.311
Kelantan,6.1254,102.2381,2026-02-15T03:00,24.6,91,28.1,0.2,51,1009.3,13.8,50,100,0.0,25.8,0.313
Kelantan,6.1254,102.2381,2026-02-15T04:00,23.1,94,27.6,1.3,61,1008.6,3.0,57,93,0.0,25.0,0.328
Kelantan,6.1254,102.2381,2026-02-15T05:00,22.8,97,26.8,0.3,51,1008.5,7.5,172,100,0.0,24.6,0.332
Kelantan,6.1254,102.2381,2026-02-15T06:00,22.9,97,27.2,0.2,51,1009.0,6.0,177,100,0.0,24.3,0.334
Kelantan,6.1254,102.2381,2026-02-15T07:00,23.1,96,27.5,0.1,51,1009.3,5.1,174,100,0.0,24.1,0.336
Kelantan,6.1254,102.2381,2026-02-15T08:00,24.1,96,28.8,0.2,51,1009.3,7.2,122,100,10.0,25.4,0.398
Kelantan,6.1254,102.2381,2026-02-15T09:00,25.7,88,30.3,0.0,3,1010.2,8.4,127,100,142.0,25.5,0.398
Kelantan,6.1254,102.2381,2026-02-15T10:00,26.9,81,30.6,0.2,51,1010.6,13.5,106,100,355.0,26.2,0.398
Kelantan,6.1254,102.2381,2026-02-15T11:00,27.7,76,31.3,0.1,51,1011.0,13.4,98,100,455.0,27.0,0.395
Kelantan,6.1254,102.2381,2026-02-15T12:00,28.1,74,31.9,0.0,3,1010.6,12.8,94,100,528.0,27.8,0.392
Kelantan,6.1254,102.2381,2026-02-15T13:00,28.8,74,33.8,0.0,3,1009.6,13.5,86,100,729.0,28.8,0.387
Kelantan,6.1254,102.2381,2026-02-15T14:00,28.4,76,33.6,0.0,3,1009.0,15.9,87,100,851.0,29.6,0.382
Kelantan,6.1254,102.2381,2026-02-15T15:00,27.6,77,31.4,0.1,51,1008.0,17.5,73,100,689.0,29.8,0.378
Kelantan,6.1254,102.2381,2026-02-15T16:00,25.9,84,29.5,3.7,63,1007.8,12.6,85,100,444.0,28.8,0.421
Kelantan,6.1254,102.2381,2026-02-15T17:00,26.8,80,30.1,0.2,51,1007.0,15.0,73,100,363.0,28.5,0.42
Kelantan,6.1254,102.2381,2026-02-15T18:00,26.8,77,29.8,0.1,51,1007.0,14.7,72,100,278.0,28.1,0.418
Kelantan,6.1254,102.2381,2026-02-15T19:00,26.1,81,29.5,0.0,3,1007.6,13.1,77,91,114.0,27.6,0.417
Kelantan,6.1254,102.2381,2026-02-15T20:00,26.2,83,30.3,0.0,3,1007.9,9.3,82,100,4.0,27.6,0.374
Kelantan,6.1254,102.2381,2026-02-15T21:00,26.2,83,30.3,0.0,2,1008.6,9.5,92,58,0.0,27.1,0.373
Kelantan,6.1254,102.2381,2026-02-15T22:00,25.9,85,30.4,0.0,3,1009.4,7.2,103,100,0.0,26.6,0.373
Kelantan,6.1254,102.2381,2026-02-15T23:00,25.8,86,30.2,0.0,3,1009.8,8.8,99,98,0.0,26.4,0.372
Kelantan,6.1254,102.2381,2026-02-16T00:00,25.8,86,30.4,0.0,3,1010.1,7.8,95,98,0.0,26.1,0.372
Kelantan,6.1254,102.2381,2026-02-16T01:00,25.2,90,30.4,0.0,3,1009.9,4.3,107,100,0.0,26.0,0.372
Kelantan,6.1254,102.2381,2026-02-16T02:00,24.0,93,28.8,0.8,53,1009.5,4.1,180,100,0.0,26.1,0.384
Kelantan,6.1254,102.2381,2026-02-16T03:00,23.7,96,28.2,0.4,51,1008.6,7.1,225,100,0.0,25.5,0.389
Kelantan,6.1254,102.2381,2026-02-16T04:00,23.4,98,27.9,0.4,51,1008.2,6.7,211,100,0.0,25.0,0.394
Kelantan,6.1254,102.2381,2026-02-16T05:00,23.5,98,28.7,0.2,51,1007.8,2.8,235,100,0.0,24.7,0.397
Kelantan,6.1254,102.2381,2026-02-16T06:00,23.4,98,28.5,0.5,53,1008.4,2.3,180,100,0.0,24.5,0.403
Kelantan,6.1254,102.2381,2026-02-16T07:00,23.5,97,28.6,0.3,51,1008.6,2.8,140,100,0.0,24.5,0.407
Kelantan,6.1254,102.2381,2026-02-16T08:00,24.2,97,29.1,0.1,51,1008.9,7.1,142,94,10.0,25.4,0.434
Kelantan,6.1254,102.2381,2026-02-16T09:00,25.4,90,30.2,0.3,51,1009.8,7.8,109,85,132.0,25.5,0.436
Kelantan,6.1254,102.2381,2026-02-16T10:00,26.5,85,31.0,0.1,51,1010.5,9.7,109,66,334.0,26.0,0.435
Kelantan,6.1254,102.2381,2026-02-16T11:00,27.4,79,31.2,0.1,51,1010.5,13.0,91,88,498.0,27.0,0.432
Kelantan,6.1254,102.2381,2026-02-16T12:00,27.8,77,32.2,0.1,51,1010.1,14.2,83,98,677.0,27.9,0.427
Kelantan,6.1254,102.2381,2026-02-16T13:00,27.8,77,31.7,0.1,51,1009.1,17.3,73,98,682.0,28.5,0.423
Kelantan,6.1254,102.2381,2026-02-16T14:00,27.6,77,31.2,0.1,51,1007.7,17.8,74,92,629.0,28.9,0.419
Kelantan,6.1254,102.2381,2026-02-16T15:00,27.8,76,31.2,0.1,51,1006.8,19.8,71,100,705.0,29.2,0.415
Kelantan,6.1254,102.2381,2026-02-16T16:00,26.4,86,29.6,1.6,61,1006.6,18.7,79,100,521.0,28.8,0.43
Kelantan,6.1254,102.2381,2026-02-16T17:00,26.5,81,29.4,0.2,51,1006.5,18.5,79,100,397.0,28.5,0.429
Kelantan,6.1254,102.2381,2026-02-16T18:00,25.9,85,28.9,0.4,51,1006.6,17.6,77,100,168.0,27.7,0.431
Kelantan,6.1254,102.2381,2026-02-16T19:00,25.5,87,28.9,0.5,53,1007.3,15.7,87,100,90.0,27.1,0.434
Kelantan,6.1254,102.2381,2026-02-16T20:00,25.2,90,29.1,0.1,51,1007.3,12.7,101,100,5.0,26.5,0.434
Kelantan,6.1254,102.2381,2026-02-16T21:00,24.9,92,29.2,0.1,51,1007.9,10.1,112,78,0.0,26.0,0.433
Kelantan,6.1254,102.2381,2026-02-16T22:00,24.6,93,29.2,0.0,3,1009.0,8.6,120,100,0.0,25.7,0.432
Kelantan,6.1254,102.2381,2026-02-16T23:00,24.5,93,28.7,0.1,51,1009.6,10.1,112,100,0.0,25.4,0.432
Sabah,5.9788,116.0753,2026-01-17T00:00,23.7,96,28.3,0.3,51,1009.0,6.2,144,100,0.0,24.6,0.455
Sabah,5.9788,116.0753,2026-01-17T01:00,23.4,96,27.8,0.2,51,1008.2,6.5,156,100,0.0,24.3,0.456
Sabah,5.9788,116.0753,2026-01-17T02:00,23.9,93,28.2,0.3,51,1008.0,6.3,175,99,0.0,24.4,0.459
Sabah,5.9788,116.0753,2026-01-17T03:00,23.5,93,27.5,0.1,51,1007.0,7.3,142,98,0.0,24.2,0.459
Sabah,5.9788,116.0753,2026-01-17T04:00,23.1,94,26.8,0.2,51,1007.0,7.9,125,95,0.0,23.9,0.46
Sabah,5.9788,116.0753,2026-01-17T05:00,22.8,94,26.4,0.0,3,1007.2,7.2,117,100,0.0,23.6,0.459
Sabah,5.9788,116.0753,2026-01-17T06:00,22.8,94,26.4,0.1,51,1007.5,7.3,120,100,0.0,23.4,0.458
Sabah,5.9788,116.0753,2026-01-17T07:00,23.1,92,26.7,0.3,51,1008.6,7.7,123,100,8.0,23.4,0.461
Sabah,5.9788,116.0753,2026-01-17T08:00,23.7,95,28.1,0.2,51,1009.2,6.6,145,100,106.0,23.9,0.468
Sabah,5.9788,116.0753,2026-01-17T09:00,24.6,91,29.0,0.4,51,1009.3,7.9,169,100,122.0,24.2,0.47
Sabah,5.9788,116.0753,2026-01-17T10:00,25.4,86,29.9,0.2,51,1009.4,6.8,180,100,298.0,24.9,0.469
Sabah,5.9788,116.0753,2026-01-17T11:00,25.2,88,30.1,0.3,51,1009.3,4.7,203,100,224.0,25.3,0.47
Sabah,5.9788,116.0753,2026-01-17T12:00,26.0,84,31.2,0.1,51,1009.0,2.8,225,100,289.0,25.9,0.468
Sabah,5.9788,116.0753,2026-01-17T13:00,26.1,82,30.9,0.1,51,1008.2,4.2,258,100,264.0,26.4,0.466
Sabah,5.9788,116.0753,2026-01-17T14:00,26.0,83,31.2,0.2,51,1007.2,1.4,360,100,398.0,26.9,0.492
Sabah,5.9788,116.0753,2026-01-17T15:00,25.6,83,29.8,0.3,51,1006.8,6.6,315,100,366.0,27.3,0.488
Sabah,5.9788,116.0753,2026-01-17T16:00,25.5,83,30.1,1.2,55,1006.5,3.6,330,100,355.0,27.0,0.493
Sabah,5.9788,116.0753,2026-01-17T17:00,24.9,85,29.7,0.3,51,1006.7,1.6,27,100,166.0,26.5,0.491
Sabah,5.9788,116.0753,2026-01-17T18:00,24.5,90,29.1,0.0,3,1006.8,4.4,109,100,55.0,26.0,0.486
Sabah,5.9788,116.0753,2026-01-17T19:00,23.9,93,28.4,0.0,3,1007.1,5.2,117,100,3.0,25.4,0.483
Sabah,5.9788,116.0753,2026-01-17T20:00,24.2,90,27.9,0.1,51,1007.7,10.2,100,98,0.0,26.3,0.442
Sabah,5.9788,116.0753,2026-01-17T21:00,24.0,91,28.3,0.0,3,1008.1,6.6,111,96,0.0,25.6,0.441
Sabah,5.9788,116.0753,2026-01-17T22:00,23.9,89,27.8,0.0,3,1007.7,6.8,122,100,0.0,25.1,0.441
Sabah,5.9788,116.0753,2026-01-17T23:00,23.5,89,27.7,0.0,3,1007.4,3.2,87,96,0.0,24.6,0.44
Sabah,5.9788,116.0753,2026-01-18T00:00,23.4,88,27.4,0.0,3,1007.2,4.1,88,100,0.0,24.2,0.44
Sabah,5.9788,116.0753,2026-01-18T01:00,22.7,89,26.0,0.0,3,1006.5,6.7,96,100,0.0,23.9,0.439
Sabah,5.9788,116.0753,2026-01-18T02:00,22.7,87,25.8,0.0,3,1006.0,7.0,94,100,0.0,23.5,0.442
Sabah,5.9788,116.0753,2026-01-18T03:00,22.2,89,25.4,0.0,3,1005.7,6.0,99,94,0.0,23.3,0.442
Sabah,5.9788,116.0753,2026-01-18T04:00,22.3,90,25.7,0.0,2,1005.8,5.0,105,77,0.0,23.1,0.441
Sabah,5.9788,116.0753,2026-01-18T05:00,22.1,91,25.3,0.2,51,1006.1,5.8,106,95,0.0,22.9,0.443
Sabah,5.9788,116.0753,2026-01-18T06:00,22.2,90,25.5,0.0,3,1006.5,5.6,105,94,0.0,22.9,0.442
Sabah,5.9788,116.0753,2026-01-18T07:00,22.5,90,26.2,0.0,3,1007.5,3.4,108,100,7.0,22.8,0.442
Sabah,5.9788,116.0753,2026-01-18T08:00,25.3,82,29.5,0.0,3,1008.0,5.0,105,100,85.0,23.2,0.441
Sabah,5.9788,116.0753,2026-01-18T09:00,25.9,79,30.5,0.1,51,1008.4,2.1,290,99,285.0,24.5,0.44
Sabah,5.9788,116.0753,2026-01-18T10:00,25.9,82,30.8,0.1,51,1008.5,1.8,349,83,265.0,25.4,0.439
Sabah,5.9788,116.0753,2026-01-18T11:00,26.9,80,32.3,0.7,53,1008.0,3.8,289,52,592.0,26.6,0.444
Sabah,5.9788,116.0753,2026-01-18T12:00,26.5,80,30.6,0.2,51,1007.6,8.5,306,70,462.0,27.1,0.443
Sabah,5.9788,116.0753,2026-01-18T13:00,26.8,82,32.2,0.1,51,1007.1,8.9,306,63,715.0,28.1,0.439
Sabah,5.9788,116.0753,2026-01-18T14:00,26.4,78,30.6,0.1,51,1006.2,5.4,312,100,414.0,28.0,0.438
Sabah,5.9788,116.0753,2026-01-18T15:00,26.3,78,30.8,0.8,53,1006.0,3.1,301,100,361.0,27.9,0.444
Sabah,5.9788,116.0753,2026-01-18T16:00,26.1,80,30.9,0.4,51,1006.0,1.3,135,100,139.0,27.4,0.447
Sabah,5.9788,116.0753,2026-01-18T17:00,26.1,80,30.9,0.1,51,1006.1,2.2,132,100,121.0,27.0,0.447
Sabah,5.9788,116.0753,2026-01-18T18:00,25.1,90,29.9,0.1,51,1006.3,6.3,125,100,33.0,26.5,0.447
Sabah,5.9788,116.0753,2026-01-18T19:00,24.5,92,28.8,0.0,3,1007.0,8.6,121,100,2.0,25.9,0.446
Sabah,5.9788,116.0753,2026-01-18T20:00,24.4,84,28.2,0.0,3,1007.1,5.5,101,100,0.0,25.5,0.442
Sabah,5.9788,116.0753,2026-01-18T21:00,23.7,85,26.9,0.0,3,1007.9,8.3,112,100,0.0,25.0,0.441
Sabah,5.9788,116.0753,2026-01-18T22:00,23.7,81,26.2,0.0,2,1008.2,10.2,108,59,0.0,24.6,0.44
Sabah,5.9788,116.0753,2026-01-18T23:00,23.0,84,25.5,0.0,3,1008.0,10.2,111,87,0.0,24.3,0.439
Sabah,5.9788,116.0753,2026-01-19T00:00,23.3,83,25.9,0.0,3,1007.9,9.3,112,96,0.0,24.1,0.439
Sabah,5.9788,116.0753,2026-01-19T01:00,23.4,84,26.2,0.0,2,1007.7,8.3,110,76,0.0,23.9,0.438
Sabah,5.9788,116.0753,2026-01-19T02:00,23.1,83,25.9,0.0,1,1007.5,8.1,122,47,0.0,23.0,0.452
Sabah,5.9788,116.0753,2026-01-19T03:00,23.0,83,25.9,0.0,1,1006.9,6.1,113,30,0.0,23.0,0.451
Sabah,5.9788,116.0753,2026-01-19T04:00,22.9,82,25.8,0.0,1,1007.0,5.5,109,25,0.0,22.9,0.45
Sabah,5.9788,116.0753,2026-01-19T05:00,22.8,83,25.6,0.0,1,1007.1,6.2,105,45,0.0,22.8,0.449
Sabah,5.9788,116.0753,2026-01-19T06:00,22.5,85,25.4,0.0,1,1007.6,6.3,103,27,0.0,22.7,0.448
Sabah,5.9788,116.0753,2026-01-19T07:00,22.5,86,25.5,0.0,2,1008.2,6.5,104,61,10.0,22.7,0.447
Sabah,5.9788,116.0753,2026-01-19T08:00,25.7,78,29.6,0.0,0,1008.8,5.4,94,14,151.0,22.8,0.447
Sabah,5.9788,116.0753,2026-01-19T09:00,27.1,70,31.2,0.0,0,1009.4,2.3,90,3,406.0,24.4,0.444
Sabah,5.9788,116.0753,2026-01-19T10:00,28.0,67,32.9,0.0,0,1009.3,1.2,243,2,632.0,26.2,0.44
Sabah,5.9788,116.0753,2026-01-19T11:00,28.7,64,33.9,0.0,3,1009.0,4.1,241,80,761.0,27.8,0.435
Sabah,5.9788,116.0753,2026-01-19T12:00,28.9,64,34.3,0.0,3,1008.4,6.3,267,99,828.0,28.9,0.429
Sabah,5.9788,116.0753,2026-01-19T13:00,29.0,65,34.2,0.0,3,1007.5,10.7,284,80,913.0,29.8,0.422
Sabah,5.9788,116.0753,2026-01-19T14:00,28.8,66,33.6,0.0,3,1006.6,12.0,283,95,864.0,30.2,0.424
Sabah,5.9788,116.0753,2026-01-19T15:00,28.1,67,31.8,0.0,2,1006.0,10.9,286,52,672.0,30.1,0.419
Sabah,5.9788,116.0753,2026-01-19T16:00,27.7,67,30.8,0.0,1,1006.1,8.7,287,31,408.0,29.6,0.415
Sabah,5.9788,116.0753,2026-01-19T17:00,27.4,68,30.4,0.0,2,1006.3,8.8,272,76,283.0,29.0,0.412
Sabah,5.9788,116.0753,2026-01-19T18:00,26.4,74,30.2,0.0,2,1007.0,5.4,266,66,117.0,28.1,0.411
Sabah,5.9788,116.0753,2026-01-19T19:00,25.4,81,29.9,0.0,3,1007.9,2.7,212,100,4.0,27.1,0.411
Sabah,5.9788,116.0753,2026-01-19T20:00,25.5,83,30.2,0.0,1,1008.0,3.0,218,45,0.0,26.9,0.414
Sabah,5.9788,116.0753,2026-01-19T21:00,25.6,83,30.3,0.0,2,1008.8,3.2,153,72,0.0,26.3,0.415
Sabah,5.9788,116.0753,2026-01-19T22:00,24.9,87,29.0,0.1,51,1009.0,7.4,146,100,0.0,25.8,0.415
Sabah,5.9788,116.0753,2026-01-19T23:00,24.1,88,27.8,0.1,51,1009.2,8.0,134,63,0.0,25.3,0.417
Sabah,5.9788,116.0753,2026-01-20T00:00,23.6,88,27.0,0.1,51,1009.1,8.1,125,71,0.0,24.9,0.417
Sabah,5.9788,116.0753,2026-01-20T01:00,23.2,89,26.7,0.0,3,1008.7,7.2,118,100,0.0,24.5,0.417
Sabah,5.9788,116.0753,2026-01-20T02:00,23.1,89,26.9,0.1,51,1008.0,4.6,116,95,0.0,23.9,0.433
Sabah,5.9788,116.0753,2026-01-20T03:00,22.8,90,26.5,0.4,51,1007.5,5.0,131,98,0.0,23.6,0.437
Sabah,5.9788,116.0753,2026-01-20T04:00,22.6,95,26.5,1.2,55,1007.8,5.4,166,98,0.0,23.5,0.452
Sabah,5.9788,116.0753,2026-01-20T05:00,22.1,97,25.6,1.2,55,1008.3,8.9,167,89,0.0,23.3,0.468
Sabah,5.9788,116.0753,2026-01-20T06:00,22.5,94,25.9,0.2,51,1008.7,8.4,143,66,0.0,23.2,0.469
Sabah,5.9788,116.0753,2026-01-20T07:00,22.8,91,25.8,0.0,1,1009.3,10.5,145,38,9.0,23.1,0.467
Sabah,5.9788,116.0753,2026-01-20T08:00,24.6,88,29.6,0.0,3,1010.5,1.7,131,100,147.0,23.7,0.449
Sabah,5.9788,116.0753,2026-01-20T09:00,25.6,81,30.0,0.1,51,1011.1,4.2,130,80,291.0,24.6,0.449
Sabah,5.9788,116.0753,2026-01-20T10:00,26.7,75,30.9,0.2,51,1011.0,3.6,186,99,530.0,25.9,0.447
Sabah,5.9788,116.0753,2026-01-20T11:00,27.5,72,32.6,0.2,51,1010.7,4.4,240,76,679.0,27.2,0.445
Sabah,5.9788,116.0753,2026-01-20T12:00,28.0,71,33.6,0.2,51,1010.3,7.2,267,69,814.0,28.4,0.442
Sabah,5.9788,116.0753,2026-01-20T13:00,28.2,70,34.0,0.2,51,1009.6,8.7,276,57,877.0,29.4,0.438
Sabah,5.9788,116.0753,2026-01-20T14:00,28.4,69,34.0,0.2,51,1008.6,8.0,284,97,828.0,29.9,0.438
Sabah,5.9788,116.0753,2026-01-20T15:00,28.3,69,33.4,0.2,51,1007.8,8.2,284,100,766.0,30.2,0.435
Sabah,5.9788,116.0753,2026-01-20T16:00,28.0,70,31.8,0.2,51,1007.8,8.8,289,100,580.0,30.0,0.432
Sabah,5.9788,116.0753,2026-01-20T17:00,27.2,72,31.0,0.5,53,1007.9,6.9,300,100,344.0,29.3,0.435
Sabah,5.9788,116.0753,2026-01-20T18:00,25.6,82,30.3,0.6,53,1008.4,2.4,189,100,127.0,28.2,0.44
Sabah,5.9788,116.0753,2026-01-20T19:00,24.1,92,28.5,0.2,51,1008.9,6.5,122,100,4.0,27.0,0.441
Sabah,5.9788,116.0753,2026-01-20T20:00,24.5,91,29.2,0.3,51,1009.4,5.7,127,99,0.0,26.9,0.444
Sabah,5.9788,116.0753,2026-01-20T21:00,23.5,95,27.6,0.2,51,1010.0,7.9,117,100,0.0,25.9,0.446
Sabah,5.9788,116.0753,2026-01-20T22:00,23.0,94,26.6,0.1,51,1010.2,8.7,120,99,0.0,25.2,0.447
Sabah,5.9788,116.0753,2026-01-20T23:00,22.7,95,26.2,0.0,3,1010.0,8.6,126,100,0.0,24.6,0.447
Sabah,5.9788,116.0753,2026-01-21T00:00,22.3,94,25.8,0.0,3,1010.3,7.4,124,100,0.0,24.1,0.447
Sabah,5.9788,116.0753,2026-01-21T01:00,22.2,93,25.8,0.0,2,1010.0,5.7,118,73,0.0,23.7,0.446
Sabah,5.9788,116.0753,2026-01-21T02:00,22.6,90,26.1,0.1,51,1009.5,5.1,122,100,0.0,23.5,0.45
Sabah,5.9788,116.0753,2026-01-21T03:00,22.1,92,25.6,0.0,3,1008.8,5.0,116,100,0.0,23.3,0.449
Sabah,5.9788,116.0753,2026-01-21T04:00,21.9,91,25.1,0.0,3,1008.9,5.7,131,100,0.0,23.1,0.449
Sabah,5.9788,116.0753,2026-01-21T05:00,21.8,90,24.8,0.0,3,1009.0,6.3,121,100,0.0,22.9,0.449
Sabah,5.9788,116.0753,2026-01-21T06:00,21.6,90,24.2,0.0,3,1009.5,7.6,117,100,0.0,22.6,0.448
Sabah,5.9788,116.0753,2026-01-21T07:00,21.9,87,24.6,0.0,3,1010.4,6.9,129,100,8.0,22.5,0.448
Sabah,5.9788,116.0753,2026-01-21T08:00,24.6,84,28.3,0.0,3,1010.9,7.3,136,98,130.0,23.3,0.444
Sabah,5.9788,116.0753,2026-01-21T09:00,26.3,67,29.0,0.0,3,1011.4,6.5,136,100,357.0,24.4,0.442
Sabah,5.9788,116.0753,2026-01-21T10:00,27.4,65,31.1,0.0,3,1011.4,3.9,143,100,597.0,25.9,0.438
Sabah,5.9788,116.0753,2026-01-21T11:00,28.1,65,33.0,0.0,3,1011.0,3.1,180,98,724.0,27.3,0.433
Sabah,5.9788,116.0753,2026-01-21T12:00,28.7,65,34.9,0.0,3,1010.8,4.1,255,94,887.0,28.7,0.427
Sabah,5.9788,116.0753,2026-01-21T13:00,28.8,67,35.1,0.0,3,1010.0,6.9,287,96,941.0,29.8,0.421
Sabah,5.9788,116.0753,2026-01-21T14:00,29.0,65,34.5,0.0,3,1008.8,8.3,284,94,879.0,30.3,0.418
Sabah,5.9788,116.0753,2026-01-21T15:00,28.5,66,33.4,0.0,3,1008.4,7.8,275,100,765.0,30.5,0.413
Sabah,5.9788,116.0753,2026-01-21T16:00,28.0,68,32.0,0.0,3,1008.4,6.5,264,100,599.0,30.3,0.409
Sabah,5.9788,116.0753,2026-01-21T17:00,27.4,71,31.5,0.0,3,1008.7,4.5,241,98,344.0,29.7,0.406
Sabah,5.9788,116.0753,2026-01-21T18:00,26.5,79,31.5,0.0,3,1008.9,2.0,190,98,129.0,28.7,0.405
Sabah,5.9788,116.0753,2026-01-21T19:00,25.4,84,30.2,0.0,3,1009.4,2.4,138,100,5.0,27.5,0.405
Sabah,5.9788,116.0753,2026-01-21T20:00,24.3,89,28.2,0.0,1,1010.5,8.1,121,24,0.0,26.9,0.4
Sabah,5.9788,116.0753,2026-01-21T21:00,23.2,88,26.0,0.0,3,1011.1,10.8,123,81,0.0,26.0,0.4
Sabah,5.9788,116.0753,2026-01-21T22:00,22.8,88,25.6,0.0,2,1011.3,9.0,113,68,0.0,25.3,0.4
Sabah,5.9788,116.0753,2026-01-21T23:00,22.7,88,26.1,0.0,2,1011.3,5.2,106,58,0.0,24.7,0.399
Sabah,5.9788,116.0753,2026-01-22T00:00,22.3,87,25.7,0.0,2,1011.4,3.9,103,72,0.0,24.3,0.399
Sabah,5.9788,116.0753,2026-01-22T01:00,22.1,86,25.1,0.0,0,1010.9,4.4,99,13,0.0,23.8,0.399
Sabah,5.9788,116.0753,2026-01-22T02:00,22.1,83,24.6,0.0,0,1010.2,6.0,99,0,0.0,22.7,0.403
Sabah,5.9788,116.0753,2026-01-22T03:00,20.9,86,23.5,0.0,0,1009.9,3.4,106,9,0.0,22.4,0.403
Sabah,5.9788,116.0753,2026-01-22T04:00,20.8,84,23.2,0.0,0,1009.9,3.2,109,18,0.0,22.2,0.403
Sabah,5.9788,116.0753,2026-01-22T05:00,20.3,84,22.3,0.0,1,1010.0,5.3,108,30,0.0,22.0,0.402
Sabah,5.9788,116.0753,2026-01-22T06:00,20.3,84,22.3,0.0,3,1010.3,4.6,108,91,0.0,21.9,0.402
Sabah,5.9788,116.0753,2026-01-22T07:00,20.7,82,22.9,0.0,3,1010.9,3.3,103,98,10.0,21.7,0.402
Sabah,5.9788,116.0753,2026-01-22T08:00,24.0,82,27.5,0.0,3,1011.5,4.8,105,98,157.0,22.1,0.401
Sabah,5.9788,116.0753,2026-01-22T09:00,26.8,66,30.3,0.0,3,1012.0,1.3,90,80,399.0,23.8,0.399
Sabah,5.9788,116.0753,2026-01-22T10:00,27.9,65,32.3,0.0,3,1011.8,1.7,288,99,626.0,25.8,0.396
Sabah,5.9788,116.0753,2026-01-22T11:00,28.7,63,34.0,0.0,3,1011.6,4.6,283,100,803.0,27.5,0.391
Sabah,5.9788,116.0753,2026-01-22T12:00,29.3,63,34.9,0.0,3,1010.9,7.8,304,100,914.0,28.9,0.385
Sabah,5.9788,116.0753,2026-01-22T13:00,29.0,67,34.2,0.0,3,1010.3,11.8,309,100,887.0,29.7,0.38
Sabah,5.9788,116.0753,2026-01-22T14:00,28.5,67,32.6,0.0,3,1009.2,12.9,310,100,773.0,29.9,0.375
Sabah,5.9788,116.0753,2026-01-22T15:00,28.4,67,33.4,0.0,3,1008.6,7.0,312,100,757.0,30.2,0.37
Sabah,5.9788,116.0753,2026-01-22T16:00,28.3,67,32.4,0.0,3,1008.4,4.6,309,98,555.0,30.1,0.366
Sabah,5.9788,116.0753,2026-01-22T17:00,27.8,69,31.8,0.0,3,1008.6,5.0,330,100,348.0,29.6,0.364
Sabah,5.9788,116.0753,2026-01-22T18:00,26.9,73,31.1,0.0,3,1009.2,4.0,10,99,132.0,28.7,0.363
Sabah,5.9788,116.0753,2026-01-22T19:00,26.1,76,29.6,0.0,3,1009.8,7.7,39,100,5.0,27.6,0.363
Sabah,5.9788,116.0753,2026-01-22T20:00,25.8,82,30.2,0.0,3,1010.7,5.0,71,98,0.0,26.7,0.365
Sabah,5.9788,116.0753,2026-01-22T21:00,24.7,87,28.9,0.0,3,1011.4,6.5,71,100,0.0,26.1,0.365
Sabah,5.9788,116.0753,2026-01-22T22:00,24.4,86,28.8,0.0,3,1011.5,2.9,112,99,0.0,25.5,0.365
Sabah,5.9788,116.0753,2026-01-22T23:00,23.4,88,27.5,0.0,3,1011.5,2.3,108,85,0.0,24.9,0.365
Sabah,5.9788,116.0753,2026-01-23T00:00,23.2,85,26.9,0.0,3,1011.6,3.0,115,92,0.0,24.5,0.365
Sabah,5.9788,116.0753,2026-01-23T01:00,23.2,84,26.9,0.0,3,1011.4,2.0,95,89,0.0,24.1,0.365
Sabah,5.9788,116.0753,2026-01-23T02:00,23.5,85,27.2,0.0,3,1010.9,3.2,93,82,0.0,24.2,0.364
Sabah,5.9788,116.0753,2026-01-23T03:00,23.0,87,26.4,0.0,3,1010.5,6.2,75,95,0.0,23.9,0.365
Sabah,5.9788,116.0753,2026-01-23T04:00,23.0,88,27.0,0.0,3,1010.4,2.0,117,94,0.0,23.7,0.365
Sabah,5.9788,116.0753,2026-01-23T05:00,22.9,87,26.9,0.0,2,1010.6,1.8,114,69,0.0,23.5,0.365
Sabah,5.9788,116.0753,2026-01-23T06:00,22.7,88,26.8,0.0,2,1011.2,0.6,108,66,0.0,23.3,0.366
Sabah,5.9788,116.0753,2026-01-23T07:00,23.2,86,27.3,0.0,3,1011.7,0.6,124,98,8.0,23.3,0.366
Sabah,5.9788,116.0753,2026-01-23T08:00,24.3,80,27.7,0.3,51,1012.5,5.5,79,100,110.0,23.1,0.372
Sabah,5.9788,116.0753,2026-01-23T09:00,25.1,82,29.6,0.0,3,1013.0,2.7,86,100,98.0,23.8,0.372
Sabah,5.9788,116.0753,2026-01-23T10:00,26.5,77,31.0,0.0,3,1012.9,3.6,311,100,233.0,24.8,0.371
Sabah,5.9788,116.0753,2026-01-23T11:00,27.7,68,31.5,0.0,3,1012.5,5.1,312,89,493.0,26.2,0.368
Sabah,5.9788,116.0753,2026-01-23T12:00,29.0,61,34.2,0.0,3,1011.7,7.0,271,99,875.0,28.0,0.363
Sabah,5.9788,116.0753,2026-01-23T13:00,29.4,62,35.0,0.0,3,1011.1,6.6,315,100,872.0,29.2,0.358
Sabah,5.9788,116.0753,2026-01-23T14:00,29.0,61,33.9,0.1,51,1009.9,4.5,313,100,758.0,29.9,0.373
Sabah,5.9788,116.0753,2026-01-23T15:00,28.6,67,32.9,0.1,51,1009.1,4.1,331,100,571.0,30.0,0.37
Sabah,5.9788,116.0753,2026-01-23T16:00,28.8,68,33.1,0.1,51,1009.0,5.0,345,99,488.0,29.9,0.369
Sabah,5.9788,116.0753,2026-01-23T17:00,28.6,69,32.7,0.1,51,1008.9,6.6,16,99,326.0,29.5,0.368
Sabah,5.9788,116.0753,2026-01-23T18:00,27.4,77,32.2,0.0,3,1009.4,4.8,37,100,109.0,28.7,0.368
Sabah,5.9788,116.0753,2026-01-23T19:00,26.5,79,30.9,0.0,3,1010.3,6.1,43,99,5.0,27.6,0.368
Sabah,5.9788,116.0753,2026-01-23T20:00,25.2,90,30.5,0.0,3,1010.7,3.5,111,99,0.0,27.0,0.357
Sabah,5.9788,116.0753,2026-01-23T21:00,24.7,89,29.3,0.0,3,1011.3,4.6,111,100,0.0,26.2,0.357
Sabah,5.9788,116.0753,2026-01-23T22:00,24.3,87,28.6,0.0,3,1011.5,3.5,114,100,0.0,25.6,0.358
Sabah,5.9788,116.0753,2026-01-23T23:00,24.2,84,28.3,0.0,3,1011.5,2.5,111,100,0.0,25.2,0.358
Sabah,5.9788,116.0753,2026-01-24T00:00,23.5,84,27.6,0.0,3,1011.4,0.6,108,100,0.0,24.7,0.358
Sabah,5.9788,116.0753,2026-01-24T01:00,23.5,85,27.5,0.0,3,1011.1,2.2,85,100,0.0,24.3,0.358
Sabah,5.9788,116.0753,2026-01-24T02:00,22.9,84,26.1,0.0,3,1010.4,4.9,94,100,0.0,24.0,0.36
Sabah,5.9788,116.0753,2026-01-24T03:00,22.6,81,25.1,0.0,3,1010.0,6.5,93,100,0.0,23.6,0.36
Sabah,5.9788,116.0753,2026-01-24T04:00,22.4,80,24.9,0.0,3,1010.0,5.2,106,100,0.0,23.3,0.36
Sabah,5.9788,116.0753,2026-01-24T05:00,22.2,80,24.9,0.0,3,1010.5,3.1,103,100,0.0,22.9,0.361
Sabah,5.9788,116.0753,2026-01-24T06:00,21.8,81,24.6,0.0,3,1011.0,1.7,103,100,0.0,22.6,0.361
Sabah,5.9788,116.0753,2026-01-24T07:00,21.7,82,24.7,0.0,3,1011.6,0.9,101,100,10.0,22.4,0.361
Sabah,5.9788,116.0753,2026-01-24T08:00,24.6,77,28.0,0.0,3,1012.3,3.9,66,100,155.0,23.3,0.362
Sabah,5.9788,116.0753,2026-01-24T09:00,27.3,67,30.8,0.0,3,1012.9,4.4,12,100,398.0,24.7,0.36
Sabah,5.9788,116.0753,2026-01-24T10:00,28.4,62,31.8,0.0,3,1012.9,6.4,338,100,617.0,26.3,0.357
Sabah,5.9788,116.0753,2026-01-24T11:00,29.0,61,33.6,0.0,3,1012.5,7.0,325,100,789.0,27.7,0.353
Sabah,5.9788,116.0753,2026-01-24T12:00,29.0,63,33.9,0.0,3,1011.9,9.4,328,99,836.0,28.9,0.348
Sabah,5.9788,116.0753,2026-01-24T13:00,29.4,64,34.3,0.0,2,1011.0,11.5,357,66,861.0,29.7,0.343
Sabah,5.9788,116.0753,2026-01-24T14:00,29.8,64,34.3,0.0,1,1009.9,11.6,352,30,755.0,30.1,0.339
Sabah,5.9788,116.0753,2026-01-24T15:00,29.3,69,34.4,0.0,2,1009.0,10.4,360,51,739.0,30.4,0.335
Sabah,5.9788,116.0753,2026-01-24T16:00,28.1,75,31.6,0.4,51,1009.2,14.8,10,99,521.0,30.0,0.336
Sabah,5.9788,116.0753,2026-01-24T17:00,27.9,76,31.3,0.1,51,1009.2,14.7,12,100,340.0,29.4,0.335
Sabah,5.9788,116.0753,2026-01-24T18:00,27.2,78,30.7,0.0,3,1009.5,14.0,16,99,128.0,28.6,0.335
Sabah,5.9788,116.0753,2026-01-24T19:00,26.4,79,29.7,0.1,51,1009.9,13.4,33,100,4.0,27.7,0.335
Sabah,5.9788,116.0753,2026-01-24T20:00,25.6,86,29.6,0.0,1,1010.5,9.8,52,22,0.0,27.4,0.331
Sabah,5.9788,116.0753,2026-01-24T21:00,24.9,87,28.7,0.0,0,1011.2,9.7,51,10,0.0,26.6,0.331
Sabah,5.9788,116.0753,2026-01-24T22:00,24.3,88,28.2,0.0,0,1011.5,7.8,64,7,0.0,26.0,0.332
Sabah,5.9788,116.0753,2026-01-24T23:00,23.9,88,27.6,0.0,0,1011.4,7.9,69,4,0.0,25.4,0.332
Sabah,5.9788,116.0753,2026-01-25T00:00,23.7,88,27.4,0.0,0,1011.4,6.8,65,6,0.0,25.0,0.332
Sabah,5.9788,116.0753,2026-01-25T01:00,23.5,88,27.1,0.0,0,1010.8,6.6,68,5,0.0,24.6,0.333
Sabah,5.9788,116.0753,2026-01-25T02:00,23.5,90,27.3,0.0,2,1010.3,6.9,70,70,0.0,25.6,0.333
Sabah,5.9788,116.0753,2026-01-25T03:00,23.8,87,27.4,0.0,0,1009.6,6.5,67,3,0.0,25.1,0.333
Sabah,5.9788,116.0753,2026-01-25T04:00,23.1,89,26.8,0.0,2,1009.4,5.8,68,78,0.0,24.6,0.333
Sabah,5.9788,116.0753,2026-01-25T05:00,22.8,89,26.1,0.0,0,1009.8,6.5,84,18,0.0,24.2,0.334
Sabah,5.9788,116.0753,2026-01-25T06:00,22.5,88,25.9,0.0,1,1010.1,4.3,92,20,0.0,23.9,0.334
Sabah,5.9788,116.0753,2026-01-25T07:00,22.5,87,25.8,0.0,0,1010.9,4.4,102,7,10.0,23.6,0.334
Sabah,5.9788,116.0753,2026-01-25T08:00,25.3,80,29.5,0.0,3,1011.4,3.6,57,91,164.0,23.8,0.334
Sabah,5.9788,116.0753,2026-01-25T09:00,27.4,73,32.0,0.0,3,1012.1,2.9,353,98,371.0,25.3,0.333
Sabah,5.9788,116.0753,2026-01-25T10:00,28.3,70,32.7,0.0,3,1012.1,5.3,282,100,578.0,26.9,0.33
Sabah,5.9788,116.0753,2026-01-25T11:00,28.5,69,33.3,0.0,3,1011.6,6.1,258,100,664.0,28.1,0.327
Sabah,5.9788,116.0753,2026-01-25T12:00,28.6,70,35.0,0.3,51,1011.3,0.6,34,70,729.0,29.2,0.327
Sabah,5.9788,116.0753,2026-01-25T13:00,29.3,68,35.7,0.2,51,1010.1,2.7,4,98,769.0,30.2,0.325
Sabah,5.9788,116.0753,2026-01-25T14:00,28.7,71,34.5,0.1,51,1009.3,5.4,4,84,721.0,30.7,0.326
Sabah,5.9788,116.0753,2026-01-25T15:00,29.1,71,35.1,0.1,51,1008.7,4.8,15,100,716.0,31.1,0.323
Sabah,5.9788,116.0753,2026-01-25T16:00,27.7,77,31.5,0.8,53,1008.9,11.8,25,88,485.0,30.4,0.329
Sabah,5.9788,116.0753,2026-01-25T17:00,26.5,89,31.5,1.7,61,1009.3,10.2,53,93,188.0,29.0,0.347
Sabah,5.9788,116.0753,2026-01-25T18:00,26.0,90,30.7,0.2,51,1009.5,10.4,58,11,85.0,27.9,0.349
Sabah,5.9788,116.0753,2026-01-25T19:00,25.2,91,29.7,0.0,1,1010.3,9.4,58,45,5.0,27.0,0.35
Sabah,5.9788,116.0753,2026-01-25T20:00,25.7,88,30.2,0.1,51,1010.7,8.7,50,10,0.0,27.1,0.331
Sabah,5.9788,116.0753,2026-01-25T21:00,25.3,88,29.5,0.0,0,1011.3,9.4,45,13,0.0,26.5,0.332
Sabah,5.9788,116.0753,2026-01-25T22:00,25.0,88,28.7,0.0,1,1011.4,12.1,42,23,0.0,26.1,0.332
Sabah,5.9788,116.0753,2026-01-25T23:00,24.7,89,28.4,0.0,0,1011.0,11.0,48,3,0.0,25.7,0.332
Sabah,5.9788,116.0753,2026-01-26T00:00,24.1,91,28.4,0.0,0,1011.1,6.3,66,15,0.0,25.3,0.332
Sabah,5.9788,116.0753,2026-01-26T01:00,23.7,92,28.0,0.0,2,1010.9,5.3,82,79,0.0,25.0,0.333
Sabah,5.9788,116.0753,2026-01-26T02:00,24.1,92,28.7,0.0,3,1010.2,4.6,77,83,0.0,25.5,0.332
Sabah,5.9788,116.0753,2026-01-26T03:00,23.8,91,28.4,0.0,2,1010.1,3.4,93,59,0.0,25.1,0.332
Sabah,5.9788,116.0753,2026-01-26T04:00,23.5,92,28.2,0.0,3,1010.1,2.3,113,99,0.0,24.8,0.333
Sabah,5.9788,116.0753,2026-01-26T05:00,23.5,90,28.1,0.0,3,1010.6,0.8,117,99,0.0,24.5,0.333
Sabah,5.9788,116.0753,2026-01-26T06:00,23.2,90,27.7,0.1,51,1011.4,1.7,131,91,0.0,24.2,0.335
Sabah,5.9788,116.0753,2026-01-26T07:00,23.1,91,27.6,0.2,51,1012.0,1.2,117,99,8.0,24.0,0.338
Sabah,5.9788,116.0753,2026-01-26T08:00,26.2,82,30.7,0.0,3,1012.3,6.6,45,98,153.0,25.0,0.338
Sabah,5.9788,116.0753,2026-01-26T09:00,27.9,77,33.0,0.0,3,1012.6,3.7,23,98,386.0,26.2,0.336
Sabah,5.9788,116.0753,2026-01-26T10:00,29.3,68,34.3,0.0,2,1012.7,4.0,333,65,607.0,27.7,0.333
Sabah,5.9788,116.0753,2026-01-26T11:00,29.4,68,35.3,0.1,51,1012.3,3.9,323,55,727.0,29.1,0.33
Sabah,5.9788,116.0753,2026-01-26T12:00,29.5,69,35.8,0.4,51,1011.6,5.4,310,99,791.0,30.1,0.33
Sabah,5.9788,116.0753,2026-01-26T13:00,28.4,73,33.0,0.3,51,1010.8,6.6,49,100,523.0,30.1,0.331
Sabah,5.9788,116.0753,2026-01-26T14:00,29.7,70,35.6,0.1,51,1009.6,10.2,350,95,816.0,30.8,0.331
Sabah,5.9788,116.0753,2026-01-26T15:00,28.9,70,32.7,0.5,53,1009.1,13.1,27,99,608.0,30.7,0.333
Sabah,5.9788,116.0753,2026-01-26T16:00,28.2,78,33.2,0.2,51,1009.2,6.9,47,100,417.0,30.2,0.333
Sabah,5.9788,116.0753,2026-01-26T17:00,27.2,84,32.3,0.3,51,1009.4,7.5,55,100,224.0,29.6,0.335
Sabah,5.9788,116.0753,2026-01-26T18:00,26.3,88,31.6,1.4,61,1010.2,5.4,120,100,110.0,28.7,0.352
Sabah,5.9788,116.0753,2026-01-26T19:00,24.9,95,29.7,3.1,63,1011.0,8.6,149,100,5.0,27.5,0.393
Sabah,5.9788,116.0753,2026-01-26T20:00,25.9,90,31.4,0.1,51,1011.3,4.3,73,100,0.0,27.6,0.349
Sabah,5.9788,116.0753,2026-01-26T21:00,25.4,91,30.3,0.0,3,1011.6,6.8,73,100,0.0,26.9,0.35
Sabah,5.9788,116.0753,2026-01-26T22:00,25.0,91,30.2,0.0,3,1011.7,3.8,82,100,0.0,26.4,0.35
Sabah,5.9788,116.0753,2026-01-26T23:00,24.6,93,29.9,0.0,3,1011.4,2.2,99,100,0.0,25.9,0.35
Sabah,5.9788,116.0753,2026-01-27T00:00,24.2,93,29.5,0.0,3,1011.5,1.8,127,100,0.0,25.6,0.35
Sabah,5.9788,116.0753,2026-01-27T01:00,24.2,91,28.9,0.0,3,1011.1,3.4,137,100,0.0,25.2,0.351
Sabah,5.9788,116.0753,2026-01-27T02:00,24.6,89,29.0,0.0,3,1010.3,6.0,153,100,0.0,25.3,0.351
Sabah,5.9788,116.0753,2026-01-27T03:00,24.6,89,29.0,0.0,3,1009.8,5.4,160,100,0.0,25.1,0.351
Sabah,5.9788,116.0753,2026-01-27T04:00,24.7,88,29.5,0.0,3,1010.1,2.6,146,100,0.0,24.9,0.351
Sabah,5.9788,116.0753,2026-01-27T05:00,24.6,87,29.6,0.0,3,1010.5,1.2,129,100,0.0,24.7,0.351
Sabah,5.9788,116.0753,2026-01-27T06:00,24.2,88,28.9,0.0,3,1011.2,2.3,113,100,0.0,24.6,0.351
Sabah,5.9788,116.0753,2026-01-27T07:00,24.3,88,28.9,0.0,3,1012.3,2.5,135,100,8.0,24.5,0.352
Sabah,5.9788,116.0753,2026-01-27T08:00,26.6,85,31.8,0.3,51,1012.9,5.2,110,100,110.0,24.8,0.352
Sabah,5.9788,116.0753,2026-01-27T09:00,28.0,74,33.3,0.0,3,1013.3,1.0,68,100,350.0,26.1,0.35
Sabah,5.9788,116.0753,2026-01-27T10:00,28.9,71,34.3,0.0,3,1013.5,2.8,285,100,577.0,27.7,0.347
Sabah,5.9788,116.0753,2026-01-27T11:00,29.6,68,35.4,0.1,51,1012.7,6.4,324,93,745.0,29.1,0.344
Sabah,5.9788,116.0753,2026-01-27T12:00,29.5,70,35.3,0.1,51,1011.9,10.8,332,23,847.0,30.1,0.34
Sabah,5.9788,116.0753,2026-01-27T13:00,28.8,77,34.9,0.1,51,1011.3,9.9,355,78,771.0,30.6,0.336
Sabah,5.9788,116.0753,2026-01-27T14:00,29.6,70,33.9,0.1,51,1010.0,13.1,347,100,621.0,30.7,0.335
Sabah,5.9788,116.0753,2026-01-27T15:00,29.1,72,33.4,0.1,51,1009.6,11.2,359,99,574.0,30.7,0.333
Sabah,5.9788,116.0753,2026-01-27T16:00,28.0,77,32.4,0.1,51,1009.8,9.4,36,99,360.0,30.2,0.331
Sabah,5.9788,116.0753,2026-01-27T17:00,27.8,77,32.3,0.0,3,1010.2,8.2,36,99,247.0,29.7,0.33
Sabah,5.9788,116.0753,2026-01-27T18:00,26.7,83,31.0,0.1,51,1010.6,9.9,48,100,77.0,28.8,0.33
Sabah,5.9788,116.0753,2026-01-27T19:00,26.1,86,30.8,0.1,51,1011.4,8.0,65,100,4.0,27.9,0.331
Sabah,5.9788,116.0753,2026-01-27T20:00,25.3,87,29.5,0.0,3,1011.1,9.4,78,100,0.0,27.8,0.334
Sabah,5.9788,116.0753,2026-01-27T21:00,25.3,87,29.4,0.0,3,1011.7,8.8,73,100,0.0,27.0,0.334
Sabah,5.9788,116.0753,2026-01-27T22:00,25.1,87,29.2,0.0,1,1012.0,8.3,70,46,0.0,26.4,0.335
Sabah,5.9788,116.0753,2026-01-27T23:00,25.2,85,29.0,0.0,1,1011.7,9.6,62,24,0.0,26.0,0.335
Sabah,5.9788,116.0753,2026-01-28T00:00,25.0,85,28.8,0.0,1,1011.5,8.9,66,20,0.0,25.6,0.335
Sabah,5.9788,116.0753,2026-01-28T01:00,25.0,85,28.8,0.0,0,1011.0,8.7,69,5,0.0,25.4,0.335
Sabah,5.9788,116.0753,2026-01-28T02:00,25.5,87,29.7,0.0,1,1009.8,9.2,42,27,0.0,26.3,0.333
Sabah,5.9788,116.0753,2026-01-28T03:00,25.3,90,29.9,0.0,1,1009.4,8.4,45,30,0.0,26.0,0.334
Sabah,5.9788,116.0753,2026-01-28T04:00,24.7,92,29.6,0.0,0,1009.7,5.6,63,16,0.0,25.6,0.334
Sabah,5.9788,116.0753,2026-01-28T05:00,24.5,91,28.5,0.0,1,1009.6,10.7,54,44,0.0,25.3,0.334
Sabah,5.9788,116.0753,2026-01-28T06:00,24.5,91,28.5,0.0,2,1010.5,9.3,49,61,0.0,25.1,0.334
Sabah,5.9788,116.0753,2026-01-28T07:00,24.7,90,29.1,0.0,1,1011.9,6.6,64,22,9.0,24.9,0.334
Sabah,5.9788,116.0753,2026-01-28T08:00,26.2,85,31.3,0.0,2,1011.9,5.2,61,73,142.0,26.1,0.342
Sabah,5.9788,116.0753,2026-01-28T09:00,27.6,80,32.7,0.0,1,1012.4,5.7,32,24,379.0,27.0,0.341
Sabah,5.9788,116.0753,2026-01-28T10:00,28.5,78,33.7,0.0,0,1012.5,9.3,10,18,589.0,28.2,0.338
Sabah,5.9788,116.0753,2026-01-28T11:00,28.9,76,34.7,0.2,51,1012.6,8.7,356,88,695.0,29.2,0.336
Sabah,5.9788,116.0753,2026-01-28T12:00,28.5,75,32.6,0.1,51,1011.3,11.7,17,89,475.0,29.4,0.335
Sabah,5.9788,116.0753,2026-01-28T13:00,27.9,76,32.1,2.2,61,1011.1,14.3,348,93,680.0,29.7,0.358
Sabah,5.9788,116.0753,2026-01-28T14:00,28.4,75,32.6,2.5,63,1010.1,10.9,19,97,376.0,28.8,0.411
Sabah,5.9788,116.0753,2026-01-28T15:00,28.5,78,33.0,0.0,3,1009.2,11.9,357,98,564.0,29.2,0.407
Sabah,5.9788,116.0753,2026-01-28T16:00,26.6,85,31.1,2.4,61,1009.6,10.6,21,99,274.0,28.8,0.435
Sabah,5.9788,116.0753,2026-01-28T17:00,25.7,89,30.5,0.6,53,1009.7,7.3,48,91,177.0,27.9,0.44
Sabah,5.9788,116.0753,2026-01-28T18:00,25.4,91,30.6,1.0,55,1010.1,5.0,75,100,79.0,27.2,0.45
Sabah,5.9788,116.0753,2026-01-28T19:00,25.1,96,30.8,0.0,3,1010.7,3.6,60,95,4.0,26.6,0.45
Sabah,5.9788,116.0753,2026-01-28T20:00,25.1,93,30.5,0.0,3,1011.3,4.7,58,100,0.0,26.6,0.401
Sabah,5.9788,116.0753,2026-01-28T21:00,24.9,95,30.4,0.0,3,1011.8,3.7,76,100,0.0,26.1,0.401
Sabah,5.9788,116.0753,2026-01-28T22:00,24.5,94,30.0,0.0,3,1012.2,2.0,100,99,0.0,25.7,0.401
Sabah,5.9788,116.0753,2026-01-28T23:00,24.0,93,29.2,0.0,3,1012.0,1.3,98,100,0.0,25.3,0.401
Sabah,5.9788,116.0753,2026-01-29T00:00,24.0,93,29.1,0.0,3,1011.8,1.2,129,95,0.0,25.0,0.401
Sabah,5.9788,116.0753,2026-01-29T01:00,23.9,92,28.8,0.1,51,1011.8,2.3,148,86,0.0,24.8,0.402
Sabah,5.9788,116.0753,2026-01-29T02:00,24.2,93,28.7,0.1,51,1010.5,5.9,153,99,0.0,26.0,0.399
Sabah,5.9788,116.0753,2026-01-29T03:00,24.0,93,29.0,0.4,51,1010.2,2.4,171,100,0.0,25.4,0.405
Sabah,5.9788,116.0753,2026-01-29T04:00,23.1,95,26.5,1.9,61,1009.7,11.4,121,99,0.0,24.9,0.431
Sabah,5.9788,116.0753,2026-01-29T05:00,23.1,93,27.3,0.0,3,1010.0,4.2,149,98,0.0,24.4,0.43
Sabah,5.9788,116.0753,2026-01-29T06:00,23.3,91,27.0,0.0,3,1010.6,7.3,164,99,0.0,24.0,0.43
Sabah,5.9788,116.0753,2026-01-29T07:00,23.5,90,27.1,0.0,3,1011.0,8.4,161,97,8.0,23.9,0.43
Sabah,5.9788,116.0753,2026-01-29T08:00,25.5,89,30.4,0.0,3,1011.9,5.8,187,99,152.0,25.4,0.4
Sabah,5.9788,116.0753,2026-01-29T09:00,26.4,86,31.6,0.1,51,1012.3,5.3,170,99,340.0,26.1,0.4
Sabah,5.9788,116.0753,2026-01-29T10:00,27.1,82,32.5,0.0,3,1012.5,3.7,194,99,469.0,27.1,0.397
Sabah,5.9788,116.0753,2026-01-29T11:00,27.7,81,34.1,0.3,51,1011.9,2.2,189,98,632.0,28.2,0.397
Sabah,5.9788,116.0753,2026-01-29T12:00,28.1,80,34.2,0.1,51,1011.7,4.1,236,100,624.0,29.0,0.394
Sabah,5.9788,116.0753,2026-01-29T13:00,28.4,77,34.8,0.1,51,1010.6,7.1,251,100,756.0,29.8,0.391
Sabah,5.9788,116.0753,2026-01-29T14:00,26.4,84,31.0,0.2,51,1010.0,8.2,58,100,432.0,29.7,0.389
Sabah,5.9788,116.0753,2026-01-29T15:00,27.2,79,32.1,0.1,51,1009.8,4.1,105,100,440.0,29.5,0.387
Sabah,5.9788,116.0753,2026-01-29T16:00,27.2,78,32.5,0.1,51,1009.8,1.5,263,100,277.0,29.2,0.386
Sabah,5.9788,116.0753,2026-01-29T17:00,26.3,82,31.1,1.4,61,1009.9,4.1,13,100,166.0,28.5,0.4
Sabah,5.9788,116.0753,2026-01-29T18:00,25.8,86,31.0,0.1,51,1010.2,2.3,58,100,50.0,27.7,0.401
Sabah,5.9788,116.0753,2026-01-29T19:00,25.2,93,31.0,0.0,3,1011.0,1.6,27,100,3.0,27.0,0.401
Sabah,5.9788,116.0753,2026-01-29T20:00,25.2,92,30.9,0.4,51,1011.5,2.3,113,100,0.0,28.0,0.466
Sabah,5.9788,116.0753,2026-01-29T21:00,25.0,94,31.0,0.1,51,1011.9,1.0,112,100,0.0,27.2,0.466
Sabah,5.9788,116.0753,2026-01-29T22:00,24.8,94,30.6,0.2,51,1012.2,1.2,129,99,0.0,26.5,0.466
Sabah,5.9788,116.0753,2026-01-29T23:00,24.2,96,29.2,1.4,61,1012.7,5.1,141,91,0.0,25.9,0.48
Sabah,5.9788,116.0753,2026-01-30T00:00,24.0,94,28.7,1.4,61,1012.5,5.2,117,100,0.0,25.4,0.494
Sabah,5.9788,116.0753,2026-01-30T01:00,23.5,96,28.5,0.0,3,1012.0,2.7,98,100,0.0,24.9,0.489
Sabah,5.9788,116.0753,2026-01-30T02:00,23.5,94,28.4,0.1,51,1011.7,2.5,94,100,0.0,24.6,0.485
Sabah,5.9788,116.0753,2026-01-30T03:00,23.3,96,28.2,0.3,51,1011.4,1.9,124,100,0.0,24.4,0.485
Sabah,5.9788,116.0753,2026-01-30T04:00,23.6,91,28.3,0.0,3,1011.4,1.5,126,100,0.0,24.1,0.482
Sabah,5.9788,116.0753,2026-01-30T05:00,23.4,91,27.9,0.0,2,1011.6,2.4,103,75,0.0,23.9,0.479
Sabah,5.9788,116.0753,2026-01-30T06:00,23.0,94,27.4,0.0,2,1012.1,3.1,90,53,0.0,23.8,0.477
Sabah,5.9788,116.0753,2026-01-30T07:00,23.2,93,27.5,0.0,3,1012.7,4.5,92,96,7.0,23.7,0.475
Sabah,5.9788,116.0753,2026-01-30T08:00,25.5,87,30.6,0.0,2,1013.2,2.8,153,73,138.0,25.8,0.453
Sabah,5.9788,116.0753,2026-01-30T09:00,26.7,81,31.8,0.0,3,1013.9,3.6,210,99,327.0,26.5,0.451
Sabah,5.9788,116.0753,2026-01-30T10:00,25.9,82,30.1,1.5,61,1014.6,7.4,221,100,323.0,26.6,0.465
Sabah,5.9788,116.0753,2026-01-30T11:00,25.3,88,30.2,0.3,51,1014.3,4.4,218,100,253.0,26.4,0.466
Sabah,5.9788,116.0753,2026-01-30T12:00,26.3,84,31.5,0.1,51,1013.6,3.3,186,99,455.0,27.2,0.464
Sabah,5.9788,116.0753,2026-01-30T13:00,27.0,79,31.9,0.1,51,1012.6,4.4,251,99,554.0,28.0,0.46
Sabah,5.9788,116.0753,2026-01-30T14:00,27.7,77,32.4,0.0,3,1011.4,6.6,279,98,387.0,28.3,0.46
Sabah,5.9788,116.0753,2026-01-30T15:00,26.9,79,31.7,0.2,51,1011.0,4.5,310,100,447.0,28.6,0.458
Sabah,5.9788,116.0753,2026-01-30T16:00,27.0,77,31.6,0.1,51,1010.9,4.2,348,100,286.0,28.4,0.457
Sabah,5.9788,116.0753,2026-01-30T17:00,26.3,80,30.8,0.2,51,1011.0,4.6,31,100,204.0,28.0,0.457
Sabah,5.9788,116.0753,2026-01-30T18:00,25.9,84,30.8,0.0,3,1011.4,3.9,28,100,75.0,27.4,0.455
Sabah,5.9788,116.0753,2026-01-30T19:00,25.3,89,30.8,0.0,3,1011.9,1.3,34,100,6.0,26.7,0.454
Sabah,5.9788,116.0753,2026-01-30T20:00,25.0,93,30.9,0.0,3,1011.9,1.1,108,100,0.0,26.9,0.442
Sabah,5.9788,116.0753,2026-01-30T21:00,24.9,92,30.5,0.0,3,1012.5,1.4,130,99,0.0,26.3,0.441
Sabah,5.9788,116.0753,2026-01-30T22:00,24.7,91,30.0,0.0,2,1012.8,2.3,135,66,0.0,25.8,0.441
Sabah,5.9788,116.0753,2026-01-30T23:00,24.6,91,29.8,0.0,0,1012.8,2.2,132,8,0.0,25.4,0.441
Sabah,5.9788,116.0753,2026-01-31T00:00,24.1,91,29.2,0.0,0,1012.6,1.0,112,19,0.0,25.0,0.44
Sabah,5.9788,116.0753,2026-01-31T01:00,23.6,92,28.3,0.0,0,1012.1,1.9,107,16,0.0,24.7,0.44
Sabah,5.9788,116.0753,2026-01-31T02:00,23.3,90,27.4,0.0,3,1011.1,4.0,120,99,0.0,24.4,0.442
Sabah,5.9788,116.0753,2026-01-31T03:00,22.8,91,26.7,0.0,3,1010.7,3.8,109,100,0.0,24.1,0.442
Sabah,5.9788,116.0753,2026-01-31T04:00,22.9,90,27.0,0.0,3,1010.9,2.7,110,100,0.0,23.9,0.441
Sabah,5.9788,116.0753,2026-01-31T05:00,22.9,90,27.1,0.0,3,1011.2,1.3,106,100,0.0,23.8,0.441
Sabah,5.9788,116.0753,2026-01-31T06:00,22.7,91,27.0,0.0,3,1011.7,1.1,99,94,0.0,23.6,0.44
Sabah,5.9788,116.0753,2026-01-31T07:00,22.5,92,26.4,0.0,3,1012.3,2.9,101,95,9.0,23.5,0.44
Sabah,5.9788,116.0753,2026-01-31T08:00,25.4,88,30.7,0.0,1,1013.3,2.6,124,27,141.0,23.9,0.439
Sabah,5.9788,116.0753,2026-01-31T09:00,27.1,77,32.3,0.0,1,1013.6,1.2,117,44,376.0,25.3,0.437
Sabah,5.9788,116.0753,2026-01-31T10:00,28.2,72,33.4,0.0,2,1013.6,3.2,286,78,615.0,27.0,0.433
Sabah,5.9788,116.0753,2026-01-31T11:00,28.6,71,34.6,0.0,3,1013.4,4.8,304,97,744.0,28.4,0.429
Sabah,5.9788,116.0753,2026-01-31T12:00,28.6,72,34.3,0.0,3,1012.8,5.8,306,100,718.0,29.3,0.424
Sabah,5.9788,116.0753,2026-01-31T13:00,28.8,72,34.8,0.0,3,1011.9,8.0,322,100,820.0,30.1,0.419
Sabah,5.9788,116.0753,2026-01-31T14:00,29.3,65,33.8,0.0,3,1011.1,10.6,337,91,720.0,30.4,0.424
Sabah,5.9788,116.0753,2026-01-31T15:00,29.4,63,33.1,0.1,51,1010.5,9.8,346,93,623.0,30.3,0.42
Sabah,5.9788,116.0753,2026-01-31T16:00,28.4,67,31.6,0.2,51,1010.5,11.1,8,98,524.0,30.1,0.418
Sabah,5.9788,116.0753,2026-01-31T17:00,27.5,73,30.8,0.1,51,1010.6,11.4,29,93,286.0,29.3,0.417
Sabah,5.9788,116.0753,2026-01-31T18:00,26.4,79,30.1,0.0,3,1011.0,10.2,48,98,108.0,28.4,0.416
Sabah,5.9788,116.0753,2026-01-31T19:00,26.0,82,30.2,0.0,1,1011.5,7.4,45,43,4.0,27.5,0.415
Sabah,5.9788,116.0753,2026-01-31T20:00,24.5,87,28.9,0.0,3,1012.0,4.7,81,82,0.0,27.4,0.413
Sabah,5.9788,116.0753,2026-01-31T21:00,24.6,88,29.5,0.1,51,1012.3,2.5,111,87,0.0,26.5,0.414
Sabah,5.9788,116.0753,2026-01-31T22:00,24.6,91,29.2,0.1,51,1012.6,5.7,99,90,0.0,26.0,0.414
Sabah,5.9788,116.0753,2026-01-31T23:00,24.5,91,29.0,0.0,3,1012.5,6.1,95,100,0.0,25.5,0.415
Sabah,5.9788,116.0753,2026-02-01T00:00,24.6,90,29.0,0.0,3,1012.3,6.7,81,100,0.0,25.3,0.415
Sabah,5.9788,116.0753,2026-02-01T01:00,24.8,88,29.2,0.0,3,1011.8,5.7,79,100,0.0,25.1,0.414
Sabah,5.9788,116.0753,2026-02-01T02:00,24.3,88,28.4,0.0,3,1011.0,6.1,87,100,0.0,25.0,0.419
Sabah,5.9788,116.0753,2026-02-01T03:00,24.3,87,28.5,0.0,3,1010.4,5.1,86,94,0.0,24.7,0.419
Sabah,5.9788,116.0753,2026-02-01T04:00,23.9,90,28.4,0.0,3,1010.3,3.3,103,100,0.0,24.6,0.419
Sabah,5.9788,116.0753,2026-02-01T05:00,23.6,90,28.0,0.0,3,1010.4,3.4,108,91,0.0,24.4,0.418
Sabah,5.9788,116.0753,2026-02-01T06:00,23.3,90,27.5,0.0,3,1010.8,3.5,99,95,0.0,24.2,0.418
Sabah,5.9788,116.0753,2026-02-01T07:00,23.6,87,27.2,0.0,3,1011.4,5.9,90,97,7.0,24.1,0.418
Sabah,5.9788,116.0753,2026-02-01T08:00,25.9,83,30.4,0.0,3,1012.0,5.1,98,100,123.0,24.2,0.416
Sabah,5.9788,116.0753,2026-02-01T09:00,27.3,72,31.2,0.0,3,1012.4,6.2,54,100,314.0,25.4,0.414
Sabah,5.9788,116.0753,2026-02-01T10:00,28.2,71,32.4,0.0,3,1012.4,6.1,43,100,542.0,26.7,0.411
Sabah,5.9788,116.0753,2026-02-01T11:00,29.7,64,34.5,0.0,3,1011.7,8.9,14,99,739.0,28.2,0.406
Sabah,5.9788,116.0753,2026-02-01T12:00,30.4,59,34.7,0.2,51,1011.1,14.2,359,98,867.0,29.3,0.402
Sabah,5.9788,116.0753,2026-02-01T13:00,29.7,64,33.6,0.4,51,1010.4,18.3,354,91,835.0,29.8,0.4
Sabah,5.9788,116.0753,2026-02-01T14:00,29.2,70,33.3,0.8,53,1009.7,18.4,345,45,804.0,29.9,0.41
Sabah,5.9788,116.0753,2026-02-01T15:00,28.6,73,32.6,0.1,51,1009.3,16.0,2,63,684.0,30.0,0.407
Sabah,5.9788,116.0753,2026-02-01T16:00,28.0,75,31.4,0.1,51,1009.3,13.8,16,92,377.0,29.5,0.405
Sabah,5.9788,116.0753,2026-02-01T17:00,26.3,85,30.7,2.0,61,1009.6,10.2,54,100,181.0,28.5,0.428
Sabah,5.9788,116.0753,2026-02-01T18:00,25.4,89,30.1,0.1,51,1009.9,6.9,45,99,70.0,27.7,0.428
Sabah,5.9788,116.0753,2026-02-01T19:00,25.3,88,29.3,0.0,3,1010.8,10.5,35,100,4.0,26.9,0.428
Sabah,5.9788,116.0753,2026-02-01T20:00,25.4,86,29.7,0.0,3,1011.2,7.6,98,81,0.0,27.5,0.398
Sabah,5.9788,116.0753,2026-02-01T21:00,25.4,86,29.7,0.0,3,1011.9,6.9,83,85,0.0,26.8,0.397
Sabah,5.9788,116.0753,2026-02-01T22:00,25.3,85,29.6,0.0,1,1012.2,6.3,83,27,0.0,26.2,0.397
Sabah,5.9788,116.0753,2026-02-01T23:00,25.0,86,29.5,0.0,1,1012.0,4.4,83,30,0.0,25.8,0.397
Sabah,5.9788,116.0753,2026-02-02T00:00,24.7,86,29.2,0.0,1,1012.0,3.4,96,29,0.0,25.4,0.397
Sabah,5.9788,116.0753,2026-02-02T01:00,24.2,87,28.6,0.0,3,1011.2,3.5,99,98,0.0,25.0,0.397
Sabah,5.9788,116.0753,2026-02-02T02:00,24.5,87,29.2,0.0,3,1010.7,2.2,99,89,0.0,26.0,0.396
Sabah,5.9788,116.0753,2026-02-02T03:00,24.2,89,28.8,0.0,3,1010.1,3.2,124,94,0.0,25.5,0.396
Sabah,5.9788,116.0753,2026-02-02T04:00,23.9,89,27.7,0.0,1,1010.0,7.6,142,45,0.0,25.2,0.396
Sabah,5.9788,116.0753,2026-02-02T05:00,23.9,87,27.3,0.0,1,1010.3,8.8,161,31,0.0,24.9,0.396
Sabah,5.9788,116.0753,2026-02-02T06:00,23.9,88,27.4,0.0,0,1010.8,8.5,168,16,0.0,24.6,0.396
Sabah,5.9788,116.0753,2026-02-02T07:00,24.0,88,27.5,0.0,0,1011.8,8.7,166,14,9.0,24.5,0.396
Sabah,5.9788,116.0753,2026-02-02T08:00,26.2,82,30.6,0.0,3,1012.4,7.5,188,88,155.0,24.9,0.399
Sabah,5.9788,116.0753,2026-02-02T09:00,27.3,79,32.2,0.0,2,1012.9,5.8,194,63,373.0,26.1,0.397
Sabah,5.9788,116.0753,2026-02-02T10:00,28.4,75,33.9,0.0,1,1012.8,1.7,257,41,550.0,27.4,0.394
Sabah,5.9788,116.0753,2026-02-02T11:00,29.4,70,35.6,0.1,51,1012.3,5.3,315,41,769.0,28.9,0.39
Sabah,5.9788,116.0753,2026-02-02T12:00,29.8,70,36.2,0.1,51,1012.1,6.1,336,69,789.0,30.0,0.386
Sabah,5.9788,116.0753,2026-02-02T13:00,28.2,76,33.1,0.1,51,1011.2,6.9,15,87,511.0,30.0,0.384
Sabah,5.9788,116.0753,2026-02-02T14:00,29.7,73,34.7,0.2,51,1009.9,10.5,329,57,596.0,30.2,0.386
Sabah,5.9788,116.0753,2026-02-02T15:00,28.4,75,33.0,1.8,61,1009.5,11.5,2,84,625.0,30.2,0.403
Sabah,5.9788,116.0753,2026-02-02T16:00,27.2,83,32.2,0.8,53,1009.4,7.0,26,67,313.0,29.2,0.41
Sabah,5.9788,116.0753,2026-02-02T17:00,27.3,82,32.6,0.2,51,1009.0,5.1,42,56,319.0,28.9,0.41
Sabah,5.9788,116.0753,2026-02-02T18:00,26.9,85,32.5,0.1,51,1009.2,3.8,360,23,149.0,28.4,0.411
Sabah,5.9788,116.0753,2026-02-02T19:00,26.0,91,32.1,0.0,1,1010.1,1.6,96,38,7.0,27.6,0.411
Sabah,5.9788,116.0753,2026-02-02T20:00,25.9,91,31.8,0.0,0,1010.6,2.7,118,16,0.0,27.9,0.378
Sabah,5.9788,116.0753,2026-02-02T21:00,25.2,94,30.9,0.0,0,1011.6,3.2,109,9,0.0,27.2,0.378
Sabah,5.9788,116.0753,2026-02-02T22:00,24.7,94,30.2,0.0,1,1011.8,2.4,117,20,0.0,26.6,0.378
Sabah,5.9788,116.0753,2026-02-02T23:00,24.3,93,29.8,0.0,0,1011.9,0.2,90,12,0.0,26.1,0.378
Sabah,5.9788,116.0753,2026-02-03T00:00,24.4,92,29.6,0.0,0,1011.7,1.1,99,5,0.0,25.7,0.378
Sabah,5.9788,116.0753,2026-02-03T01:00,24.2,92,29.5,0.0,0,1011.3,0.9,101,5,0.0,25.4,0.378
Sabah,5.9788,116.0753,2026-02-03T02:00,24.2,89,28.3,0.0,1,1010.5,6.6,158,23,0.0,26.4,0.376
Sabah,5.9788,116.0753,2026-02-03T03:00,24.1,89,28.3,0.0,1,1009.9,5.5,153,20,0.0,25.9,0.376
Sabah,5.9788,116.0753,2026-02-03T04:00,23.8,90,28.5,0.0,1,1010.0,1.4,113,29,0.0,25.4,0.376
Sabah,5.9788,116.0753,2026-02-03T05:00,23.6,90,28.1,0.0,1,1010.5,2.1,110,25,0.0,25.0,0.376
Sabah,5.9788,116.0753,2026-02-03T06:00,23.2,90,27.1,0.0,0,1010.6,4.7,99,6,0.0,24.7,0.376
Sabah,5.9788,116.0753,2026-02-03T07:00,23.2,90,26.9,0.0,0,1011.3,6.0,87,4,9.0,24.4,0.376
Sabah,5.9788,116.0753,2026-02-03T08:00,26.4,83,31.7,0.0,0,1012.2,2.3,122,8,159.0,26.2,0.375
Sabah,5.9788,116.0753,2026-02-03T09:00,27.7,80,33.6,0.0,0,1012.5,1.0,68,16,397.0,27.3,0.373
Sabah,5.9788,116.0753,2026-02-03T10:00,29.0,73,35.0,0.0,0,1012.5,1.8,323,7,605.0,28.6,0.369
Sabah,5.9788,116.0753,2026-02-03T11:00,30.1,67,36.2,0.0,2,1011.8,6.0,316,54,764.0,29.9,0.365
Sabah,5.9788,116.0753,2026-02-03T12:00,28.1,77,33.8,1.1,55,1011.6,4.3,15,79,613.0,30.0,0.374
Sabah,5.9788,116.0753,2026-02-03T13:00,28.9,76,36.1,0.1,51,1010.2,0.5,135,17,699.0,30.7,0.371
Sabah,5.9788,116.0753,2026-02-03T14:00,30.1,72,36.8,0.1,51,1009.2,9.5,316,72,827.0,31.5,0.365
Sabah,5.9788,116.0753,2026-02-03T15:00,28.1,81,33.7,0.2,51,1009.0,4.8,48,97,421.0,31.1,0.364
Sabah,5.9788,116.0753,2026-02-03T16:00,27.6,85,33.5,0.2,51,1008.8,4.4,81,73,451.0,30.9,0.364
Sabah,5.9788,116.0753,2026-02-03T17:00,27.7,85,33.6,0.1,51,1008.3,4.6,79,27,253.0,30.2,0.364
Sabah,5.9788,116.0753,2026-02-03T18:00,27.5,85,33.6,0.1,51,1008.6,3.6,49,69,145.0,29.6,0.364
Sabah,5.9788,116.0753,2026-02-03T19:00,26.6,92,33.2,0.0,1,1009.3,1.6,90,34,8.0,28.6,0.364
Sabah,5.9788,116.0753,2026-02-03T20:00,25.9,93,31.8,0.0,1,1009.7,4.3,95,38,0.0,29.3,0.35
Sabah,5.9788,116.0753,2026-02-03T21:00,25.5,96,31.9,0.0,1,1010.5,1.3,90,26,0.0,28.2,0.35
Sabah,5.9788,116.0753,2026-02-03T22:00,25.3,94,31.2,0.0,0,1011.0,2.4,73,14,0.0,27.4,0.35
Sabah,5.9788,116.0753,2026-02-03T23:00,25.5,90,30.4,0.0,0,1010.7,6.6,61,11,0.0,26.8,0.351
Sabah,5.9788,116.0753,2026-02-04T00:00,25.2,89,29.8,0.0,0,1010.8,6.5,71,16,0.0,26.3,0.351
Sabah,5.9788,116.0753,2026-02-04T01:00,24.7,91,29.4,0.0,1,1010.3,5.3,80,45,0.0,25.9,0.351
Sabah,5.9788,116.0753,2026-02-04T02:00,25.0,88,29.1,0.0,1,1009.5,9.0,57,37,0.0,27.2,0.349
Sabah,5.9788,116.0753,2026-02-04T03:00,25.0,89,29.7,0.0,0,1008.9,5.3,55,9,0.0,26.6,0.349
Sabah,5.9788,116.0753,2026-02-04T04:00,24.5,91,29.0,0.0,1,1008.9,6.5,76,37,0.0,26.1,0.35
Sabah,5.9788,116.0753,2026-02-04T05:00,24.0,92,28.6,0.0,2,1009.2,4.7,90,78,0.0,25.6,0.35
Sabah,5.9788,116.0753,2026-02-04T06:00,23.7,92,28.1,0.0,2,1009.7,4.7,113,72,0.0,25.3,0.35
Sabah,5.9788,116.0753,2026-02-04T07:00,23.7,90,27.8,0.0,1,1010.5,5.3,114,39,9.0,25.0,0.35
Sabah,5.9788,116.0753,2026-02-04T08:00,26.3,83,31.1,0.1,51,1010.9,5.6,174,88,150.0,25.6,0.351
Sabah,5.9788,116.0753,2026-02-04T09:00,27.9,74,32.1,0.0,3,1011.7,7.6,216,94,335.0,26.5,0.35
Sabah,5.9788,116.0753,2026-02-04T10:00,27.9,75,32.7,0.0,3,1012.0,5.4,228,96,475.0,27.6,0.347
Sabah,5.9788,116.0753,2026-02-04T11:00,27.6,78,33.0,0.3,51,1011.7,1.9,163,100,318.0,28.1,0.348
Sabah,5.9788,116.0753,2026-02-04T12:00,27.0,83,32.8,0.9,53,1011.1,0.7,104,94,296.0,28.1,0.357
Sabah,5.9788,116.0753,2026-02-04T13:00,28.4,74,34.2,0.3,51,1010.3,5.6,343,93,711.0,29.1,0.356
Sabah,5.9788,116.0753,2026-02-04T14:00,28.1,73,32.1,0.2,51,1010.0,9.6,23,99,342.0,28.9,0.35
Sabah,5.9788,116.0753,2026-02-04T15:00,26.9,80,30.9,0.3,51,1009.0,10.8,32,100,442.0,29.0,0.351
Sabah,5.9788,116.0753,2026-02-04T16:00,27.1,80,31.4,0.2,51,1008.6,9.2,35,100,344.0,28.8,0.351
Sabah,5.9788,116.0753,2026-02-04T17:00,26.3,84,30.4,0.1,51,1009.1,10.5,29,100,176.0,28.3,0.35
Sabah,5.9788,116.0753,2026-02-04T18:00,25.8,87,30.5,0.0,3,1009.4,7.0,32,100,57.0,27.6,0.35
Sabah,5.9788,116.0753,2026-02-04T19:00,25.4,90,29.9,0.2,51,1010.1,9.0,30,100,4.0,27.0,0.351
Sabah,5.9788,116.0753,2026-02-04T20:00,25.6,89,30.0,0.0,3,1011.0,9.6,53,100,0.0,27.9,0.335
Sabah,5.9788,116.0753,2026-02-04T21:00,25.2,89,28.8,0.2,51,1011.6,14.4,49,100,0.0,27.1,0.337
Sabah,5.9788,116.0753,2026-02-04T22:00,24.7,89,28.7,0.4,51,1011.7,9.9,61,100,0.0,26.4,0.341
Sabah,5.9788,116.0753,2026-02-04T23:00,24.6,91,29.5,0.1,51,1011.0,4.1,61,100,0.0,25.9,0.342
Sabah,5.9788,116.0753,2026-02-05T00:00,24.1,94,29.6,0.0,3,1011.1,0.2,90,100,0.0,25.6,0.342
Sabah,5.9788,116.0753,2026-02-05T01:00,24.0,94,28.8,0.0,3,1011.0,4.6,141,81,0.0,25.3,0.343
Sabah,5.9788,116.0753,2026-02-05T02:00,24.3,93,28.8,0.6,53,1010.4,7.0,148,80,0.0,25.8,0.343
Sabah,5.9788,116.0753,2026-02-05T03:00,24.2,94,28.8,0.2,51,1009.6,6.1,156,80,0.0,25.4,0.346
Sabah,5.9788,116.0753,2026-02-05T04:00,24.4,92,29.4,0.1,51,1009.6,3.3,171,73,0.0,25.2,0.347
Sabah,5.9788,116.0753,2026-02-05T05:00,24.6,89,29.7,0.1,51,1009.9,1.6,174,99,0.0,25.0,0.348
Sabah,5.9788,116.0753,2026-02-05T06:00,24.7,88,29.9,0.2,51,1010.4,0.7,194,100,0.0,24.9,0.35
Sabah,5.9788,116.0753,2026-02-05T07:00,25.0,87,30.3,0.1,51,1011.2,0.0,270,100,4.0,24.9,0.351
Sabah,5.9788,116.0753,2026-02-05T08:00,25.8,87,30.8,0.0,3,1011.9,4.8,68,91,77.0,25.5,0.479
Sabah,5.9788,116.0753,2026-02-05T09:00,27.0,79,32.1,0.0,1,1012.1,2.7,118,47,332.0,26.3,0.476
Sabah,5.9788,116.0753,2026-02-05T10:00,28.1,74,33.5,0.0,2,1012.5,1.6,174,54,575.0,27.7,0.471
Sabah,5.9788,116.0753,2026-02-05T11:00,28.8,71,34.6,0.0,0,1012.1,4.0,260,9,704.0,28.9,0.466
Sabah,5.9788,116.0753,2026-02-05T12:00,29.2,71,35.3,0.1,51,1011.4,9.7,289,40,886.0,30.0,0.46
Sabah,5.9788,116.0753,2026-02-05T13:00,28.3,70,33.1,0.7,53,1010.7,9.8,317,55,755.0,30.2,0.462
Sabah,5.9788,116.0753,2026-02-05T14:00,28.3,73,32.9,0.2,51,1009.7,9.9,331,49,668.0,30.2,0.464
Sabah,5.9788,116.0753,2026-02-05T15:00,28.1,73,32.3,0.3,51,1008.9,9.8,355,100,619.0,30.2,0.462
Sabah,5.9788,116.0753,2026-02-05T16:00,28.2,70,31.6,0.1,51,1009.2,10.6,360,100,472.0,29.9,0.458
Sabah,5.9788,116.0753,2026-02-05T17:00,27.6,72,31.0,0.0,3,1009.4,11.2,12,100,233.0,29.3,0.456
Sabah,5.9788,116.0753,2026-02-05T18:00,26.9,78,30.7,0.0,3,1009.6,10.5,22,100,115.0,28.5,0.454
Sabah,5.9788,116.0753,2026-02-05T19:00,26.2,80,30.0,0.0,3,1010.3,9.6,28,100,6.0,27.7,0.453
Sabah,5.9788,116.0753,2026-02-05T20:00,25.9,85,30.1,0.0,3,1011.0,9.0,46,100,0.0,27.5,0.445
Sabah,5.9788,116.0753,2026-02-05T21:00,25.6,86,30.0,0.0,3,1011.5,7.6,59,100,0.0,26.9,0.445
Sabah,5.9788,116.0753,2026-02-05T22:00,25.3,87,29.4,0.0,3,1011.8,9.0,53,100,0.0,26.4,0.444
Sabah,5.9788,116.0753,2026-02-05T23:00,25.0,87,29.0,0.0,3,1011.8,9.1,54,100,0.0,26.0,0.444
Sabah,5.9788,116.0753,2026-02-06T00:00,25.0,86,28.8,0.0,3,1011.6,9.1,58,100,0.0,25.7,0.443
Sabah,5.9788,116.0753,2026-02-06T01:00,24.9,85,28.5,0.0,3,1011.1,9.5,53,100,0.0,25.5,0.443
Sabah,5.9788,116.0753,2026-02-06T02:00,24.9,86,28.9,0.0,3,1010.2,8.0,59,100,0.0,25.6,0.446
Sabah,5.9788,116.0753,2026-02-06T03:00,24.5,88,28.4,0.0,3,1009.8,7.8,67,100,0.0,25.3,0.446
Sabah,5.9788,116.0753,2026-02-06T04:00,24.3,89,28.3,0.0,3,1009.6,7.3,60,100,0.0,25.0,0.445
Sabah,5.9788,116.0753,2026-02-06T05:00,24.0,89,28.1,0.0,3,1009.8,5.9,67,100,0.0,24.8,0.445
Sabah,5.9788,116.0753,2026-02-06T06:00,23.5,90,27.5,0.0,3,1010.1,4.9,86,100,0.0,24.6,0.445
Sabah,5.9788,116.0753,2026-02-06T07:00,23.1,90,27.2,0.0,3,1010.8,2.6,106,99,8.0,24.4,0.444
Sabah,5.9788,116.0753,2026-02-06T08:00,25.8,81,30.4,0.0,3,1011.3,3.1,103,100,154.0,25.2,0.441
Sabah,5.9788,116.0753,2026-02-06T09:00,27.6,71,32.0,0.0,3,1012.0,2.6,34,98,391.0,26.4,0.439
Sabah,5.9788,116.0753,2026-02-06T10:00,28.5,68,33.0,0.0,3,1011.9,5.6,6,99,618.0,27.7,0.435
Sabah,5.9788,116.0753,2026-02-06T11:00,29.3,65,34.4,0.0,3,1011.2,6.7,324,99,750.0,28.9,0.43
Sabah,5.9788,116.0753,2026-02-06T12:00,29.2,67,34.9,0.1,51,1010.2,10.5,309,100,903.0,29.9,0.425
Sabah,5.9788,116.0753,2026-02-06T13:00,28.6,71,33.9,0.3,51,1009.7,11.1,316,100,830.0,30.4,0.423
Sabah,5.9788,116.0753,2026-02-06T14:00,28.0,72,32.4,0.0,3,1008.9,8.7,302,100,630.0,30.4,0.419
Sabah,5.9788,116.0753,2026-02-06T15:00,27.8,68,31.4,0.0,3,1008.0,6.3,333,100,383.0,30.0,0.417
Sabah,5.9788,116.0753,2026-02-06T16:00,27.8,69,31.7,0.0,3,1007.8,5.6,343,100,482.0,29.9,0.413
Sabah,5.9788,116.0753,2026-02-06T17:00,27.3,72,31.4,0.0,3,1007.9,4.9,2,92,255.0,29.3,0.411
Sabah,5.9788,116.0753,2026-02-06T18:00,26.7,78,31.4,0.0,3,1008.6,3.6,18,91,142.0,28.6,0.41
Sabah,5.9788,116.0753,2026-02-06T19:00,26.0,85,31.2,0.0,3,1009.6,2.8,349,98,6.0,27.8,0.41
Sabah,5.9788,116.0753,2026-02-06T20:00,26.2,85,30.8,0.0,3,1010.0,8.2,33,91,0.0,27.5,0.414
Sabah,5.9788,116.0753,2026-02-06T21:00,25.9,87,30.9,0.0,3,1010.7,5.3,66,98,0.0,26.9,0.414
Sabah,5.9788,116.0753,2026-02-06T22:00,25.6,87,30.6,0.0,1,1011.3,4.4,78,48,0.0,26.5,0.414
Sabah,5.9788,116.0753,2026-02-06T23:00,25.0,87,30.0,0.0,1,1011.2,2.2,95,27,0.0,26.0,0.413
Sabah,5.9788,116.0753,2026-02-07T00:00,24.1,88,28.7,0.1,51,1011.2,2.4,138,45,0.0,25.5,0.414
Sabah,5.9788,116.0753,2026-02-07T01:00,23.4,91,27.1,0.2,51,1010.9,7.8,161,59,0.0,25.1,0.417
Sabah,5.9788,116.0753,2026-02-07T02:00,23.5,94,28.3,1.1,55,1010.6,2.6,164,72,0.0,24.7,0.429
Sabah,5.9788,116.0753,2026-02-07T03:00,23.8,92,28.1,0.1,51,1009.9,5.3,152,67,0.0,24.7,0.431
Sabah,5.9788,116.0753,2026-02-07T04:00,23.2,95,27.3,0.1,51,1009.8,6.8,122,55,0.0,24.4,0.432
Sabah,5.9788,116.0753,2026-02-07T05:00,22.7,95,26.6,0.2,51,1010.3,6.9,113,84,0.0,24.2,0.434
Sabah,5.9788,116.0753,2026-02-07T06:00,22.6,94,26.5,0.0,3,1010.5,5.3,118,100,0.0,23.9,0.434
Sabah,5.9788,116.0753,2026-02-07T07:00,22.8,91,26.6,0.2,51,1011.4,4.8,119,100,7.0,23.8,0.436
Sabah,5.9788,116.0753,2026-02-07T08:00,25.1,82,28.6,0.3,51,1011.7,8.6,151,75,112.0,24.1,0.437
Sabah,5.9788,116.0753,2026-02-07T09:00,26.4,78,30.4,0.0,0,1012.3,7.4,166,13,390.0,25.2,0.435
Sabah,5.9788,116.0753,2026-02-07T10:00,27.5,73,32.3,0.0,1,1012.4,5.0,182,20,624.0,26.7,0.431
Sabah,5.9788,116.0753,2026-02-07T11:00,28.3,69,34.0,0.1,51,1012.2,5.0,221,54,787.0,28.2,0.427
Sabah,5.9788,116.0753,2026-02-07T12:00,28.7,67,34.8,0.1,51,1011.5,6.7,256,91,913.0,29.4,0.421
Sabah,5.9788,116.0753,2026-02-07T13:00,29.0,67,35.0,0.0,3,1010.6,8.5,276,100,931.0,30.3,0.416
Sabah,5.9788,116.0753,2026-02-07T14:00,28.6,67,33.9,0.1,51,1009.4,9.9,279,100,883.0,30.8,0.421
Sabah,5.9788,116.0753,2026-02-07T15:00,27.7,71,31.4,0.0,3,1009.0,8.1,273,100,534.0,30.4,0.417
Sabah,5.9788,116.0753,2026-02-07T16:00,27.3,72,31.3,0.0,3,1008.7,5.4,274,100,387.0,29.9,0.414
Sabah,5.9788,116.0753,2026-02-07T17:00,26.8,74,31.1,0.0,3,1008.6,3.4,252,100,223.0,29.3,0.412
Sabah,5.9788,116.0753,2026-02-07T18:00,26.4,77,31.1,0.0,3,1009.1,1.4,157,100,88.0,28.5,0.412
Sabah,5.9788,116.0753,2026-02-07T19:00,25.8,84,31.0,0.0,3,1009.7,1.3,98,100,6.0,27.6,0.412
Sabah,5.9788,116.0753,2026-02-07T20:00,25.2,88,30.4,0.0,3,1010.2,2.4,81,98,0.0,27.0,0.41
Sabah,5.9788,116.0753,2026-02-07T21:00,24.7,90,29.6,0.0,3,1010.9,3.8,98,98,0.0,26.3,0.41
Sabah,5.9788,116.0753,2026-02-07T22:00,24.5,91,29.2,0.0,2,1011.3,4.9,96,78,0.0,25.9,0.41
Sabah,5.9788,116.0753,2026-02-07T23:00,23.8,90,28.0,0.0,2,1011.3,5.3,100,75,0.0,25.4,0.41
Sabah,5.9788,116.0753,2026-02-08T00:00,23.0,89,26.5,0.0,3,1010.8,6.3,103,97,0.0,25.0,0.41
Sabah,5.9788,116.0753,2026-02-08T01:00,22.7,87,25.8,0.0,3,1010.5,7.1,105,100,0.0,24.6,0.41
Sabah,5.9788,116.0753,2026-02-08T02:00,23.2,86,26.2,0.0,3,1009.9,8.4,106,97,0.0,23.9,0.42
Sabah,5.9788,116.0753,2026-02-08T03:00,22.8,88,25.9,0.0,3,1009.0,7.5,111,98,0.0,23.8,0.42
Sabah,5.9788,116.0753,2026-02-08T04:00,21.9,91,24.8,0.0,3,1009.0,8.2,112,100,0.0,23.6,0.42
Sabah,5.9788,116.0753,2026-02-08T05:00,21.7,91,24.7,0.0,3,1009.1,6.2,107,93,0.0,23.3,0.419
Sabah,5.9788,116.0753,2026-02-08T06:00,21.7,90,24.7,0.0,2,1009.6,4.9,107,72,0.0,23.1,0.419
Sabah,5.9788,116.0753,2026-02-08T07:00,21.9,88,25.0,0.0,2,1010.7,4.4,102,62,10.0,22.9,0.419
Sabah,5.9788,116.0753,2026-02-08T08:00,25.8,78,29.5,0.0,0,1011.3,7.0,100,1,165.0,23.2,0.417
Sabah,5.9788,116.0753,2026-02-08T09:00,27.7,64,31.1,0.0,1,1011.9,3.6,72,33,412.0,24.8,0.415
Sabah,5.9788,116.0753,2026-02-08T10:00,28.4,62,32.9,0.0,2,1012.0,1.8,336,72,641.0,26.5,0.411
Sabah,5.9788,116.0753,2026-02-08T11:00,28.8,63,34.2,0.0,2,1011.7,4.2,280,53,813.0,28.2,0.406
Sabah,5.9788,116.0753,2026-02-08T12:00,29.1,62,35.0,0.0,3,1010.8,5.8,290,93,932.0,29.4,0.4
Sabah,5.9788,116.0753,2026-02-08T13:00,29.5,61,35.3,0.0,3,1010.2,7.7,291,91,980.0,30.4,0.394
Sabah,5.9788,116.0753,2026-02-08T14:00,28.8,63,34.1,0.0,3,1009.4,9.6,284,100,942.0,30.9,0.39
Sabah,5.9788,116.0753,2026-02-08T15:00,28.6,63,33.3,0.0,3,1008.6,8.3,276,99,823.0,31.0,0.385
Sabah,5.9788,116.0753,2026-02-08T16:00,28.3,63,32.1,0.0,3,1008.6,6.8,281,100,650.0,30.8,0.381
Sabah,5.9788,116.0753,2026-02-08T17:00,27.6,64,30.7,0.0,3,1009.0,6.2,296,100,397.0,30.1,0.378
Sabah,5.9788,116.0753,2026-02-08T18:00,26.8,73,31.1,0.0,3,1009.7,1.7,328,100,138.0,29.0,0.377
Sabah,5.9788,116.0753,2026-02-08T19:00,25.9,76,30.3,0.0,3,1010.4,1.3,106,100,8.0,27.8,0.378
Sabah,5.9788,116.0753,2026-02-08T20:00,25.0,83,28.9,0.0,3,1010.4,6.6,111,100,0.0,27.3,0.376
Sabah,5.9788,116.0753,2026-02-08T21:00,23.7,86,26.9,0.0,3,1011.0,8.3,108,100,0.0,26.4,0.377
Sabah,5.9788,116.0753,2026-02-08T22:00,22.9,87,26.2,0.0,3,1011.0,6.0,106,100,0.0,25.7,0.377
Sabah,5.9788,116.0753,2026-02-08T23:00,22.9,83,25.8,0.0,3,1011.0,6.2,116,100,0.0,25.0,0.377
Sabah,5.9788,116.0753,2026-02-09T00:00,23.0,81,25.7,0.0,3,1010.9,6.0,111,100,0.0,24.5,0.377
Sabah,5.9788,116.0753,2026-02-09T01:00,22.6,82,25.2,0.0,3,1010.3,6.4,112,90,0.0,24.1,0.377
Sabah,5.9788,116.0753,2026-02-09T02:00,22.6,81,25.3,0.0,3,1009.7,5.6,115,94,0.0,23.0,0.38
Sabah,5.9788,116.0753,2026-02-09T03:00,22.2,82,24.8,0.0,3,1009.1,5.0,116,92,0.0,22.9,0.38
Sabah,5.9788,116.0753,2026-02-09T04:00,21.9,83,24.6,0.0,1,1009.0,3.9,112,21,0.0,22.8,0.38
Sabah,5.9788,116.0753,2026-02-09T05:00,21.4,84,24.0,0.0,2,1008.9,4.0,117,60,0.0,22.6,0.38
Sabah,5.9788,116.0753,2026-02-09T06:00,21.2,83,23.7,0.0,2,1009.0,4.0,111,78,0.0,22.4,0.38
Sabah,5.9788,116.0753,2026-02-09T07:00,21.3,82,23.9,0.0,3,1009.3,2.4,107,100,10.0,22.2,0.381
Sabah,5.9788,116.0753,2026-02-09T08:00,24.1,82,28.2,0.0,3,1009.8,0.9,90,100,161.0,22.4,0.383
Sabah,5.9788,116.0753,2026-02-09T09:00,26.4,72,30.4,0.0,3,1010.4,2.6,295,90,297.0,23.9,0.382
Sabah,5.9788,116.0753,2026-02-09T10:00,27.5,71,31.9,0.0,0,1010.7,3.1,273,2,570.0,25.8,0.379
Sabah,5.9788,116.0753,2026-02-09T11:00,28.4,68,34.2,0.0,0,1010.2,5.4,291,5,817.0,27.6,0.375
Sabah,5.9788,116.0753,2026-02-09T12:00,29.0,68,35.7,0.0,0,1009.5,6.5,294,14,943.0,29.1,0.37
Sabah,5.9788,116.0753,2026-02-09T13:00,29.1,67,35.1,0.0,0,1008.7,7.5,285,18,878.0,30.0,0.365
Sabah,5.9788,116.0753,2026-02-09T14:00,29.5,65,35.3,0.0,0,1007.1,6.1,270,18,810.0,30.6,0.358
Sabah,5.9788,116.0753,2026-02-09T15:00,29.3,66,34.7,0.0,1,1006.4,6.3,267,28,731.0,30.9,0.354
Sabah,5.9788,116.0753,2026-02-09T16:00,28.8,69,33.1,0.0,2,1006.5,6.4,297,51,545.0,30.7,0.35
Sabah,5.9788,116.0753,2026-02-09T17:00,28.3,72,32.8,0.0,2,1007.1,5.9,308,69,308.0,30.1,0.349
Sabah,5.9788,116.0753,2026-02-09T18:00,27.6,76,32.5,0.0,3,1007.8,4.4,330,98,133.0,29.3,0.348
Sabah,5.9788,116.0753,2026-02-09T19:00,26.7,82,31.5,0.0,3,1008.8,5.6,2,99,7.0,28.2,0.348
Sabah,5.9788,116.0753,2026-02-09T20:00,27.1,82,32.2,0.0,2,1009.5,5.6,48,67,0.0,28.2,0.347
Sabah,5.9788,116.0753,2026-02-09T21:00,26.7,85,32.2,0.1,51,1010.4,3.9,77,94,0.0,27.6,0.349
Sabah,5.9788,116.0753,2026-02-09T22:00,26.4,87,32.0,0.1,51,1011.3,3.8,11,98,0.0,27.1,0.35
Sabah,5.9788,116.0753,2026-02-09T23:00,25.9,89,31.3,0.2,51,1011.2,4.7,47,100,0.0,26.7,0.353
Sabah,5.9788,116.0753,2026-02-10T00:00,25.1,92,30.9,1.9,61,1011.0,1.3,146,100,0.0,26.2,0.378
Sabah,5.9788,116.0753,2026-02-10T01:00,24.4,97,29.9,8.1,65,1010.9,3.8,188,100,0.0,25.8,0.491
Sabah,5.9788,116.0753,2026-02-10T02:00,24.2,92,28.2,2.6,63,1009.8,9.3,71,100,0.0,27.1,0.495
Sabah,5.9788,116.0753,2026-02-10T03:00,24.4,94,29.6,0.0,3,1009.4,3.6,162,97,0.0,26.3,0.491
Sabah,5.9788,116.0753,2026-02-10T04:00,24.1,95,29.7,0.0,3,1009.5,0.6,124,98,0.0,25.8,0.488
Sabah,5.9788,116.0753,2026-02-10T05:00,23.8,95,28.3,0.0,2,1010.2,7.3,171,59,0.0,25.3,0.485
Sabah,5.9788,116.0753,2026-02-10T06:00,23.9,96,28.8,0.0,0,1010.4,4.0,188,6,0.0,25.0,0.482
Sabah,5.9788,116.0753,2026-02-10T07:00,24.0,94,29.4,0.0,0,1010.7,0.6,124,5,10.0,24.8,0.48
Sabah,5.9788,116.0753,2026-02-10T08:00,26.3,83,31.5,0.0,0,1011.0,1.9,119,11,166.0,25.3,0.35
Sabah,5.9788,116.0753,2026-02-10T09:00,27.5,78,33.0,0.0,0,1011.0,1.9,292,2,401.0,26.6,0.349
Sabah,5.9788,116.0753,2026-02-10T10:00,28.7,75,34.7,0.0,0,1010.7,3.3,283,5,636.0,28.1,0.346
Sabah,5.9788,116.0753,2026-02-10T11:00,29.5,72,36.1,0.0,1,1010.4,6.0,291,25,781.0,29.5,0.342
Sabah,5.9788,116.0753,2026-02-10T12:00,29.7,72,36.9,0.0,3,1009.8,5.6,312,98,847.0,30.6,0.338
Sabah,5.9788,116.0753,2026-02-10T13:00,29.1,76,35.6,0.2,51,1009.4,3.0,303,99,634.0,31.0,0.337
Sabah,5.9788,116.0753,2026-02-10T14:00,28.7,80,36.3,0.6,53,1009.0,4.0,360,100,766.0,31.5,0.336
Sabah,5.9788,116.0753,2026-02-10T15:00,27.1,86,32.1,1.9,61,1008.4,10.1,96,99,357.0,30.4,0.358
Sabah,5.9788,116.0753,2026-02-10T16:00,28.1,79,33.4,0.1,51,1008.2,5.1,135,99,482.0,30.3,0.357
Sabah,5.9788,116.0753,2026-02-10T17:00,27.0,84,31.7,0.3,51,1009.5,9.7,161,99,197.0,29.6,0.359
Sabah,5.9788,116.0753,2026-02-10T18:00,25.9,93,31.0,0.9,53,1009.9,9.3,151,98,72.0,28.4,0.369
Sabah,5.9788,116.0753,2026-02-10T19:00,25.5,95,31.1,0.2,51,1010.4,5.5,63,92,6.0,27.5,0.371
Sabah,5.9788,116.0753,2026-02-10T20:00,25.4,97,31.5,0.0,3,1011.4,3.2,90,100,0.0,28.0,0.393
Sabah,5.9788,116.0753,2026-02-10T21:00,25.3,99,31.3,0.0,3,1011.9,5.1,48,100,0.0,27.2,0.393
Sabah,5.9788,116.0753,2026-02-10T22:00,25.0,98,30.9,0.2,51,1012.0,4.7,40,100,0.0,26.6,0.396
Sabah,5.9788,116.0753,2026-02-10T23:00,25.0,95,30.5,0.1,51,1012.3,4.6,103,100,0.0,26.2,0.397
Sabah,5.9788,116.0753,2026-02-11T00:00,24.8,96,30.3,0.0,3,1011.7,4.3,182,88,0.0,25.9,0.397
Sabah,5.9788,116.0753,2026-02-11T01:00,24.2,96,29.7,4.0,63,1011.9,1.2,117,100,0.0,25.5,0.453
Sabah,5.9788,116.0753,2026-02-11T02:00,24.6,96,30.4,1.5,61,1011.7,0.8,135,100,0.0,26.1,0.43
Sabah,5.9788,116.0753,2026-02-11T03:00,24.1,96,29.8,0.0,3,1011.3,0.6,108,100,0.0,25.7,0.43
Sabah,5.9788,116.0753,2026-02-11T04:00,23.9,97,29.3,0.0,3,1011.1,2.8,117,99,0.0,25.3,0.43
Sabah,5.9788,116.0753,2026-02-11T05:00,23.6,96,28.9,0.0,3,1011.1,1.5,111,99,0.0,25.0,0.43
Sabah,5.9788,116.0753,2026-02-11T06:00,23.5,93,28.5,0.0,3,1011.3,0.5,90,100,0.0,24.7,0.43
Sabah,5.9788,116.0753,2026-02-11T07:00,24.1,88,28.8,0.0,3,1011.9,1.5,111,100,8.0,24.5,0.43
Sabah,5.9788,116.0753,2026-02-11T08:00,25.1,97,31.5,0.0,3,1013.0,1.2,117,98,125.0,24.4,0.407
Sabah,5.9788,116.0753,2026-02-11T09:00,26.7,82,32.2,0.0,3,1013.6,1.1,72,97,300.0,25.7,0.406
Sabah,5.9788,116.0753,2026-02-11T10:00,28.1,75,33.5,0.0,3,1014.0,2.3,72,95,562.0,27.2,0.403
Sabah,5.9788,116.0753,2026-02-11T11:00,28.8,70,33.8,0.0,3,1012.9,2.9,30,91,562.0,28.3,0.399
Sabah,5.9788,116.0753,2026-02-11T12:00,29.8,66,35.1,0.1,51,1012.1,6.7,2,95,702.0,29.4,0.395
Sabah,5.9788,116.0753,2026-02-11T13:00,29.2,67,32.7,0.1,51,1011.1,11.0,358,98,525.0,29.6,0.393
Sabah,5.9788,116.0753,2026-02-11T14:00,29.2,70,33.4,0.3,51,1010.8,9.0,5,100,497.0,29.5,0.385
Sabah,5.9788,116.0753,2026-02-11T15:00,28.3,75,32.6,0.1,51,1009.9,9.8,8,100,404.0,29.4,0.384
Sabah,5.9788,116.0753,2026-02-11T16:00,27.9,79,32.9,0.2,51,1009.5,7.2,3,99,347.0,29.3,0.383
Sabah,5.9788,116.0753,2026-02-11T17:00,28.0,78,33.1,0.1,51,1009.2,5.8,9,100,360.0,29.2,0.382
Sabah,5.9788,116.0753,2026-02-11T18:00,27.1,82,31.8,0.0,3,1009.4,8.8,2,100,124.0,28.6,0.381
Sabah,5.9788,116.0753,2026-02-11T19:00,26.4,87,30.8,0.0,3,1010.2,11.8,11,91,6.0,27.8,0.381
Sabah,5.9788,116.0753,2026-02-11T20:00,25.7,92,30.7,0.0,3,1010.8,9.0,35,100,0.0,27.4,0.383
Sabah,5.9788,116.0753,2026-02-11T21:00,25.6,92,30.5,0.0,3,1011.2,8.7,37,100,0.0,26.8,0.383
Sabah,5.9788,116.0753,2026-02-11T22:00,25.3,91,30.0,0.0,3,1011.6,8.9,48,91,0.0,26.4,0.383
Sabah,5.9788,116.0753,2026-02-11T23:00,24.9,92,29.7,0.0,3,1011.3,6.9,62,98,0.0,26.0,0.383
Sabah,5.9788,116.0753,2026-02-12T00:00,24.6,92,29.3,0.0,3,1011.1,6.3,63,80,0.0,25.6,0.383
Sabah,5.9788,116.0753,2026-02-12T01:00,24.5,92,29.2,0.0,3,1010.3,5.8,68,96,0.0,25.4,0.383
Sabah,5.9788,116.0753,2026-02-12T02:00,24.5,93,29.3,0.0,3,1009.5,5.6,68,100,0.0,25.9,0.384
Sabah,5.9788,116.0753,2026-02-12T03:00,24.1,92,28.7,0.0,3,1009.0,5.5,79,100,0.0,25.5,0.384
Sabah,5.9788,116.0753,2026-02-12T04:00,24.2,90,29.1,0.0,3,1008.9,2.3,90,100,0.0,25.1,0.384
Sabah,5.9788,116.0753,2026-02-12T05:00,23.9,91,28.5,0.0,3,1008.7,3.3,96,100,0.0,24.9,0.384
Sabah,5.9788,116.0753,2026-02-12T06:00,23.5,91,28.3,0.0,3,1008.7,0.7,104,99,0.0,24.6,0.384
Sabah,5.9788,116.0753,2026-02-12T07:00,23.9,89,28.6,0.0,3,1009.4,1.6,117,100,10.0,24.5,0.384
Sabah,5.9788,116.0753,2026-02-12T08:00,26.0,89,31.9,0.0,3,1010.1,1.7,198,100,150.0,25.4,0.383
Sabah,5.9788,116.0753,2026-02-12T09:00,27.6,77,32.7,0.0,3,1010.6,2.9,223,100,383.0,26.6,0.381
Sabah,5.9788,116.0753,2026-02-12T10:00,28.6,72,33.7,0.0,3,1010.8,4.8,236,100,596.0,28.0,0.378
Sabah,5.9788,116.0753,2026-02-12T11:00,29.3,69,35.1,0.0,3,1010.3,6.6,261,100,771.0,29.2,0.373
Sabah,5.9788,116.0753,2026-02-12T12:00,29.0,71,35.4,0.0,3,1009.3,5.3,260,99,811.0,30.2,0.368
Sabah,5.9788,116.0753,2026-02-12T13:00,28.8,72,34.4,0.0,3,1008.4,2.3,266,100,607.0,30.6,0.364
Sabah,5.9788,116.0753,2026-02-12T14:00,29.2,71,34.7,0.2,51,1008.3,2.0,27,100,573.0,30.8,0.363
Sabah,5.9788,116.0753,2026-02-12T15:00,27.6,82,32.4,1.6,61,1007.5,9.4,66,100,258.0,29.9,0.381
Sabah,5.9788,116.0753,2026-02-12T16:00,27.4,82,32.1,0.1,51,1006.8,9.3,25,100,258.0,29.3,0.381
Sabah,5.9788,116.0753,2026-02-12T17:00,27.7,80,32.8,0.0,3,1006.9,6.5,42,100,249.0,29.0,0.379
Sabah,5.9788,116.0753,2026-02-12T18:00,26.8,85,32.1,0.1,51,1007.3,5.0,41,100,90.0,28.4,0.379
Sabah,5.9788,116.0753,2026-02-12T19:00,25.9,91,32.0,0.0,3,1008.0,1.9,68,100,6.0,27.6,0.379
Sabah,5.9788,116.0753,2026-02-12T20:00,26.0,92,32.2,0.0,3,1008.6,1.6,96,100,0.0,28.6,0.358
Sabah,5.9788,116.0753,2026-02-12T21:00,26.0,92,31.5,0.0,3,1009.4,6.4,151,100,0.0,27.8,0.359
Sabah,5.9788,116.0753,2026-02-12T22:00,25.7,90,30.6,0.0,3,1009.7,8.1,176,100,0.0,27.2,0.359
Sabah,5.9788,116.0753,2026-02-12T23:00,25.4,90,31.0,0.2,51,1009.8,1.6,63,100,0.0,26.7,0.361
Sabah,5.9788,116.0753,2026-02-13T00:00,25.0,93,30.7,0.1,51,1009.4,2.0,95,100,0.0,26.3,0.361
Sabah,5.9788,116.0753,2026-02-13T01:00,24.9,93,30.7,0.0,3,1008.5,0.3,135,100,0.0,25.9,0.362
Sabah,5.9788,116.0753,2026-02-13T02:00,24.9,91,29.6,0.1,51,1007.9,6.3,88,100,0.0,27.2,0.362
Sabah,5.9788,116.0753,2026-02-13T03:00,24.0,99,29.4,3.5,63,1007.7,3.9,74,100,0.0,26.3,0.409
Sabah,5.9788,116.0753,2026-02-13T04:00,24.1,96,28.9,0.2,51,1007.1,7.1,49,100,0.0,25.8,0.411
Sabah,5.9788,116.0753,2026-02-13T05:00,23.8,96,28.5,0.1,51,1007.7,5.3,33,100,0.0,25.3,0.412
Sabah,5.9788,116.0753,2026-02-13T06:00,23.6,97,28.2,0.1,51,1008.1,6.6,99,100,0.0,25.0,0.413
Sabah,5.9788,116.0753,2026-02-13T07:00,23.6,97,28.8,0.1,51,1008.0,2.8,101,100,5.0,24.8,0.414
Sabah,5.9788,116.0753,2026-02-13T08:00,25.2,92,30.6,0.0,3,1009.0,4.2,275,100,96.0,25.8,0.363
Sabah,5.9788,116.0753,2026-02-13T09:00,25.8,89,31.6,0.1,51,1009.5,1.5,144,100,293.0,26.3,0.364
Sabah,5.9788,116.0753,2026-02-13T10:00,27.0,85,32.6,0.0,3,1009.5,4.2,310,100,536.0,27.5,0.362
Sabah,5.9788,116.0753,2026-02-13T11:00,27.0,84,32.9,0.2,51,1009.4,5.2,272,96,641.0,28.6,0.36
Sabah,5.9788,116.0753,2026-02-13T12:00,26.6,85,31.7,2.1,61,1008.8,6.1,182,100,501.0,28.7,0.382
Sabah,5.9788,116.0753,2026-02-13T13:00,26.3,87,31.7,1.9,61,1008.4,4.8,135,100,323.0,28.0,0.405
Sabah,5.9788,116.0753,2026-02-13T14:00,26.2,87,31.9,0.4,51,1007.3,2.3,184,100,262.0,27.7,0.438
Sabah,5.9788,116.0753,2026-02-13T15:00,27.0,82,32.2,0.1,51,1006.8,4.4,171,100,463.0,28.2,0.436
Sabah,5.9788,116.0753,2026-02-13T16:00,26.4,84,31.0,0.2,51,1006.7,8.2,166,100,173.0,27.9,0.436
Sabah,5.9788,116.0753,2026-02-13T17:00,26.3,84,31.2,0.1,51,1006.8,5.2,153,100,141.0,27.5,0.436
Sabah,5.9788,116.0753,2026-02-13T18:00,26.2,86,31.4,0.0,3,1007.5,4.2,144,100,111.0,27.2,0.435
Sabah,5.9788,116.0753,2026-02-13T19:00,25.6,90,31.4,0.0,3,1007.9,1.9,163,100,5.0,26.7,0.434
Sabah,5.9788,116.0753,2026-02-13T20:00,25.1,93,30.7,0.0,3,1008.2,2.4,73,100,0.0,26.8,0.387
Sabah,5.9788,116.0753,2026-02-13T21:00,24.9,93,30.3,0.0,3,1009.1,3.3,41,100,0.0,26.3,0.388
Sabah,5.9788,116.0753,2026-02-13T22:00,24.9,91,30.2,0.0,3,1009.8,2.0,85,100,0.0,25.9,0.388
Sabah,5.9788,116.0753,2026-02-13T23:00,24.6,91,29.6,0.5,53,1009.7,3.5,129,100,0.0,25.5,0.394
Sabah,5.9788,116.0753,2026-02-14T00:00,24.2,93,29.0,0.0,3,1009.2,4.2,133,99,0.0,25.1,0.394
Sabah,5.9788,116.0753,2026-02-14T01:00,24.0,92,28.7,0.0,3,1008.9,4.4,153,100,0.0,24.8,0.395
Sabah,5.9788,116.0753,2026-02-14T02:00,24.2,92,28.8,0.1,51,1008.7,4.8,143,100,0.0,25.4,0.391
Sabah,5.9788,116.0753,2026-02-14T03:00,23.8,92,27.9,0.0,3,1008.1,7.5,138,100,0.0,25.0,0.392
Sabah,5.9788,116.0753,2026-02-14T04:00,23.4,95,28.4,0.0,3,1007.9,1.9,124,100,0.0,24.7,0.392
Sabah,5.9788,116.0753,2026-02-14T05:00,23.3,93,27.9,0.0,3,1008.1,3.1,126,100,0.0,24.4,0.392
Sabah,5.9788,116.0753,2026-02-14T06:00,23.3,89,27.4,0.0,3,1008.5,3.8,139,100,0.0,24.1,0.392
Sabah,5.9788,116.0753,2026-02-14T07:00,23.6,89,27.9,0.0,3,1009.1,2.7,118,100,8.0,24.0,0.392
Sabah,5.9788,116.0753,2026-02-14T08:00,24.7,91,29.2,0.0,3,1010.2,6.6,154,100,138.0,24.6,0.469
Sabah,5.9788,116.0753,2026-02-14T09:00,25.7,84,30.5,0.1,51,1010.6,3.7,145,100,230.0,25.2,0.467
Sabah,5.9788,116.0753,2026-02-14T10:00,26.1,84,31.1,0.6,53,1010.8,4.3,242,100,330.0,26.0,0.469
Sabah,5.9788,116.0753,2026-02-14T11:00,26.9,81,31.8,0.1,51,1010.7,5.8,254,100,555.0,27.2,0.466
Sabah,5.9788,116.0753,2026-02-14T12:00,27.2,80,32.3,0.1,51,1010.0,4.6,244,100,522.0,27.9,0.462
Sabah,5.9788,116.0753,2026-02-14T13:00,27.1,78,32.3,0.1,51,1009.1,1.7,347,100,355.0,28.2,0.459
Sabah,5.9788,116.0753,2026-02-14T14:00,26.6,83,31.4,0.5,53,1007.9,7.0,356,100,299.0,28.1,0.458
Sabah,5.9788,116.0753,2026-02-14T15:00,27.1,83,32.3,0.4,51,1007.1,6.3,27,100,420.0,28.2,0.459
Sabah,5.9788,116.0753,2026-02-14T16:00,27.4,83,32.5,0.2,51,1006.8,7.1,47,100,310.0,28.2,0.458
Sabah,5.9788,116.0753,2026-02-14T17:00,26.9,84,31.6,0.0,3,1007.0,9.2,26,100,133.0,27.7,0.456
Sabah,5.9788,116.0753,2026-02-14T18:00,26.2,86,30.5,0.0,3,1007.3,10.8,28,100,57.0,27.2,0.454
Sabah,5.9788,116.0753,2026-02-14T19:00,25.5,87,29.7,0.0,3,1007.7,10.3,36,100,5.0,26.6,0.453
Sabah,5.9788,116.0753,2026-02-14T20:00,25.4,89,30.6,0.0,3,1007.6,4.3,57,100,0.0,26.7,0.449
Sabah,5.9788,116.0753,2026-02-14T21:00,25.5,89,30.4,0.0,3,1008.3,5.7,66,100,0.0,26.2,0.449
Sabah,5.9788,116.0753,2026-02-14T22:00,25.0,91,30.4,0.0,3,1008.0,2.2,95,100,0.0,25.8,0.448
Sabah,5.9788,116.0753,2026-02-14T23:00,24.1,92,28.7,0.0,3,1007.7,5.0,142,88,0.0,25.3,0.447
Sabah,5.9788,116.0753,2026-02-15T00:00,23.8,91,27.6,0.0,0,1007.9,8.1,151,16,0.0,24.9,0.446
Sabah,5.9788,116.0753,2026-02-15T01:00,23.6,88,27.1,0.0,1,1007.2,7.2,153,20,0.0,24.6,0.445
Sabah,5.9788,116.0753,2026-02-15T02:00,23.6,84,26.9,0.0,0,1006.9,6.0,143,7,0.0,24.5,0.446
Sabah,5.9788,116.0753,2026-02-15T03:00,23.4,81,26.4,0.0,3,1006.6,6.5,136,98,0.0,24.1,0.445
Sabah,5.9788,116.0753,2026-02-15T04:00,23.3,80,25.8,0.0,3,1006.8,7.9,135,95,0.0,23.8,0.444
Sabah,5.9788,116.0753,2026-02-15T05:00,23.3,78,25.5,0.0,3,1007.3,8.8,139,89,0.0,23.6,0.443
Sabah,5.9788,116.0753,2026-02-15T06:00,22.9,78,25.0,0.0,1,1007.9,8.1,119,43,0.0,23.4,0.442
Sabah,5.9788,116.0753,2026-02-15T07:00,22.7,78,24.7,0.0,1,1008.4,7.7,101,25,10.0,23.2,0.441
Sabah,5.9788,116.0753,2026-02-15T08:00,25.2,75,28.2,0.0,3,1009.3,6.9,99,82,165.0,24.1,0.436
Sabah,5.9788,116.0753,2026-02-15T09:00,28.0,68,32.3,0.0,3,1009.5,1.7,58,89,369.0,25.4,0.434
Sabah,5.9788,116.0753,2026-02-15T10:00,28.9,74,34.6,0.0,2,1009.7,5.4,312,56,634.0,27.2,0.43
Sabah,5.9788,116.0753,2026-02-15T11:00,29.8,69,36.2,0.1,51,1009.3,6.8,333,66,820.0,28.7,0.425
Sabah,5.9788,116.0753,2026-02-15T12:00,30.1,68,36.3,0.2,51,1008.1,11.6,317,75,909.0,29.8,0.421
Sabah,5.9788,116.0753,2026-02-15T13:00,29.3,74,36.2,0.4,51,1007.5,9.8,287,80,924.0,30.5,0.419
Sabah,5.9788,116.0753,2026-02-15T14:00,29.7,68,35.0,0.1,51,1006.4,10.9,316,95,780.0,30.9,0.411
Sabah,5.9788,116.0753,2026-02-15T15:00,29.5,64,34.5,0.1,51,1005.9,7.1,326,70,730.0,31.1,0.407
Sabah,5.9788,116.0753,2026-02-15T16:00,29.5,61,33.5,0.0,3,1006.0,3.6,33,91,532.0,30.9,0.403
Sabah,5.9788,116.0753,2026-02-15T17:00,28.8,65,32.8,0.0,3,1005.8,4.5,47,98,298.0,30.3,0.4
Sabah,5.9788,116.0753,2026-02-15T18:00,27.7,75,32.4,0.0,3,1006.0,4.4,69,87,158.0,29.4,0.398
Sabah,5.9788,116.0753,2026-02-15T19:00,26.5,81,31.6,0.0,2,1006.5,2.8,145,74,10.0,28.3,0.398
Sabah,5.9788,116.0753,2026-02-15T20:00,26.0,82,30.1,0.0,2,1007.1,7.8,158,58,0.0,28.2,0.399
Sabah,5.9788,116.0753,2026-02-15T21:00,25.6,83,30.0,0.0,3,1007.3,4.9,147,91,0.0,27.3,0.399
Sabah,5.9788,116.0753,2026-02-15T22:00,25.0,84,29.6,0.0,0,1007.6,2.8,125,7,0.0,26.6,0.398
Sabah,5.9788,116.0753,2026-02-15T23:00,24.5,86,29.0,0.0,0,1007.9,2.4,126,15,0.0,26.1,0.398
Sabah,5.9788,116.0753,2026-02-16T00:00,24.1,86,28.4,0.0,1,1008.0,3.3,135,37,0.0,25.6,0.398
Sabah,5.9788,116.0753,2026-02-16T01:00,23.9,86,28.4,0.0,1,1007.4,1.0,112,41,0.0,25.2,0.398
Sabah,5.9788,116.0753,2026-02-16T02:00,24.1,87,28.5,0.0,3,1006.7,2.6,129,96,0.0,25.8,0.397
Sabah,5.9788,116.0753,2026-02-16T03:00,24.0,86,28.1,0.0,3,1006.1,3.2,128,92,0.0,25.3,0.397
Sabah,5.9788,116.0753,2026-02-16T04:00,23.9,86,27.7,0.1,51,1006.5,5.5,134,69,0.0,25.0,0.398
Sabah,5.9788,116.0753,2026-02-16T05:00,23.8,87,27.7,0.1,51,1007.1,4.5,119,36,0.0,24.7,0.398
Sabah,5.9788,116.0753,2026-02-16T06:00,23.6,87,27.7,0.0,3,1007.1,2.6,102,98,0.0,24.4,0.398
Sabah,5.9788,116.0753,2026-02-16T07:00,23.7,86,27.6,0.0,3,1007.9,4.4,83,80,10.0,24.2,0.398
Sabah,5.9788,116.0753,2026-02-16T08:00,27.0,77,31.6,0.0,1,1008.7,4.6,126,40,159.0,25.7,0.395
Sabah,5.9788,116.0753,2026-02-16T09:00,28.7,71,33.8,0.0,1,1009.0,2.6,236,29,387.0,26.9,0.393
Sabah,5.9788,116.0753,2026-02-16T10:00,29.3,71,34.5,0.0,1,1009.0,5.7,259,22,601.0,28.2,0.389
Sabah,5.9788,116.0753,2026-02-16T11:00,29.0,71,35.4,0.0,3,1009.0,3.5,249,88,757.0,29.5,0.384
Sabah,5.9788,116.0753,2026-02-16T12:00,28.7,71,33.3,0.0,3,1008.5,7.1,133,80,583.0,29.9,0.38
Sabah,5.9788,116.0753,2026-02-16T13:00,29.4,71,36.2,0.0,3,1007.8,1.4,293,95,724.0,30.7,0.376
Sabah,5.9788,116.0753,2026-02-16T14:00,29.3,73,34.8,0.1,51,1006.8,6.9,43,99,628.0,31.0,0.373
Sabah,5.9788,116.0753,2026-02-16T15:00,29.0,77,34.7,0.3,51,1005.9,4.8,29,91,538.0,30.9,0.373
Sabah,5.9788,116.0753,2026-02-16T16:00,28.7,78,34.1,0.3,51,1005.9,6.4,63,91,409.0,30.6,0.373
Sabah,5.9788,116.0753,2026-02-16T17:00,28.9,78,34.9,0.0,3,1006.2,3.5,81,100,353.0,30.3,0.371
Sabah,5.9788,116.0753,2026-02-16T18:00,27.9,83,34.3,0.0,3,1006.3,1.6,153,100,99.0,29.6,0.37
Sabah,5.9788,116.0753,2026-02-16T19:00,26.9,90,33.6,0.0,3,1006.8,0.6,146,100,8.0,28.7,0.37
Sabah,5.9788,116.0753,2026-02-16T20:00,26.4,90,32.7,0.0,3,1006.9,1.9,107,80,0.0,28.0,0.37
Sabah,5.9788,116.0753,2026-02-16T21:00,25.9,90,31.7,0.0,2,1007.3,2.2,114,75,0.0,27.3,0.37
Sabah,5.9788,116.0753,2026-02-16T22:00,24.9,91,29.9,0.0,3,1007.8,4.8,135,99,0.0,26.7,0.37
Sabah,5.9788,116.0753,2026-02-16T23:00,24.6,87,28.9,0.0,3,1007.9,5.3,123,84,0.0,26.2,0.37
Sarawak,1.5533,110.3592,2026-01-17T00:00,24.9,86,29.6,0.0,3,1010.0,3.4,273,98,0.0,25.4,0.353
Sarawak,1.5533,110.3592,2026-01-17T01:00,24.5,88,28.9,0.0,3,1009.5,4.3,275,99,0.0,25.1,0.354
Sarawak,1.5533,110.3592,2026-01-17T02:00,24.3,89,28.6,0.0,3,1009.3,5.8,290,93,0.0,25.4,0.354
Sarawak,1.5533,110.3592,2026-01-17T03:00,24.1,91,28.8,0.0,3,1008.8,4.0,280,98,0.0,25.0,0.355
Sarawak,1.5533,110.3592,2026-01-17T04:00,23.8,92,28.3,0.0,3,1008.3,4.4,277,99,0.0,24.8,0.356
Sarawak,1.5533,110.3592,2026-01-17T05:00,22.9,95,27.1,0.0,1,1007.7,4.2,282,32,0.0,24.4,0.356
Sarawak,1.5533,110.3592,2026-01-17T06:00,22.4,95,26.6,0.0,2,1007.8,3.8,270,57,0.0,24.0,0.357
Sarawak,1.5533,110.3592,2026-01-17T07:00,22.4,95,26.4,0.0,3,1008.2,4.2,277,82,1.0,23.6,0.358
Sarawak,1.5533,110.3592,2026-01-17T08:00,24.1,91,29.0,0.0,3,1008.8,3.3,264,98,108.0,24.0,0.358
Sarawak,1.5533,110.3592,2026-01-17T09:00,26.7,77,31.0,0.0,3,1009.5,5.6,331,97,338.0,25.3,0.357
Sarawak,1.5533,110.3592,2026-01-17T10:00,28.0,69,31.3,0.0,3,1009.6,10.2,346,99,554.0,26.5,0.355
Sarawak,1.5533,110.3592,2026-01-17T11:00,28.4,66,31.9,0.0,3,1009.5,12.7,349,84,679.0,27.5,0.352
Sarawak,1.5533,110.3592,2026-01-17T12:00,28.8,64,32.6,0.0,3,1009.0,13.6,349,87,794.0,28.4,0.348
Sarawak,1.5533,110.3592,2026-01-17T13:00,29.1,62,33.4,0.0,3,1008.2,14.4,345,95,910.0,29.1,0.344
Sarawak,1.5533,110.3592,2026-01-17T14:00,29.0,61,33.1,0.0,2,1007.3,14.1,354,79,901.0,29.6,0.336
Sarawak,1.5533,110.3592,2026-01-17T15:00,28.9,63,33.0,0.0,3,1006.6,13.2,358,99,842.0,29.9,0.332
Sarawak,1.5533,110.3592,2026-01-17T16:00,28.5,64,31.7,0.0,3,1006.3,12.2,352,98,665.0,29.9,0.329
Sarawak,1.5533,110.3592,2026-01-17T17:00,27.6,67,30.3,0.0,3,1006.0,11.7,346,99,385.0,29.2,0.328
Sarawak,1.5533,110.3592,2026-01-17T18:00,26.8,72,30.0,0.0,2,1006.2,8.1,342,57,205.0,28.4,0.328
Sarawak,1.5533,110.3592,2026-01-17T19:00,25.4,79,29.1,0.0,2,1006.5,6.2,353,67,42.0,27.5,0.329
Sarawak,1.5533,110.3592,2026-01-17T20:00,24.5,83,28.5,0.0,3,1007.4,4.8,340,100,0.0,26.9,0.331
Sarawak,1.5533,110.3592,2026-01-17T21:00,24.5,82,28.4,0.0,3,1008.1,4.5,317,97,0.0,26.1,0.332
Sarawak,1.5533,110.3592,2026-01-17T22:00,24.2,82,27.9,0.0,3,1008.1,4.6,315,100,0.0,25.4,0.333
Sarawak,1.5533,110.3592,2026-01-17T23:00,24.0,83,27.8,0.0,3,1008.2,3.5,279,99,0.0,25.0,0.334
Sarawak,1.5533,110.3592,2026-01-18T00:00,23.6,85,27.7,0.0,3,1008.5,1.6,276,100,0.0,24.5,0.335
Sarawak,1.5533,110.3592,2026-01-18T01:00,23.0,88,26.9,0.0,3,1007.8,3.3,276,98,0.0,24.2,0.336
Sarawak,1.5533,110.3592,2026-01-18T02:00,23.0,89,26.9,0.0,3,1007.4,4.5,284,98,0.0,24.1,0.336
Sarawak,1.5533,110.3592,2026-01-18T03:00,22.8,90,26.6,0.0,3,1006.8,4.3,272,84,0.0,23.9,0.337
Sarawak,1.5533,110.3592,2026-01-18T04:00,22.6,91,26.4,0.0,2,1006.6,4.1,270,63,0.0,23.6,0.338
Sarawak,1.5533,110.3592,2026-01-18T05:00,22.7,90,26.5,0.0,1,1006.6,3.7,305,34,0.0,23.5,0.339
Sarawak,1.5533,110.3592,2026-01-18T06:00,22.6,89,26.3,0.0,0,1006.8,3.7,321,14,0.0,23.2,0.34
Sarawak,1.5533,110.3592,2026-01-18T07:00,22.4,90,25.8,0.0,0,1007.3,5.0,311,0,1.0,23.0,0.34
Sarawak,1.5533,110.3592,2026-01-18T08:00,24.0,87,28.1,0.0,1,1008.0,5.1,293,27,109.0,23.6,0.341
Sarawak,1.5533,110.3592,2026-01-18T09:00,26.9,74,30.8,0.0,1,1008.7,6.3,357,29,341.0,24.9,0.34
Sarawak,1.5533,110.3592,2026-01-18T10:00,28.1,64,30.7,0.0,1,1008.8,11.2,2,35,542.0,26.0,0.338
Sarawak,1.5533,110.3592,2026-01-18T11:00,28.9,60,32.0,0.0,2,1008.8,11.9,2,53,692.0,27.1,0.334
Sarawak,1.5533,110.3592,2026-01-18T12:00,29.6,58,33.6,0.0,3,1008.5,12.1,360,97,854.0,28.2,0.33
Sarawak,1.5533,110.3592,2026-01-18T13:00,29.5,59,33.9,0.0,3,1007.8,12.8,354,88,907.0,29.1,0.325
Sarawak,1.5533,110.3592,2026-01-18T14:00,29.5,60,33.6,0.0,3,1006.8,11.7,355,91,837.0,29.5,0.322
Sarawak,1.5533,110.3592,2026-01-18T15:00,29.3,61,32.9,0.0,1,1006.1,11.6,354,49,731.0,29.8,0.318
Sarawak,1.5533,110.3592,2026-01-18T16:00,28.6,65,31.7,0.0,2,1005.9,12.1,356,60,602.0,29.6,0.316
Sarawak,1.5533,110.3592,2026-01-18T17:00,27.9,68,30.9,0.0,1,1005.7,11.2,356,38,448.0,29.2,0.314
Sarawak,1.5533,110.3592,2026-01-18T18:00,26.8,74,30.3,0.0,0,1006.1,9.0,2,2,248.0,28.5,0.313
Sarawak,1.5533,110.3592,2026-01-18T19:00,25.1,84,29.3,0.0,0,1006.5,5.4,6,0,46.0,27.4,0.314
Sarawak,1.5533,110.3592,2026-01-18T20:00,24.9,84,29.0,0.0,0,1007.2,5.6,356,3,0.0,27.0,0.308
Sarawak,1.5533,110.3592,2026-01-18T21:00,24.8,84,28.7,0.0,1,1007.8,6.2,353,26,0.0,26.1,0.309
Sarawak,1.5533,110.3592,2026-01-18T22:00,24.5,87,28.6,0.0,1,1008.4,6.0,350,34,0.0,25.5,0.31
Sarawak,1.5533,110.3592,2026-01-18T23:00,24.1,88,28.3,0.0,1,1008.3,5.5,343,44,0.0,25.0,0.311
Sarawak,1.5533,110.3592,2026-01-19T00:00,24.1,89,28.4,0.0,2,1008.8,4.7,351,64,0.0,24.7,0.312
Sarawak,1.5533,110.3592,2026-01-19T01:00,24.0,88,28.6,0.0,3,1008.6,2.9,360,95,0.0,24.4,0.313
Sarawak,1.5533,110.3592,2026-01-19T02:00,23.6,92,28.3,0.0,3,1007.9,2.8,320,98,0.0,24.6,0.314
Sarawak,1.5533,110.3592,2026-01-19T03:00,23.4,94,28.1,0.0,3,1007.5,2.5,262,100,0.0,24.3,0.315
Sarawak,1.5533,110.3592,2026-01-19T04:00,22.9,96,27.6,0.0,3,1007.5,2.5,240,100,0.0,24.1,0.316
Sarawak,1.5533,110.3592,2026-01-19T05:00,22.5,97,27.2,0.0,3,1007.4,2.2,270,100,0.0,23.8,0.317
Sarawak,1.5533,110.3592,2026-01-19T06:00,22.8,96,27.5,0.0,3,1007.5,1.4,320,100,0.0,23.6,0.318
Sarawak,1.5533,110.3592,2026-01-19T07:00,23.0,95,27.7,0.0,3,1008.0,1.5,7,100,1.0,23.4,0.319
Sarawak,1.5533,110.3592,2026-01-19T08:00,24.9,88,29.6,0.0,3,1008.9,4.6,318,100,79.0,23.8,0.319
Sarawak,1.5533,110.3592,2026-01-19T09:00,26.6,79,31.0,0.0,3,1009.5,6.7,360,100,238.0,24.9,0.319
Sarawak,1.5533,110.3592,2026-01-19T10:00,27.8,73,31.4,0.0,3,1009.7,10.7,6,100,494.0,26.0,0.318
Sarawak,1.5533,110.3592,2026-01-19T11:00,28.3,71,32.4,0.0,3,1009.4,12.1,3,100,676.0,27.2,0.315
Sarawak,1.5533,110.3592,2026-01-19T12:00,28.5,69,32.8,0.0,3,1009.3,14.4,359,94,769.0,28.2,0.312
Sarawak,1.5533,110.3592,2026-01-19T13:00,28.6,68,33.2,0.1,51,1008.9,15.0,354,73,883.0,29.0,0.309
Sarawak,1.5533,110.3592,2026-01-19T14:00,28.6,67,33.1,0.1,51,1008.2,13.9,355,94,855.0,29.5,0.303
Sarawak,1.5533,110.3592,2026-01-19T15:00,28.5,69,32.6,0.0,1,1007.4,14.1,353,35,763.0,29.6,0.3
Sarawak,1.5533,110.3592,2026-01-19T16:00,28.2,70,31.9,0.0,3,1007.0,13.8,352,88,671.0,29.6,0.297
Sarawak,1.5533,110.3592,2026-01-19T17:00,27.5,72,30.7,0.0,3,1007.3,11.9,350,100,478.0,29.3,0.295
Sarawak,1.5533,110.3592,2026-01-19T18:00,26.5,76,29.8,0.0,3,1007.9,10.7,343,96,254.0,28.5,0.295
Sarawak,1.5533,110.3592,2026-01-19T19:00,24.9,82,28.7,0.0,3,1008.3,6.8,338,100,46.0,27.5,0.295
Sarawak,1.5533,110.3592,2026-01-19T20:00,24.6,84,28.3,0.0,3,1008.7,7.7,335,100,0.0,26.8,0.301
Sarawak,1.5533,110.3592,2026-01-19T21:00,24.4,85,28.2,0.0,3,1009.3,5.9,337,100,0.0,25.9,0.301
Sarawak,1.5533,110.3592,2026-01-19T22:00,24.0,86,28.0,0.0,3,1009.7,5.4,320,100,0.0,25.3,0.302
Sarawak,1.5533,110.3592,2026-01-19T23:00,23.8,87,27.7,0.0,3,1009.7,5.2,311,99,0.0,24.8,0.302
Sarawak,1.5533,110.3592,2026-01-20T00:00,23.5,89,27.4,0.0,3,1009.7,4.5,310,99,0.0,24.4,0.303
Sarawak,1.5533,110.3592,2026-01-20T01:00,23.2,89,27.2,0.0,3,1009.4,4.7,310,95,0.0,24.0,0.304
Sarawak,1.5533,110.3592,2026-01-20T02:00,23.1,90,27.1,0.0,3,1008.9,4.8,307,99,0.0,24.4,0.305
Sarawak,1.5533,110.3592,2026-01-20T03:00,23.0,90,27.1,0.0,3,1008.6,4.0,288,100,0.0,24.0,0.306
Sarawak,1.5533,110.3592,2026-01-20T04:00,22.7,91,26.7,0.0,3,1008.4,3.2,286,95,0.0,23.8,0.306
Sarawak,1.5533,110.3592,2026-01-20T05:00,22.5,92,26.4,0.0,1,1008.5,3.3,279,46,0.0,23.5,0.307
Sarawak,1.5533,110.3592,2026-01-20T06:00,22.2,92,26.1,0.0,3,1008.8,3.4,273,99,0.0,23.2,0.308
Sarawak,1.5533,110.3592,2026-01-20T07:00,22.1,92,26.0,0.0,3,1009.7,3.1,246,98,1.0,23.1,0.308
Sarawak,1.5533,110.3592,2026-01-20T08:00,23.8,89,28.1,0.0,3,1010.5,3.5,242,100,101.0,23.5,0.31
Sarawak,1.5533,110.3592,2026-01-20T09:00,26.4,78,31.0,0.0,3,1011.2,2.7,293,100,320.0,24.8,0.309
Sarawak,1.5533,110.3592,2026-01-20T10:00,28.0,66,31.4,0.0,3,1011.3,7.4,346,100,553.0,26.1,0.307
Sarawak,1.5533,110.3592,2026-01-20T11:00,28.6,63,32.5,0.0,3,1011.2,9.3,347,100,704.0,27.4,0.303
Sarawak,1.5533,110.3592,2026-01-20T12:00,29.0,62,33.7,0.0,3,1010.9,9.9,348,100,861.0,28.5,0.299
Sarawak,1.5533,110.3592,2026-01-20T13:00,29.2,61,34.1,0.0,3,1010.1,11.1,346,99,939.0,29.3,0.295
Sarawak,1.5533,110.3592,2026-01-20T14:00,29.5,59,34.5,0.0,3,1009.2,11.1,351,90,952.0,29.9,0.289
Sarawak,1.5533,110.3592,2026-01-20T15:00,29.4,59,33.3,0.0,1,1008.5,11.9,350,40,814.0,30.1,0.285
Sarawak,1.5533,110.3592,2026-01-20T16:00,28.7,64,32.1,0.0,1,1008.2,12.2,346,44,689.0,30.0,0.281
Sarawak,1.5533,110.3592,2026-01-20T17:00,27.9,68,30.9,0.0,3,1008.2,10.8,342,93,475.0,29.5,0.28
Sarawak,1.5533,110.3592,2026-01-20T18:00,27.0,72,30.4,0.0,2,1008.2,8.9,346,63,255.0,28.8,0.279
Sarawak,1.5533,110.3592,2026-01-20T19:00,25.2,81,29.2,0.0,3,1008.7,6.0,353,96,47.0,27.6,0.279
Sarawak,1.5533,110.3592,2026-01-20T20:00,25.0,82,28.6,0.0,3,1009.3,8.3,344,100,0.0,27.1,0.273
Sarawak,1.5533,110.3592,2026-01-20T21:00,24.8,82,28.4,0.0,3,1010.2,7.1,333,100,0.0,26.3,0.274
Sarawak,1.5533,110.3592,2026-01-20T22:00,24.7,83,28.3,0.0,3,1010.9,7.3,322,100,0.0,25.6,0.275
Sarawak,1.5533,110.3592,2026-01-20T23:00,24.5,82,27.8,0.0,3,1010.8,8.1,321,100,0.0,25.2,0.275
Sarawak,1.5533,110.3592,2026-01-21T00:00,24.4,80,27.5,0.0,3,1010.7,7.6,335,100,0.0,24.8,0.276
Sarawak,1.5533,110.3592,2026-01-21T01:00,24.4,79,27.3,0.0,3,1010.4,7.9,344,100,0.0,24.5,0.276
Sarawak,1.5533,110.3592,2026-01-21T02:00,24.0,80,27.0,0.0,3,1009.8,6.5,352,100,0.0,24.5,0.28
Sarawak,1.5533,110.3592,2026-01-21T03:00,23.9,80,26.9,0.0,3,1009.1,6.0,355,100,0.0,24.1,0.281
Sarawak,1.5533,110.3592,2026-01-21T04:00,23.6,80,27.0,0.0,3,1008.8,3.1,347,100,0.0,23.8,0.281
Sarawak,1.5533,110.3592,2026-01-21T05:00,23.0,83,26.6,0.0,3,1008.9,1.7,257,100,0.0,23.5,0.282
Sarawak,1.5533,110.3592,2026-01-21T06:00,22.5,87,26.2,0.0,3,1009.1,2.1,250,100,0.0,23.3,0.283
Sarawak,1.5533,110.3592,2026-01-21T07:00,22.5,88,26.1,0.0,3,1009.9,2.3,247,100,1.0,23.0,0.284
Sarawak,1.5533,110.3592,2026-01-21T08:00,24.5,83,28.7,0.0,3,1011.1,2.6,245,100,95.0,23.2,0.289
Sarawak,1.5533,110.3592,2026-01-21T09:00,26.6,74,30.6,0.0,3,1011.6,5.1,10,100,303.0,24.6,0.288
Sarawak,1.5533,110.3592,2026-01-21T10:00,27.8,65,30.4,0.0,3,1011.9,10.5,4,100,509.0,25.9,0.286
Sarawak,1.5533,110.3592,2026-01-21T11:00,28.5,63,31.8,0.0,3,1011.7,11.4,3,100,684.0,27.1,0.283
Sarawak,1.5533,110.3592,2026-01-21T12:00,29.0,62,33.6,0.0,3,1011.3,11.2,3,100,869.0,28.3,0.279
Sarawak,1.5533,110.3592,2026-01-21T13:00,29.2,60,33.5,0.0,3,1010.6,11.5,360,100,861.0,29.1,0.275
Sarawak,1.5533,110.3592,2026-01-21T14:00,29.3,57,33.6,0.0,3,1009.7,10.4,358,100,902.0,29.8,0.267
Sarawak,1.5533,110.3592,2026-01-21T15:00,29.2,56,32.5,0.0,3,1009.2,11.0,354,99,759.0,30.0,0.263
Sarawak,1.5533,110.3592,2026-01-21T16:00,28.8,58,31.6,0.0,3,1008.8,12.0,353,100,697.0,29.9,0.26
Sarawak,1.5533,110.3592,2026-01-21T17:00,28.0,62,30.1,0.0,3,1008.9,11.7,359,100,465.0,29.5,0.258
Sarawak,1.5533,110.3592,2026-01-21T18:00,27.0,67,29.8,0.0,3,1009.2,8.6,359,100,241.0,28.6,0.257
Sarawak,1.5533,110.3592,2026-01-21T19:00,25.5,76,29.0,0.0,3,1009.8,5.6,358,100,43.0,27.5,0.258
Sarawak,1.5533,110.3592,2026-01-21T20:00,25.3,79,28.9,0.0,3,1010.4,6.8,360,100,0.0,27.0,0.26
Sarawak,1.5533,110.3592,2026-01-21T21:00,24.8,81,28.3,0.0,3,1011.1,7.0,339,100,0.0,26.2,0.261
Sarawak,1.5533,110.3592,2026-01-21T22:00,24.5,82,28.0,0.0,3,1011.5,6.8,325,100,0.0,25.5,0.261
Sarawak,1.5533,110.3592,2026-01-21T23:00,24.6,82,28.1,0.0,3,1011.5,7.3,316,100,0.0,25.1,0.262
Sarawak,1.5533,110.3592,2026-01-22T00:00,24.2,84,27.9,0.0,3,1011.5,6.0,319,100,0.0,24.8,0.263
Sarawak,1.5533,110.3592,2026-01-22T01:00,24.3,83,27.7,0.0,3,1011.2,7.6,335,100,0.0,24.5,0.264
Sarawak,1.5533,110.3592,2026-01-22T02:00,24.2,85,27.7,0.0,3,1010.5,7.6,322,100,0.0,24.4,0.265
Sarawak,1.5533,110.3592,2026-01-22T03:00,23.9,86,27.5,0.0,3,1010.1,6.4,317,100,0.0,24.2,0.266
Sarawak,1.5533,110.3592,2026-01-22T04:00,23.8,86,27.5,0.0,3,1009.7,6.3,323,100,0.0,24.0,0.267
Sarawak,1.5533,110.3592,2026-01-22T05:00,23.5,87,27.3,0.0,3,1010.0,5.1,302,100,0.0,23.8,0.268
Sarawak,1.5533,110.3592,2026-01-22T06:00,23.0,90,26.7,0.0,3,1010.5,4.8,290,100,0.0,23.5,0.268
Sarawak,1.5533,110.3592,2026-01-22T07:00,22.9,90,26.8,0.0,1,1010.9,3.3,311,42,1.0,23.3,0.269
Sarawak,1.5533,110.3592,2026-01-22T08:00,25.4,81,29.3,0.0,3,1011.3,6.5,328,100,99.0,23.5,0.274
Sarawak,1.5533,110.3592,2026-01-22T09:00,27.3,70,30.7,0.0,3,1011.7,7.9,4,100,312.0,24.8,0.273
Sarawak,1.5533,110.3592,2026-01-22T10:00,28.0,66,30.9,0.0,3,1012.0,10.2,9,100,480.0,26.0,0.271
Sarawak,1.5533,110.3592,2026-01-22T11:00,28.8,63,31.9,0.0,3,1012.0,11.0,4,100,628.0,27.1,0.269
Sarawak,1.5533,110.3592,2026-01-22T12:00,29.3,60,33.0,0.0,3,1011.6,12.4,358,100,775.0,28.2,0.265
Sarawak,1.5533,110.3592,2026-01-22T13:00,29.2,60,32.5,0.0,3,1010.8,13.6,353,100,766.0,28.9,0.261
Sarawak,1.5533,110.3592,2026-01-22T14:00,29.5,60,33.4,0.0,3,1009.9,13.6,352,100,821.0,29.5,0.256
Sarawak,1.5533,110.3592,2026-01-22T15:00,29.4,60,33.3,0.0,3,1009.1,13.8,354,100,839.0,29.9,0.252
Sarawak,1.5533,110.3592,2026-01-22T16:00,29.0,60,31.8,0.0,3,1008.9,14.0,351,100,693.0,29.9,0.249
Sarawak,1.5533,110.3592,2026-01-22T17:00,28.1,63,30.2,0.0,3,1009.1,13.0,343,100,448.0,29.5,0.247
Sarawak,1.5533,110.3592,2026-01-22T18:00,27.0,69,30.0,0.0,3,1009.6,9.7,338,100,251.0,28.6,0.246
Sarawak,1.5533,110.3592,2026-01-22T19:00,25.5,77,29.0,0.0,3,1010.5,6.2,334,100,46.0,27.6,0.247
Sarawak,1.5533,110.3592,2026-01-22T20:00,25.3,85,29.6,0.0,3,1011.0,6.1,3,100,0.0,27.3,0.248
Sarawak,1.5533,110.3592,2026-01-22T21:00,25.2,83,29.3,0.0,3,1011.9,7.3,337,100,0.0,26.5,0.249
Sarawak,1.5533,110.3592,2026-01-22T22:00,24.9,84,28.7,0.0,3,1012.1,7.3,318,99,0.0,26.0,0.25
Sarawak,1.5533,110.3592,2026-01-22T23:00,24.5,86,28.6,0.0,3,1012.1,6.1,313,95,0.0,25.5,0.25
Sarawak,1.5533,110.3592,2026-01-23T00:00,24.5,85,28.5,0.0,3,1011.8,6.4,331,100,0.0,25.1,0.251
Sarawak,1.5533,110.3592,2026-01-23T01:00,24.3,86,28.2,0.0,3,1011.4,6.3,333,84,0.0,24.8,0.252
Sarawak,1.5533,110.3592,2026-01-23T02:00,24.1,86,27.7,0.0,3,1011.0,7.9,330,98,0.0,24.5,0.253
Sarawak,1.5533,110.3592,2026-01-23T03:00,24.3,85,27.8,0.0,3,1010.6,8.1,331,100,0.0,24.4,0.253
Sarawak,1.5533,110.3592,2026-01-23T04:00,24.4,84,28.0,0.0,3,1010.6,7.1,330,100,0.0,24.2,0.254
Sarawak,1.5533,110.3592,2026-01-23T05:00,24.1,86,27.9,0.0,3,1010.7,5.8,330,100,0.0,24.1,0.255
Sarawak,1.5533,110.3592,2026-01-23T06:00,23.9,87,27.7,0.0,3,1011.0,5.5,333,100,0.0,24.0,0.256
Sarawak,1.5533,110.3592,2026-01-23T07:00,24.1,86,27.9,0.0,3,1011.2,5.9,333,100,1.0,23.9,0.257
Sarawak,1.5533,110.3592,2026-01-23T08:00,25.6,83,30.0,0.0,3,1011.6,5.5,322,100,88.0,24.0,0.261
Sarawak,1.5533,110.3592,2026-01-23T09:00,27.0,76,30.9,0.0,3,1012.4,8.5,359,100,289.0,25.1,0.261
Sarawak,1.5533,110.3592,2026-01-23T10:00,28.0,70,31.2,0.0,3,1012.7,12.4,358,100,516.0,26.3,0.26
Sarawak,1.5533,110.3592,2026-01-23T11:00,28.6,68,32.3,0.1,51,1012.5,14.0,352,100,696.0,27.5,0.258
Sarawak,1.5533,110.3592,2026-01-23T12:00,28.9,66,33.0,0.1,51,1012.3,15.5,350,100,837.0,28.5,0.255
Sarawak,1.5533,110.3592,2026-01-23T13:00,28.8,67,33.2,0.2,51,1011.7,16.2,348,100,923.0,29.3,0.253
Sarawak,1.5533,110.3592,2026-01-23T14:00,29.1,63,33.4,0.3,51,1010.5,14.3,354,100,878.0,29.8,0.25
Sarawak,1.5533,110.3592,2026-01-23T15:00,29.2,63,33.1,0.2,51,1009.9,14.9,349,100,826.0,30.0,0.248
Sarawak,1.5533,110.3592,2026-01-23T16:00,28.5,68,31.9,0.2,51,1009.7,14.9,343,100,681.0,30.0,0.247
Sarawak,1.5533,110.3592,2026-01-23T17:00,27.9,71,30.8,0.0,3,1009.6,13.8,340,100,457.0,29.5,0.245
Sarawak,1.5533,110.3592,2026-01-23T18:00,26.8,77,30.1,0.0,3,1010.0,12.6,338,100,242.0,28.8,0.244
Sarawak,1.5533,110.3592,2026-01-23T19:00,25.7,83,29.7,0.0,3,1010.7,8.7,336,100,42.0,27.9,0.245
Sarawak,1.5533,110.3592,2026-01-23T20:00,25.4,87,29.5,0.0,3,1011.1,9.3,328,99,0.0,27.2,0.252
Sarawak,1.5533,110.3592,2026-01-23T21:00,25.2,88,29.5,0.0,3,1011.9,8.3,330,100,0.0,26.6,0.253
Sarawak,1.5533,110.3592,2026-01-23T22:00,25.0,89,29.3,0.0,3,1012.4,8.0,329,99,0.0,26.1,0.254
Sarawak,1.5533,110.3592,2026-01-23T23:00,24.8,91,29.4,0.0,3,1012.4,6.4,313,94,0.0,25.8,0.254
Sarawak,1.5533,110.3592,2026-01-24T00:00,24.2,94,29.0,0.0,3,1012.5,5.6,277,95,0.0,25.4,0.255
Sarawak,1.5533,110.3592,2026-01-24T01:00,23.9,95,28.9,0.1,51,1012.1,3.6,267,100,0.0,25.1,0.257
Sarawak,1.5533,110.3592,2026-01-24T02:00,24.0,95,29.2,0.0,3,1011.9,3.3,276,100,0.0,25.5,0.257
Sarawak,1.5533,110.3592,2026-01-24T03:00,23.2,96,28.1,0.3,51,1011.6,2.0,117,100,0.0,25.1,0.261
Sarawak,1.5533,110.3592,2026-01-24T04:00,23.1,98,27.8,0.3,51,1011.5,5.5,297,96,0.0,24.8,0.264
Sarawak,1.5533,110.3592,2026-01-24T05:00,23.1,97,27.9,0.1,51,1011.2,3.0,287,98,0.0,24.5,0.265
Sarawak,1.5533,110.3592,2026-01-24T06:00,23.1,96,28.0,0.0,3,1011.5,2.0,243,96,0.0,24.3,0.266
Sarawak,1.5533,110.3592,2026-01-24T07:00,22.9,97,27.6,0.0,3,1012.0,2.6,254,100,1.0,24.1,0.267
Sarawak,1.5533,110.3592,2026-01-24T08:00,24.4,97,30.1,0.1,51,1012.5,2.1,232,100,87.0,24.5,0.274
Sarawak,1.5533,110.3592,2026-01-24T09:00,26.1,88,31.5,0.1,51,1013.0,5.2,348,100,271.0,25.2,0.275
Sarawak,1.5533,110.3592,2026-01-24T10:00,27.3,78,31.3,0.1,51,1013.0,11.0,2,100,467.0,26.2,0.275
Sarawak,1.5533,110.3592,2026-01-24T11:00,28.0,76,32.0,0.1,51,1013.1,13.3,2,100,621.0,27.2,0.273
Sarawak,1.5533,110.3592,2026-01-24T12:00,28.2,77,33.2,0.0,3,1012.6,14.7,7,100,759.0,28.3,0.271
Sarawak,1.5533,110.3592,2026-01-24T13:00,29.0,72,34.0,0.1,51,1011.9,15.2,7,100,835.0,29.1,0.267
Sarawak,1.5533,110.3592,2026-01-24T14:00,27.8,74,31.9,1.4,61,1011.1,16.4,15,100,792.0,29.2,0.268
Sarawak,1.5533,110.3592,2026-01-24T15:00,27.4,78,32.1,0.7,53,1010.4,14.8,3,99,784.0,29.4,0.271
Sarawak,1.5533,110.3592,2026-01-24T16:00,27.8,76,31.6,0.1,51,1009.9,14.4,359,100,594.0,29.4,0.27
Sarawak,1.5533,110.3592,2026-01-24T17:00,26.7,79,30.0,1.1,55,1010.0,14.6,1,100,426.0,28.8,0.279
Sarawak,1.5533,110.3592,2026-01-24T18:00,25.9,85,29.7,0.3,51,1010.0,12.3,353,99,176.0,27.8,0.281
Sarawak,1.5533,110.3592,2026-01-24T19:00,25.2,87,29.5,0.2,51,1010.6,7.7,348,88,41.0,27.0,0.283
Sarawak,1.5533,110.3592,2026-01-24T20:00,25.0,91,30.4,0.1,51,1010.9,3.1,301,100,0.0,26.9,0.278
Sarawak,1.5533,110.3592,2026-01-24T21:00,24.3,89,28.7,0.8,53,1011.8,5.3,18,100,0.0,26.1,0.289
Sarawak,1.5533,110.3592,2026-01-24T22:00,23.8,97,29.0,0.7,53,1012.4,2.7,157,100,0.0,25.5,0.299
Sarawak,1.5533,110.3592,2026-01-24T23:00,23.9,98,29.1,0.3,51,1012.1,3.8,281,92,0.0,25.1,0.303
Sarawak,1.5533,110.3592,2026-01-25T00:00,23.7,96,28.2,0.2,51,1012.3,7.2,298,91,0.0,24.9,0.306
Sarawak,1.5533,110.3592,2026-01-25T01:00,23.5,96,28.3,0.1,51,1012.0,4.5,337,93,0.0,24.6,0.306
Sarawak,1.5533,110.3592,2026-01-25T02:00,23.4,99,28.3,0.0,3,1011.4,4.9,298,100,0.0,25.2,0.305
Sarawak,1.5533,110.3592,2026-01-25T03:00,23.2,99,28.3,0.1,51,1011.1,3.5,258,100,0.0,24.8,0.307
Sarawak,1.5533,110.3592,2026-01-25T04:00,23.4,99,28.2,0.2,51,1011.0,5.0,330,100,0.0,24.6,0.309
Sarawak,1.5533,110.3592,2026-01-25T05:00,23.0,96,27.2,0.3,51,1011.1,6.8,22,100,0.0,24.4,0.313
Sarawak,1.5533,110.3592,2026-01-25T06:00,22.6,98,26.6,0.4,51,1011.5,7.4,299,100,0.0,24.0,0.318
Sarawak,1.5533,110.3592,2026-01-25T07:00,21.9,98,25.4,2.3,61,1012.2,7.9,313,100,0.0,23.8,0.348
Sarawak,1.5533,110.3592,2026-01-25T08:00,23.6,98,28.6,0.5,53,1012.5,4.1,165,100,43.0,24.1,0.327
Sarawak,1.5533,110.3592,2026-01-25T09:00,24.5,95,29.9,0.1,51,1013.3,2.8,207,99,204.0,24.6,0.327
Sarawak,1.5533,110.3592,2026-01-25T10:00,25.6,88,30.6,0.2,51,1013.4,5.5,316,99,400.0,25.5,0.328
Sarawak,1.5533,110.3592,2026-01-25T11:00,27.2,80,32.7,0.1,51,1013.4,5.2,338,99,633.0,26.9,0.326
Sarawak,1.5533,110.3592,2026-01-25T12:00,27.7,75,31.7,0.1,51,1012.5,10.3,5,99,576.0,27.6,0.324
Sarawak,1.5533,110.3592,2026-01-25T13:00,26.9,81,31.5,3.7,63,1012.1,10.4,343,97,627.0,27.5,0.365
Sarawak,1.5533,110.3592,2026-01-25T14:00,27.6,75,32.8,0.4,51,1011.3,10.5,355,63,791.0,28.2,0.361
Sarawak,1.5533,110.3592,2026-01-25T15:00,27.8,74,31.5,0.1,51,1010.3,13.2,355,87,596.0,28.6,0.356
Sarawak,1.5533,110.3592,2026-01-25T16:00,26.2,82,29.9,2.0,61,1009.9,12.1,353,87,378.0,27.8,0.375
Sarawak,1.5533,110.3592,2026-01-25T17:00,26.5,79,30.0,0.2,51,1010.2,12.6,355,97,324.0,27.5,0.371
Sarawak,1.5533,110.3592,2026-01-25T18:00,26.0,83,29.7,0.0,3,1010.4,11.5,358,100,178.0,27.1,0.368
Sarawak,1.5533,110.3592,2026-01-25T19:00,25.1,89,29.6,0.0,3,1011.1,7.5,8,100,36.0,26.5,0.365
Sarawak,1.5533,110.3592,2026-01-25T20:00,25.2,90,30.0,0.0,3,1011.7,6.1,330,100,0.0,26.5,0.317
Sarawak,1.5533,110.3592,2026-01-25T21:00,25.0,90,29.8,0.0,3,1012.1,6.5,5,100,0.0,26.0,0.317
Sarawak,1.5533,110.3592,2026-01-25T22:00,25.2,88,29.5,0.0,3,1012.4,8.1,357,98,0.0,25.7,0.317
Sarawak,1.5533,110.3592,2026-01-25T23:00,25.0,88,29.3,0.0,3,1012.7,8.1,357,96,0.0,25.4,0.317
Sarawak,1.5533,110.3592,2026-01-26T00:00,24.6,89,29.0,0.1,51,1012.6,7.0,348,100,0.0,25.2,0.317
Sarawak,1.5533,110.3592,2026-01-26T01:00,24.5,92,29.0,0.1,51,1012.2,6.4,352,100,0.0,25.0,0.318
Sarawak,1.5533,110.3592,2026-01-26T02:00,24.0,93,28.3,0.1,51,1011.6,6.7,14,100,0.0,25.1,0.317
Sarawak,1.5533,110.3592,2026-01-26T03:00,23.8,94,28.5,0.1,51,1011.6,4.0,18,100,0.0,24.9,0.317
Sarawak,1.5533,110.3592,2026-01-26T04:00,23.8,94,28.5,0.1,51,1011.6,4.0,3,100,0.0,24.7,0.318
Sarawak,1.5533,110.3592,2026-01-26T05:00,23.9,90,28.7,0.1,51,1011.8,1.2,333,100,0.0,24.5,0.318
Sarawak,1.5533,110.3592,2026-01-26T06:00,23.6,91,28.5,0.2,51,1012.3,0.5,180,100,0.0,24.4,0.32
Sarawak,1.5533,110.3592,2026-01-26T07:00,23.5,92,28.5,0.0,3,1013.1,0.8,135,100,1.0,24.2,0.32
Sarawak,1.5533,110.3592,2026-01-26T08:00,23.9,95,29.1,0.1,51,1013.3,2.2,114,100,61.0,24.4,0.33
Sarawak,1.5533,110.3592,2026-01-26T09:00,24.9,91,30.2,0.2,51,1013.9,1.5,76,100,156.0,24.8,0.331
Sarawak,1.5533,110.3592,2026-01-26T10:00,25.5,87,30.3,0.2,51,1014.0,5.1,8,100,199.0,25.3,0.332
Sarawak,1.5533,110.3592,2026-01-26T11:00,26.1,84,30.4,0.1,51,1013.5,10.0,18,100,309.0,25.9,0.331
Sarawak,1.5533,110.3592,2026-01-26T12:00,26.8,83,30.7,0.2,51,1012.7,13.0,20,100,456.0,26.6,0.33
Sarawak,1.5533,110.3592,2026-01-26T13:00,27.8,77,31.8,0.1,51,1011.6,14.3,12,100,622.0,27.5,0.328
Sarawak,1.5533,110.3592,2026-01-26T14:00,26.9,81,31.4,0.2,51,1011.4,12.5,6,100,668.0,28.1,0.321
Sarawak,1.5533,110.3592,2026-01-26T15:00,27.3,80,31.1,0.0,3,1010.3,13.8,9,100,489.0,28.3,0.318
Sarawak,1.5533,110.3592,2026-01-26T16:00,27.2,80,30.5,0.2,51,1009.9,16.5,7,100,518.0,28.4,0.317
Sarawak,1.5533,110.3592,2026-01-26T17:00,26.9,81,30.3,0.1,51,1009.6,14.8,6,100,368.0,28.1,0.315
Sarawak,1.5533,110.3592,2026-01-26T18:00,26.5,81,30.3,0.0,3,1009.8,11.9,3,100,184.0,27.6,0.314
Sarawak,1.5533,110.3592,2026-01-26T19:00,25.8,86,29.9,0.0,3,1010.7,9.9,9,100,34.0,27.0,0.313
Sarawak,1.5533,110.3592,2026-01-26T20:00,25.9,86,30.1,0.0,3,1011.3,9.3,10,100,0.0,27.0,0.317
Sarawak,1.5533,110.3592,2026-01-26T21:00,25.8,86,30.4,0.0,3,1012.1,7.2,19,100,0.0,26.5,0.317
Sarawak,1.5533,110.3592,2026-01-26T22:00,25.6,87,30.3,0.0,3,1012.8,6.9,14,100,0.0,26.1,0.316
Sarawak,1.5533,110.3592,2026-01-26T23:00,25.2,88,29.9,0.1,51,1012.7,6.8,11,100,0.0,25.8,0.317
Sarawak,1.5533,110.3592,2026-01-27T00:00,25.0,90,29.6,0.1,51,1012.7,7.1,24,100,0.0,25.5,0.318
Sarawak,1.5533,110.3592,2026-01-27T01:00,24.6,93,29.5,0.0,3,1012.6,5.9,349,100,0.0,25.2,0.318
Sarawak,1.5533,110.3592,2026-01-27T02:00,24.1,94,28.7,0.1,51,1012.3,7.0,23,100,0.0,25.5,0.318
Sarawak,1.5533,110.3592,2026-01-27T03:00,24.1,93,28.8,0.0,3,1011.7,5.6,29,100,0.0,25.2,0.318
Sarawak,1.5533,110.3592,2026-01-27T04:00,23.8,95,28.7,0.0,3,1011.5,3.7,43,100,0.0,24.9,0.318
Sarawak,1.5533,110.3592,2026-01-27T05:00,23.6,94,28.8,0.0,3,1011.4,1.2,27,100,0.0,24.6,0.318
Sarawak,1.5533,110.3592,2026-01-27T06:00,23.5,95,28.3,0.1,51,1011.9,2.6,282,100,0.0,24.5,0.319
Sarawak,1.5533,110.3592,2026-01-27T07:00,23.5,96,28.7,0.3,51,1012.5,1.5,306,100,0.0,24.4,0.321
Sarawak,1.5533,110.3592,2026-01-27T08:00,25.1,91,30.2,0.1,51,1013.3,5.5,341,100,72.0,24.4,0.325
Sarawak,1.5533,110.3592,2026-01-27T09:00,26.5,83,30.8,0.1,51,1014.1,9.3,8,100,284.0,25.3,0.324
Sarawak,1.5533,110.3592,2026-01-27T10:00,27.5,78,31.5,0.3,51,1014.0,11.7,9,97,493.0,26.4,0.324
Sarawak,1.5533,110.3592,2026-01-27T11:00,28.2,75,32.6,0.4,51,1013.6,13.6,5,95,662.0,27.4,0.325
Sarawak,1.5533,110.3592,2026-01-27T12:00,28.6,73,33.4,0.4,51,1013.0,14.9,1,98,789.0,28.4,0.325
Sarawak,1.5533,110.3592,2026-01-27T13:00,29.2,69,33.7,0.2,51,1011.9,16.2,358,54,826.0,29.0,0.323
Sarawak,1.5533,110.3592,2026-01-27T14:00,29.2,70,34.2,0.2,51,1011.2,15.8,359,50,882.0,29.6,0.32
Sarawak,1.5533,110.3592,2026-01-27T15:00,29.2,68,33.6,0.3,51,1010.5,17.3,356,99,845.0,30.0,0.317
Sarawak,1.5533,110.3592,2026-01-27T16:00,28.5,73,32.1,0.2,51,1010.0,17.3,355,100,638.0,29.9,0.315
Sarawak,1.5533,110.3592,2026-01-27T17:00,28.0,74,31.1,0.0,3,1009.8,16.9,353,100,413.0,29.4,0.313
Sarawak,1.5533,110.3592,2026-01-27T18:00,27.2,78,30.6,0.0,3,1010.3,14.9,352,95,213.0,28.8,0.311
Sarawak,1.5533,110.3592,2026-01-27T19:00,26.2,84,30.4,0.0,3,1011.1,10.1,356,80,44.0,27.9,0.311
Sarawak,1.5533,110.3592,2026-01-27T20:00,26.0,85,30.4,0.0,3,1011.4,8.3,346,98,0.0,27.5,0.307
Sarawak,1.5533,110.3592,2026-01-27T21:00,26.0,83,30.4,0.0,3,1012.1,8.1,357,100,0.0,26.8,0.307
Sarawak,1.5533,110.3592,2026-01-27T22:00,26.1,83,30.4,0.0,3,1012.7,8.1,3,99,0.0,26.4,0.307
Sarawak,1.5533,110.3592,2026-01-27T23:00,26.0,84,30.3,0.0,3,1012.5,8.0,354,99,0.0,26.0,0.307
Sarawak,1.5533,110.3592,2026-01-28T00:00,25.8,85,30.2,0.0,3,1012.3,7.4,356,100,0.0,25.8,0.307
Sarawak,1.5533,110.3592,2026-01-28T01:00,25.8,84,30.0,0.0,3,1011.8,8.0,346,100,0.0,25.6,0.307
Sarawak,1.5533,110.3592,2026-01-28T02:00,25.6,85,29.9,0.0,3,1011.5,8.5,358,100,0.0,25.9,0.306
Sarawak,1.5533,110.3592,2026-01-28T03:00,25.2,88,29.8,0.1,51,1011.4,5.8,344,100,0.0,25.5,0.307
Sarawak,1.5533,110.3592,2026-01-28T04:00,24.9,90,29.7,0.1,51,1010.9,4.5,353,100,0.0,25.3,0.308
Sarawak,1.5533,110.3592,2026-01-28T05:00,24.3,91,29.0,0.1,51,1010.7,5.0,347,100,0.0,25.1,0.309
Sarawak,1.5533,110.3592,2026-01-28T06:00,24.4,90,29.3,0.2,51,1011.2,2.4,312,100,0.0,24.9,0.311
Sarawak,1.5533,110.3592,2026-01-28T07:00,24.3,91,29.4,0.1,51,1012.0,1.3,326,100,1.0,24.7,0.312
Sarawak,1.5533,110.3592,2026-01-28T08:00,25.9,88,30.8,0.0,3,1012.6,7.1,353,100,79.0,24.9,0.315
Sarawak,1.5533,110.3592,2026-01-28T09:00,26.9,82,31.2,0.4,51,1013.4,11.0,15,100,230.0,25.6,0.318
Sarawak,1.5533,110.3592,2026-01-28T10:00,27.6,79,31.2,0.4,51,1013.3,15.1,12,100,433.0,26.4,0.32
Sarawak,1.5533,110.3592,2026-01-28T11:00,28.3,75,32.4,0.4,51,1013.0,14.8,10,100,637.0,27.4,0.321
Sarawak,1.5533,110.3592,2026-01-28T12:00,28.5,74,33.2,0.3,51,1012.4,15.1,9,100,760.0,28.3,0.32
Sarawak,1.5533,110.3592,2026-01-28T13:00,29.0,71,33.8,0.3,51,1011.8,15.4,7,73,822.0,29.0,0.318
Sarawak,1.5533,110.3592,2026-01-28T14:00,29.2,69,34.7,0.2,51,1011.1,13.2,4,100,919.0,29.8,0.308
Sarawak,1.5533,110.3592,2026-01-28T15:00,29.1,69,33.7,0.0,3,1010.5,13.3,357,87,738.0,30.0,0.303
Sarawak,1.5533,110.3592,2026-01-28T16:00,28.8,71,33.1,0.0,2,1009.8,14.0,351,51,691.0,30.2,0.3
Sarawak,1.5533,110.3592,2026-01-28T17:00,28.2,73,31.7,0.0,3,1009.8,13.5,350,100,509.0,29.9,0.297
Sarawak,1.5533,110.3592,2026-01-28T18:00,27.3,77,30.9,0.0,3,1010.3,12.5,354,100,253.0,29.1,0.295
Sarawak,1.5533,110.3592,2026-01-28T19:00,26.1,84,30.6,0.0,3,1011.0,7.8,353,100,48.0,28.2,0.294
Sarawak,1.5533,110.3592,2026-01-28T20:00,25.5,88,30.5,0.0,3,1011.6,5.7,342,100,0.0,27.5,0.298
Sarawak,1.5533,110.3592,2026-01-28T21:00,25.4,90,30.6,0.0,3,1012.4,4.5,317,100,0.0,26.9,0.299
Sarawak,1.5533,110.3592,2026-01-28T22:00,25.2,90,30.3,0.0,3,1012.9,4.8,326,100,0.0,26.4,0.299
Sarawak,1.5533,110.3592,2026-01-28T23:00,25.2,90,30.2,0.0,3,1013.1,5.4,340,91,0.0,26.0,0.299
Sarawak,1.5533,110.3592,2026-01-29T00:00,25.0,90,30.0,0.1,51,1013.0,4.5,326,98,0.0,25.6,0.299
Sarawak,1.5533,110.3592,2026-01-29T01:00,24.8,92,29.8,0.1,51,1012.3,4.6,342,100,0.0,25.4,0.301
Sarawak,1.5533,110.3592,2026-01-29T02:00,24.9,92,29.7,0.2,51,1011.9,6.8,328,39,0.0,25.7,0.302
Sarawak,1.5533,110.3592,2026-01-29T03:00,24.6,92,29.0,0.2,51,1011.1,8.8,298,68,0.0,25.5,0.304
Sarawak,1.5533,110.3592,2026-01-29T04:00,24.0,94,28.5,0.1,51,1010.9,7.1,350,92,0.0,25.2,0.305
Sarawak,1.5533,110.3592,2026-01-29T05:00,23.8,94,28.7,0.0,2,1010.6,3.1,339,74,0.0,25.0,0.305
Sarawak,1.5533,110.3592,2026-01-29T06:00,23.6,95,28.4,0.2,51,1011.3,3.5,298,80,0.0,24.8,0.307
Sarawak,1.5533,110.3592,2026-01-29T07:00,23.6,95,28.1,0.1,51,1012.1,6.4,310,100,0.0,24.6,0.308
Sarawak,1.5533,110.3592,2026-01-29T08:00,24.6,92,29.4,0.1,51,1012.9,5.5,13,28,42.0,24.8,0.307
Sarawak,1.5533,110.3592,2026-01-29T09:00,25.8,87,31.0,0.1,51,1013.6,3.5,332,65,250.0,25.5,0.307
Sarawak,1.5533,110.3592,2026-01-29T10:00,26.6,83,31.3,0.0,2,1013.8,7.7,359,65,391.0,26.4,0.306
Sarawak,1.5533,110.3592,2026-01-29T11:00,27.5,79,32.1,0.0,2,1013.8,8.1,3,77,527.0,27.4,0.304
Sarawak,1.5533,110.3592,2026-01-29T12:00,28.4,75,33.2,0.0,3,1013.0,10.6,2,96,645.0,28.2,0.301
Sarawak,1.5533,110.3592,2026-01-29T13:00,28.7,73,34.1,0.0,3,1012.4,12.1,4,87,800.0,29.1,0.296
Sarawak,1.5533,110.3592,2026-01-29T14:00,29.0,71,34.8,0.1,51,1011.1,10.6,360,18,831.0,29.9,0.291
Sarawak,1.5533,110.3592,2026-01-29T15:00,29.3,69,34.3,0.0,1,1010.3,12.8,358,48,796.0,30.2,0.286
Sarawak,1.5533,110.3592,2026-01-29T16:00,28.9,71,33.0,0.0,1,1009.6,14.4,351,39,675.0,30.4,0.283
Sarawak,1.5533,110.3592,2026-01-29T17:00,27.9,74,31.3,0.0,2,1009.4,14.0,347,68,453.0,29.9,0.28
Sarawak,1.5533,110.3592,2026-01-29T18:00,27.2,78,31.0,0.0,3,1009.8,11.7,347,83,240.0,29.1,0.279
Sarawak,1.5533,110.3592,2026-01-29T19:00,26.0,85,30.7,0.0,2,1010.8,7.2,348,52,48.0,28.2,0.279
Sarawak,1.5533,110.3592,2026-01-29T20:00,25.7,87,30.5,0.0,3,1011.3,6.9,343,98,0.0,27.6,0.284
Sarawak,1.5533,110.3592,2026-01-29T21:00,25.6,88,30.3,0.0,3,1012.3,7.3,340,100,0.0,27.0,0.284
Sarawak,1.5533,110.3592,2026-01-29T22:00,25.6,87,30.4,0.0,3,1013.1,6.0,343,100,0.0,26.4,0.284
Sarawak,1.5533,110.3592,2026-01-29T23:00,25.2,89,30.1,0.0,3,1013.1,4.8,333,100,0.0,26.0,0.284
Sarawak,1.5533,110.3592,2026-01-30T00:00,25.0,89,29.9,0.0,3,1013.4,4.8,335,100,0.0,25.6,0.285
Sarawak,1.5533,110.3592,2026-01-30T01:00,25.2,88,30.0,0.0,3,1013.4,5.3,350,100,0.0,25.4,0.285
Sarawak,1.5533,110.3592,2026-01-30T02:00,24.8,90,29.7,0.0,3,1012.7,4.5,2,100,0.0,25.2,0.285
Sarawak,1.5533,110.3592,2026-01-30T03:00,24.5,92,29.5,0.0,3,1012.3,3.7,337,100,0.0,25.0,0.286
Sarawak,1.5533,110.3592,2026-01-30T04:00,24.4,93,29.4,0.0,3,1012.2,3.4,344,94,0.0,24.9,0.286
Sarawak,1.5533,110.3592,2026-01-30T05:00,24.1,94,29.4,0.0,2,1012.6,2.3,356,50,0.0,24.8,0.286
Sarawak,1.5533,110.3592,2026-01-30T06:00,24.0,95,29.1,0.1,51,1012.9,3.3,324,94,0.0,24.7,0.287
Sarawak,1.5533,110.3592,2026-01-30T07:00,24.2,95,29.7,0.0,2,1013.2,1.5,256,77,0.0,24.7,0.288
Sarawak,1.5533,110.3592,2026-01-30T08:00,24.2,100,30.2,0.0,3,1013.7,2.2,175,100,78.0,25.0,0.304
Sarawak,1.5533,110.3592,2026-01-30T09:00,26.2,89,32.2,0.0,3,1014.1,2.2,189,87,237.0,25.6,0.304
Sarawak,1.5533,110.3592,2026-01-30T10:00,28.2,77,33.2,0.2,51,1014.1,7.2,341,95,517.0,26.8,0.304
Sarawak,1.5533,110.3592,2026-01-30T11:00,29.2,71,34.1,0.3,51,1013.9,12.0,347,87,716.0,28.0,0.304
Sarawak,1.5533,110.3592,2026-01-30T12:00,29.5,71,34.5,0.1,51,1013.1,13.8,349,90,785.0,29.0,0.3
Sarawak,1.5533,110.3592,2026-01-30T13:00,29.9,68,35.4,0.0,1,1012.3,15.3,357,24,935.0,29.9,0.295
Sarawak,1.5533,110.3592,2026-01-30T14:00,29.8,68,35.3,0.1,51,1011.1,14.1,356,35,937.0,30.5,0.29
Sarawak,1.5533,110.3592,2026-01-30T15:00,29.5,70,34.7,0.2,51,1010.4,13.9,355,16,798.0,30.7,0.288
Sarawak,1.5533,110.3592,2026-01-30T16:00,29.2,71,33.6,0.0,1,1009.7,14.1,346,37,675.0,30.6,0.284
Sarawak,1.5533,110.3592,2026-01-30T17:00,28.5,73,31.8,0.0,3,1009.7,15.0,344,86,426.0,30.1,0.281
Sarawak,1.5533,110.3592,2026-01-30T18:00,27.6,77,31.2,0.0,3,1010.4,13.6,343,96,239.0,29.4,0.28
Sarawak,1.5533,110.3592,2026-01-30T19:00,26.5,84,30.9,0.0,3,1011.4,9.1,353,99,47.0,28.5,0.28
Sarawak,1.5533,110.3592,2026-01-30T20:00,26.0,87,31.0,0.0,3,1011.5,6.5,347,99,0.0,27.8,0.296
Sarawak,1.5533,110.3592,2026-01-30T21:00,26.0,88,31.1,0.0,3,1012.3,5.9,337,99,0.0,27.1,0.296
Sarawak,1.5533,110.3592,2026-01-30T22:00,25.8,89,30.9,0.0,3,1012.9,5.2,326,90,0.0,26.6,0.296
Sarawak,1.5533,110.3592,2026-01-30T23:00,25.2,91,30.6,0.0,3,1013.0,4.2,320,80,0.0,26.2,0.296
Sarawak,1.5533,110.3592,2026-01-31T00:00,25.2,91,30.4,0.0,3,1012.5,5.2,329,84,0.0,25.9,0.296
Sarawak,1.5533,110.3592,2026-01-31T01:00,25.1,92,30.3,0.0,3,1012.3,4.6,321,82,0.0,25.7,0.296
Sarawak,1.5533,110.3592,2026-01-31T02:00,25.0,93,29.8,0.1,51,1011.9,7.8,334,93,0.0,25.7,0.296
Sarawak,1.5533,110.3592,2026-01-31T03:00,24.6,93,29.3,0.1,51,1011.5,7.3,332,97,0.0,25.5,0.297
Sarawak,1.5533,110.3592,2026-01-31T04:00,24.1,95,29.2,0.0,3,1011.0,4.2,301,100,0.0,25.2,0.297
Sarawak,1.5533,110.3592,2026-01-31T05:00,23.8,97,28.6,0.0,3,1010.8,5.5,243,100,0.0,25.0,0.297
Sarawak,1.5533,110.3592,2026-01-31T06:00,23.5,98,28.5,0.0,3,1011.2,3.6,233,100,0.0,24.8,0.297
Sarawak,1.5533,110.3592,2026-01-31T07:00,23.6,98,28.8,0.0,2,1012.1,3.1,320,72,0.0,24.7,0.297
Sarawak,1.5533,110.3592,2026-01-31T08:00,25.2,93,30.9,0.0,2,1013.0,2.6,236,59,69.0,25.1,0.3
Sarawak,1.5533,110.3592,2026-01-31T09:00,26.2,88,31.7,0.0,3,1013.9,4.3,327,80,244.0,25.9,0.3
Sarawak,1.5533,110.3592,2026-01-31T10:00,26.8,84,31.5,0.1,51,1014.4,8.5,358,100,383.0,26.7,0.299
Sarawak,1.5533,110.3592,2026-01-31T11:00,27.2,82,32.0,0.1,51,1014.1,7.8,7,90,421.0,27.4,0.298
Sarawak,1.5533,110.3592,2026-01-31T12:00,27.6,80,32.7,0.3,51,1013.3,10.3,5,99,641.0,28.2,0.298
Sarawak,1.5533,110.3592,2026-01-31T13:00,28.5,76,33.9,0.4,51,1012.4,11.7,359,100,756.0,29.0,0.298
Sarawak,1.5533,110.3592,2026-01-31T14:00,29.3,71,33.7,0.0,1,1011.4,12.6,356,30,620.0,29.3,0.292
Sarawak,1.5533,110.3592,2026-01-31T15:00,29.4,70,34.1,0.0,2,1010.5,14.2,356,66,765.0,29.9,0.288
Sarawak,1.5533,110.3592,2026-01-31T16:00,28.4,75,32.1,0.1,51,1010.0,14.7,352,89,574.0,29.9,0.285
Sarawak,1.5533,110.3592,2026-01-31T17:00,28.0,76,31.8,0.1,51,1010.0,13.6,348,97,395.0,29.5,0.284
Sarawak,1.5533,110.3592,2026-01-31T18:00,26.9,81,31.0,0.1,51,1010.7,10.9,338,100,198.0,28.8,0.283
Sarawak,1.5533,110.3592,2026-01-31T19:00,26.2,85,31.1,0.0,3,1011.3,6.1,337,100,20.0,28.0,0.283
Sarawak,1.5533,110.3592,2026-01-31T20:00,24.9,94,29.3,0.0,3,1011.6,10.3,331,100,0.0,27.2,0.301
Sarawak,1.5533,110.3592,2026-01-31T21:00,24.6,94,29.2,0.0,3,1012.6,8.3,326,99,0.0,26.6,0.301
Sarawak,1.5533,110.3592,2026-01-31T22:00,24.5,94,29.8,0.0,3,1013.0,3.8,295,100,0.0,26.1,0.302
Sarawak,1.5533,110.3592,2026-01-31T23:00,24.2,96,29.1,0.1,51,1013.1,6.9,345,100,0.0,25.9,0.303
Sarawak,1.5533,110.3592,2026-02-01T00:00,24.2,94,28.8,0.1,51,1013.1,7.3,350,100,0.0,25.6,0.304
Sarawak,1.5533,110.3592,2026-02-01T01:00,23.8,96,28.1,0.0,3,1012.5,8.6,23,100,0.0,25.4,0.304
Sarawak,1.5533,110.3592,2026-02-01T02:00,24.0,95,29.4,0.5,53,1011.7,2.3,274,100,0.0,25.6,0.299
Sarawak,1.5533,110.3592,2026-02-01T03:00,23.9,97,29.4,0.8,53,1011.1,1.2,243,100,0.0,25.2,0.308
Sarawak,1.5533,110.3592,2026-02-01T04:00,24.1,97,29.6,0.3,51,1010.3,2.5,262,100,0.0,25.1,0.313
Sarawak,1.5533,110.3592,2026-02-01T05:00,23.9,98,29.3,0.1,51,1010.2,2.4,27,75,0.0,24.9,0.313
Sarawak,1.5533,110.3592,2026-02-01T06:00,23.7,98,28.6,0.1,51,1010.5,5.5,11,83,0.0,24.8,0.315
Sarawak,1.5533,110.3592,2026-02-01T07:00,23.5,97,27.9,0.4,51,1011.2,7.8,40,84,0.0,24.5,0.32
Sarawak,1.5533,110.3592,2026-02-01T08:00,24.5,95,29.2,0.2,51,1012.2,8.4,25,100,60.0,24.5,0.313
Sarawak,1.5533,110.3592,2026-02-01T09:00,25.8,89,31.0,0.2,51,1013.0,5.0,19,100,161.0,25.1,0.315
Sarawak,1.5533,110.3592,2026-02-01T10:00,26.7,83,31.5,0.2,51,1013.3,7.5,30,100,275.0,26.0,0.316
Sarawak,1.5533,110.3592,2026-02-01T11:00,25.3,88,29.7,2.0,61,1013.2,7.9,43,100,374.0,26.1,0.335
Sarawak,1.5533,110.3592,2026-02-01T12:00,26.0,86,30.2,1.2,55,1012.7,10.1,27,99,422.0,26.2,0.346
Sarawak,1.5533,110.3592,2026-02-01T13:00,26.3,84,30.5,0.4,51,1012.1,11.1,20,100,583.0,26.9,0.348
Sarawak,1.5533,110.3592,2026-02-01T14:00,25.9,84,29.7,0.2,51,1011.6,11.1,17,100,500.0,27.5,0.335
Sarawak,1.5533,110.3592,2026-02-01T15:00,26.2,82,30.2,0.4,51,1010.9,9.9,5,100,313.0,27.3,0.337
Sarawak,1.5533,110.3592,2026-02-01T16:00,26.4,81,30.2,0.2,51,1009.8,11.0,3,100,246.0,27.1,0.337
Sarawak,1.5533,110.3592,2026-02-01T17:00,27.2,73,30.1,0.0,3,1009.8,13.9,10,99,287.0,27.2,0.334
Sarawak,1.5533,110.3592,2026-02-01T18:00,26.7,76,30.0,0.0,3,1010.2,11.3,7,100,116.0,27.0,0.333
Sarawak,1.5533,110.3592,2026-02-01T19:00,26.0,77,29.6,0.0,3,1011.0,8.9,9,100,28.0,26.5,0.331
Sarawak,1.5533,110.3592,2026-02-01T20:00,25.9,82,29.9,0.0,3,1011.8,7.8,15,100,0.0,25.7,0.368
Sarawak,1.5533,110.3592,2026-02-01T21:00,25.5,85,30.1,0.1,51,1012.8,5.1,27,100,0.0,25.5,0.366
Sarawak,1.5533,110.3592,2026-02-01T22:00,25.2,87,29.7,0.1,51,1013.2,6.4,22,100,0.0,25.5,0.365
Sarawak,1.5533,110.3592,2026-02-01T23:00,25.2,86,29.7,0.1,51,1013.0,6.3,3,61,0.0,25.3,0.364
Sarawak,1.5533,110.3592,2026-02-02T00:00,25.0,85,29.3,0.0,3,1012.9,5.6,2,98,0.0,25.0,0.362
Sarawak,1.5533,110.3592,2026-02-02T01:00,24.9,84,29.0,0.0,3,1012.2,5.4,358,100,0.0,24.8,0.36
Sarawak,1.5533,110.3592,2026-02-02T02:00,24.5,86,28.8,0.0,3,1011.9,5.1,17,100,0.0,24.2,0.364
Sarawak,1.5533,110.3592,2026-02-02T03:00,24.5,86,28.7,0.0,3,1011.4,4.6,13,100,0.0,24.2,0.363
Sarawak,1.5533,110.3592,2026-02-02T04:00,24.5,85,28.8,0.0,3,1011.2,3.9,22,100,0.0,24.1,0.361
Sarawak,1.5533,110.3592,2026-02-02T05:00,24.5,85,28.5,0.0,3,1011.1,5.4,14,100,0.0,24.0,0.36
Sarawak,1.5533,110.3592,2026-02-02T06:00,24.5,84,28.7,0.0,3,1011.3,3.1,13,100,0.0,23.9,0.358
Sarawak,1.5533,110.3592,2026-02-02T07:00,24.5,83,29.0,0.0,3,1012.0,0.9,169,100,0.0,23.8,0.357
Sarawak,1.5533,110.3592,2026-02-02T08:00,26.2,79,30.0,0.0,3,1012.7,9.0,15,100,79.0,24.0,0.354
Sarawak,1.5533,110.3592,2026-02-02T09:00,27.6,71,30.9,0.0,3,1013.7,10.9,29,100,250.0,25.1,0.352
Sarawak,1.5533,110.3592,2026-02-02T10:00,28.3,67,31.0,0.0,3,1013.6,13.6,34,100,409.0,26.0,0.349
Sarawak,1.5533,110.3592,2026-02-02T11:00,29.0,65,31.9,0.0,3,1013.3,14.7,31,100,631.0,27.1,0.344
Sarawak,1.5533,110.3592,2026-02-02T12:00,29.4,64,33.4,0.0,3,1012.7,13.8,26,100,768.0,28.1,0.339
Sarawak,1.5533,110.3592,2026-02-02T13:00,29.5,66,34.4,0.0,3,1011.6,12.9,16,100,817.0,29.0,0.334
Sarawak,1.5533,110.3592,2026-02-02T14:00,29.6,61,33.8,0.0,3,1011.2,12.9,18,100,818.0,29.6,0.323
Sarawak,1.5533,110.3592,2026-02-02T15:00,29.4,63,33.0,0.0,3,1010.2,12.5,16,100,672.0,29.8,0.319
Sarawak,1.5533,110.3592,2026-02-02T16:00,28.6,69,32.0,0.0,3,1009.2,12.5,5,100,524.0,29.6,0.315
Sarawak,1.5533,110.3592,2026-02-02T17:00,27.9,74,31.7,0.0,3,1009.1,11.0,360,100,368.0,29.2,0.313
Sarawak,1.5533,110.3592,2026-02-02T18:00,27.3,76,31.3,0.0,3,1009.6,9.4,359,100,200.0,28.5,0.311
Sarawak,1.5533,110.3592,2026-02-02T19:00,26.2,83,30.9,0.0,3,1010.4,6.1,358,100,45.0,27.8,0.311
Sarawak,1.5533,110.3592,2026-02-02T20:00,26.6,80,30.7,0.0,3,1011.2,9.1,8,95,0.0,27.6,0.308
Sarawak,1.5533,110.3592,2026-02-02T21:00,26.3,81,30.7,0.0,3,1011.7,7.0,13,95,0.0,27.0,0.307
Sarawak,1.5533,110.3592,2026-02-02T22:00,26.0,84,30.7,0.0,3,1012.4,5.4,15,100,0.0,26.4,0.307
Sarawak,1.5533,110.3592,2026-02-02T23:00,25.9,84,30.5,0.0,3,1012.5,5.6,7,100,0.0,26.0,0.307
Sarawak,1.5533,110.3592,2026-02-03T00:00,25.7,85,30.5,0.0,3,1012.2,5.0,15,97,0.0,25.7,0.307
Sarawak,1.5533,110.3592,2026-02-03T01:00,25.5,87,30.4,0.0,3,1011.9,4.5,37,91,0.0,25.5,0.308
Sarawak,1.5533,110.3592,2026-02-03T02:00,24.5,94,29.9,0.0,3,1011.6,3.1,77,95,0.0,25.7,0.308
Sarawak,1.5533,110.3592,2026-02-03T03:00,24.2,96,29.7,0.1,51,1011.1,2.4,103,74,0.0,25.5,0.309
Sarawak,1.5533,110.3592,2026-02-03T04:00,23.8,94,29.0,1.5,61,1011.0,1.0,135,92,0.0,25.1,0.327
Sarawak,1.5533,110.3592,2026-02-03T05:00,23.5,98,28.7,0.8,53,1011.1,3.3,96,100,0.0,25.0,0.338
Sarawak,1.5533,110.3592,2026-02-03T06:00,23.7,98,29.2,0.3,51,1011.3,1.9,292,60,0.0,24.8,0.342
Sarawak,1.5533,110.3592,2026-02-03T07:00,22.8,99,27.4,2.9,63,1012.3,3.9,204,99,0.0,24.5,0.379
Sarawak,1.5533,110.3592,2026-02-03T08:00,23.5,97,28.5,1.2,55,1013.3,4.0,111,100,64.0,24.9,0.358
Sarawak,1.5533,110.3592,2026-02-03T09:00,24.6,91,29.8,0.3,51,1014.0,2.3,90,98,188.0,25.0,0.36
Sarawak,1.5533,110.3592,2026-02-03T10:00,25.6,88,30.8,0.1,51,1014.0,3.9,24,96,296.0,25.6,0.358
Sarawak,1.5533,110.3592,2026-02-03T11:00,26.9,84,31.9,0.2,51,1013.6,7.2,1,95,510.0,26.6,0.357
Sarawak,1.5533,110.3592,2026-02-03T12:00,28.1,78,34.2,0.1,51,1012.9,7.8,352,57,729.0,27.9,0.353
Sarawak,1.5533,110.3592,2026-02-03T13:00,27.4,76,31.2,0.8,53,1011.8,10.9,343,62,547.0,28.2,0.357
Sarawak,1.5533,110.3592,2026-02-03T14:00,27.5,79,33.1,0.9,53,1011.5,6.3,323,62,667.0,28.4,0.356
Sarawak,1.5533,110.3592,2026-02-03T15:00,28.8,74,34.7,0.1,51,1010.6,6.5,309,58,711.0,29.2,0.351
Sarawak,1.5533,110.3592,2026-02-03T16:00,28.4,73,32.6,0.1,51,1009.6,10.2,324,59,564.0,29.4,0.347
Sarawak,1.5533,110.3592,2026-02-03T17:00,27.7,76,31.5,0.0,2,1009.2,11.8,334,63,449.0,29.2,0.344
Sarawak,1.5533,110.3592,2026-02-03T18:00,26.9,80,31.1,0.0,3,1009.9,9.4,322,100,235.0,28.6,0.342
Sarawak,1.5533,110.3592,2026-02-03T19:00,25.8,87,30.9,0.0,3,1010.8,4.3,318,98,35.0,27.8,0.341
Sarawak,1.5533,110.3592,2026-02-03T20:00,26.0,85,30.7,0.0,3,1010.7,7.4,331,99,0.0,27.8,0.33
Sarawak,1.5533,110.3592,2026-02-03T21:00,25.8,87,30.7,0.0,3,1011.6,5.6,318,100,0.0,27.0,0.33
Sarawak,1.5533,110.3592,2026-02-03T22:00,25.8,87,30.6,0.0,3,1011.7,6.8,312,99,0.0,26.6,0.329
Sarawak,1.5533,110.3592,2026-02-03T23:00,25.6,88,30.9,0.0,3,1011.9,4.3,272,100,0.0,26.3,0.329
Sarawak,1.5533,110.3592,2026-02-04T00:00,25.1,91,30.3,0.0,3,1012.1,4.7,252,100,0.0,26.0,0.329
Sarawak,1.5533,110.3592,2026-02-04T01:00,24.6,93,29.7,0.0,3,1011.7,4.9,260,100,0.0,25.6,0.329
Sarawak,1.5533,110.3592,2026-02-04T02:00,25.3,90,30.2,0.0,3,1011.0,6.2,292,100,0.0,26.4,0.326
Sarawak,1.5533,110.3592,2026-02-04T03:00,25.0,91,30.0,0.0,3,1010.5,5.1,297,100,0.0,26.0,0.326
Sarawak,1.5533,110.3592,2026-02-04T04:00,24.6,89,29.2,0.9,53,1010.6,4.3,287,100,0.0,25.6,0.336
Sarawak,1.5533,110.3592,2026-02-04T05:00,24.3,91,29.2,0.4,51,1010.8,3.2,317,100,0.0,25.4,0.34
Sarawak,1.5533,110.3592,2026-02-04T06:00,23.2,97,27.9,1.4,61,1011.7,4.7,230,100,0.0,25.0,0.358
Sarawak,1.5533,110.3592,2026-02-04T07:00,22.8,99,27.3,1.6,61,1012.7,5.1,170,100,0.0,24.5,0.379
Sarawak,1.5533,110.3592,2026-02-04T08:00,24.0,94,28.7,0.6,53,1012.8,4.6,281,100,30.0,25.7,0.331
Sarawak,1.5533,110.3592,2026-02-04T09:00,25.1,88,29.9,0.0,3,1013.8,5.1,287,100,177.0,25.8,0.331
Sarawak,1.5533,110.3592,2026-02-04T10:00,26.1,84,30.5,0.1,51,1014.3,8.1,356,100,331.0,26.4,0.33
Sarawak,1.5533,110.3592,2026-02-04T11:00,25.8,85,29.8,0.6,53,1013.7,11.1,344,100,271.0,26.5,0.334
Sarawak,1.5533,110.3592,2026-02-04T12:00,26.4,83,30.5,0.5,53,1013.2,11.1,343,100,556.0,27.0,0.337
Sarawak,1.5533,110.3592,2026-02-04T13:00,25.3,85,29.1,1.9,61,1012.6,10.1,321,100,449.0,27.0,0.355
Sarawak,1.5533,110.3592,2026-02-04T14:00,24.2,93,28.9,0.2,51,1011.5,6.1,282,100,410.0,27.1,0.337
Sarawak,1.5533,110.3592,2026-02-04T15:00,26.0,86,30.6,0.5,53,1010.5,7.3,332,100,512.0,27.2,0.341
Sarawak,1.5533,110.3592,2026-02-04T16:00,26.4,82,30.9,0.0,3,1009.8,6.8,320,100,342.0,27.3,0.339
Sarawak,1.5533,110.3592,2026-02-04T17:00,26.2,82,30.6,0.0,3,1009.8,7.6,326,100,247.0,27.3,0.337
Sarawak,1.5533,110.3592,2026-02-04T18:00,25.8,85,30.2,0.0,3,1010.4,7.2,335,100,107.0,26.9,0.336
Sarawak,1.5533,110.3592,2026-02-04T19:00,25.1,89,30.3,0.0,3,1011.2,3.7,305,100,29.0,26.5,0.335
Sarawak,1.5533,110.3592,2026-02-04T20:00,25.6,87,30.3,0.0,3,1011.5,6.8,335,100,0.0,27.0,0.327
Sarawak,1.5533,110.3592,2026-02-04T21:00,25.5,88,30.4,0.0,3,1012.0,5.5,322,100,0.0,26.5,0.327
Sarawak,1.5533,110.3592,2026-02-04T22:00,25.2,89,30.2,0.0,3,1012.7,5.1,328,100,0.0,26.0,0.326
Sarawak,1.5533,110.3592,2026-02-04T23:00,25.2,89,30.2,0.0,3,1012.7,4.5,317,99,0.0,25.8,0.326
Sarawak,1.5533,110.3592,2026-02-05T00:00,24.8,90,29.6,0.0,3,1012.9,4.7,313,98,0.0,25.4,0.326
Sarawak,1.5533,110.3592,2026-02-05T01:00,24.9,89,29.7,0.0,3,1012.6,4.2,335,99,0.0,25.2,0.326
Sarawak,1.5533,110.3592,2026-02-05T02:00,24.9,89,29.4,0.0,3,1012.1,5.6,356,100,0.0,25.5,0.326
Sarawak,1.5533,110.3592,2026-02-05T03:00,24.4,91,28.4,0.1,51,1011.7,9.4,358,100,0.0,25.3,0.326
Sarawak,1.5533,110.3592,2026-02-05T04:00,23.8,92,27.7,0.4,51,1011.7,7.6,348,99,0.0,25.0,0.33
Sarawak,1.5533,110.3592,2026-02-05T05:00,23.4,94,27.5,0.2,51,1011.4,7.2,354,100,0.0,24.6,0.332
Sarawak,1.5533,110.3592,2026-02-05T06:00,23.3,96,27.8,0.8,53,1011.4,4.9,336,100,0.0,24.5,0.34
Sarawak,1.5533,110.3592,2026-02-05T07:00,23.6,96,28.7,0.9,53,1011.8,2.8,349,100,0.0,24.3,0.351
Sarawak,1.5533,110.3592,2026-02-05T08:00,24.4,98,29.9,0.4,51,1012.6,4.0,10,99,63.0,25.0,0.392
Sarawak,1.5533,110.3592,2026-02-05T09:00,25.9,88,30.8,0.2,51,1013.1,7.0,342,100,257.0,25.5,0.39
Sarawak,1.5533,110.3592,2026-02-05T10:00,27.1,80,31.5,0.5,53,1013.2,9.9,351,100,468.0,26.2,0.39
Sarawak,1.5533,110.3592,2026-02-05T11:00,28.5,73,33.0,0.3,51,1012.6,13.0,354,98,690.0,27.4,0.387
Sarawak,1.5533,110.3592,2026-02-05T12:00,28.8,74,33.9,0.2,51,1012.1,14.8,354,99,785.0,28.4,0.383
Sarawak,1.5533,110.3592,2026-02-05T13:00,28.9,74,34.3,0.0,3,1011.1,15.6,354,100,875.0,29.2,0.376
Sarawak,1.5533,110.3592,2026-02-05T14:00,28.1,76,33.1,0.1,51,1010.7,15.7,357,100,811.0,29.6,0.366
Sarawak,1.5533,110.3592,2026-02-05T15:00,27.6,77,31.0,0.5,53,1009.7,15.4,353,100,500.0,29.2,0.367
Sarawak,1.5533,110.3592,2026-02-05T16:00,27.2,82,31.5,0.5,53,1009.6,11.9,350,100,448.0,28.8,0.37
Sarawak,1.5533,110.3592,2026-02-05T17:00,26.4,83,30.3,0.2,51,1009.4,12.1,342,99,350.0,28.5,0.369
Sarawak,1.5533,110.3592,2026-02-05T18:00,26.2,83,30.4,0.1,51,1009.6,9.8,342,100,162.0,27.9,0.368
Sarawak,1.5533,110.3592,2026-02-05T19:00,25.5,85,29.6,0.1,51,1010.8,8.8,349,100,36.0,27.2,0.368
Sarawak,1.5533,110.3592,2026-02-05T20:00,25.9,85,30.5,0.2,51,1011.1,7.0,360,100,0.0,27.0,0.362
Sarawak,1.5533,110.3592,2026-02-05T21:00,25.6,88,30.7,0.0,3,1012.0,4.7,360,100,0.0,26.4,0.362
Sarawak,1.5533,110.3592,2026-02-05T22:00,25.6,88,30.9,0.0,3,1012.5,4.0,350,100,0.0,26.1,0.361
Sarawak,1.5533,110.3592,2026-02-05T23:00,25.4,89,30.6,0.0,3,1012.5,3.7,349,100,0.0,25.8,0.361
Sarawak,1.5533,110.3592,2026-02-06T00:00,25.1,90,30.3,0.0,3,1012.4,3.5,332,100,0.0,25.5,0.36
Sarawak,1.5533,110.3592,2026-02-06T01:00,24.8,91,30.1,0.0,3,1012.1,2.3,331,98,0.0,25.3,0.36
Sarawak,1.5533,110.3592,2026-02-06T02:00,24.9,88,30.2,0.6,53,1011.4,0.4,243,98,0.0,25.8,0.365
Sarawak,1.5533,110.3592,2026-02-06T03:00,23.6,98,28.7,2.3,61,1011.3,4.5,196,100,0.0,25.3,0.395
Sarawak,1.5533,110.3592,2026-02-06T04:00,23.6,98,29.1,0.1,51,1011.0,1.9,158,100,0.0,25.0,0.392
Sarawak,1.5533,110.3592,2026-02-06T05:00,23.7,98,29.4,0.1,51,1010.8,0.2,180,100,0.0,24.8,0.389
Sarawak,1.5533,110.3592,2026-02-06T06:00,23.6,98,29.1,0.0,3,1011.0,1.1,171,98,0.0,24.6,0.387
Sarawak,1.5533,110.3592,2026-02-06T07:00,23.4,99,28.4,0.0,3,1011.5,4.0,183,82,0.0,24.5,0.385
Sarawak,1.5533,110.3592,2026-02-06T08:00,24.6,97,30.6,0.0,3,1011.9,1.7,221,99,80.0,24.8,0.359
Sarawak,1.5533,110.3592,2026-02-06T09:00,25.6,93,32.0,0.1,51,1013.0,0.4,270,100,225.0,25.5,0.36
Sarawak,1.5533,110.3592,2026-02-06T10:00,26.1,88,31.8,0.4,51,1013.4,3.0,14,100,369.0,26.2,0.362
Sarawak,1.5533,110.3592,2026-02-06T11:00,26.5,85,31.3,0.5,53,1013.1,7.9,356,100,555.0,27.0,0.364
Sarawak,1.5533,110.3592,2026-02-06T12:00,27.0,82,32.2,0.3,51,1012.4,5.8,355,98,486.0,27.5,0.364
Sarawak,1.5533,110.3592,2026-02-06T13:00,27.6,77,32.0,0.1,51,1011.5,8.5,339,100,526.0,28.0,0.362
Sarawak,1.5533,110.3592,2026-02-06T14:00,27.6,78,32.4,0.2,51,1011.0,6.4,324,90,438.0,28.2,0.36
Sarawak,1.5533,110.3592,2026-02-06T15:00,28.5,75,33.5,0.1,51,1009.8,8.8,325,98,633.0,28.9,0.357
Sarawak,1.5533,110.3592,2026-02-06T16:00,28.2,73,32.0,0.0,3,1009.2,11.7,328,99,533.0,29.0,0.354
Sarawak,1.5533,110.3592,2026-02-06T17:00,27.4,75,30.7,0.2,51,1008.9,12.2,332,98,330.0,28.6,0.352
Sarawak,1.5533,110.3592,2026-02-06T18:00,26.8,78,31.0,0.0,3,1009.4,7.5,325,100,170.0,28.0,0.351
Sarawak,1.5533,110.3592,2026-02-06T19:00,25.9,87,31.4,0.0,3,1010.3,2.2,336,100,35.0,27.4,0.35
Sarawak,1.5533,110.3592,2026-02-06T20:00,25.5,89,30.8,0.0,3,1010.8,3.1,230,100,0.0,26.8,0.359
Sarawak,1.5533,110.3592,2026-02-06T21:00,24.9,93,30.2,0.0,3,1011.7,3.9,217,100,0.0,26.2,0.358
Sarawak,1.5533,110.3592,2026-02-06T22:00,24.5,96,30.1,0.0,3,1012.2,3.0,245,100,0.0,25.8,0.358
Sarawak,1.5533,110.3592,2026-02-06T23:00,24.5,95,29.8,0.0,3,1012.0,3.6,279,100,0.0,25.5,0.357
Sarawak,1.5533,110.3592,2026-02-07T00:00,24.5,92,29.4,0.0,3,1012.4,4.2,295,100,0.0,25.2,0.357
Sarawak,1.5533,110.3592,2026-02-07T01:00,24.5,89,29.2,0.0,3,1012.1,4.2,301,100,0.0,25.0,0.357
Sarawak,1.5533,110.3592,2026-02-07T02:00,24.2,89,28.7,0.0,3,1011.3,4.2,329,98,0.0,25.0,0.355
Sarawak,1.5533,110.3592,2026-02-07T03:00,24.0,89,28.5,0.0,3,1010.9,4.1,319,98,0.0,24.7,0.355
Sarawak,1.5533,110.3592,2026-02-07T04:00,24.0,89,28.4,0.0,3,1010.7,3.8,315,80,0.0,24.5,0.354
Sarawak,1.5533,110.3592,2026-02-07T05:00,24.0,88,28.2,0.0,3,1010.6,4.3,315,98,0.0,24.3,0.354
Sarawak,1.5533,110.3592,2026-02-07T06:00,23.8,88,27.9,0.0,0,1011.0,3.5,305,18,0.0,24.0,0.354
Sarawak,1.5533,110.3592,2026-02-07T07:00,23.6,88,27.8,0.0,3,1011.4,3.0,295,89,0.0,23.8,0.354
Sarawak,1.5533,110.3592,2026-02-07T08:00,25.6,85,30.2,0.0,3,1012.1,5.9,348,100,95.0,24.2,0.355
Sarawak,1.5533,110.3592,2026-02-07T09:00,27.3,76,31.4,0.0,3,1012.7,8.4,7,100,283.0,25.4,0.354
Sarawak,1.5533,110.3592,2026-02-07T10:00,27.8,73,31.7,0.0,3,1013.1,8.9,13,100,393.0,26.3,0.351
Sarawak,1.5533,110.3592,2026-02-07T11:00,27.7,73,31.4,0.0,3,1012.5,9.9,9,100,388.0,26.9,0.349
Sarawak,1.5533,110.3592,2026-02-07T12:00,28.5,69,32.5,0.0,3,1011.7,10.3,359,100,621.0,27.8,0.345
Sarawak,1.5533,110.3592,2026-02-07T13:00,29.3,66,34.3,0.0,3,1010.4,12.4,358,100,862.0,28.9,0.34
Sarawak,1.5533,110.3592,2026-02-07T14:00,29.4,65,34.0,0.0,2,1010.1,12.5,6,74,816.0,29.5,0.33
Sarawak,1.5533,110.3592,2026-02-07T15:00,29.4,66,34.4,0.0,1,1009.1,12.6,1,29,848.0,30.0,0.325
Sarawak,1.5533,110.3592,2026-02-07T16:00,29.0,67,33.3,0.0,2,1008.6,11.7,5,61,725.0,30.1,0.321
Sarawak,1.5533,110.3592,2026-02-07T17:00,28.2,70,31.6,0.0,3,1008.2,11.4,5,83,484.0,29.8,0.319
Sarawak,1.5533,110.3592,2026-02-07T18:00,27.3,75,31.0,0.0,2,1008.4,10.1,3,55,260.0,29.0,0.317
Sarawak,1.5533,110.3592,2026-02-07T19:00,26.0,83,30.5,0.0,1,1009.2,5.8,4,35,54.0,28.0,0.317
Sarawak,1.5533,110.3592,2026-02-07T20:00,25.5,88,30.6,0.0,3,1009.8,4.4,348,89,0.0,27.6,0.313
Sarawak,1.5533,110.3592,2026-02-07T21:00,25.5,88,30.5,0.0,3,1010.5,4.4,348,94,0.0,26.9,0.314
Sarawak,1.5533,110.3592,2026-02-07T22:00,25.2,89,30.1,0.0,3,1011.2,5.2,333,87,0.0,26.4,0.314
Sarawak,1.5533,110.3592,2026-02-07T23:00,25.0,90,29.9,0.0,2,1011.0,4.8,335,58,0.0,25.9,0.315
Sarawak,1.5533,110.3592,2026-02-08T00:00,24.6,92,29.6,0.0,1,1011.2,4.3,336,38,0.0,25.5,0.315
Sarawak,1.5533,110.3592,2026-02-08T01:00,24.4,92,29.2,0.0,3,1010.6,4.5,326,100,0.0,25.2,0.316
Sarawak,1.5533,110.3592,2026-02-08T02:00,24.2,92,28.9,0.0,3,1010.3,4.7,317,100,0.0,25.1,0.317
Sarawak,1.5533,110.3592,2026-02-08T03:00,24.1,91,28.5,0.0,3,1010.0,5.5,314,94,0.0,24.9,0.317
Sarawak,1.5533,110.3592,2026-02-08T04:00,23.8,91,28.3,0.0,3,1009.9,4.1,293,100,0.0,24.6,0.318
Sarawak,1.5533,110.3592,2026-02-08T05:00,23.4,92,27.8,0.0,1,1010.1,3.1,257,38,0.0,24.4,0.318
Sarawak,1.5533,110.3592,2026-02-08T06:00,23.0,94,27.4,0.0,1,1010.5,3.4,264,30,0.0,24.1,0.319
Sarawak,1.5533,110.3592,2026-02-08T07:00,22.9,93,27.0,0.0,2,1010.9,4.0,270,66,0.0,24.0,0.319
Sarawak,1.5533,110.3592,2026-02-08T08:00,25.1,85,29.5,0.0,3,1011.9,5.2,286,97,99.0,24.1,0.321
Sarawak,1.5533,110.3592,2026-02-08T09:00,27.4,73,31.3,0.0,1,1012.5,7.2,338,45,319.0,25.4,0.32
Sarawak,1.5533,110.3592,2026-02-08T10:00,28.5,66,31.8,0.0,2,1013.0,10.2,346,60,572.0,26.7,0.317
Sarawak,1.5533,110.3592,2026-02-08T11:00,29.1,62,32.8,0.0,1,1012.8,12.0,346,40,746.0,27.9,0.313
Sarawak,1.5533,110.3592,2026-02-08T12:00,29.5,60,33.4,0.0,1,1012.0,13.9,346,47,874.0,28.9,0.308
Sarawak,1.5533,110.3592,2026-02-08T13:00,29.5,59,33.8,0.0,2,1011.2,15.1,345,76,952.0,29.7,0.303
Sarawak,1.5533,110.3592,2026-02-08T14:00,29.2,60,33.3,0.0,3,1010.6,13.5,350,98,890.0,30.1,0.296
Sarawak,1.5533,110.3592,2026-02-08T15:00,29.0,59,32.8,0.0,3,1009.6,12.8,349,98,849.0,30.4,0.292
Sarawak,1.5533,110.3592,2026-02-08T16:00,28.7,60,31.7,0.0,1,1009.0,12.0,347,36,685.0,30.2,0.288
Sarawak,1.5533,110.3592,2026-02-08T17:00,28.1,63,30.4,0.0,3,1008.6,12.4,346,80,485.0,29.8,0.286
Sarawak,1.5533,110.3592,2026-02-08T18:00,27.0,68,29.7,0.0,3,1009.0,10.4,351,100,247.0,29.0,0.285
Sarawak,1.5533,110.3592,2026-02-08T19:00,25.5,76,29.0,0.0,3,1009.8,5.8,351,95,48.0,27.9,0.285
Sarawak,1.5533,110.3592,2026-02-08T20:00,25.0,81,28.9,0.0,3,1010.2,5.1,6,98,0.0,27.3,0.281
Sarawak,1.5533,110.3592,2026-02-08T21:00,24.8,83,28.9,0.0,3,1010.7,4.5,14,100,0.0,26.5,0.281
Sarawak,1.5533,110.3592,2026-02-08T22:00,24.5,84,28.5,0.0,3,1011.0,4.9,17,98,0.0,25.8,0.282
Sarawak,1.5533,110.3592,2026-02-08T23:00,24.4,85,28.4,0.0,3,1011.2,5.2,4,100,0.0,25.3,0.283
Sarawak,1.5533,110.3592,2026-02-09T00:00,24.4,85,28.7,0.0,3,1011.2,3.0,346,100,0.0,24.9,0.284
Sarawak,1.5533,110.3592,2026-02-09T01:00,24.0,87,28.2,0.0,3,1010.7,4.3,318,100,0.0,24.6,0.284
Sarawak,1.5533,110.3592,2026-02-09T02:00,24.5,82,28.0,0.0,3,1009.9,6.8,348,100,0.0,24.8,0.285
Sarawak,1.5533,110.3592,2026-02-09T03:00,24.1,83,27.8,0.0,3,1009.6,5.4,339,100,0.0,24.5,0.285
Sarawak,1.5533,110.3592,2026-02-09T04:00,23.9,84,27.6,0.0,3,1009.4,5.1,333,100,0.0,24.3,0.286
Sarawak,1.5533,110.3592,2026-02-09T05:00,23.8,85,27.5,0.0,3,1009.5,4.7,342,100,0.0,24.1,0.287
Sarawak,1.5533,110.3592,2026-02-09T06:00,23.7,85,27.4,0.0,3,1009.7,5.0,347,100,0.0,23.9,0.287
Sarawak,1.5533,110.3592,2026-02-09T07:00,23.6,86,27.4,0.0,3,1010.2,4.5,346,100,0.0,23.8,0.288
Sarawak,1.5533,110.3592,2026-02-09T08:00,25.6,80,29.5,0.0,3,1010.3,7.3,351,98,88.0,23.5,0.291
Sarawak,1.5533,110.3592,2026-02-09T09:00,27.4,68,30.5,0.0,3,1011.0,8.0,352,100,312.0,24.9,0.29
Sarawak,1.5533,110.3592,2026-02-09T10:00,28.2,64,31.4,0.0,3,1011.1,7.9,357,98,507.0,26.2,0.288
Sarawak,1.5533,110.3592,2026-02-09T11:00,28.9,61,32.4,0.0,3,1010.8,9.2,4,100,651.0,27.4,0.285
Sarawak,1.5533,110.3592,2026-02-09T12:00,29.5,59,33.4,0.0,3,1009.7,10.7,7,100,768.0,28.5,0.281
Sarawak,1.5533,110.3592,2026-02-09T13:00,29.5,59,33.1,0.0,3,1009.1,9.2,3,100,700.0,29.0,0.277
Sarawak,1.5533,110.3592,2026-02-09T14:00,29.2,60,33.1,0.0,3,1008.4,8.1,4,100,693.0,29.5,0.275
Sarawak,1.5533,110.3592,2026-02-09T15:00,29.1,59,32.0,0.0,3,1008.2,8.1,359,100,511.0,29.5,0.272
Sarawak,1.5533,110.3592,2026-02-09T16:00,29.0,60,31.7,0.0,3,1007.7,9.4,356,100,486.0,29.5,0.27
Sarawak,1.5533,110.3592,2026-02-09T17:00,28.1,62,30.3,0.0,3,1007.8,11.8,347,100,386.0,29.1,0.268
Sarawak,1.5533,110.3592,2026-02-09T18:00,27.0,70,30.0,0.0,3,1007.8,9.1,346,100,204.0,28.5,0.267
Sarawak,1.5533,110.3592,2026-02-09T19:00,25.7,78,29.5,0.0,3,1008.8,5.9,337,100,32.0,27.5,0.267
Sarawak,1.5533,110.3592,2026-02-09T20:00,25.7,78,29.5,0.0,3,1009.5,5.9,348,100,0.0,27.4,0.265
Sarawak,1.5533,110.3592,2026-02-09T21:00,25.4,81,29.4,0.0,3,1010.2,5.7,325,100,0.0,26.6,0.265
Sarawak,1.5533,110.3592,2026-02-09T22:00,25.0,84,29.3,0.0,3,1011.0,5.0,325,100,0.0,26.0,0.266
Sarawak,1.5533,110.3592,2026-02-09T23:00,24.7,87,29.2,0.0,3,1011.1,4.2,301,100,0.0,25.6,0.267
Sarawak,1.5533,110.3592,2026-02-10T00:00,24.3,88,28.8,0.0,3,1010.7,4.1,268,100,0.0,25.2,0.267
Sarawak,1.5533,110.3592,2026-02-10T01:00,23.9,91,28.4,0.0,3,1010.4,3.8,253,100,0.0,25.0,0.268
Sarawak,1.5533,110.3592,2026-02-10T02:00,23.7,94,28.3,0.0,2,1009.6,5.2,284,66,0.0,25.0,0.269
Sarawak,1.5533,110.3592,2026-02-10T03:00,23.5,96,28.1,0.0,3,1009.3,4.3,270,100,0.0,24.7,0.27
Sarawak,1.5533,110.3592,2026-02-10T04:00,23.5,96,28.0,0.0,3,1009.5,5.2,248,100,0.0,24.5,0.27
Sarawak,1.5533,110.3592,2026-02-10T05:00,23.0,97,27.3,0.0,3,1009.8,5.5,234,100,0.0,24.3,0.271
Sarawak,1.5533,110.3592,2026-02-10T06:00,22.5,98,26.8,0.0,2,1009.8,5.2,236,77,0.0,24.1,0.271
Sarawak,1.5533,110.3592,2026-02-10T07:00,22.1,98,26.6,0.0,3,1010.7,2.8,225,97,0.0,23.9,0.272
Sarawak,1.5533,110.3592,2026-02-10T08:00,24.0,92,28.8,0.0,0,1011.2,2.7,222,5,94.0,24.5,0.272
Sarawak,1.5533,110.3592,2026-02-10T09:00,26.8,82,32.3,0.0,3,1011.7,2.5,278,85,325.0,25.7,0.272
Sarawak,1.5533,110.3592,2026-02-10T10:00,28.2,76,33.4,0.1,51,1011.9,3.9,344,99,533.0,27.0,0.272
Sarawak,1.5533,110.3592,2026-02-10T11:00,28.5,74,34.1,0.4,51,1011.7,4.7,40,100,647.0,28.1,0.273
Sarawak,1.5533,110.3592,2026-02-10T12:00,28.7,73,35.1,0.4,51,1011.1,4.2,40,100,759.0,29.1,0.274
Sarawak,1.5533,110.3592,2026-02-10T13:00,29.4,69,36.7,0.5,53,1010.0,2.8,27,100,881.0,30.0,0.275
Sarawak,1.5533,110.3592,2026-02-10T14:00,30.0,62,36.0,0.2,51,1009.6,3.3,81,100,805.0,30.6,0.272
Sarawak,1.5533,110.3592,2026-02-10T15:00,30.5,59,35.0,0.0,3,1008.9,3.3,126,100,592.0,30.8,0.27
Sarawak,1.5533,110.3592,2026-02-10T16:00,30.6,57,34.7,0.0,3,1008.5,2.5,180,100,493.0,30.8,0.267
Sarawak,1.5533,110.3592,2026-02-10T17:00,29.8,61,34.1,0.0,3,1008.1,1.7,319,100,330.0,30.4,0.266
Sarawak,1.5533,110.3592,2026-02-10T18:00,28.2,72,32.8,0.0,3,1008.5,5.5,11,100,150.0,29.6,0.265
Sarawak,1.5533,110.3592,2026-02-10T19:00,26.4,85,31.2,0.0,3,1009.2,6.9,340,100,33.0,28.6,0.265
Sarawak,1.5533,110.3592,2026-02-10T20:00,26.3,87,31.3,0.0,3,1010.0,7.4,338,100,0.0,28.5,0.25
Sarawak,1.5533,110.3592,2026-02-10T21:00,26.0,87,31.2,0.0,3,1011.0,5.2,338,100,0.0,27.8,0.25
Sarawak,1.5533,110.3592,2026-02-10T22:00,26.0,87,30.9,0.0,3,1011.4,7.0,320,100,0.0,27.2,0.251
Sarawak,1.5533,110.3592,2026-02-10T23:00,25.8,88,30.8,0.0,3,1011.9,6.5,304,100,0.0,26.8,0.251
Sarawak,1.5533,110.3592,2026-02-11T00:00,25.5,89,30.4,0.0,3,1012.3,5.7,281,100,0.0,26.5,0.252
Sarawak,1.5533,110.3592,2026-02-11T01:00,25.1,90,30.2,0.1,51,1012.0,5.0,255,100,0.0,26.2,0.254
Sarawak,1.5533,110.3592,2026-02-11T02:00,25.1,91,30.3,0.0,3,1011.9,4.4,251,100,0.0,27.0,0.253
Sarawak,1.5533,110.3592,2026-02-11T03:00,24.9,93,30.2,0.0,3,1011.9,4.0,231,100,0.0,26.5,0.254
Sarawak,1.5533,110.3592,2026-02-11T04:00,24.7,94,29.9,0.0,3,1011.7,4.9,246,100,0.0,26.2,0.255
Sarawak,1.5533,110.3592,2026-02-11T05:00,24.7,94,30.5,0.0,3,1011.8,1.1,108,100,0.0,26.0,0.256
Sarawak,1.5533,110.3592,2026-02-11T06:00,24.4,98,30.3,0.0,3,1011.8,0.7,166,100,0.0,25.8,0.256
Sarawak,1.5533,110.3592,2026-02-11T07:00,24.2,98,30.1,0.0,3,1012.1,1.5,173,100,0.0,25.6,0.257
Sarawak,1.5533,110.3592,2026-02-11T08:00,24.6,96,30.2,0.0,3,1012.8,3.8,169,100,43.0,25.5,0.26
Sarawak,1.5533,110.3592,2026-02-11T09:00,25.8,89,31.3,0.0,3,1013.3,3.1,183,100,118.0,25.9,0.26
Sarawak,1.5533,110.3592,2026-02-11T10:00,26.6,84,32.2,0.0,3,1013.3,2.5,180,100,204.0,26.5,0.26
Sarawak,1.5533,110.3592,2026-02-11T11:00,28.0,77,33.4,0.0,3,1012.8,3.1,97,100,365.0,27.4,0.258
Sarawak,1.5533,110.3592,2026-02-11T12:00,30.0,68,36.5,0.0,3,1011.7,2.7,82,100,733.0,29.0,0.255
Sarawak,1.5533,110.3592,2026-02-11T13:00,31.0,62,37.3,0.0,3,1010.4,2.7,58,100,753.0,30.1,0.252
Sarawak,1.5533,110.3592,2026-02-11T14:00,30.1,66,34.6,0.0,3,1010.0,9.0,20,100,604.0,30.5,0.251
Sarawak,1.5533,110.3592,2026-02-11T15:00,28.6,76,32.9,0.7,53,1009.4,11.7,11,100,548.0,30.4,0.255
Sarawak,1.5533,110.3592,2026-02-11T16:00,28.1,78,32.4,0.1,51,1009.0,12.1,7,100,403.0,29.9,0.255
Sarawak,1.5533,110.3592,2026-02-11T17:00,28.2,76,32.4,0.0,3,1008.9,11.5,3,100,381.0,29.7,0.253
Sarawak,1.5533,110.3592,2026-02-11T18:00,27.2,80,31.8,0.0,3,1009.2,9.2,4,100,146.0,29.0,0.252
Sarawak,1.5533,110.3592,2026-02-11T19:00,26.4,87,31.8,0.0,3,1009.6,5.3,336,100,26.0,28.2,0.252
Sarawak,1.5533,110.3592,2026-02-11T20:00,26.1,91,32.3,0.0,3,1010.6,1.7,252,99,0.0,27.9,0.242
Sarawak,1.5533,110.3592,2026-02-11T21:00,25.6,84,30.6,0.4,51,1011.5,3.0,237,100,0.0,27.2,0.246
Sarawak,1.5533,110.3592,2026-02-11T22:00,25.1,91,30.6,0.2,51,1011.7,2.3,231,100,0.0,26.6,0.249
Sarawak,1.5533,110.3592,2026-02-11T23:00,25.0,93,30.9,0.0,3,1011.8,1.0,248,100,0.0,26.3,0.25
Sarawak,1.5533,110.3592,2026-02-12T00:00,25.1,91,30.7,0.0,3,1011.2,1.7,283,100,0.0,26.0,0.25
Sarawak,1.5533,110.3592,2026-02-12T01:00,25.0,91,30.7,0.0,3,1010.9,1.0,301,100,0.0,25.8,0.251
Sarawak,1.5533,110.3592,2026-02-12T02:00,25.5,89,30.7,0.0,3,1010.4,4.4,19,100,0.0,26.4,0.25
Sarawak,1.5533,110.3592,2026-02-12T03:00,25.4,90,31.1,0.0,3,1010.1,0.9,281,100,0.0,26.0,0.251
Sarawak,1.5533,110.3592,2026-02-12T04:00,25.0,92,30.6,0.1,51,1010.0,2.1,308,98,0.0,25.9,0.252
Sarawak,1.5533,110.3592,2026-02-12T05:00,24.8,94,30.3,0.0,3,1009.9,3.1,280,99,0.0,25.6,0.253
Sarawak,1.5533,110.3592,2026-02-12T06:00,24.5,95,30.0,0.0,3,1010.0,2.2,275,100,0.0,25.4,0.253
Sarawak,1.5533,110.3592,2026-02-12T07:00,24.1,96,29.5,0.0,3,1010.4,2.8,259,100,0.0,25.2,0.254
Sarawak,1.5533,110.3592,2026-02-12T08:00,24.6,97,29.7,0.1,51,1011.5,7.3,322,96,79.0,25.2,0.317
Sarawak,1.5533,110.3592,2026-02-12T09:00,25.9,88,30.8,0.1,51,1012.3,7.4,342,98,226.0,25.6,0.318
Sarawak,1.5533,110.3592,2026-02-12T10:00,27.0,83,32.0,0.0,3,1012.3,7.2,1,87,422.0,26.5,0.316
Sarawak,1.5533,110.3592,2026-02-12T11:00,28.3,75,33.3,0.1,51,1011.8,10.1,12,95,671.0,27.9,0.313
Sarawak,1.5533,110.3592,2026-02-12T12:00,29.2,71,34.9,0.1,51,1011.2,10.4,9,98,808.0,29.0,0.31
Sarawak,1.5533,110.3592,2026-02-12T13:00,29.2,71,34.9,0.1,51,1010.2,12.4,350,97,869.0,29.9,0.305
Sarawak,1.5533,110.3592,2026-02-12T14:00,28.7,74,34.1,0.8,53,1009.4,13.2,356,100,803.0,30.1,0.308
Sarawak,1.5533,110.3592,2026-02-12T15:00,28.2,74,32.1,2.7,63,1008.3,12.8,1,100,561.0,29.5,0.336
Sarawak,1.5533,110.3592,2026-02-12T16:00,27.1,80,30.6,0.5,53,1007.8,14.6,358,100,345.0,28.6,0.339
Sarawak,1.5533,110.3592,2026-02-12T17:00,26.8,82,30.9,0.1,51,1008.0,11.3,342,100,275.0,28.3,0.338
Sarawak,1.5533,110.3592,2026-02-12T18:00,25.0,92,30.0,7.5,63,1009.1,6.0,331,100,92.0,27.4,0.428
Sarawak,1.5533,110.3592,2026-02-12T19:00,24.6,95,29.5,0.1,51,1009.3,7.6,8,100,17.0,26.5,0.405
Sarawak,1.5533,110.3592,2026-02-12T20:00,25.3,90,30.5,0.1,51,1009.9,4.3,255,100,0.0,26.5,0.393
Sarawak,1.5533,110.3592,2026-02-12T21:00,24.9,93,30.4,0.1,51,1010.5,2.4,243,100,0.0,26.1,0.388
Sarawak,1.5533,110.3592,2026-02-12T22:00,24.8,93,30.2,0.2,51,1011.5,2.8,252,100,0.0,25.9,0.385
Sarawak,1.5533,110.3592,2026-02-12T23:00,24.7,93,29.9,0.3,51,1011.7,3.9,294,100,0.0,25.6,0.384
Sarawak,1.5533,110.3592,2026-02-13T00:00,24.6,93,29.7,0.3,51,1011.1,4.0,328,97,0.0,25.5,0.383
Sarawak,1.5533,110.3592,2026-02-13T01:00,24.0,97,29.0,0.5,53,1010.5,5.4,358,99,0.0,25.2,0.385
Sarawak,1.5533,110.3592,2026-02-13T02:00,23.3,99,28.0,0.4,51,1009.9,5.9,293,100,0.0,25.4,0.383
Sarawak,1.5533,110.3592,2026-02-13T03:00,23.2,98,27.9,1.4,61,1009.5,6.1,270,100,0.0,24.9,0.397
Sarawak,1.5533,110.3592,2026-02-13T04:00,23.0,99,27.3,0.5,53,1009.5,7.5,222,100,0.0,24.6,0.397
Sarawak,1.5533,110.3592,2026-02-13T05:00,22.9,99,27.5,1.5,61,1009.1,5.7,281,100,0.0,24.5,0.408
Sarawak,1.5533,110.3592,2026-02-13T06:00,23.2,98,28.2,0.2,51,1009.6,2.7,247,100,0.0,24.3,0.401
Sarawak,1.5533,110.3592,2026-02-13T07:00,23.1,99,27.9,0.2,51,1009.6,4.6,198,98,0.0,24.2,0.397
Sarawak,1.5533,110.3592,2026-02-13T08:00,23.9,99,28.9,0.1,51,1010.4,6.9,239,100,72.0,24.8,0.408
Sarawak,1.5533,110.3592,2026-02-13T09:00,24.6,94,29.6,0.2,51,1011.1,5.8,272,100,121.0,24.9,0.405
Sarawak,1.5533,110.3592,2026-02-13T10:00,24.8,91,29.5,0.1,51,1011.5,6.5,278,100,98.0,25.0,0.402
Sarawak,1.5533,110.3592,2026-02-13T11:00,25.3,89,30.2,0.1,51,1011.0,5.7,281,99,194.0,25.4,0.399
Sarawak,1.5533,110.3592,2026-02-13T12:00,27.3,82,32.4,0.1,51,1010.6,7.3,293,100,538.0,26.6,0.396
Sarawak,1.5533,110.3592,2026-02-13T13:00,25.8,84,28.9,4.3,63,1010.2,15.4,324,100,555.0,27.0,0.43
Sarawak,1.5533,110.3592,2026-02-13T14:00,24.5,93,28.6,0.6,53,1008.8,11.2,318,100,422.0,26.9,0.402
Sarawak,1.5533,110.3592,2026-02-13T15:00,25.8,87,29.6,0.7,53,1008.0,13.1,318,100,323.0,26.5,0.405
Sarawak,1.5533,110.3592,2026-02-13T16:00,26.7,83,30.9,0.2,51,1007.5,11.5,314,100,460.0,27.0,0.402
Sarawak,1.5533,110.3592,2026-02-13T17:00,25.9,87,30.2,0.1,51,1007.2,10.7,316,100,237.0,26.9,0.4
Sarawak,1.5533,110.3592,2026-02-13T18:00,25.8,87,30.2,0.2,51,1008.0,9.2,320,100,175.0,26.6,0.399
Sarawak,1.5533,110.3592,2026-02-13T19:00,25.1,91,30.3,0.0,3,1008.6,5.0,322,100,36.0,26.2,0.397
Sarawak,1.5533,110.3592,2026-02-13T20:00,26.1,87,31.1,0.0,3,1009.3,6.9,317,100,0.0,26.5,0.378
Sarawak,1.5533,110.3592,2026-02-13T21:00,25.5,91,31.1,0.0,3,1010.1,3.7,325,100,0.0,26.1,0.377
Sarawak,1.5533,110.3592,2026-02-13T22:00,25.2,92,30.6,0.0,3,1010.5,4.4,339,100,0.0,25.8,0.377
Sarawak,1.5533,110.3592,2026-02-13T23:00,25.1,92,30.0,0.0,3,1010.7,6.9,354,100,0.0,25.5,0.376
Sarawak,1.5533,110.3592,2026-02-14T00:00,24.8,92,29.7,0.1,51,1010.5,5.9,346,100,0.0,25.4,0.376
Sarawak,1.5533,110.3592,2026-02-14T01:00,24.4,91,28.6,0.2,51,1010.1,8.3,316,100,0.0,25.2,0.378
Sarawak,1.5533,110.3592,2026-02-14T02:00,23.6,97,28.7,0.2,51,1010.0,3.6,323,100,0.0,25.2,0.378
Sarawak,1.5533,110.3592,2026-02-14T03:00,23.7,98,29.1,0.3,51,1009.6,2.1,239,100,0.0,24.9,0.381
Sarawak,1.5533,110.3592,2026-02-14T04:00,23.6,99,29.0,0.1,51,1009.0,2.1,232,100,0.0,24.6,0.382
Sarawak,1.5533,110.3592,2026-02-14T05:00,23.5,99,28.9,0.1,51,1008.9,2.7,212,100,0.0,24.5,0.381
Sarawak,1.5533,110.3592,2026-02-14T06:00,23.5,100,28.7,0.1,51,1008.8,3.1,183,100,0.0,24.4,0.383
Sarawak,1.5533,110.3592,2026-02-14T07:00,23.3,100,28.3,0.2,51,1009.0,4.5,196,100,0.0,24.4,0.384
Sarawak,1.5533,110.3592,2026-02-14T08:00,24.2,97,29.5,0.0,3,1009.5,4.2,108,100,25.0,24.6,0.373
Sarawak,1.5533,110.3592,2026-02-14T09:00,26.0,89,31.5,0.0,3,1009.8,3.8,115,100,261.0,25.5,0.372
Sarawak,1.5533,110.3592,2026-02-14T10:00,27.3,81,32.5,0.0,3,1009.8,4.9,107,100,429.0,26.5,0.37
Sarawak,1.5533,110.3592,2026-02-14T11:00,28.1,75,33.3,0.1,51,1009.4,3.5,69,100,480.0,27.4,0.368
Sarawak,1.5533,110.3592,2026-02-14T12:00,28.1,74,32.7,0.1,51,1008.6,6.5,19,100,399.0,27.9,0.367
Sarawak,1.5533,110.3592,2026-02-14T13:00,28.2,74,32.8,0.1,51,1008.0,7.3,11,100,453.0,28.2,0.365
Sarawak,1.5533,110.3592,2026-02-14T14:00,28.6,72,33.1,0.3,51,1007.0,6.8,342,100,419.0,28.4,0.359
Sarawak,1.5533,110.3592,2026-02-14T15:00,29.0,72,33.3,0.0,2,1006.4,9.4,337,62,528.0,28.9,0.356
Sarawak,1.5533,110.3592,2026-02-14T16:00,29.0,72,33.6,0.1,51,1005.8,11.0,330,75,620.0,29.2,0.354
Sarawak,1.5533,110.3592,2026-02-14T17:00,28.1,77,32.3,0.0,3,1006.1,12.5,330,100,438.0,29.1,0.351
Sarawak,1.5533,110.3592,2026-02-14T18:00,26.6,81,31.0,0.3,51,1007.0,8.6,311,99,212.0,28.5,0.353
Sarawak,1.5533,110.3592,2026-02-14T19:00,24.7,94,29.6,0.3,51,1008.1,6.9,231,97,35.0,27.5,0.356
Sarawak,1.5533,110.3592,2026-02-14T20:00,26.2,87,31.5,0.2,51,1008.0,4.8,315,100,0.0,27.4,0.353
Sarawak,1.5533,110.3592,2026-02-14T21:00,25.9,87,31.0,0.0,3,1008.6,4.4,258,100,0.0,26.8,0.353
Sarawak,1.5533,110.3592,2026-02-14T22:00,25.3,90,30.5,0.0,3,1009.3,4.3,265,100,0.0,26.3,0.353
Sarawak,1.5533,110.3592,2026-02-14T23:00,25.0,91,30.3,0.0,3,1009.7,3.8,289,100,0.0,26.0,0.353
Sarawak,1.5533,110.3592,2026-02-15T00:00,24.8,92,30.0,0.0,3,1009.7,3.5,285,100,0.0,25.7,0.354
Sarawak,1.5533,110.3592,2026-02-15T01:00,24.6,92,29.7,0.0,3,1009.1,3.7,284,100,0.0,25.5,0.354
Sarawak,1.5533,110.3592,2026-02-15T02:00,24.2,96,29.4,0.0,3,1008.6,4.6,329,100,0.0,25.9,0.349
Sarawak,1.5533,110.3592,2026-02-15T03:00,23.9,96,29.4,0.0,3,1007.9,1.3,262,100,0.0,25.5,0.35
Sarawak,1.5533,110.3592,2026-02-15T04:00,23.6,99,29.0,0.0,3,1007.4,2.4,163,100,0.0,25.1,0.35
Sarawak,1.5533,110.3592,2026-02-15T05:00,23.2,100,28.5,0.0,3,1007.7,2.5,210,100,0.0,24.9,0.35
Sarawak,1.5533,110.3592,2026-02-15T06:00,23.0,100,28.2,0.0,3,1007.3,2.8,225,100,0.0,24.6,0.35
Sarawak,1.5533,110.3592,2026-02-15T07:00,23.0,100,28.0,0.0,3,1008.0,2.8,207,100,0.0,24.5,0.35
Sarawak,1.5533,110.3592,2026-02-15T08:00,24.5,97,30.2,0.0,3,1009.0,3.2,153,97,84.0,24.6,0.353
Sarawak,1.5533,110.3592,2026-02-15T09:00,26.8,85,32.4,0.0,1,1009.6,3.5,159,48,305.0,25.7,0.352
Sarawak,1.5533,110.3592,2026-02-15T10:00,28.5,76,34.0,0.1,51,1009.5,3.3,171,51,548.0,27.1,0.35
Sarawak,1.5533,110.3592,2026-02-15T11:00,30.0,67,36.2,0.0,3,1009.0,4.3,182,84,735.0,28.5,0.347
Sarawak,1.5533,110.3592,2026-02-15T12:00,31.0,62,37.6,0.0,3,1008.2,4.2,185,88,818.0,29.8,0.342
Sarawak,1.5533,110.3592,2026-02-15T13:00,31.5,59,37.8,0.1,51,1007.1,3.8,199,99,812.0,30.6,0.338
Sarawak,1.5533,110.3592,2026-02-15T14:00,29.0,68,35.1,0.1,51,1006.9,2.3,270,100,742.0,31.1,0.334
Sarawak,1.5533,110.3592,2026-02-15T15:00,27.9,78,33.3,0.7,53,1005.9,5.6,21,96,588.0,30.5,0.339
Sarawak,1.5533,110.3592,2026-02-15T16:00,28.5,77,33.9,0.1,51,1005.6,4.9,343,100,458.0,30.2,0.337
Sarawak,1.5533,110.3592,2026-02-15T17:00,27.3,80,32.2,1.1,55,1005.9,6.6,233,99,283.0,29.5,0.347
Sarawak,1.5533,110.3592,2026-02-15T18:00,26.4,84,31.2,0.2,51,1006.4,6.5,242,100,192.0,28.6,0.349
Sarawak,1.5533,110.3592,2026-02-15T19:00,25.5,91,30.7,0.0,3,1007.0,4.8,217,100,43.0,27.8,0.349
Sarawak,1.5533,110.3592,2026-02-15T20:00,25.3,91,30.3,0.0,3,1007.1,6.7,246,100,0.0,27.1,0.349
Sarawak,1.5533,110.3592,2026-02-15T21:00,24.7,94,30.1,0.0,3,1007.8,3.8,259,100,0.0,26.5,0.349
Sarawak,1.5533,110.3592,2026-02-15T22:00,24.5,95,29.5,0.0,3,1008.8,5.8,231,100,0.0,26.0,0.349
Sarawak,1.5533,110.3592,2026-02-15T23:00,24.4,96,29.9,0.0,3,1008.7,3.3,202,100,0.0,25.8,0.349
Sarawak,1.5533,110.3592,2026-02-16T00:00,24.1,98,29.9,0.0,3,1008.9,1.8,180,100,0.0,25.5,0.349
Sarawak,1.5533,110.3592,2026-02-16T01:00,24.0,99,29.5,0.1,51,1008.3,2.5,184,100,0.0,25.4,0.35
Sarawak,1.5533,110.3592,2026-02-16T02:00,24.4,100,30.3,0.0,3,1007.9,2.4,222,100,0.0,25.9,0.343
Sarawak,1.5533,110.3592,2026-02-16T03:00,24.2,100,29.8,0.0,3,1007.1,4.1,203,100,0.0,25.6,0.343
Sarawak,1.5533,110.3592,2026-02-16T04:00,23.7,99,29.5,3.1,63,1007.3,0.3,45,100,0.0,25.4,0.382
Sarawak,1.5533,110.3592,2026-02-16T05:00,23.7,100,29.1,3.8,63,1007.7,3.4,115,100,0.0,25.0,0.413
Sarawak,1.5533,110.3592,2026-02-16T06:00,23.9,99,29.3,0.2,51,1008.3,3.1,66,100,0.0,24.9,0.407
Sarawak,1.5533,110.3592,2026-02-16T07:00,23.6,99,28.6,0.4,51,1007.6,5.8,189,100,0.0,24.8,0.407
Sarawak,1.5533,110.3592,2026-02-16T08:00,23.8,98,29.2,0.1,51,1009.0,2.2,132,100,41.0,24.7,0.412
Sarawak,1.5533,110.3592,2026-02-16T09:00,25.3,91,30.4,0.0,2,1009.9,5.9,50,77,181.0,25.1,0.41
Sarawak,1.5533,110.3592,2026-02-16T10:00,26.9,84,32.2,0.1,51,1009.7,4.9,86,100,362.0,26.0,0.408
Sarawak,1.5533,110.3592,2026-02-16T11:00,28.5,77,34.0,0.2,51,1009.4,6.0,99,99,597.0,27.4,0.406
Sarawak,1.5533,110.3592,2026-02-16T12:00,29.5,72,35.5,0.3,51,1008.7,5.3,80,88,673.0,28.5,0.404
Sarawak,1.5533,110.3592,2026-02-16T13:00,30.0,72,37.4,0.3,51,1007.4,4.8,27,99,796.0,29.5,0.402
Sarawak,1.5533,110.3592,2026-02-16T14:00,29.5,73,36.0,3.2,63,1006.4,7.9,17,100,794.0,30.2,0.43
Sarawak,1.5533,110.3592,2026-02-16T15:00,26.9,85,32.3,5.6,63,1006.0,5.3,352,100,505.0,29.1,0.423
Sarawak,1.5533,110.3592,2026-02-16T16:00,27.4,82,32.8,0.1,51,1005.3,4.6,342,100,237.0,28.6,0.418
Sarawak,1.5533,110.3592,2026-02-16T17:00,27.2,83,32.9,0.2,51,1005.4,3.5,339,100,224.0,28.4,0.416
Sarawak,1.5533,110.3592,2026-02-16T18:00,26.8,85,32.3,0.1,51,1005.7,4.1,23,100,129.0,28.0,0.414
Sarawak,1.5533,110.3592,2026-02-16T19:00,26.0,91,31.8,0.1,51,1006.5,3.1,83,100,28.0,27.5,0.412
Sarawak,1.5533,110.3592,2026-02-16T20:00,25.5,94,31.0,0.0,3,1007.0,5.0,88,100,0.0,26.9,0.411
Sarawak,1.5533,110.3592,2026-02-16T21:00,25.3,94,31.1,0.0,3,1007.7,3.8,109,100,0.0,26.5,0.41
Sarawak,1.5533,110.3592,2026-02-16T22:00,25.1,96,31.2,0.0,3,1008.3,2.2,194,100,0.0,26.2,0.408
Sarawak,1.5533,110.3592,2026-02-16T23:00,24.8,97,30.4,0.0,3,1008.6,4.7,203,100,0.0,26.0,0.407
Kuala Lumpur,3.139,101.6869,2026-01-17T00:00,24.8,88,29.0,0.0,3,1004.6,7.5,79,98,0.0,28.8,0.16
Kuala Lumpur,3.139,101.6869,2026-01-17T01:00,24.5,86,28.8,0.0,2,1003.9,4.7,108,63,0.0,28.0,0.16
Kuala Lumpur,3.139,101.6869,2026-01-17T02:00,24.3,89,29.2,0.1,51,1003.6,1.6,117,38,0.0,28.6,0.169
Kuala Lumpur,3.139,101.6869,2026-01-17T03:00,24.3,90,29.5,0.0,2,1002.8,0.5,135,79,0.0,27.9,0.169
Kuala Lumpur,3.139,101.6869,2026-01-17T04:00,24.0,90,28.5,0.3,51,1002.1,3.8,289,94,0.0,27.2,0.173
Kuala Lumpur,3.139,101.6869,2026-01-17T05:00,24.0,91,29.1,0.1,51,1001.8,0.0,270,40,0.0,26.7,0.174
Kuala Lumpur,3.139,101.6869,2026-01-17T06:00,23.9,93,29.1,0.1,51,1002.1,0.0,270,27,0.0,26.3,0.174
Kuala Lumpur,3.139,101.6869,2026-01-17T07:00,23.7,94,28.8,0.0,1,1002.1,1.4,90,26,0.0,25.9,0.175
Kuala Lumpur,3.139,101.6869,2026-01-17T08:00,24.3,95,29.6,0.0,0,1002.5,3.3,99,7,16.0,26.3,0.195
Kuala Lumpur,3.139,101.6869,2026-01-17T09:00,26.0,88,31.4,0.0,3,1003.3,4.1,103,93,184.0,26.8,0.195
Kuala Lumpur,3.139,101.6869,2026-01-17T10:00,28.3,73,33.4,0.0,3,1003.8,2.6,115,85,431.0,28.0,0.193
Kuala Lumpur,3.139,101.6869,2026-01-17T11:00,30.1,61,35.3,0.0,3,1003.8,0.2,360,97,622.0,29.8,0.189
Kuala Lumpur,3.139,101.6869,2026-01-17T12:00,31.5,53,37.2,0.0,3,1003.3,1.7,257,90,784.0,31.6,0.185
Kuala Lumpur,3.139,101.6869,2026-01-17T13:00,32.8,48,38.5,0.0,3,1002.2,4.5,286,99,919.0,33.5,0.179
Kuala Lumpur,3.139,101.6869,2026-01-17T14:00,33.1,44,37.7,0.0,3,1001.4,6.8,282,99,907.0,34.9,0.175
Kuala Lumpur,3.139,101.6869,2026-01-17T15:00,33.5,43,37.3,0.0,3,1000.2,9.0,282,96,851.0,35.8,0.17
Kuala Lumpur,3.139,101.6869,2026-01-17T16:00,32.9,44,35.6,0.1,51,999.4,10.2,288,100,684.0,36.1,0.167
Kuala Lumpur,3.139,101.6869,2026-01-17T17:00,32.1,49,34.5,0.0,3,999.1,10.4,296,100,521.0,35.8,0.164
Kuala Lumpur,3.139,101.6869,2026-01-17T18:00,30.8,58,34.1,0.1,51,999.6,10.0,296,80,323.0,35.0,0.163
Kuala Lumpur,3.139,101.6869,2026-01-17T19:00,29.6,63,33.5,0.0,1,1000.4,6.9,298,49,128.0,33.6,0.161
Kuala Lumpur,3.139,101.6869,2026-01-17T20:00,28.7,74,34.1,0.0,3,1001.0,2.7,28,95,5.0,32.0,0.161
Kuala Lumpur,3.139,101.6869,2026-01-17T21:00,28.0,78,33.4,0.0,3,1001.5,3.4,43,100,0.0,30.8,0.161
Kuala Lumpur,3.139,101.6869,2026-01-17T22:00,27.4,80,32.6,0.0,3,1002.0,4.6,48,99,0.0,29.8,0.161
Kuala Lumpur,3.139,101.6869,2026-01-17T23:00,26.5,85,31.9,0.0,3,1002.3,2.7,58,100,0.0,28.9,0.161
Kuala Lumpur,3.139,101.6869,2026-01-18T00:00,26.0,86,31.3,0.0,3,1002.6,2.7,98,100,0.0,28.2,0.16
Kuala Lumpur,3.139,101.6869,2026-01-18T01:00,25.2,87,30.0,0.0,3,1002.5,4.3,107,100,0.0,27.5,0.16
Kuala Lumpur,3.139,101.6869,2026-01-18T02:00,25.0,87,30.1,0.0,3,1002.1,2.1,110,100,0.0,27.5,0.159
Kuala Lumpur,3.139,101.6869,2026-01-18T03:00,24.6,86,29.0,0.0,3,1001.4,4.5,76,100,0.0,27.0,0.159
Kuala Lumpur,3.139,101.6869,2026-01-18T04:00,24.2,86,28.5,0.0,3,1001.0,3.2,74,99,0.0,26.5,0.159
Kuala Lumpur,3.139,101.6869,2026-01-18T05:00,23.9,85,28.1,0.2,51,1001.2,2.0,45,98,0.0,26.0,0.161
Kuala Lumpur,3.139,101.6869,2026-01-18T06:00,23.8,85,27.6,0.2,51,1001.1,3.6,63,99,0.0,25.6,0.163
Kuala Lumpur,3.139,101.6869,2026-01-18T07:00,23.6,85,27.6,0.0,3,1001.3,3.4,96,99,0.0,25.3,0.163
Kuala Lumpur,3.139,101.6869,2026-01-18T08:00,24.2,86,28.9,0.0,3,1001.8,0.6,214,100,16.0,25.5,0.159
Kuala Lumpur,3.139,101.6869,2026-01-18T09:00,25.5,81,30.4,0.0,3,1002.3,0.6,162,100,147.0,26.1,0.159
Kuala Lumpur,3.139,101.6869,2026-01-18T10:00,28.0,70,33.0,0.0,3,1002.6,0.0,270,100,334.0,27.5,0.158
Kuala Lumpur,3.139,101.6869,2026-01-18T11:00,30.4,57,34.4,0.0,3,1002.6,2.7,302,100,564.0,29.7,0.156
Kuala Lumpur,3.139,101.6869,2026-01-18T12:00,31.8,51,36.2,0.0,3,1002.2,4.9,298,100,725.0,32.0,0.154
Kuala Lumpur,3.139,101.6869,2026-01-18T13:00,33.1,45,37.8,0.0,3,1001.5,5.6,292,99,843.0,34.2,0.151
Kuala Lumpur,3.139,101.6869,2026-01-18T14:00,34.0,40,37.9,0.0,2,1000.5,6.1,268,77,825.0,36.0,0.15
Kuala Lumpur,3.139,101.6869,2026-01-18T15:00,34.7,37,38.0,0.0,2,999.4,9.0,270,77,845.0,37.4,0.147
Kuala Lumpur,3.139,101.6869,2026-01-18T16:00,34.2,39,36.9,0.0,2,998.8,9.2,274,61,721.0,38.2,0.145
Kuala Lumpur,3.139,101.6869,2026-01-18T17:00,33.5,41,35.2,0.0,3,998.6,9.6,275,98,534.0,38.1,0.144
Kuala Lumpur,3.139,101.6869,2026-01-18T18:00,32.6,44,34.6,0.0,3,999.0,8.0,280,100,343.0,37.5,0.144
Kuala Lumpur,3.139,101.6869,2026-01-18T19:00,31.0,51,33.5,0.2,51,999.8,8.2,278,100,127.0,36.0,0.146
Kuala Lumpur,3.139,101.6869,2026-01-18T20:00,29.5,61,33.7,0.1,51,1001.0,1.8,66,100,5.0,34.2,0.142
Kuala Lumpur,3.139,101.6869,2026-01-18T21:00,29.0,63,32.7,0.0,3,1001.8,5.4,105,99,0.0,33.0,0.142
Kuala Lumpur,3.139,101.6869,2026-01-18T22:00,28.1,69,32.3,0.0,3,1002.1,4.7,113,100,0.0,31.8,0.142
Kuala Lumpur,3.139,101.6869,2026-01-18T23:00,27.4,74,32.1,0.0,3,1002.5,3.0,128,98,0.0,30.7,0.142
Kuala Lumpur,3.139,101.6869,2026-01-19T00:00,26.6,78,31.3,0.0,3,1002.8,3.6,110,100,0.0,29.8,0.142
Kuala Lumpur,3.139,101.6869,2026-01-19T01:00,26.0,78,30.5,0.0,3,1003.0,2.9,83,100,0.0,29.0,0.142
Kuala Lumpur,3.139,101.6869,2026-01-19T02:00,25.9,81,30.3,0.0,3,1002.5,5.2,174,99,0.0,28.9,0.137
Kuala Lumpur,3.139,101.6869,2026-01-19T03:00,25.5,80,29.4,0.0,3,1002.0,5.2,115,100,0.0,28.2,0.137
Kuala Lumpur,3.139,101.6869,2026-01-19T04:00,24.8,81,28.7,0.0,3,1001.6,3.9,112,99,0.0,27.6,0.137
Kuala Lumpur,3.139,101.6869,2026-01-19T05:00,24.3,81,28.1,0.0,3,1001.6,3.6,72,85,0.0,27.1,0.137
Kuala Lumpur,3.139,101.6869,2026-01-19T06:00,24.1,81,28.0,0.0,2,1001.6,2.2,355,67,0.0,26.6,0.137
Kuala Lumpur,3.139,101.6869,2026-01-19T07:00,23.9,82,27.8,0.0,3,1001.9,1.7,72,92,0.0,26.1,0.137
Kuala Lumpur,3.139,101.6869,2026-01-19T08:00,24.4,82,28.5,0.0,3,1002.5,2.0,10,95,16.0,26.5,0.145
Kuala Lumpur,3.139,101.6869,2026-01-19T09:00,26.4,73,30.9,0.0,3,1003.3,0.3,45,100,176.0,27.2,0.145
Kuala Lumpur,3.139,101.6869,2026-01-19T10:00,28.9,62,33.1,0.0,3,1003.7,1.2,207,100,364.0,28.9,0.144
Kuala Lumpur,3.139,101.6869,2026-01-19T11:00,31.1,51,34.8,0.0,3,1003.8,2.2,228,100,571.0,31.1,0.143
Kuala Lumpur,3.139,101.6869,2026-01-19T12:00,32.7,45,36.6,0.0,3,1003.6,2.5,240,100,679.0,33.5,0.142
Kuala Lumpur,3.139,101.6869,2026-01-19T13:00,33.8,40,38.0,0.1,51,1003.0,5.7,261,100,855.0,36.1,0.142
Kuala Lumpur,3.139,101.6869,2026-01-19T14:00,31.5,48,35.2,0.3,51,1003.0,9.2,250,100,814.0,37.9,0.15
Kuala Lumpur,3.139,101.6869,2026-01-19T15:00,28.8,66,32.6,2.4,61,1002.7,6.5,304,100,538.0,36.4,0.178
Kuala Lumpur,3.139,101.6869,2026-01-19T16:00,29.7,60,33.9,0.3,51,1001.8,1.4,220,100,460.0,35.7,0.178
Kuala Lumpur,3.139,101.6869,2026-01-19T17:00,30.0,58,33.2,0.1,51,1001.3,7.1,100,100,456.0,35.2,0.177
Kuala Lumpur,3.139,101.6869,2026-01-19T18:00,29.6,59,32.8,0.0,3,1001.2,7.4,104,100,338.0,34.3,0.174
Kuala Lumpur,3.139,101.6869,2026-01-19T19:00,29.0,62,32.7,0.0,3,1001.7,4.5,97,99,113.0,33.0,0.172
Kuala Lumpur,3.139,101.6869,2026-01-19T20:00,27.8,78,33.2,0.0,3,1002.7,2.8,101,98,5.0,30.9,0.175
Kuala Lumpur,3.139,101.6869,2026-01-19T21:00,27.0,83,32.5,0.0,3,1003.2,3.2,117,100,0.0,29.9,0.174
Kuala Lumpur,3.139,101.6869,2026-01-19T22:00,26.0,90,31.6,0.0,3,1003.6,3.8,79,99,0.0,29.0,0.174
Kuala Lumpur,3.139,101.6869,2026-01-19T23:00,25.0,94,30.6,0.0,3,1003.6,3.2,109,100,0.0,28.2,0.174
Kuala Lumpur,3.139,101.6869,2026-01-20T00:00,24.6,94,29.8,0.0,3,1003.9,4.0,108,100,0.0,27.5,0.174
Kuala Lumpur,3.139,101.6869,2026-01-20T01:00,24.1,91,28.5,0.0,3,1004.1,5.1,84,100,0.0,26.9,0.174
Kuala Lumpur,3.139,101.6869,2026-01-20T02:00,24.3,89,28.6,0.0,3,1003.5,5.8,92,100,0.0,26.9,0.171
Kuala Lumpur,3.139,101.6869,2026-01-20T03:00,24.0,88,28.4,0.0,3,1002.8,2.7,67,100,0.0,26.5,0.171
Kuala Lumpur,3.139,101.6869,2026-01-20T04:00,23.5,89,27.7,0.0,3,1002.3,3.0,33,100,0.0,26.0,0.17
Kuala Lumpur,3.139,101.6869,2026-01-20T05:00,23.2,90,27.5,0.0,3,1002.1,2.7,62,100,0.0,25.5,0.17
Kuala Lumpur,3.139,101.6869,2026-01-20T06:00,23.0,91,27.6,0.0,3,1002.5,0.4,63,100,0.0,25.1,0.17
Kuala Lumpur,3.139,101.6869,2026-01-20T07:00,22.9,92,27.3,0.0,3,1003.1,1.5,120,100,0.0,24.9,0.17
Kuala Lumpur,3.139,101.6869,2026-01-20T08:00,23.4,91,27.9,0.0,3,1003.7,1.8,135,100,13.0,25.2,0.173
Kuala Lumpur,3.139,101.6869,2026-01-20T09:00,24.9,85,29.8,0.0,3,1004.8,1.4,203,100,144.0,25.8,0.173
Kuala Lumpur,3.139,101.6869,2026-01-20T10:00,26.9,76,31.8,0.0,3,1005.7,1.1,180,100,295.0,27.0,0.172
Kuala Lumpur,3.139,101.6869,2026-01-20T11:00,27.8,69,32.3,0.0,3,1005.9,2.1,195,100,308.0,28.0,0.171
Kuala Lumpur,3.139,101.6869,2026-01-20T12:00,28.7,64,32.6,0.0,3,1005.7,4.6,225,100,369.0,29.1,0.169
Kuala Lumpur,3.139,101.6869,2026-01-20T13:00,28.8,65,32.9,0.0,3,1005.1,3.5,235,100,374.0,30.0,0.168
Kuala Lumpur,3.139,101.6869,2026-01-20T14:00,28.2,66,31.9,0.0,3,1004.5,5.6,57,100,360.0,30.6,0.177
Kuala Lumpur,3.139,101.6869,2026-01-20T15:00,29.4,61,33.2,0.0,3,1003.3,3.8,85,100,503.0,31.4,0.174
Kuala Lumpur,3.139,101.6869,2026-01-20T16:00,29.4,60,33.0,0.0,3,1002.4,4.5,130,100,367.0,31.6,0.172
Kuala Lumpur,3.139,101.6869,2026-01-20T17:00,29.6,59,33.3,0.0,3,1002.1,3.7,129,100,401.0,32.0,0.169
Kuala Lumpur,3.139,101.6869,2026-01-20T18:00,29.8,58,33.6,0.0,3,1001.8,2.3,129,100,311.0,31.9,0.167
Kuala Lumpur,3.139,101.6869,2026-01-20T19:00,29.0,65,33.5,0.0,3,1001.9,2.1,110,100,108.0,31.0,0.166
Kuala Lumpur,3.139,101.6869,2026-01-20T20:00,28.7,64,32.2,0.0,3,1002.4,6.4,112,100,5.0,31.5,0.149
Kuala Lumpur,3.139,101.6869,2026-01-20T21:00,27.5,74,31.7,0.0,3,1003.3,6.5,98,100,0.0,30.4,0.149
Kuala Lumpur,3.139,101.6869,2026-01-20T22:00,26.4,79,30.7,0.0,3,1004.2,5.6,83,100,0.0,29.5,0.149
Kuala Lumpur,3.139,101.6869,2026-01-20T23:00,25.5,82,29.7,0.0,3,1004.7,5.9,101,100,0.0,28.6,0.149
Kuala Lumpur,3.139,101.6869,2026-01-21T00:00,25.1,81,29.3,0.0,3,1005.0,3.9,106,100,0.0,27.8,0.148
Kuala Lumpur,3.139,101.6869,2026-01-21T01:00,24.9,80,28.6,0.0,3,1004.8,4.9,96,100,0.0,27.2,0.148
Kuala Lumpur,3.139,101.6869,2026-01-21T02:00,24.5,82,28.5,0.0,3,1004.1,4.5,88,100,0.0,27.4,0.146
Kuala Lumpur,3.139,101.6869,2026-01-21T03:00,24.4,80,28.0,0.0,3,1003.2,4.2,110,100,0.0,26.7,0.146
Kuala Lumpur,3.139,101.6869,2026-01-21T04:00,24.1,80,27.6,0.0,3,1002.8,4.1,119,100,0.0,26.2,0.146
Kuala Lumpur,3.139,101.6869,2026-01-21T05:00,23.8,81,27.3,0.0,3,1002.8,3.8,101,100,0.0,25.7,0.146
Kuala Lumpur,3.139,101.6869,2026-01-21T06:00,23.8,81,26.9,0.0,3,1003.0,5.3,82,100,0.0,25.3,0.146
Kuala Lumpur,3.139,101.6869,2026-01-21T07:00,23.3,84,26.9,0.0,3,1003.4,3.5,51,100,0.0,24.9,0.146
Kuala Lumpur,3.139,101.6869,2026-01-21T08:00,23.5,80,26.8,0.0,3,1004.3,4.2,78,100,15.0,24.6,0.147
Kuala Lumpur,3.139,101.6869,2026-01-21T09:00,25.6,72,29.5,0.0,3,1005.4,0.3,45,100,173.0,25.5,0.147
Kuala Lumpur,3.139,101.6869,2026-01-21T10:00,28.4,61,32.1,0.0,3,1005.8,1.6,180,100,401.0,27.4,0.146
Kuala Lumpur,3.139,101.6869,2026-01-21T11:00,30.5,51,33.7,0.0,3,1006.0,2.8,135,100,570.0,29.8,0.146
Kuala Lumpur,3.139,101.6869,2026-01-21T12:00,30.9,49,33.6,0.0,3,1005.7,3.4,133,100,451.0,31.2,0.145
Kuala Lumpur,3.139,101.6869,2026-01-21T13:00,31.4,47,34.0,0.0,3,1005.0,4.1,90,100,437.0,32.5,0.144
Kuala Lumpur,3.139,101.6869,2026-01-21T14:00,31.4,47,33.5,0.0,3,1004.5,7.7,78,100,507.0,33.7,0.145
Kuala Lumpur,3.139,101.6869,2026-01-21T15:00,31.9,45,34.1,0.3,51,1003.3,6.9,70,100,574.0,34.8,0.147
Kuala Lumpur,3.139,101.6869,2026-01-21T16:00,32.2,45,34.7,0.1,51,1002.6,5.9,78,100,583.0,35.6,0.146
Kuala Lumpur,3.139,101.6869,2026-01-21T17:00,32.1,44,34.4,0.0,3,1002.4,5.3,80,100,480.0,36.0,0.146
Kuala Lumpur,3.139,101.6869,2026-01-21T18:00,30.8,48,33.5,0.2,51,1003.0,3.4,96,100,253.0,35.4,0.147
Kuala Lumpur,3.139,101.6869,2026-01-21T19:00,28.3,61,31.0,0.1,51,1003.6,8.1,301,100,75.0,34.1,0.148
Kuala Lumpur,3.139,101.6869,2026-01-21T20:00,27.9,66,31.6,0.0,3,1004.1,4.2,83,100,3.0,32.0,0.155
Kuala Lumpur,3.139,101.6869,2026-01-21T21:00,27.5,69,31.5,0.0,3,1004.7,4.0,93,100,0.0,30.9,0.155
Kuala Lumpur,3.139,101.6869,2026-01-21T22:00,27.0,74,31.4,0.0,3,1005.6,4.6,64,100,0.0,30.0,0.154
Kuala Lumpur,3.139,101.6869,2026-01-21T23:00,26.8,77,31.2,0.0,3,1006.1,4.8,70,100,0.0,29.2,0.154
Kuala Lumpur,3.139,101.6869,2026-01-22T00:00,26.5,72,30.0,0.0,3,1006.1,5.3,82,100,0.0,28.5,0.154
Kuala Lumpur,3.139,101.6869,2026-01-22T01:00,25.8,73,29.5,0.0,3,1005.9,3.2,74,99,0.0,27.9,0.153
Kuala Lumpur,3.139,101.6869,2026-01-22T02:00,25.1,77,29.0,0.0,3,1005.3,2.9,101,100,0.0,27.4,0.153
Kuala Lumpur,3.139,101.6869,2026-01-22T03:00,24.4,82,28.5,0.0,3,1004.2,2.9,83,100,0.0,26.7,0.153
Kuala Lumpur,3.139,101.6869,2026-01-22T04:00,24.1,81,28.1,0.0,3,1003.7,1.9,146,100,0.0,26.1,0.153
Kuala Lumpur,3.139,101.6869,2026-01-22T05:00,23.9,82,27.7,0.0,3,1003.6,1.8,127,100,0.0,25.6,0.153
Kuala Lumpur,3.139,101.6869,2026-01-22T06:00,23.6,80,27.4,0.0,3,1004.2,0.7,14,100,0.0,25.1,0.153
Kuala Lumpur,3.139,101.6869,2026-01-22T07:00,23.2,82,26.9,0.0,3,1004.3,1.5,21,100,0.0,24.8,0.153
Kuala Lumpur,3.139,101.6869,2026-01-22T08:00,23.8,79,27.1,0.0,3,1004.9,3.2,93,100,15.0,24.4,0.153
Kuala Lumpur,3.139,101.6869,2026-01-22T09:00,25.5,69,28.8,0.0,3,1005.7,1.3,82,100,156.0,25.2,0.153
Kuala Lumpur,3.139,101.6869,2026-01-22T10:00,28.0,57,31.1,0.0,3,1006.2,1.9,73,100,386.0,27.0,0.152
Kuala Lumpur,3.139,101.6869,2026-01-22T11:00,30.5,48,33.9,0.0,3,1006.5,0.7,104,100,625.0,29.4,0.15
Kuala Lumpur,3.139,101.6869,2026-01-22T12:00,32.4,42,36.8,0.0,3,1006.2,0.9,281,100,806.0,32.2,0.148
Kuala Lumpur,3.139,101.6869,2026-01-22T13:00,34.0,37,38.3,0.0,3,1005.3,1.8,323,100,848.0,34.8,0.146
Kuala Lumpur,3.139,101.6869,2026-01-22T14:00,32.8,39,35.0,0.0,3,1004.7,4.0,360,100,585.0,35.8,0.144
Kuala Lumpur,3.139,101.6869,2026-01-22T15:00,33.9,37,36.6,0.0,3,1003.6,4.9,4,100,693.0,37.2,0.143
Kuala Lumpur,3.139,101.6869,2026-01-22T16:00,33.9,36,35.6,0.0,3,1002.6,4.3,358,100,534.0,37.7,0.142
Kuala Lumpur,3.139,101.6869,2026-01-22T17:00,33.7,36,35.4,0.0,3,1002.5,3.6,360,100,374.0,37.5,0.141
Kuala Lumpur,3.139,101.6869,2026-01-22T18:00,33.3,36,34.5,0.0,3,1002.8,5.7,28,100,276.0,37.0,0.141
Kuala Lumpur,3.139,101.6869,2026-01-22T19:00,31.5,43,33.0,0.0,3,1003.4,6.9,43,100,111.0,35.8,0.141
Kuala Lumpur,3.139,101.6869,2026-01-22T20:00,30.0,47,32.5,0.0,3,1004.9,1.7,229,97,5.0,34.9,0.14
Kuala Lumpur,3.139,101.6869,2026-01-22T21:00,29.1,52,31.9,0.0,3,1005.4,1.5,54,95,0.0,33.5,0.14
Kuala Lumpur,3.139,101.6869,2026-01-22T22:00,27.9,59,30.6,0.0,3,1006.1,4.5,67,94,0.0,32.1,0.14
Kuala Lumpur,3.139,101.6869,2026-01-22T23:00,26.7,66,29.4,0.0,3,1006.4,7.0,78,97,0.0,30.9,0.14
Kuala Lumpur,3.139,101.6869,2026-01-23T00:00,26.1,66,28.7,0.0,3,1006.4,7.1,71,100,0.0,30.0,0.14
Kuala Lumpur,3.139,101.6869,2026-01-23T01:00,25.8,69,28.9,0.0,3,1006.8,3.6,63,97,0.0,29.0,0.14
Kuala Lumpur,3.139,101.6869,2026-01-23T02:00,25.5,72,29.1,0.0,3,1006.3,1.2,153,95,0.0,29.0,0.137
Kuala Lumpur,3.139,101.6869,2026-01-23T03:00,25.4,71,28.6,0.0,3,1005.7,3.2,153,98,0.0,28.2,0.137
Kuala Lumpur,3.139,101.6869,2026-01-23T04:00,25.0,73,28.5,0.0,3,1004.9,1.2,129,98,0.0,27.5,0.137
Kuala Lumpur,3.139,101.6869,2026-01-23T05:00,24.6,74,28.3,0.0,3,1004.8,0.5,225,100,0.0,27.0,0.137
Kuala Lumpur,3.139,101.6869,2026-01-23T06:00,24.4,76,28.0,0.0,3,1005.2,0.6,198,100,0.0,26.5,0.137
Kuala Lumpur,3.139,101.6869,2026-01-23T07:00,23.9,78,27.4,0.0,3,1005.9,1.7,198,98,0.0,26.0,0.137
Kuala Lumpur,3.139,101.6869,2026-01-23T08:00,23.8,77,26.8,0.0,3,1006.7,3.7,79,99,16.0,26.0,0.14
Kuala Lumpur,3.139,101.6869,2026-01-23T09:00,25.8,65,28.7,0.0,3,1007.6,1.9,197,100,171.0,26.8,0.14
Kuala Lumpur,3.139,101.6869,2026-01-23T10:00,28.6,52,31.2,0.0,3,1007.9,1.7,212,100,408.0,28.6,0.14
Kuala Lumpur,3.139,101.6869,2026-01-23T11:00,31.0,44,33.5,0.0,3,1008.0,3.5,102,100,629.0,31.1,0.14
Kuala Lumpur,3.139,101.6869,2026-01-23T12:00,32.9,36,36.0,0.0,3,1007.5,3.6,63,100,808.0,34.0,0.139
Kuala Lumpur,3.139,101.6869,2026-01-23T13:00,34.6,31,38.0,0.0,3,1006.6,4.4,21,100,912.0,36.7,0.139
Kuala Lumpur,3.139,101.6869,2026-01-23T14:00,34.3,32,37.3,0.0,3,1005.8,6.9,346,100,917.0,39.0,0.139
Kuala Lumpur,3.139,101.6869,2026-01-23T15:00,35.5,28,36.6,0.0,3,1004.6,6.7,357,100,657.0,39.8,0.139
Kuala Lumpur,3.139,101.6869,2026-01-23T16:00,35.5,26,35.8,0.2,51,1003.8,5.3,24,100,565.0,40.2,0.141
Kuala Lumpur,3.139,101.6869,2026-01-23T17:00,34.8,28,35.2,0.0,3,1003.3,5.5,38,100,424.0,39.9,0.14
Kuala Lumpur,3.139,101.6869,2026-01-23T18:00,32.9,33,33.5,0.1,51,1003.7,5.8,9,100,259.0,39.0,0.141
Kuala Lumpur,3.139,101.6869,2026-01-23T19:00,31.9,38,33.4,0.0,3,1004.3,3.2,360,100,105.0,37.5,0.141
Kuala Lumpur,3.139,101.6869,2026-01-23T20:00,30.7,42,32.4,0.0,3,1005.4,3.6,213,100,6.0,36.2,0.136
Kuala Lumpur,3.139,101.6869,2026-01-23T21:00,29.9,51,32.5,0.0,3,1005.6,3.4,162,100,0.0,34.7,0.136
Kuala Lumpur,3.139,101.6869,2026-01-23T22:00,28.6,55,31.0,0.0,3,1006.0,6.0,80,100,0.0,33.3,0.136
Kuala Lumpur,3.139,101.6869,2026-01-23T23:00,27.5,58,29.5,0.0,3,1006.6,7.6,82,100,0.0,32.1,0.136
Kuala Lumpur,3.139,101.6869,2026-01-24T00:00,26.9,61,28.6,0.0,3,1007.0,10.2,60,100,0.0,31.0,0.137
Kuala Lumpur,3.139,101.6869,2026-01-24T01:00,26.3,65,28.7,0.0,3,1007.4,7.2,51,100,0.0,30.0,0.137
Kuala Lumpur,3.139,101.6869,2026-01-24T02:00,26.3,67,29.5,0.0,3,1007.1,3.0,33,98,0.0,30.0,0.135
Kuala Lumpur,3.139,101.6869,2026-01-24T03:00,25.9,69,29.1,0.0,3,1006.6,3.2,326,99,0.0,29.2,0.135
Kuala Lumpur,3.139,101.6869,2026-01-24T04:00,25.6,69,28.9,0.0,3,1006.3,2.3,342,98,0.0,28.6,0.135
Kuala Lumpur,3.139,101.6869,2026-01-24T05:00,25.0,72,28.6,0.0,3,1006.1,1.4,40,98,0.0,28.0,0.135
Kuala Lumpur,3.139,101.6869,2026-01-24T06:00,24.7,74,28.3,0.0,3,1006.2,1.5,83,84,0.0,27.5,0.135
Kuala Lumpur,3.139,101.6869,2026-01-24T07:00,24.3,76,27.8,0.0,2,1006.7,1.4,157,78,0.0,27.0,0.135
Kuala Lumpur,3.139,101.6869,2026-01-24T08:00,24.6,72,27.7,0.0,3,1007.3,3.2,207,99,16.0,26.9,0.136
Kuala Lumpur,3.139,101.6869,2026-01-24T09:00,26.4,63,29.3,0.0,3,1007.9,2.7,160,99,180.0,27.5,0.136
Kuala Lumpur,3.139,101.6869,2026-01-24T10:00,28.9,53,31.9,0.0,3,1008.2,0.4,117,99,407.0,29.4,0.136
Kuala Lumpur,3.139,101.6869,2026-01-24T11:00,31.4,44,34.0,0.0,3,1008.4,4.6,64,99,639.0,32.0,0.136
Kuala Lumpur,3.139,101.6869,2026-01-24T12:00,33.5,35,36.2,0.0,3,1007.6,7.1,45,98,818.0,34.8,0.136
Kuala Lumpur,3.139,101.6869,2026-01-24T13:00,35.0,31,37.7,0.0,3,1006.5,8.7,30,99,922.0,37.3,0.136
Kuala Lumpur,3.139,101.6869,2026-01-24T14:00,35.6,27,37.0,0.0,3,1005.7,9.6,21,99,822.0,39.0,0.137
Kuala Lumpur,3.139,101.6869,2026-01-24T15:00,36.1,26,36.7,0.0,3,1004.2,7.7,21,99,647.0,39.8,0.137
Kuala Lumpur,3.139,101.6869,2026-01-24T16:00,35.8,26,35.6,0.0,3,1003.4,8.7,43,100,493.0,40.1,0.137
Kuala Lumpur,3.139,101.6869,2026-01-24T17:00,34.4,36,34.7,0.0,3,1003.1,15.1,62,100,487.0,39.9,0.137
Kuala Lumpur,3.139,101.6869,2026-01-24T18:00,33.3,38,34.8,0.1,51,1003.3,7.4,45,100,301.0,39.0,0.138
Kuala Lumpur,3.139,101.6869,2026-01-24T19:00,32.2,40,34.2,0.0,3,1004.0,3.3,351,99,115.0,37.7,0.138
Kuala Lumpur,3.139,101.6869,2026-01-24T20:00,30.5,54,33.4,0.0,3,1004.7,6.5,224,99,6.0,36.0,0.133
Kuala Lumpur,3.139,101.6869,2026-01-24T21:00,29.1,62,32.9,0.0,3,1005.2,4.5,194,100,0.0,34.5,0.133
Kuala Lumpur,3.139,101.6869,2026-01-24T22:00,28.4,62,31.6,0.0,3,1006.0,6.1,92,100,0.0,33.2,0.133
Kuala Lumpur,3.139,101.6869,2026-01-24T23:00,27.9,58,29.6,0.0,3,1006.4,10.6,72,100,0.0,32.0,0.133
Kuala Lumpur,3.139,101.6869,2026-01-25T00:00,27.1,63,29.5,0.0,3,1006.3,8.0,63,99,0.0,31.0,0.133
Kuala Lumpur,3.139,101.6869,2026-01-25T01:00,26.6,65,29.4,0.0,3,1006.6,5.7,66,100,0.0,30.2,0.133
Kuala Lumpur,3.139,101.6869,2026-01-25T02:00,26.5,67,29.9,0.0,3,1005.9,2.7,37,93,0.0,30.0,0.134
Kuala Lumpur,3.139,101.6869,2026-01-25T03:00,26.3,66,29.6,0.0,1,1005.6,2.2,9,42,0.0,29.3,0.134
Kuala Lumpur,3.139,101.6869,2026-01-25T04:00,25.9,69,29.1,0.0,3,1005.1,3.0,322,98,0.0,28.6,0.134
Kuala Lumpur,3.139,101.6869,2026-01-25T05:00,25.5,72,29.3,0.0,3,1004.8,0.8,315,99,0.0,28.0,0.134
Kuala Lumpur,3.139,101.6869,2026-01-25T06:00,25.0,75,28.9,0.0,3,1005.2,0.6,326,99,0.0,27.5,0.134
Kuala Lumpur,3.139,101.6869,2026-01-25T07:00,24.8,76,28.6,0.0,1,1005.8,0.6,56,29,0.0,27.0,0.134
Kuala Lumpur,3.139,101.6869,2026-01-25T08:00,24.8,71,27.6,0.0,3,1006.1,4.3,88,93,15.0,27.4,0.132
Kuala Lumpur,3.139,101.6869,2026-01-25T09:00,26.8,61,29.6,0.0,3,1007.0,1.7,131,99,181.0,28.1,0.133
Kuala Lumpur,3.139,101.6869,2026-01-25T10:00,29.5,50,31.8,0.0,3,1007.3,4.2,72,98,403.0,29.9,0.133
Kuala Lumpur,3.139,101.6869,2026-01-25T11:00,31.9,42,33.7,0.0,3,1007.2,6.2,57,99,587.0,32.2,0.133
Kuala Lumpur,3.139,101.6869,2026-01-25T12:00,33.5,36,36.1,0.0,3,1006.5,6.8,55,100,781.0,34.9,0.132
Kuala Lumpur,3.139,101.6869,2026-01-25T13:00,34.8,32,37.6,0.0,3,1005.8,7.4,49,100,869.0,37.3,0.132
Kuala Lumpur,3.139,101.6869,2026-01-25T14:00,34.3,34,36.7,0.0,3,1005.2,9.9,58,100,847.0,39.2,0.138
Kuala Lumpur,3.139,101.6869,2026-01-25T15:00,35.3,31,37.6,0.0,3,1004.2,8.5,61,100,804.0,40.5,0.138
Kuala Lumpur,3.139,101.6869,2026-01-25T16:00,35.3,31,36.8,0.0,3,1003.3,6.8,63,100,656.0,41.0,0.138
Kuala Lumpur,3.139,101.6869,2026-01-25T17:00,34.7,32,35.1,0.0,3,1002.9,9.9,68,100,479.0,40.8,0.138
Kuala Lumpur,3.139,101.6869,2026-01-25T18:00,32.5,41,33.1,0.1,51,1003.4,14.3,65,100,284.0,39.5,0.139
Kuala Lumpur,3.139,101.6869,2026-01-25T19:00,30.7,48,31.9,0.1,51,1004.1,13.2,68,100,115.0,37.6,0.139
Kuala Lumpur,3.139,101.6869,2026-01-25T20:00,29.6,53,31.4,0.0,3,1004.7,11.5,68,100,6.0,35.7,0.136
Kuala Lumpur,3.139,101.6869,2026-01-25T21:00,28.5,58,30.9,0.0,3,1005.3,8.5,77,100,0.0,34.2,0.136
Kuala Lumpur,3.139,101.6869,2026-01-25T22:00,28.0,61,30.4,0.0,3,1005.9,9.2,86,100,0.0,32.9,0.136
Kuala Lumpur,3.139,101.6869,2026-01-25T23:00,27.1,65,29.5,0.0,3,1006.2,10.0,77,100,0.0,31.8,0.136
Kuala Lumpur,3.139,101.6869,2026-01-26T00:00,26.5,67,28.9,0.0,3,1005.9,9.6,81,100,0.0,30.8,0.136
Kuala Lumpur,3.139,101.6869,2026-01-26T01:00,26.4,65,28.5,0.0,3,1006.0,9.2,79,100,0.0,30.0,0.136
Kuala Lumpur,3.139,101.6869,2026-01-26T02:00,26.1,66,28.6,0.0,3,1005.5,7.5,63,98,0.0,30.0,0.135
Kuala Lumpur,3.139,101.6869,2026-01-26T03:00,25.9,65,28.0,0.0,3,1005.2,8.0,67,100,0.0,29.2,0.135
Kuala Lumpur,3.139,101.6869,2026-01-26T04:00,25.6,66,27.9,0.0,3,1004.8,6.6,73,100,0.0,28.5,0.135
Kuala Lumpur,3.139,101.6869,2026-01-26T05:00,25.2,69,27.7,0.0,3,1004.6,6.7,70,91,0.0,28.0,0.135
Kuala Lumpur,3.139,101.6869,2026-01-26T06:00,25.0,70,27.5,0.0,1,1005.1,6.6,73,35,0.0,27.5,0.135
Kuala Lumpur,3.139,101.6869,2026-01-26T07:00,24.9,71,27.5,0.0,0,1005.7,5.9,70,16,0.0,27.0,0.135
Kuala Lumpur,3.139,101.6869,2026-01-26T08:00,25.0,69,27.8,0.0,0,1006.3,4.2,85,12,15.0,27.0,0.138
Kuala Lumpur,3.139,101.6869,2026-01-26T09:00,27.2,59,29.6,0.0,1,1007.1,5.6,65,41,180.0,27.8,0.138
Kuala Lumpur,3.139,101.6869,2026-01-26T10:00,30.0,50,31.9,0.0,0,1007.5,8.1,62,14,415.0,29.6,0.138
Kuala Lumpur,3.139,101.6869,2026-01-26T11:00,32.0,42,33.4,0.0,1,1007.3,10.4,64,27,622.0,32.0,0.138
Kuala Lumpur,3.139,101.6869,2026-01-26T12:00,33.7,36,36.1,0.0,2,1006.6,9.1,56,53,796.0,34.5,0.138
Kuala Lumpur,3.139,101.6869,2026-01-26T13:00,34.2,35,36.5,0.0,2,1005.9,11.0,58,51,831.0,36.8,0.138
Kuala Lumpur,3.139,101.6869,2026-01-26T14:00,32.5,41,35.0,0.3,51,1005.1,12.8,64,38,826.0,38.3,0.145
Kuala Lumpur,3.139,101.6869,2026-01-26T15:00,34.0,38,36.9,0.1,51,1004.1,10.4,53,27,841.0,39.3,0.144
Kuala Lumpur,3.139,101.6869,2026-01-26T16:00,34.3,37,36.6,0.0,0,1003.2,8.6,53,19,709.0,39.8,0.143
Kuala Lumpur,3.139,101.6869,2026-01-26T17:00,33.9,37,35.5,0.0,1,1002.7,7.0,50,30,507.0,39.7,0.142
Kuala Lumpur,3.139,101.6869,2026-01-26T18:00,32.7,41,33.8,0.2,51,1003.2,11.2,57,26,319.0,38.8,0.144
Kuala Lumpur,3.139,101.6869,2026-01-26T19:00,31.0,46,32.1,0.0,0,1003.7,12.9,65,5,129.0,37.1,0.144
Kuala Lumpur,3.139,101.6869,2026-01-26T20:00,30.6,50,32.6,0.0,2,1004.7,9.5,63,73,6.0,36.1,0.139
Kuala Lumpur,3.139,101.6869,2026-01-26T21:00,29.8,52,31.9,0.0,2,1005.4,7.9,77,77,0.0,34.6,0.139
Kuala Lumpur,3.139,101.6869,2026-01-26T22:00,28.6,58,31.1,0.0,3,1006.1,7.8,94,84,0.0,33.3,0.139
Kuala Lumpur,3.139,101.6869,2026-01-26T23:00,27.6,60,29.8,0.0,3,1006.5,9.2,87,100,0.0,32.2,0.139
Kuala Lumpur,3.139,101.6869,2026-01-27T00:00,26.7,63,29.1,0.0,3,1006.5,6.5,76,99,0.0,31.1,0.139
Kuala Lumpur,3.139,101.6869,2026-01-27T01:00,26.2,64,28.8,0.0,3,1006.7,5.3,82,99,0.0,30.2,0.139
Kuala Lumpur,3.139,101.6869,2026-01-27T02:00,26.0,65,28.6,0.0,3,1006.2,5.0,88,90,0.0,30.0,0.137
Kuala Lumpur,3.139,101.6869,2026-01-27T03:00,25.9,65,28.7,0.0,3,1006.0,3.2,74,89,0.0,29.4,0.137
Kuala Lumpur,3.139,101.6869,2026-01-27T04:00,25.5,68,28.7,0.0,3,1005.9,1.3,90,94,0.0,28.7,0.137
Kuala Lumpur,3.139,101.6869,2026-01-27T05:00,25.2,68,28.3,0.0,3,1005.6,1.8,79,94,0.0,28.1,0.137
Kuala Lumpur,3.139,101.6869,2026-01-27T06:00,25.1,67,28.2,0.0,3,1006.0,0.7,104,98,0.0,27.6,0.137
Kuala Lumpur,3.139,101.6869,2026-01-27T07:00,24.9,68,28.0,0.0,3,1006.6,0.4,63,95,0.0,27.2,0.137
Kuala Lumpur,3.139,101.6869,2026-01-27T08:00,25.5,64,28.2,0.0,3,1007.0,2.1,121,93,14.0,27.9,0.13
Kuala Lumpur,3.139,101.6869,2026-01-27T09:00,27.0,60,29.5,0.0,2,1007.7,4.2,80,59,161.0,28.5,0.13
Kuala Lumpur,3.139,101.6869,2026-01-27T10:00,29.8,51,32.2,0.0,3,1008.0,5.0,71,96,410.0,30.2,0.13
Kuala Lumpur,3.139,101.6869,2026-01-27T11:00,31.9,43,34.3,0.0,3,1008.0,6.0,57,96,630.0,32.7,0.13
Kuala Lumpur,3.139,101.6869,2026-01-27T12:00,33.7,39,36.8,0.0,2,1007.4,7.1,34,71,787.0,35.2,0.129
Kuala Lumpur,3.139,101.6869,2026-01-27T13:00,34.2,38,37.8,0.2,51,1006.7,5.2,4,65,799.0,37.5,0.131
Kuala Lumpur,3.139,101.6869,2026-01-27T14:00,34.6,35,37.8,0.1,51,1005.8,6.4,11,100,829.0,39.5,0.142
Kuala Lumpur,3.139,101.6869,2026-01-27T15:00,35.5,34,39.2,0.0,3,1004.4,4.4,32,100,834.0,40.8,0.141
Kuala Lumpur,3.139,101.6869,2026-01-27T16:00,35.7,33,38.9,0.0,3,1003.4,3.1,13,100,735.0,41.7,0.14
Kuala Lumpur,3.139,101.6869,2026-01-27T17:00,35.2,34,37.0,0.0,3,1003.0,4.2,329,100,502.0,41.5,0.14
Kuala Lumpur,3.139,101.6869,2026-01-27T18:00,34.2,37,36.3,0.3,51,1003.1,2.6,16,100,255.0,40.5,0.143
Kuala Lumpur,3.139,101.6869,2026-01-27T19:00,32.6,40,34.5,0.0,3,1003.6,4.9,82,100,87.0,38.8,0.143
Kuala Lumpur,3.139,101.6869,2026-01-27T20:00,30.5,54,33.6,0.0,3,1004.8,6.2,154,98,5.0,36.8,0.139
Kuala Lumpur,3.139,101.6869,2026-01-27T21:00,30.0,55,33.2,0.1,51,1005.4,4.8,165,68,0.0,35.2,0.14
Kuala Lumpur,3.139,101.6869,2026-01-27T22:00,29.6,57,33.0,0.0,2,1006.2,3.5,159,60,0.0,34.0,0.14
Kuala Lumpur,3.139,101.6869,2026-01-27T23:00,28.7,61,31.8,0.0,2,1006.7,6.9,131,58,0.0,33.0,0.14
Kuala Lumpur,3.139,101.6869,2026-01-28T00:00,27.6,61,30.0,0.0,1,1006.9,8.4,105,25,0.0,32.0,0.14
Kuala Lumpur,3.139,101.6869,2026-01-28T01:00,26.7,64,29.3,0.0,3,1007.0,6.7,84,98,0.0,31.0,0.14
Kuala Lumpur,3.139,101.6869,2026-01-28T02:00,26.8,67,29.7,0.0,3,1006.2,6.9,59,92,0.0,31.0,0.137
Kuala Lumpur,3.139,101.6869,2026-01-28T03:00,26.1,70,29.2,0.0,3,1005.6,5.9,14,98,0.0,30.2,0.137
Kuala Lumpur,3.139,101.6869,2026-01-28T04:00,25.8,73,29.2,0.0,3,1005.3,4.3,24,100,0.0,29.6,0.138
Kuala Lumpur,3.139,101.6869,2026-01-28T05:00,25.4,74,28.9,0.1,51,1005.1,4.3,33,100,0.0,29.0,0.138
Kuala Lumpur,3.139,101.6869,2026-01-28T06:00,25.2,76,29.1,0.1,51,1005.2,2.6,16,100,0.0,28.5,0.14
Kuala Lumpur,3.139,101.6869,2026-01-28T07:00,25.4,75,28.8,0.1,51,1005.9,4.9,73,100,0.0,28.1,0.141
Kuala Lumpur,3.139,101.6869,2026-01-28T08:00,25.8,71,29.5,0.0,3,1006.3,1.0,248,100,7.0,28.0,0.147
Kuala Lumpur,3.139,101.6869,2026-01-28T09:00,26.8,66,30.4,0.0,3,1007.3,1.4,310,100,86.0,28.2,0.147
Kuala Lumpur,3.139,101.6869,2026-01-28T10:00,27.8,61,31.0,0.0,3,1007.7,2.9,79,100,166.0,28.9,0.146
Kuala Lumpur,3.139,101.6869,2026-01-28T11:00,29.5,52,32.0,0.0,3,1007.6,4.0,82,99,332.0,30.2,0.146
Kuala Lumpur,3.139,101.6869,2026-01-28T12:00,31.6,44,34.5,0.0,1,1007.4,3.2,87,41,630.0,32.5,0.145
Kuala Lumpur,3.139,101.6869,2026-01-28T13:00,33.7,39,37.7,0.0,2,1006.2,0.6,304,68,721.0,34.8,0.143
Kuala Lumpur,3.139,101.6869,2026-01-28T14:00,31.4,47,34.8,0.1,51,1006.4,3.1,360,100,659.0,36.6,0.16
Kuala Lumpur,3.139,101.6869,2026-01-28T15:00,31.8,48,34.5,0.0,3,1005.2,5.9,18,100,565.0,36.9,0.157
Kuala Lumpur,3.139,101.6869,2026-01-28T16:00,31.7,48,34.7,0.4,51,1004.3,4.2,36,84,421.0,36.6,0.16
Kuala Lumpur,3.139,101.6869,2026-01-28T17:00,31.6,49,35.1,0.5,53,1003.7,1.9,197,96,363.0,36.5,0.165
Kuala Lumpur,3.139,101.6869,2026-01-28T18:00,31.6,49,34.7,0.3,51,1003.6,4.5,355,98,352.0,36.0,0.166
Kuala Lumpur,3.139,101.6869,2026-01-28T19:00,29.7,56,32.4,0.4,51,1004.5,8.5,1,67,108.0,34.5,0.17
Kuala Lumpur,3.139,101.6869,2026-01-28T20:00,28.6,63,32.1,0.1,51,1005.3,5.6,90,66,6.0,33.0,0.152
Kuala Lumpur,3.139,101.6869,2026-01-28T21:00,28.1,68,32.3,0.0,3,1005.9,2.9,90,99,0.0,31.9,0.152
Kuala Lumpur,3.139,101.6869,2026-01-28T22:00,27.5,72,31.9,0.0,3,1006.4,2.7,98,91,0.0,30.8,0.151
Kuala Lumpur,3.139,101.6869,2026-01-28T23:00,26.9,73,31.1,0.0,3,1006.9,3.6,108,100,0.0,30.0,0.151
Kuala Lumpur,3.139,101.6869,2026-01-29T00:00,26.5,72,30.4,0.0,3,1007.0,4.0,100,100,0.0,29.2,0.151
Kuala Lumpur,3.139,101.6869,2026-01-29T01:00,26.2,72,30.0,0.0,3,1006.9,4.0,80,98,0.0,28.6,0.151
Kuala Lumpur,3.139,101.6869,2026-01-29T02:00,26.1,73,29.8,0.0,3,1006.6,4.5,74,81,0.0,28.7,0.145
Kuala Lumpur,3.139,101.6869,2026-01-29T03:00,25.8,73,29.3,0.0,2,1005.5,4.5,74,57,0.0,28.2,0.144
Kuala Lumpur,3.139,101.6869,2026-01-29T04:00,25.3,80,29.7,0.0,3,1004.8,1.6,63,100,0.0,27.6,0.144
Kuala Lumpur,3.139,101.6869,2026-01-29T05:00,25.2,78,29.6,0.0,3,1004.8,0.3,315,90,0.0,27.2,0.144
Kuala Lumpur,3.139,101.6869,2026-01-29T06:00,25.0,79,29.2,0.0,3,1005.0,1.4,360,89,0.0,26.9,0.144
Kuala Lumpur,3.139,101.6869,2026-01-29T07:00,24.6,80,28.7,0.0,3,1005.5,1.7,41,86,0.0,26.6,0.144
Kuala Lumpur,3.139,101.6869,2026-01-29T08:00,25.2,76,28.8,0.0,3,1006.3,4.2,301,100,10.0,26.9,0.147
Kuala Lumpur,3.139,101.6869,2026-01-29T09:00,26.5,69,30.0,0.0,3,1007.3,3.3,315,100,114.0,27.4,0.147
Kuala Lumpur,3.139,101.6869,2026-01-29T10:00,28.4,61,32.1,0.0,3,1007.5,2.3,331,100,328.0,28.8,0.146
Kuala Lumpur,3.139,101.6869,2026-01-29T11:00,30.0,55,33.4,0.0,2,1007.6,3.5,345,75,490.0,30.6,0.146
Kuala Lumpur,3.139,101.6869,2026-01-29T12:00,31.8,48,35.2,0.1,51,1007.3,3.7,299,38,604.0,32.8,0.146
Kuala Lumpur,3.139,101.6869,2026-01-29T13:00,32.7,45,36.4,0.4,51,1006.4,4.8,301,57,711.0,34.9,0.149
Kuala Lumpur,3.139,101.6869,2026-01-29T14:00,31.4,50,35.7,1.0,55,1005.9,6.6,61,34,796.0,36.5,0.166
Kuala Lumpur,3.139,101.6869,2026-01-29T15:00,32.1,49,36.2,0.1,51,1004.8,4.4,97,58,684.0,37.0,0.163
Kuala Lumpur,3.139,101.6869,2026-01-29T16:00,32.2,48,35.6,0.7,53,1004.0,4.0,148,29,579.0,37.1,0.169
Kuala Lumpur,3.139,101.6869,2026-01-29T17:00,32.0,48,35.3,0.2,51,1003.1,4.0,108,17,556.0,36.9,0.168
Kuala Lumpur,3.139,101.6869,2026-01-29T18:00,31.8,50,34.7,0.0,0,1003.1,6.1,71,10,363.0,36.1,0.166
Kuala Lumpur,3.139,101.6869,2026-01-29T19:00,30.7,53,33.6,0.0,1,1004.2,6.3,66,28,139.0,34.7,0.164
Kuala Lumpur,3.139,101.6869,2026-01-29T20:00,28.9,60,31.9,0.2,51,1005.1,6.9,70,12,7.0,33.3,0.141
Kuala Lumpur,3.139,101.6869,2026-01-29T21:00,28.4,62,31.6,0.0,0,1005.5,5.5,73,1,0.0,32.2,0.141
Kuala Lumpur,3.139,101.6869,2026-01-29T22:00,27.5,66,31.1,0.0,0,1006.2,3.8,93,3,0.0,31.1,0.141
Kuala Lumpur,3.139,101.6869,2026-01-29T23:00,27.0,67,30.6,0.0,2,1007.1,3.1,118,50,0.0,30.2,0.141
Kuala Lumpur,3.139,101.6869,2026-01-30T00:00,26.6,68,30.0,0.0,3,1007.3,3.6,84,100,0.0,29.5,0.141
Kuala Lumpur,3.139,101.6869,2026-01-30T01:00,26.1,71,29.9,0.0,3,1007.5,2.0,90,95,0.0,28.8,0.141
Kuala Lumpur,3.139,101.6869,2026-01-30T02:00,25.8,72,29.5,0.0,2,1006.9,2.2,104,55,0.0,28.2,0.141
Kuala Lumpur,3.139,101.6869,2026-01-30T03:00,25.3,75,29.1,0.0,0,1006.4,2.3,72,10,0.0,27.7,0.141
Kuala Lumpur,3.139,101.6869,2026-01-30T04:00,24.9,78,28.8,0.0,2,1006.0,2.0,80,52,0.0,27.2,0.141
Kuala Lumpur,3.139,101.6869,2026-01-30T05:00,24.6,78,28.3,0.0,1,1006.1,2.5,94,24,0.0,26.8,0.141
Kuala Lumpur,3.139,101.6869,2026-01-30T06:00,24.4,79,28.1,0.0,2,1006.3,2.5,82,68,0.0,26.4,0.141
Kuala Lumpur,3.139,101.6869,2026-01-30T07:00,24.0,82,27.9,0.0,0,1006.5,2.4,77,10,0.0,26.0,0.141
Kuala Lumpur,3.139,101.6869,2026-01-30T08:00,25.4,75,29.0,0.0,0,1006.6,3.8,93,2,15.0,26.5,0.138
Kuala Lumpur,3.139,101.6869,2026-01-30T09:00,27.5,65,31.0,0.0,0,1007.3,4.2,70,1,180.0,27.4,0.138
Kuala Lumpur,3.139,101.6869,2026-01-30T10:00,30.4,54,33.7,0.0,0,1007.7,3.4,72,5,419.0,29.5,0.138
Kuala Lumpur,3.139,101.6869,2026-01-30T11:00,32.7,44,36.2,0.0,1,1007.7,2.7,42,22,642.0,32.2,0.138
Kuala Lumpur,3.139,101.6869,2026-01-30T12:00,34.5,39,38.6,0.0,2,1006.9,4.0,5,66,804.0,35.2,0.138
Kuala Lumpur,3.139,101.6869,2026-01-30T13:00,35.6,36,40.2,0.0,2,1006.1,5.4,360,78,921.0,38.0,0.138
Kuala Lumpur,3.139,101.6869,2026-01-30T14:00,34.9,36,39.1,0.1,51,1005.4,4.0,21,94,867.0,40.0,0.141
Kuala Lumpur,3.139,101.6869,2026-01-30T15:00,36.2,34,40.8,0.0,3,1004.2,1.8,6,100,858.0,41.5,0.141
Kuala Lumpur,3.139,101.6869,2026-01-30T16:00,36.8,32,40.2,0.0,3,1003.3,3.7,309,100,748.0,42.5,0.14
Kuala Lumpur,3.139,101.6869,2026-01-30T17:00,32.6,46,34.4,0.5,53,1003.6,11.6,254,100,406.0,41.4,0.145
Kuala Lumpur,3.139,101.6869,2026-01-30T18:00,30.5,56,34.4,1.2,55,1004.1,2.8,288,63,240.0,39.2,0.158
Kuala Lumpur,3.139,101.6869,2026-01-30T19:00,29.8,61,33.4,0.1,51,1004.7,6.2,300,19,105.0,37.1,0.158
Kuala Lumpur,3.139,101.6869,2026-01-30T20:00,28.8,66,33.3,0.0,1,1005.6,2.2,55,28,6.0,34.2,0.175
Kuala Lumpur,3.139,101.6869,2026-01-30T21:00,28.4,72,33.5,0.0,0,1005.9,1.9,326,9,0.0,32.7,0.174
Kuala Lumpur,3.139,101.6869,2026-01-30T22:00,27.5,77,32.4,0.0,2,1006.8,4.0,288,77,0.0,31.5,0.173
Kuala Lumpur,3.139,101.6869,2026-01-30T23:00,26.7,81,32.1,0.1,51,1007.6,1.7,288,91,0.0,30.5,0.174
Kuala Lumpur,3.139,101.6869,2026-01-31T00:00,26.2,84,31.5,0.1,51,1007.7,2.8,310,89,0.0,29.7,0.174
Kuala Lumpur,3.139,101.6869,2026-01-31T01:00,25.8,87,31.3,0.1,51,1007.5,1.7,311,60,0.0,29.0,0.175
Kuala Lumpur,3.139,101.6869,2026-01-31T02:00,26.3,84,31.7,0.0,1,1006.9,2.5,69,20,0.0,29.4,0.168
Kuala Lumpur,3.139,101.6869,2026-01-31T03:00,25.9,88,31.5,0.0,1,1006.1,2.6,65,23,0.0,28.8,0.168
Kuala Lumpur,3.139,101.6869,2026-01-31T04:00,25.6,90,31.1,0.0,3,1005.5,3.1,121,91,0.0,28.3,0.169
Kuala Lumpur,3.139,101.6869,2026-01-31T05:00,25.2,90,31.0,0.0,3,1005.4,0.0,270,95,0.0,27.9,0.169
Kuala Lumpur,3.139,101.6869,2026-01-31T06:00,24.8,92,30.3,0.1,51,1005.6,1.8,281,99,0.0,27.4,0.17
Kuala Lumpur,3.139,101.6869,2026-01-31T07:00,24.6,90,29.6,0.1,51,1006.3,2.5,278,91,0.0,27.0,0.17
Kuala Lumpur,3.139,101.6869,2026-01-31T08:00,24.4,88,28.8,0.0,3,1006.7,3.6,70,83,12.0,27.0,0.17
Kuala Lumpur,3.139,101.6869,2026-01-31T09:00,26.2,78,30.9,0.0,3,1007.8,2.2,81,98,165.0,27.4,0.169
Kuala Lumpur,3.139,101.6869,2026-01-31T10:00,28.9,64,33.3,0.0,1,1008.6,1.5,60,38,415.0,28.9,0.167
Kuala Lumpur,3.139,101.6869,2026-01-31T11:00,30.9,56,35.6,0.0,1,1008.5,1.0,22,30,622.0,30.9,0.165
Kuala Lumpur,3.139,101.6869,2026-01-31T12:00,32.2,51,37.7,0.1,51,1008.2,2.6,309,34,795.0,33.1,0.163
Kuala Lumpur,3.139,101.6869,2026-01-31T13:00,32.8,50,38.4,0.1,51,1007.3,3.9,304,35,840.0,35.0,0.16
Kuala Lumpur,3.139,101.6869,2026-01-31T14:00,34.0,43,38.0,0.0,1,1006.1,4.6,342,34,724.0,36.2,0.159
Kuala Lumpur,3.139,101.6869,2026-01-31T15:00,32.5,46,36.4,0.8,53,1005.4,9.3,280,82,820.0,37.3,0.165
Kuala Lumpur,3.139,101.6869,2026-01-31T16:00,31.9,53,35.7,0.7,53,1004.4,5.8,279,13,604.0,37.0,0.171
Kuala Lumpur,3.139,101.6869,2026-01-31T17:00,32.1,50,35.8,0.3,51,1003.8,2.0,280,48,529.0,36.8,0.171
Kuala Lumpur,3.139,101.6869,2026-01-31T18:00,31.2,52,34.3,0.2,51,1004.0,5.8,265,33,321.0,36.0,0.171
Kuala Lumpur,3.139,101.6869,2026-01-31T19:00,29.5,63,33.4,0.0,1,1004.6,5.3,262,23,111.0,34.5,0.169
Kuala Lumpur,3.139,101.6869,2026-01-31T20:00,28.2,68,33.0,0.1,51,1005.5,0.8,225,43,6.0,34.5,0.159
Kuala Lumpur,3.139,101.6869,2026-01-31T21:00,28.4,70,33.1,0.0,0,1005.9,1.9,304,13,0.0,33.0,0.159
Kuala Lumpur,3.139,101.6869,2026-01-31T22:00,27.8,72,32.6,0.0,1,1006.8,1.8,360,30,0.0,31.8,0.158
Kuala Lumpur,3.139,101.6869,2026-01-31T23:00,27.5,73,32.3,0.0,0,1007.5,1.3,90,13,0.0,30.8,0.158
Kuala Lumpur,3.139,101.6869,2026-02-01T00:00,27.0,76,31.9,0.1,51,1007.5,1.5,60,10,0.0,30.0,0.158
Kuala Lumpur,3.139,101.6869,2026-02-01T01:00,26.1,83,31.3,0.0,0,1006.9,1.8,53,4,0.0,29.1,0.158
Kuala Lumpur,3.139,101.6869,2026-02-01T02:00,25.9,85,31.3,0.0,0,1006.2,0.9,143,5,0.0,29.0,0.154
Kuala Lumpur,3.139,101.6869,2026-02-01T03:00,25.3,83,30.1,0.0,0,1005.5,1.8,84,2,0.0,28.3,0.154
Kuala Lumpur,3.139,101.6869,2026-02-01T04:00,25.0,81,29.3,0.0,0,1004.8,2.8,79,17,0.0,27.7,0.153
Kuala Lumpur,3.139,101.6869,2026-02-01T05:00,24.8,81,29.0,0.0,2,1004.5,2.0,100,66,0.0,27.1,0.153
Kuala Lumpur,3.139,101.6869,2026-02-01T06:00,24.5,81,28.6,0.0,0,1005.0,3.1,97,8,0.0,26.8,0.153
Kuala Lumpur,3.139,101.6869,2026-02-01T07:00,24.1,84,28.1,0.0,0,1005.5,3.5,81,7,0.0,26.2,0.153
Kuala Lumpur,3.139,101.6869,2026-02-01T08:00,24.9,81,28.5,0.0,0,1006.2,6.5,66,5,14.0,26.8,0.149
Kuala Lumpur,3.139,101.6869,2026-02-01T09:00,26.9,69,30.6,0.0,0,1006.9,3.0,73,1,178.0,27.5,0.149
Kuala Lumpur,3.139,101.6869,2026-02-01T10:00,29.9,55,33.3,0.0,0,1007.4,2.2,66,10,414.0,29.2,0.148
Kuala Lumpur,3.139,101.6869,2026-02-01T11:00,32.2,44,35.1,0.0,0,1007.4,4.2,43,7,630.0,31.6,0.146
Kuala Lumpur,3.139,101.6869,2026-02-01T12:00,34.1,37,37.6,0.0,1,1006.8,5.3,28,30,802.0,34.2,0.145
Kuala Lumpur,3.139,101.6869,2026-02-01T13:00,35.2,34,38.7,0.0,1,1005.9,6.1,28,20,864.0,36.7,0.143
Kuala Lumpur,3.139,101.6869,2026-02-01T14:00,35.6,32,38.9,0.0,2,1005.1,6.5,39,59,886.0,38.8,0.145
Kuala Lumpur,3.139,101.6869,2026-02-01T15:00,36.6,30,40.4,0.1,51,1003.9,3.8,45,93,903.0,40.5,0.144
Kuala Lumpur,3.139,101.6869,2026-02-01T16:00,36.5,30,40.0,0.0,3,1002.8,2.4,36,89,790.0,41.6,0.142
Kuala Lumpur,3.139,101.6869,2026-02-01T17:00,35.3,33,36.7,0.0,3,1002.6,5.8,321,99,521.0,41.5,0.141
Kuala Lumpur,3.139,101.6869,2026-02-01T18:00,33.1,43,35.5,0.6,53,1002.9,6.1,293,98,316.0,40.2,0.148
Kuala Lumpur,3.139,101.6869,2026-02-01T19:00,31.6,50,34.9,0.6,53,1003.5,4.0,260,100,137.0,38.4,0.155
Kuala Lumpur,3.139,101.6869,2026-02-01T20:00,31.5,50,34.8,1.4,61,1004.6,2.1,52,96,8.0,36.9,0.15
Kuala Lumpur,3.139,101.6869,2026-02-01T21:00,30.4,52,33.0,0.0,3,1005.9,6.4,61,98,0.0,35.2,0.15
Kuala Lumpur,3.139,101.6869,2026-02-01T22:00,29.3,56,32.1,0.0,3,1006.6,5.8,74,100,0.0,33.7,0.149
Kuala Lumpur,3.139,101.6869,2026-02-01T23:00,28.6,60,31.9,0.0,3,1007.2,3.8,19,100,0.0,32.5,0.148
Kuala Lumpur,3.139,101.6869,2026-02-02T00:00,27.9,63,31.1,0.0,3,1007.3,4.9,332,99,0.0,31.4,0.148
Kuala Lumpur,3.139,101.6869,2026-02-02T01:00,27.3,73,32.0,0.0,3,1007.2,1.2,39,95,0.0,30.5,0.148
Kuala Lumpur,3.139,101.6869,2026-02-02T02:00,27.3,70,31.6,0.0,3,1006.8,2.1,52,99,0.0,30.5,0.143
Kuala Lumpur,3.139,101.6869,2026-02-02T03:00,26.9,67,29.9,0.0,3,1005.9,7.1,63,96,0.0,29.8,0.143
Kuala Lumpur,3.139,101.6869,2026-02-02T04:00,26.3,69,29.4,0.0,3,1005.1,6.1,60,98,0.0,29.2,0.143
Kuala Lumpur,3.139,101.6869,2026-02-02T05:00,25.8,71,29.3,0.0,3,1005.0,3.1,93,98,0.0,28.6,0.143
Kuala Lumpur,3.139,101.6869,2026-02-02T06:00,25.5,73,28.9,0.0,3,1005.2,3.3,167,98,0.0,28.0,0.143
Kuala Lumpur,3.139,101.6869,2026-02-02T07:00,25.2,74,28.7,0.0,3,1005.8,3.8,149,99,0.0,27.5,0.143
Kuala Lumpur,3.139,101.6869,2026-02-02T08:00,25.9,68,29.0,0.0,3,1006.3,3.4,115,99,12.0,27.5,0.143
Kuala Lumpur,3.139,101.6869,2026-02-02T09:00,27.6,57,30.2,0.0,3,1006.8,3.7,79,99,176.0,28.2,0.142
Kuala Lumpur,3.139,101.6869,2026-02-02T10:00,29.9,49,32.0,0.0,3,1007.2,5.6,61,96,411.0,30.0,0.142
Kuala Lumpur,3.139,101.6869,2026-02-02T11:00,32.0,41,33.6,0.0,3,1007.0,9.0,55,98,632.0,32.2,0.141
Kuala Lumpur,3.139,101.6869,2026-02-02T12:00,33.7,36,36.1,0.0,3,1006.3,9.4,50,100,819.0,34.8,0.141
Kuala Lumpur,3.139,101.6869,2026-02-02T13:00,35.3,32,37.8,0.0,3,1005.4,11.5,50,100,932.0,37.3,0.14
Kuala Lumpur,3.139,101.6869,2026-02-02T14:00,34.4,34,36.6,0.0,3,1004.9,9.9,69,100,788.0,38.8,0.146
Kuala Lumpur,3.139,101.6869,2026-02-02T15:00,33.3,40,33.8,0.0,3,1004.2,16.2,60,100,554.0,38.8,0.144
Kuala Lumpur,3.139,101.6869,2026-02-02T16:00,33.5,38,34.5,0.0,3,1003.3,12.6,64,100,596.0,38.8,0.143
Kuala Lumpur,3.139,101.6869,2026-02-02T17:00,33.7,37,34.6,0.0,3,1003.0,11.4,61,98,538.0,38.9,0.143
Kuala Lumpur,3.139,101.6869,2026-02-02T18:00,32.5,42,33.4,0.2,51,1003.1,14.4,62,95,355.0,38.2,0.145
Kuala Lumpur,3.139,101.6869,2026-02-02T19:00,31.3,45,32.6,0.0,2,1003.5,11.6,71,79,142.0,36.7,0.145
Kuala Lumpur,3.139,101.6869,2026-02-02T20:00,30.6,48,32.2,0.0,3,1004.6,10.5,74,99,8.0,34.8,0.137
Kuala Lumpur,3.139,101.6869,2026-02-02T21:00,30.1,50,32.1,0.0,3,1005.5,8.0,85,100,0.0,33.8,0.137
Kuala Lumpur,3.139,101.6869,2026-02-02T22:00,29.2,54,31.6,0.0,3,1006.2,6.8,108,99,0.0,32.8,0.137
Kuala Lumpur,3.139,101.6869,2026-02-02T23:00,28.3,57,30.6,0.0,3,1006.8,7.1,117,99,0.0,31.9,0.137
Kuala Lumpur,3.139,101.6869,2026-02-03T00:00,27.6,57,29.6,0.0,3,1007.2,7.8,77,88,0.0,31.0,0.137
Kuala Lumpur,3.139,101.6869,2026-02-03T01:00,27.0,57,28.6,0.0,3,1007.2,8.2,61,99,0.0,30.2,0.137
Kuala Lumpur,3.139,101.6869,2026-02-03T02:00,26.5,61,28.3,0.0,3,1006.5,9.0,59,100,0.0,30.0,0.136
Kuala Lumpur,3.139,101.6869,2026-02-03T03:00,26.1,63,28.8,0.0,3,1006.2,3.3,29,98,0.0,29.3,0.136
Kuala Lumpur,3.139,101.6869,2026-02-03T04:00,25.6,66,28.7,0.0,3,1006.1,1.3,326,100,0.0,28.6,0.136
Kuala Lumpur,3.139,101.6869,2026-02-03T05:00,25.4,67,28.3,0.0,3,1005.8,2.4,13,95,0.0,28.0,0.136
Kuala Lumpur,3.139,101.6869,2026-02-03T06:00,24.7,71,27.8,0.0,3,1006.1,1.7,72,98,0.0,27.5,0.136
Kuala Lumpur,3.139,101.6869,2026-02-03T07:00,24.4,72,27.6,0.0,3,1006.4,1.2,153,99,0.0,27.0,0.136
Kuala Lumpur,3.139,101.6869,2026-02-03T08:00,24.7,69,27.7,0.0,3,1006.8,1.2,153,96,14.0,26.7,0.133
Kuala Lumpur,3.139,101.6869,2026-02-03T09:00,26.9,58,29.4,0.0,3,1007.5,2.1,31,80,178.0,27.5,0.133
Kuala Lumpur,3.139,101.6869,2026-02-03T10:00,29.7,47,31.9,0.0,0,1007.9,2.5,45,0,422.0,29.5,0.133
Kuala Lumpur,3.139,101.6869,2026-02-03T11:00,32.3,37,34.4,0.0,0,1007.9,4.1,49,0,648.0,32.3,0.133
Kuala Lumpur,3.139,101.6869,2026-02-03T12:00,34.1,31,36.7,0.0,0,1007.3,5.0,52,0,826.0,35.3,0.133
Kuala Lumpur,3.139,101.6869,2026-02-03T13:00,36.0,27,38.4,0.0,2,1006.4,8.6,60,70,937.0,38.0,0.133
Kuala Lumpur,3.139,101.6869,2026-02-03T14:00,35.3,29,37.3,0.0,1,1006.0,11.9,63,41,953.0,40.1,0.141
Kuala Lumpur,3.139,101.6869,2026-02-03T15:00,35.7,29,36.9,0.0,3,1004.8,14.4,66,100,863.0,41.0,0.14
Kuala Lumpur,3.139,101.6869,2026-02-03T16:00,34.9,31,34.8,0.0,3,1004.0,13.0,72,100,581.0,40.8,0.14
Kuala Lumpur,3.139,101.6869,2026-02-03T17:00,35.0,30,34.8,0.0,3,1003.2,11.6,78,99,503.0,40.6,0.139
Kuala Lumpur,3.139,101.6869,2026-02-03T18:00,33.3,35,33.0,0.0,3,1003.1,15.5,65,95,244.0,39.4,0.139
Kuala Lumpur,3.139,101.6869,2026-02-03T19:00,31.3,42,31.4,0.0,0,1004.0,15.1,59,19,86.0,37.7,0.139
Kuala Lumpur,3.139,101.6869,2026-02-03T20:00,31.5,42,32.6,0.0,3,1005.2,9.1,63,99,8.0,36.1,0.139
Kuala Lumpur,3.139,101.6869,2026-02-03T21:00,30.8,45,33.0,0.0,3,1006.0,2.9,94,84,0.0,34.9,0.139
Kuala Lumpur,3.139,101.6869,2026-02-03T22:00,30.1,47,32.5,0.0,3,1006.6,2.0,180,91,0.0,33.8,0.139
Kuala Lumpur,3.139,101.6869,2026-02-03T23:00,29.4,49,31.8,0.0,3,1007.0,1.8,143,92,0.0,32.8,0.139
Kuala Lumpur,3.139,101.6869,2026-02-04T00:00,28.8,51,30.9,0.0,3,1007.1,4.5,97,96,0.0,31.9,0.139
Kuala Lumpur,3.139,101.6869,2026-02-04T01:00,27.9,54,29.9,0.0,3,1007.2,5.0,69,97,0.0,31.0,0.139
Kuala Lumpur,3.139,101.6869,2026-02-04T02:00,27.0,60,29.4,0.0,3,1006.5,5.7,49,80,0.0,30.8,0.139
Kuala Lumpur,3.139,101.6869,2026-02-04T03:00,26.4,64,29.3,0.0,0,1006.1,2.7,53,2,0.0,30.0,0.139
Kuala Lumpur,3.139,101.6869,2026-02-04T04:00,25.9,70,29.7,0.0,0,1005.9,0.4,63,4,0.0,29.2,0.139
Kuala Lumpur,3.139,101.6869,2026-02-04T05:00,25.5,69,28.8,0.0,0,1005.6,1.2,63,5,0.0,28.6,0.139
Kuala Lumpur,3.139,101.6869,2026-02-04T06:00,25.2,68,28.1,0.0,1,1005.7,3.5,75,44,0.0,28.0,0.139
Kuala Lumpur,3.139,101.6869,2026-02-04T07:00,24.8,69,27.3,0.0,1,1005.8,4.4,71,36,0.0,27.5,0.139
Kuala Lumpur,3.139,101.6869,2026-02-04T08:00,24.9,68,27.6,0.0,2,1006.6,3.6,84,66,14.0,27.5,0.138
Kuala Lumpur,3.139,101.6869,2026-02-04T09:00,27.1,58,29.8,0.0,2,1007.6,2.3,108,71,176.0,28.2,0.138
Kuala Lumpur,3.139,101.6869,2026-02-04T10:00,30.0,46,32.1,0.0,1,1008.1,2.8,169,29,415.0,30.1,0.138
Kuala Lumpur,3.139,101.6869,2026-02-04T11:00,32.3,38,34.7,0.0,0,1007.9,2.3,184,7,640.0,32.8,0.138
Kuala Lumpur,3.139,101.6869,2026-02-04T12:00,34.3,32,37.8,0.0,0,1007.4,1.8,180,5,819.0,35.8,0.138
Kuala Lumpur,3.139,101.6869,2026-02-04T13:00,36.2,29,40.3,0.0,0,1006.3,1.7,193,9,928.0,38.8,0.138
Kuala Lumpur,3.139,101.6869,2026-02-04T14:00,35.6,31,40.1,0.0,0,1005.3,1.5,240,13,954.0,41.5,0.144
Kuala Lumpur,3.139,101.6869,2026-02-04T15:00,37.2,29,40.9,0.0,1,1004.0,4.1,255,22,903.0,43.0,0.142
Kuala Lumpur,3.139,101.6869,2026-02-04T16:00,36.7,29,39.4,0.0,2,1003.2,2.8,281,54,723.0,43.5,0.141
Kuala Lumpur,3.139,101.6869,2026-02-04T17:00,35.3,32,36.6,0.0,3,1002.9,6.6,299,100,527.0,43.2,0.141
Kuala Lumpur,3.139,101.6869,2026-02-04T18:00,33.0,40,34.6,0.2,51,1003.3,8.5,312,81,220.0,41.4,0.142
Kuala Lumpur,3.139,101.6869,2026-02-04T19:00,30.6,47,32.3,0.6,53,1004.8,8.2,119,64,116.0,39.2,0.149
Kuala Lumpur,3.139,101.6869,2026-02-04T20:00,25.9,90,31.5,0.0,2,1006.2,3.8,59,52,6.0,35.4,0.156
Kuala Lumpur,3.139,101.6869,2026-02-04T21:00,26.9,83,32.7,0.3,51,1006.8,0.0,270,74,0.0,33.2,0.161
Kuala Lumpur,3.139,101.6869,2026-02-04T22:00,27.1,81,32.9,0.0,1,1007.0,1.2,141,44,0.0,31.9,0.161
Kuala Lumpur,3.139,101.6869,2026-02-04T23:00,27.1,82,32.7,0.0,1,1007.6,1.8,79,33,0.0,31.0,0.161
Kuala Lumpur,3.139,101.6869,2026-02-05T00:00,26.9,83,32.5,0.0,2,1007.7,2.6,102,58,0.0,30.3,0.161
Kuala Lumpur,3.139,101.6869,2026-02-05T01:00,26.6,83,32.0,0.0,3,1007.8,3.1,80,100,0.0,29.7,0.161
Kuala Lumpur,3.139,101.6869,2026-02-05T02:00,27.2,82,33.2,0.0,3,1007.2,0.5,270,100,0.0,30.0,0.148
Kuala Lumpur,3.139,101.6869,2026-02-05T03:00,27.0,82,32.8,0.0,3,1006.6,0.5,270,100,0.0,29.6,0.148
Kuala Lumpur,3.139,101.6869,2026-02-05T04:00,26.4,83,31.4,0.0,3,1006.1,3.5,62,95,0.0,29.0,0.148
Kuala Lumpur,3.139,101.6869,2026-02-05T05:00,25.7,82,30.4,0.0,1,1005.8,2.7,70,45,0.0,28.5,0.148
Kuala Lumpur,3.139,101.6869,2026-02-05T06:00,25.4,82,30.0,0.0,3,1005.8,2.3,32,100,0.0,28.0,0.148
Kuala Lumpur,3.139,101.6869,2026-02-05T07:00,25.7,79,30.0,0.0,3,1005.6,3.1,45,100,0.0,27.9,0.148
Kuala Lumpur,3.139,101.6869,2026-02-05T08:00,25.6,82,30.5,0.0,1,1006.4,1.9,107,41,7.0,28.0,0.153
Kuala Lumpur,3.139,101.6869,2026-02-05T09:00,27.5,73,32.3,0.0,3,1007.1,1.7,131,90,138.0,28.5,0.152
Kuala Lumpur,3.139,101.6869,2026-02-05T10:00,29.7,59,33.8,0.0,3,1007.4,1.4,113,88,309.0,29.8,0.151
Kuala Lumpur,3.139,101.6869,2026-02-05T11:00,31.6,50,35.2,0.0,3,1007.2,1.5,225,97,475.0,31.5,0.149
Kuala Lumpur,3.139,101.6869,2026-02-05T12:00,33.2,45,37.0,0.0,1,1006.5,3.1,225,46,652.0,33.8,0.148
Kuala Lumpur,3.139,101.6869,2026-02-05T13:00,34.8,41,39.6,0.0,1,1005.4,3.9,214,20,838.0,36.3,0.146
Kuala Lumpur,3.139,101.6869,2026-02-05T14:00,34.8,42,40.3,0.0,2,1004.7,4.6,191,58,908.0,38.6,0.159
Kuala Lumpur,3.139,101.6869,2026-02-05T15:00,35.2,41,39.5,0.0,3,1003.6,5.5,212,98,749.0,39.2,0.155
Kuala Lumpur,3.139,101.6869,2026-02-05T16:00,34.3,43,37.0,0.0,3,1002.8,9.9,241,98,601.0,39.3,0.153
Kuala Lumpur,3.139,101.6869,2026-02-05T17:00,30.2,58,34.0,1.4,61,1003.6,4.0,30,99,422.0,38.3,0.168
Kuala Lumpur,3.139,101.6869,2026-02-05T18:00,29.1,63,32.5,0.0,3,1003.5,8.0,121,91,202.0,36.7,0.167
Kuala Lumpur,3.139,101.6869,2026-02-05T19:00,28.8,65,32.4,0.0,3,1004.1,6.1,140,100,77.0,34.9,0.166
Kuala Lumpur,3.139,101.6869,2026-02-05T20:00,29.9,61,34.3,0.0,3,1005.1,1.9,124,96,7.0,35.2,0.138
Kuala Lumpur,3.139,101.6869,2026-02-05T21:00,29.7,62,34.1,0.0,3,1005.4,2.5,135,98,0.0,34.1,0.138
Kuala Lumpur,3.139,101.6869,2026-02-05T22:00,29.1,66,33.5,0.0,3,1006.5,4.4,109,100,0.0,33.0,0.138
Kuala Lumpur,3.139,101.6869,2026-02-05T23:00,28.5,71,33.1,0.0,3,1006.6,4.5,95,99,0.0,32.2,0.138
Kuala Lumpur,3.139,101.6869,2026-02-06T00:00,27.6,76,32.5,0.0,3,1006.7,3.6,81,100,0.0,31.4,0.138
Kuala Lumpur,3.139,101.6869,2026-02-06T01:00,27.2,75,31.9,0.0,3,1006.8,3.6,99,99,0.0,30.6,0.138
Kuala Lumpur,3.139,101.6869,2026-02-06T02:00,25.9,86,30.6,0.9,53,1006.8,6.3,273,96,0.0,30.6,0.14
Kuala Lumpur,3.139,101.6869,2026-02-06T03:00,24.5,90,28.9,3.6,63,1006.2,7.1,336,96,0.0,29.2,0.19
Kuala Lumpur,3.139,101.6869,2026-02-06T04:00,24.5,88,29.0,0.1,51,1005.6,5.5,27,95,0.0,28.4,0.191
Kuala Lumpur,3.139,101.6869,2026-02-06T05:00,24.7,87,29.6,0.0,3,1005.6,1.8,264,91,0.0,27.8,0.192
Kuala Lumpur,3.139,101.6869,2026-02-06T06:00,24.4,91,29.6,0.0,1,1005.7,0.9,349,43,0.0,27.4,0.192
Kuala Lumpur,3.139,101.6869,2026-02-06T07:00,24.2,93,29.5,0.0,2,1005.7,1.3,98,56,0.0,27.0,0.192
Kuala Lumpur,3.139,101.6869,2026-02-06T08:00,24.2,91,29.2,0.0,3,1007.0,2.0,275,88,14.0,28.0,0.147
Kuala Lumpur,3.139,101.6869,2026-02-06T09:00,24.5,89,29.0,2.4,61,1008.4,5.4,266,100,106.0,27.5,0.178
Kuala Lumpur,3.139,101.6869,2026-02-06T10:00,25.3,83,29.7,1.6,61,1008.8,4.5,304,100,222.0,27.7,0.198
Kuala Lumpur,3.139,101.6869,2026-02-06T11:00,27.0,76,32.0,0.4,51,1009.0,1.4,320,100,400.0,28.6,0.201
Kuala Lumpur,3.139,101.6869,2026-02-06T12:00,28.5,71,33.6,0.1,51,1008.1,1.9,343,98,520.0,30.0,0.199
Kuala Lumpur,3.139,101.6869,2026-02-06T13:00,29.6,67,35.0,0.1,51,1007.1,3.8,5,97,629.0,31.5,0.197
Kuala Lumpur,3.139,101.6869,2026-02-06T14:00,30.4,64,35.7,0.1,51,1006.5,8.0,293,99,748.0,32.8,0.2
Kuala Lumpur,3.139,101.6869,2026-02-06T15:00,29.1,67,32.6,0.3,51,1005.1,10.3,301,100,549.0,33.2,0.199
Kuala Lumpur,3.139,101.6869,2026-02-06T16:00,27.7,73,31.8,0.5,53,1004.4,7.0,21,100,262.0,32.4,0.202
Kuala Lumpur,3.139,101.6869,2026-02-06T17:00,27.1,78,32.0,0.4,51,1004.1,4.4,348,100,199.0,31.6,0.205
Kuala Lumpur,3.139,101.6869,2026-02-06T18:00,27.5,75,32.1,0.0,3,1004.4,5.2,319,100,164.0,31.1,0.203
Kuala Lumpur,3.139,101.6869,2026-02-06T19:00,27.1,78,32.0,0.0,2,1004.6,4.0,309,74,77.0,30.4,0.203
Kuala Lumpur,3.139,101.6869,2026-02-06T20:00,27.2,73,31.4,0.0,2,1005.2,4.6,315,79,7.0,30.8,0.202
Kuala Lumpur,3.139,101.6869,2026-02-06T21:00,26.8,77,31.6,0.0,2,1006.1,2.2,265,73,0.0,29.8,0.201
Kuala Lumpur,3.139,101.6869,2026-02-06T22:00,26.5,80,31.7,0.0,3,1006.9,1.6,333,100,0.0,29.1,0.201
Kuala Lumpur,3.139,101.6869,2026-02-06T23:00,26.5,81,31.7,0.0,1,1007.0,1.5,300,32,0.0,28.6,0.201
Kuala Lumpur,3.139,101.6869,2026-02-07T00:00,26.0,84,31.2,0.0,3,1006.9,2.0,315,100,0.0,28.1,0.2
Kuala Lumpur,3.139,101.6869,2026-02-07T01:00,25.6,87,31.0,0.0,2,1006.7,1.6,297,77,0.0,27.6,0.2
Kuala Lumpur,3.139,101.6869,2026-02-07T02:00,25.5,83,30.6,0.0,3,1005.9,0.2,270,84,0.0,27.3,0.197
Kuala Lumpur,3.139,101.6869,2026-02-07T03:00,25.2,85,30.4,0.0,2,1005.3,0.6,72,61,0.0,27.0,0.197
Kuala Lumpur,3.139,101.6869,2026-02-07T04:00,24.7,89,29.8,0.0,2,1004.7,2.0,117,71,0.0,26.6,0.197
Kuala Lumpur,3.139,101.6869,2026-02-07T05:00,24.2,92,29.5,0.0,2,1004.6,1.2,129,60,0.0,26.4,0.197
Kuala Lumpur,3.139,101.6869,2026-02-07T06:00,23.8,95,28.9,0.0,3,1004.8,1.9,34,96,0.0,26.0,0.197
Kuala Lumpur,3.139,101.6869,2026-02-07T07:00,23.5,96,28.6,0.0,3,1005.1,2.4,48,100,0.0,25.7,0.197
Kuala Lumpur,3.139,101.6869,2026-02-07T08:00,23.8,95,29.1,0.0,2,1005.5,1.3,278,53,9.0,25.5,0.2
Kuala Lumpur,3.139,101.6869,2026-02-07T09:00,26.0,83,31.2,0.0,1,1006.2,1.3,82,32,174.0,26.2,0.199
Kuala Lumpur,3.139,101.6869,2026-02-07T10:00,28.5,65,33.0,0.0,0,1006.5,0.5,90,16,411.0,27.8,0.197
Kuala Lumpur,3.139,101.6869,2026-02-07T11:00,30.5,56,35.3,0.0,1,1006.5,0.6,236,27,638.0,29.8,0.193
Kuala Lumpur,3.139,101.6869,2026-02-07T12:00,32.0,51,37.3,0.0,2,1005.9,2.9,240,66,796.0,31.9,0.188
Kuala Lumpur,3.139,101.6869,2026-02-07T13:00,33.0,48,38.6,0.0,3,1005.1,3.3,257,100,856.0,33.7,0.182
Kuala Lumpur,3.139,101.6869,2026-02-07T14:00,33.4,45,39.0,0.0,3,1004.0,1.5,346,84,845.0,35.2,0.176
Kuala Lumpur,3.139,101.6869,2026-02-07T15:00,34.5,43,39.6,0.0,3,1002.8,2.5,315,100,801.0,36.4,0.171
Kuala Lumpur,3.139,101.6869,2026-02-07T16:00,33.8,43,36.6,0.0,2,1001.5,5.0,296,73,543.0,36.5,0.167
Kuala Lumpur,3.139,101.6869,2026-02-07T17:00,33.3,45,36.1,0.0,2,1001.2,6.9,309,55,474.0,36.5,0.164
Kuala Lumpur,3.139,101.6869,2026-02-07T18:00,32.0,50,35.1,0.3,51,1001.4,5.4,320,71,318.0,35.8,0.165
Kuala Lumpur,3.139,101.6869,2026-02-07T19:00,30.0,61,33.8,0.1,51,1002.6,6.3,270,74,113.0,34.5,0.164
Kuala Lumpur,3.139,101.6869,2026-02-07T20:00,27.5,78,32.9,1.5,61,1003.8,2.5,98,80,5.0,32.9,0.183
Kuala Lumpur,3.139,101.6869,2026-02-07T21:00,26.5,83,31.7,0.9,53,1005.0,3.4,270,57,0.0,31.5,0.193
Kuala Lumpur,3.139,101.6869,2026-02-07T22:00,24.9,93,29.9,1.1,55,1006.3,5.4,290,61,0.0,30.2,0.206
Kuala Lumpur,3.139,101.6869,2026-02-07T23:00,24.8,92,30.2,0.9,53,1006.6,2.2,48,67,0.0,29.0,0.217
Kuala Lumpur,3.139,101.6869,2026-02-08T00:00,24.5,94,29.7,2.2,61,1006.0,4.0,85,23,0.0,28.1,0.247
Kuala Lumpur,3.139,101.6869,2026-02-08T01:00,24.4,96,30.1,0.3,51,1006.0,1.3,82,78,0.0,27.5,0.25
Kuala Lumpur,3.139,101.6869,2026-02-08T02:00,24.1,98,29.1,0.5,53,1005.2,6.5,96,71,0.0,28.2,0.245
Kuala Lumpur,3.139,101.6869,2026-02-08T03:00,24.2,97,29.5,1.4,61,1004.3,3.8,71,96,0.0,27.5,0.265
Kuala Lumpur,3.139,101.6869,2026-02-08T04:00,24.1,96,29.2,0.8,53,1004.3,4.9,118,40,0.0,27.0,0.275
Kuala Lumpur,3.139,101.6869,2026-02-08T05:00,24.0,95,28.8,0.1,51,1003.9,4.7,67,40,0.0,26.5,0.277
Kuala Lumpur,3.139,101.6869,2026-02-08T06:00,23.6,96,28.6,0.0,0,1004.2,3.2,74,11,0.0,26.1,0.277
Kuala Lumpur,3.139,101.6869,2026-02-08T07:00,23.3,97,28.2,0.0,0,1004.8,3.1,87,9,0.0,25.8,0.277
Kuala Lumpur,3.139,101.6869,2026-02-08T08:00,24.4,91,29.0,0.0,0,1005.1,5.5,79,15,14.0,26.6,0.271
Kuala Lumpur,3.139,101.6869,2026-02-08T09:00,26.2,79,30.5,0.0,0,1006.2,5.5,71,13,166.0,26.9,0.27
Kuala Lumpur,3.139,101.6869,2026-02-08T10:00,28.4,67,32.1,0.0,0,1006.5,6.2,68,2,401.0,27.9,0.267
Kuala Lumpur,3.139,101.6869,2026-02-08T11:00,30.4,58,34.3,0.0,0,1006.4,7.1,71,5,630.0,29.4,0.262
Kuala Lumpur,3.139,101.6869,2026-02-08T12:00,31.7,54,36.8,0.0,0,1005.8,6.7,71,4,814.0,31.0,0.255
Kuala Lumpur,3.139,101.6869,2026-02-08T13:00,32.8,51,38.9,0.0,2,1004.6,5.4,60,74,911.0,32.5,0.247
Kuala Lumpur,3.139,101.6869,2026-02-08T14:00,33.8,47,39.7,0.0,1,1003.5,4.5,56,42,906.0,33.8,0.24
Kuala Lumpur,3.139,101.6869,2026-02-08T15:00,33.5,49,39.2,0.2,51,1002.6,4.9,352,96,863.0,34.8,0.235
Kuala Lumpur,3.139,101.6869,2026-02-08T16:00,33.2,50,38.2,0.0,3,1001.7,4.2,348,98,721.0,35.0,0.228
Kuala Lumpur,3.139,101.6869,2026-02-08T17:00,33.3,49,37.4,0.1,51,1001.1,3.6,357,95,561.0,35.0,0.223
Kuala Lumpur,3.139,101.6869,2026-02-08T18:00,30.1,64,33.6,0.2,51,1002.0,12.1,320,100,321.0,34.0,0.222
Kuala Lumpur,3.139,101.6869,2026-02-08T19:00,28.4,74,32.5,0.1,51,1002.6,10.7,319,97,119.0,32.7,0.22
Kuala Lumpur,3.139,101.6869,2026-02-08T20:00,24.9,90,28.8,0.0,3,1004.3,11.0,300,93,7.0,31.6,0.222
Kuala Lumpur,3.139,101.6869,2026-02-08T21:00,25.3,87,30.0,0.5,53,1004.6,5.3,62,77,0.0,30.0,0.228
Kuala Lumpur,3.139,101.6869,2026-02-08T22:00,25.3,90,30.3,0.4,51,1004.9,5.3,332,100,0.0,29.0,0.233
Kuala Lumpur,3.139,101.6869,2026-02-08T23:00,25.5,90,31.3,0.0,3,1005.4,0.9,360,99,0.0,28.3,0.233
Kuala Lumpur,3.139,101.6869,2026-02-09T00:00,25.5,90,31.4,0.0,2,1005.4,1.3,146,55,0.0,27.9,0.233
Kuala Lumpur,3.139,101.6869,2026-02-09T01:00,25.6,92,31.6,0.0,3,1005.4,1.7,193,97,0.0,27.5,0.233
Kuala Lumpur,3.139,101.6869,2026-02-09T02:00,25.9,89,31.7,0.1,51,1004.6,2.1,15,100,0.0,28.3,0.231
Kuala Lumpur,3.139,101.6869,2026-02-09T03:00,25.5,85,30.5,0.0,3,1004.0,3.2,63,100,0.0,27.7,0.231
Kuala Lumpur,3.139,101.6869,2026-02-09T04:00,25.8,76,29.5,0.0,3,1003.4,5.3,66,99,0.0,27.1,0.231
Kuala Lumpur,3.139,101.6869,2026-02-09T05:00,25.2,77,29.3,0.0,3,1003.0,1.0,68,100,0.0,26.8,0.231
Kuala Lumpur,3.139,101.6869,2026-02-09T06:00,24.6,77,28.6,0.0,3,1003.0,0.6,198,100,0.0,26.4,0.231
Kuala Lumpur,3.139,101.6869,2026-02-09T07:00,24.2,79,28.1,0.0,3,1003.7,1.0,202,99,0.0,26.0,0.231
Kuala Lumpur,3.139,101.6869,2026-02-09T08:00,25.4,76,29.3,0.0,3,1003.9,2.1,149,95,14.0,26.5,0.23
Kuala Lumpur,3.139,101.6869,2026-02-09T09:00,26.5,69,30.4,0.0,3,1004.8,1.9,202,100,177.0,27.0,0.229
Kuala Lumpur,3.139,101.6869,2026-02-09T10:00,28.5,62,32.6,0.0,3,1005.1,0.4,153,90,420.0,28.1,0.226
Kuala Lumpur,3.139,101.6869,2026-02-09T11:00,30.3,54,34.1,0.0,2,1005.2,4.5,53,55,641.0,29.8,0.222
Kuala Lumpur,3.139,101.6869,2026-02-09T12:00,31.8,47,36.2,0.0,2,1005.0,5.4,21,63,824.0,31.4,0.216
Kuala Lumpur,3.139,101.6869,2026-02-09T13:00,33.0,44,38.1,0.0,2,1004.0,4.8,11,77,936.0,33.0,0.208
Kuala Lumpur,3.139,101.6869,2026-02-09T14:00,34.2,40,39.3,0.0,1,1002.9,4.9,354,42,978.0,34.5,0.199
Kuala Lumpur,3.139,101.6869,2026-02-09T15:00,34.2,38,37.7,0.0,3,1002.0,1.4,337,100,675.0,35.1,0.193
Kuala Lumpur,3.139,101.6869,2026-02-09T16:00,34.1,38,36.3,0.0,3,1001.5,4.0,60,96,520.0,35.2,0.188
Kuala Lumpur,3.139,101.6869,2026-02-09T17:00,33.5,39,35.6,0.0,2,1001.2,4.7,360,69,412.0,35.0,0.184
Kuala Lumpur,3.139,101.6869,2026-02-09T18:00,32.1,46,35.0,0.0,3,1001.4,2.6,321,92,254.0,34.2,0.181
Kuala Lumpur,3.139,101.6869,2026-02-09T19:00,30.5,55,33.7,0.0,3,1002.2,5.8,284,100,110.0,33.1,0.179
Kuala Lumpur,3.139,101.6869,2026-02-09T20:00,28.7,69,33.5,0.0,3,1003.3,3.1,170,82,9.0,31.9,0.177
Kuala Lumpur,3.139,101.6869,2026-02-09T21:00,28.1,75,33.4,0.0,3,1004.1,2.2,85,95,0.0,30.7,0.177
Kuala Lumpur,3.139,101.6869,2026-02-09T22:00,27.2,72,31.3,0.0,3,1004.7,4.7,62,98,0.0,29.6,0.176
Kuala Lumpur,3.139,101.6869,2026-02-09T23:00,26.1,70,29.3,0.0,3,1005.5,5.4,53,100,0.0,28.6,0.176
Kuala Lumpur,3.139,101.6869,2026-02-10T00:00,25.3,70,28.3,0.0,2,1005.6,3.9,68,77,0.0,27.8,0.175
Kuala Lumpur,3.139,101.6869,2026-02-10T01:00,24.8,71,27.5,0.0,0,1005.4,4.6,81,3,0.0,27.0,0.175
Kuala Lumpur,3.139,101.6869,2026-02-10T02:00,24.3,76,27.2,0.0,0,1004.7,5.3,62,8,0.0,27.5,0.168
Kuala Lumpur,3.139,101.6869,2026-02-10T03:00,23.9,80,27.1,0.0,0,1004.4,4.8,63,0,0.0,26.7,0.168
Kuala Lumpur,3.139,101.6869,2026-02-10T04:00,23.2,84,26.7,0.0,0,1004.0,3.7,79,0,0.0,26.0,0.167
Kuala Lumpur,3.139,101.6869,2026-02-10T05:00,22.8,87,26.5,0.0,0,1004.0,2.6,102,5,0.0,25.5,0.167
Kuala Lumpur,3.139,101.6869,2026-02-10T06:00,22.6,86,26.4,0.0,0,1004.2,1.5,104,0,0.0,24.9,0.167
Kuala Lumpur,3.139,101.6869,2026-02-10T07:00,22.6,85,26.4,0.0,0,1004.8,0.8,45,0,0.0,24.5,0.167
Kuala Lumpur,3.139,101.6869,2026-02-10T08:00,23.0,83,26.5,0.0,0,1005.2,1.9,139,0,15.0,25.2,0.17
Kuala Lumpur,3.139,101.6869,2026-02-10T09:00,25.7,65,28.5,0.0,0,1005.9,3.2,214,0,186.0,25.8,0.17
Kuala Lumpur,3.139,101.6869,2026-02-10T10:00,28.5,55,31.0,0.0,1,1006.1,4.5,241,23,433.0,27.3,0.168
Kuala Lumpur,3.139,101.6869,2026-02-10T11:00,31.0,48,34.6,0.0,1,1006.0,2.7,266,38,663.0,29.5,0.165
Kuala Lumpur,3.139,101.6869,2026-02-10T12:00,33.0,43,38.0,0.0,3,1005.4,1.7,328,94,843.0,32.2,0.161
Kuala Lumpur,3.139,101.6869,2026-02-10T13:00,34.6,37,39.8,0.0,3,1004.4,1.8,37,98,950.0,34.7,0.156
Kuala Lumpur,3.139,101.6869,2026-02-10T14:00,35.3,31,38.8,0.0,2,1003.5,3.7,61,63,877.0,36.7,0.152
Kuala Lumpur,3.139,101.6869,2026-02-10T15:00,36.2,29,39.3,0.0,1,1002.8,3.5,81,48,834.0,38.3,0.15
Kuala Lumpur,3.139,101.6869,2026-02-10T16:00,36.0,29,37.5,0.0,3,1002.2,6.5,71,90,677.0,39.0,0.147
Kuala Lumpur,3.139,101.6869,2026-02-10T17:00,35.7,31,36.8,0.0,3,1002.0,7.0,69,100,580.0,39.2,0.145
Kuala Lumpur,3.139,101.6869,2026-02-10T18:00,34.5,32,36.2,0.0,3,1002.3,0.7,104,98,371.0,38.8,0.144
Kuala Lumpur,3.139,101.6869,2026-02-10T19:00,32.2,43,34.3,0.0,3,1002.9,4.5,293,86,130.0,37.4,0.143
Kuala Lumpur,3.139,101.6869,2026-02-10T20:00,31.7,42,33.9,0.0,3,1003.8,2.2,355,100,9.0,36.4,0.131
Kuala Lumpur,3.139,101.6869,2026-02-10T21:00,30.5,47,33.1,0.0,3,1004.5,2.8,285,100,0.0,34.9,0.131
Kuala Lumpur,3.139,101.6869,2026-02-10T22:00,29.4,55,32.7,0.0,3,1005.2,1.3,34,98,0.0,33.5,0.131
Kuala Lumpur,3.139,101.6869,2026-02-10T23:00,28.2,59,31.3,0.0,2,1005.8,4.0,54,69,0.0,32.3,0.131
Kuala Lumpur,3.139,101.6869,2026-02-11T00:00,27.2,63,30.0,0.0,0,1005.9,5.4,64,4,0.0,31.3,0.131
Kuala Lumpur,3.139,101.6869,2026-02-11T01:00,26.3,66,29.0,0.0,0,1006.3,6.4,82,4,0.0,30.4,0.131
Kuala Lumpur,3.139,101.6869,2026-02-11T02:00,26.2,69,29.5,0.0,2,1005.9,4.3,42,66,0.0,30.2,0.129
Kuala Lumpur,3.139,101.6869,2026-02-11T03:00,25.9,71,29.2,0.0,3,1005.3,4.1,41,94,0.0,29.5,0.129
Kuala Lumpur,3.139,101.6869,2026-02-11T04:00,25.5,73,28.9,0.0,3,1005.1,4.2,78,100,0.0,28.8,0.129
Kuala Lumpur,3.139,101.6869,2026-02-11T05:00,24.9,76,28.3,0.0,2,1004.7,4.8,68,63,0.0,28.1,0.129
Kuala Lumpur,3.139,101.6869,2026-02-11T06:00,24.5,79,27.9,0.0,0,1004.9,5.2,68,2,0.0,27.5,0.129
Kuala Lumpur,3.139,101.6869,2026-02-11T07:00,24.1,80,27.6,0.0,0,1005.5,4.5,83,13,0.0,27.0,0.129
Kuala Lumpur,3.139,101.6869,2026-02-11T08:00,24.6,78,28.0,0.0,3,1006.1,4.8,79,86,15.0,27.2,0.128
Kuala Lumpur,3.139,101.6869,2026-02-11T09:00,27.2,64,30.8,0.0,3,1006.8,1.5,97,92,181.0,28.0,0.128
Kuala Lumpur,3.139,101.6869,2026-02-11T10:00,30.6,49,33.7,0.0,1,1007.6,1.2,321,35,423.0,30.1,0.128
Kuala Lumpur,3.139,101.6869,2026-02-11T11:00,32.8,41,35.9,0.0,1,1007.3,2.9,270,34,650.0,33.0,0.128
Kuala Lumpur,3.139,101.6869,2026-02-11T12:00,34.2,39,38.4,0.0,3,1006.5,4.3,272,84,823.0,35.9,0.128
Kuala Lumpur,3.139,101.6869,2026-02-11T13:00,35.5,37,40.2,0.0,3,1005.1,4.2,290,99,878.0,38.5,0.128
Kuala Lumpur,3.139,101.6869,2026-02-11T14:00,35.8,35,39.9,0.0,2,1004.7,5.2,326,65,871.0,40.7,0.129
Kuala Lumpur,3.139,101.6869,2026-02-11T15:00,36.5,34,40.1,0.0,1,1003.2,7.1,354,42,817.0,42.2,0.129
Kuala Lumpur,3.139,101.6869,2026-02-11T16:00,35.8,36,38.7,0.0,2,1002.2,7.1,354,79,692.0,42.8,0.129
Kuala Lumpur,3.139,101.6869,2026-02-11T17:00,33.8,44,35.6,0.0,3,1002.0,12.4,291,99,530.0,42.3,0.129
Kuala Lumpur,3.139,101.6869,2026-02-11T18:00,28.1,73,32.0,4.2,63,1003.8,10.8,11,100,274.0,39.5,0.18
Kuala Lumpur,3.139,101.6869,2026-02-11T19:00,27.0,74,31.4,1.3,61,1004.6,4.4,300,99,84.0,36.2,0.195
Kuala Lumpur,3.139,101.6869,2026-02-11T20:00,25.5,88,30.4,0.0,3,1004.9,5.7,18,98,8.0,33.7,0.224
Kuala Lumpur,3.139,101.6869,2026-02-11T21:00,26.2,85,31.3,0.0,3,1005.4,5.1,32,99,0.0,32.0,0.224
Kuala Lumpur,3.139,101.6869,2026-02-11T22:00,26.1,85,31.1,0.0,3,1006.3,5.2,338,95,0.0,30.7,0.224
Kuala Lumpur,3.139,101.6869,2026-02-11T23:00,26.2,86,31.4,0.0,3,1006.2,5.2,46,83,0.0,29.8,0.223
Kuala Lumpur,3.139,101.6869,2026-02-12T00:00,26.1,86,31.3,0.0,3,1006.2,4.6,54,88,0.0,29.1,0.223
Kuala Lumpur,3.139,101.6869,2026-02-12T01:00,25.7,85,30.3,0.0,2,1006.3,5.9,43,79,0.0,28.5,0.222
Kuala Lumpur,3.139,101.6869,2026-02-12T02:00,26.1,85,30.5,0.2,51,1006.2,8.6,36,70,0.0,28.6,0.222
Kuala Lumpur,3.139,101.6869,2026-02-12T03:00,25.5,83,29.9,0.0,2,1005.6,5.1,42,60,0.0,28.1,0.222
Kuala Lumpur,3.139,101.6869,2026-02-12T04:00,25.2,81,29.1,0.0,3,1004.9,6.9,65,98,0.0,27.6,0.221
Kuala Lumpur,3.139,101.6869,2026-02-12T05:00,25.0,79,28.5,0.0,3,1004.4,7.2,55,98,0.0,27.2,0.221
Kuala Lumpur,3.139,101.6869,2026-02-12T06:00,24.7,80,28.3,0.0,3,1004.8,4.9,51,100,0.0,26.8,0.22
Kuala Lumpur,3.139,101.6869,2026-02-12T07:00,24.5,79,27.9,0.0,3,1004.9,4.8,75,100,0.0,26.5,0.219
Kuala Lumpur,3.139,101.6869,2026-02-12T08:00,25.2,88,30.0,0.0,3,1006.2,5.4,214,100,9.0,27.0,0.226
Kuala Lumpur,3.139,101.6869,2026-02-12T09:00,25.9,84,31.0,0.0,3,1006.8,2.6,168,96,81.0,27.1,0.226
Kuala Lumpur,3.139,101.6869,2026-02-12T10:00,27.1,76,31.9,0.0,3,1006.9,3.8,87,98,252.0,27.9,0.224
Kuala Lumpur,3.139,101.6869,2026-02-12T11:00,28.5,67,32.7,0.0,3,1006.7,4.7,67,96,317.0,28.7,0.222
Kuala Lumpur,3.139,101.6869,2026-02-12T12:00,31.1,56,35.6,0.0,3,1006.4,3.1,50,99,615.0,30.4,0.217
Kuala Lumpur,3.139,101.6869,2026-02-12T13:00,32.6,51,38.0,0.0,3,1005.4,1.8,315,100,744.0,32.1,0.211
Kuala Lumpur,3.139,101.6869,2026-02-12T14:00,33.0,48,36.2,0.0,3,1004.8,5.6,277,99,492.0,32.8,0.209
Kuala Lumpur,3.139,101.6869,2026-02-12T15:00,32.7,48,36.1,0.1,51,1003.6,6.2,221,100,603.0,33.5,0.205
Kuala Lumpur,3.139,101.6869,2026-02-12T16:00,32.0,51,35.6,0.0,3,1002.5,3.3,225,100,374.0,33.3,0.201
Kuala Lumpur,3.139,101.6869,2026-02-12T17:00,30.9,54,34.6,0.4,51,1002.7,2.7,20,100,343.0,33.3,0.202
Kuala Lumpur,3.139,101.6869,2026-02-12T18:00,30.2,58,34.2,0.3,51,1002.8,2.6,56,100,211.0,32.7,0.203
Kuala Lumpur,3.139,101.6869,2026-02-12T19:00,29.7,60,33.6,0.0,3,1002.6,3.8,82,100,60.0,31.6,0.202
Kuala Lumpur,3.139,101.6869,2026-02-12T20:00,29.6,66,34.4,0.0,3,1003.5,3.3,81,100,4.0,30.8,0.193
Kuala Lumpur,3.139,101.6869,2026-02-12T21:00,28.8,64,32.6,0.0,3,1003.9,4.6,72,100,0.0,30.0,0.192
Kuala Lumpur,3.139,101.6869,2026-02-12T22:00,28.0,66,31.7,0.0,3,1004.7,4.5,40,100,0.0,29.2,0.191
Kuala Lumpur,3.139,101.6869,2026-02-12T23:00,27.1,65,30.0,0.0,3,1004.8,6.6,43,100,0.0,28.5,0.191
Kuala Lumpur,3.139,101.6869,2026-02-13T00:00,26.4,67,29.4,0.0,3,1005.0,4.9,57,100,0.0,27.9,0.19
Kuala Lumpur,3.139,101.6869,2026-02-13T01:00,26.5,68,29.8,0.0,3,1005.0,3.6,84,100,0.0,27.5,0.189
Kuala Lumpur,3.139,101.6869,2026-02-13T02:00,27.1,66,30.1,0.0,3,1003.9,6.2,73,100,0.0,27.8,0.187
Kuala Lumpur,3.139,101.6869,2026-02-13T03:00,26.5,76,31.1,0.0,3,1003.5,1.9,326,100,0.0,27.4,0.186
Kuala Lumpur,3.139,101.6869,2026-02-13T04:00,26.5,78,31.4,0.0,2,1002.8,0.9,53,60,0.0,27.0,0.186
Kuala Lumpur,3.139,101.6869,2026-02-13T05:00,25.8,79,29.9,0.0,2,1002.4,4.6,77,60,0.0,26.7,0.186
Kuala Lumpur,3.139,101.6869,2026-02-13T06:00,25.5,82,30.4,0.0,1,1002.6,0.9,79,48,0.0,26.4,0.186
Kuala Lumpur,3.139,101.6869,2026-02-13T07:00,25.0,83,29.5,0.0,2,1003.5,2.7,270,68,0.0,26.0,0.186
Kuala Lumpur,3.139,101.6869,2026-02-13T08:00,25.6,77,29.7,0.0,3,1003.8,3.1,87,97,14.0,26.6,0.193
Kuala Lumpur,3.139,101.6869,2026-02-13T09:00,27.2,68,31.2,0.0,3,1004.4,2.3,94,100,152.0,27.1,0.192
Kuala Lumpur,3.139,101.6869,2026-02-13T10:00,29.5,60,33.6,0.0,3,1004.8,2.2,85,90,355.0,28.3,0.19
Kuala Lumpur,3.139,101.6869,2026-02-13T11:00,32.0,50,36.5,0.0,3,1005.1,0.9,307,99,632.0,30.4,0.186
Kuala Lumpur,3.139,101.6869,2026-02-13T12:00,33.5,46,38.4,0.0,3,1004.4,3.2,304,100,771.0,32.4,0.181
Kuala Lumpur,3.139,101.6869,2026-02-13T13:00,34.5,44,40.0,0.0,3,1003.3,4.4,302,99,858.0,34.3,0.176
Kuala Lumpur,3.139,101.6869,2026-02-13T14:00,34.8,41,40.0,0.0,3,1002.8,4.8,290,100,911.0,36.0,0.168
Kuala Lumpur,3.139,101.6869,2026-02-13T15:00,35.8,39,39.4,0.0,3,1001.6,5.7,246,100,677.0,36.9,0.164
Kuala Lumpur,3.139,101.6869,2026-02-13T16:00,33.2,47,35.9,1.1,55,1001.0,10.4,255,100,582.0,37.2,0.174
Kuala Lumpur,3.139,101.6869,2026-02-13T17:00,30.9,56,34.9,0.1,51,1001.6,2.6,34,100,293.0,36.0,0.173
Kuala Lumpur,3.139,101.6869,2026-02-13T18:00,31.2,56,34.9,0.0,3,1001.4,5.8,20,100,259.0,35.0,0.17
Kuala Lumpur,3.139,101.6869,2026-02-13T19:00,30.4,59,34.4,0.0,2,1002.7,4.7,332,65,130.0,33.9,0.168
Kuala Lumpur,3.139,101.6869,2026-02-13T20:00,29.0,74,34.8,0.0,3,1002.7,1.7,103,100,8.0,32.2,0.172
Kuala Lumpur,3.139,101.6869,2026-02-13T21:00,28.4,75,33.9,0.0,3,1003.4,2.0,90,100,0.0,31.0,0.172
Kuala Lumpur,3.139,101.6869,2026-02-13T22:00,27.4,79,32.7,0.0,3,1004.1,2.8,101,100,0.0,30.0,0.171
Kuala Lumpur,3.139,101.6869,2026-02-13T23:00,26.8,81,31.9,0.0,3,1004.9,3.4,87,100,0.0,29.2,0.171
Kuala Lumpur,3.139,101.6869,2026-02-14T00:00,26.1,84,31.3,0.0,3,1004.8,3.0,73,100,0.0,28.5,0.171
Kuala Lumpur,3.139,101.6869,2026-02-14T01:00,25.8,85,30.9,0.0,3,1004.4,2.7,82,100,0.0,27.9,0.171
Kuala Lumpur,3.139,101.6869,2026-02-14T02:00,26.9,79,31.6,0.0,3,1003.7,4.4,12,100,0.0,28.2,0.162
Kuala Lumpur,3.139,101.6869,2026-02-14T03:00,26.1,80,30.8,0.0,3,1003.2,3.2,16,100,0.0,27.8,0.162
Kuala Lumpur,3.139,101.6869,2026-02-14T04:00,25.6,81,30.1,0.0,3,1002.8,3.0,17,100,0.0,27.3,0.162
Kuala Lumpur,3.139,101.6869,2026-02-14T05:00,25.1,86,30.2,0.0,3,1002.5,1.5,346,100,0.0,26.9,0.162
Kuala Lumpur,3.139,101.6869,2026-02-14T06:00,24.9,85,29.5,0.0,3,1002.8,2.7,32,99,0.0,26.5,0.162
Kuala Lumpur,3.139,101.6869,2026-02-14T07:00,24.4,88,29.2,0.0,2,1003.1,2.1,31,57,0.0,26.1,0.162
Kuala Lumpur,3.139,101.6869,2026-02-14T08:00,25.1,87,29.9,0.3,51,1003.5,3.6,327,25,14.0,26.9,0.164
Kuala Lumpur,3.139,101.6869,2026-02-14T09:00,27.2,76,32.5,0.0,2,1004.4,0.2,360,55,178.0,27.5,0.163
Kuala Lumpur,3.139,101.6869,2026-02-14T10:00,29.8,63,34.3,0.0,3,1005.0,2.1,329,100,411.0,29.1,0.161
Kuala Lumpur,3.139,101.6869,2026-02-14T11:00,31.5,56,36.5,0.0,3,1004.9,0.8,333,95,617.0,31.1,0.159
Kuala Lumpur,3.139,101.6869,2026-02-14T12:00,33.2,49,38.9,0.0,3,1004.1,0.8,333,98,748.0,33.5,0.156
Kuala Lumpur,3.139,101.6869,2026-02-14T13:00,35.1,42,41.4,0.0,1,1003.0,1.2,321,45,911.0,36.0,0.152
Kuala Lumpur,3.139,101.6869,2026-02-14T14:00,35.5,41,41.3,0.0,3,1001.6,3.4,354,96,935.0,38.2,0.151
Kuala Lumpur,3.139,101.6869,2026-02-14T15:00,36.1,38,40.2,0.0,3,1000.3,6.4,310,100,775.0,39.6,0.148
Kuala Lumpur,3.139,101.6869,2026-02-14T16:00,27.9,80,33.3,6.0,63,1000.8,5.0,257,80,270.0,37.0,0.224
Kuala Lumpur,3.139,101.6869,2026-02-14T17:00,29.1,68,33.0,2.4,61,1000.7,8.7,266,100,465.0,35.8,0.249
Kuala Lumpur,3.139,101.6869,2026-02-14T18:00,28.8,72,33.4,0.2,51,1000.7,5.9,27,54,279.0,34.2,0.249
Kuala Lumpur,3.139,101.6869,2026-02-14T19:00,27.9,76,32.9,0.1,51,1001.3,4.2,31,95,137.0,32.8,0.248
Kuala Lumpur,3.139,101.6869,2026-02-14T20:00,27.5,80,32.8,0.2,51,1001.9,4.5,83,63,8.0,30.3,0.386
Kuala Lumpur,3.139,101.6869,2026-02-14T21:00,26.8,86,32.7,0.0,3,1002.5,2.3,337,84,0.0,29.5,0.385
Kuala Lumpur,3.139,101.6869,2026-02-14T22:00,26.6,88,32.6,0.0,3,1003.4,2.7,110,91,0.0,28.8,0.385
Kuala Lumpur,3.139,101.6869,2026-02-14T23:00,26.2,91,32.5,0.0,2,1004.0,1.5,76,77,0.0,28.3,0.384
Kuala Lumpur,3.139,101.6869,2026-02-15T00:00,25.8,93,32.1,0.0,3,1004.2,1.3,45,84,0.0,27.8,0.384
Kuala Lumpur,3.139,101.6869,2026-02-15T01:00,25.6,92,31.2,0.0,3,1003.9,4.2,72,100,0.0,27.5,0.383
Kuala Lumpur,3.139,101.6869,2026-02-15T02:00,25.0,94,30.4,0.0,3,1003.6,4.1,56,100,0.0,28.2,0.378
Kuala Lumpur,3.139,101.6869,2026-02-15T03:00,24.8,94,29.9,0.1,51,1002.5,5.0,49,100,0.0,27.5,0.379
Kuala Lumpur,3.139,101.6869,2026-02-15T04:00,24.4,96,30.1,0.0,3,1002.0,1.3,16,100,0.0,27.0,0.379
Kuala Lumpur,3.139,101.6869,2026-02-15T05:00,24.2,96,29.7,0.0,3,1002.0,2.8,63,100,0.0,26.6,0.378
Kuala Lumpur,3.139,101.6869,2026-02-15T06:00,24.1,96,29.7,0.0,3,1002.4,0.9,53,100,0.0,26.4,0.378
Kuala Lumpur,3.139,101.6869,2026-02-15T07:00,23.9,98,29.3,0.0,3,1002.9,2.2,5,99,0.0,26.1,0.378
Kuala Lumpur,3.139,101.6869,2026-02-15T08:00,25.2,91,30.7,0.0,3,1003.2,2.9,266,98,13.0,27.2,0.376
Kuala Lumpur,3.139,101.6869,2026-02-15T09:00,26.4,87,32.4,0.0,3,1004.5,0.5,90,100,161.0,27.6,0.375
Kuala Lumpur,3.139,101.6869,2026-02-15T10:00,26.5,86,31.7,0.3,51,1005.0,5.1,247,100,147.0,27.8,0.376
Kuala Lumpur,3.139,101.6869,2026-02-15T11:00,26.7,84,31.9,0.2,51,1005.4,5.1,225,100,207.0,28.0,0.375
Kuala Lumpur,3.139,101.6869,2026-02-15T12:00,28.0,78,33.4,0.0,1,1004.8,3.1,211,34,375.0,28.8,0.373
Kuala Lumpur,3.139,101.6869,2026-02-15T13:00,30.1,68,37.4,0.1,51,1003.5,3.5,231,46,848.0,30.5,0.366
Kuala Lumpur,3.139,101.6869,2026-02-15T14:00,31.4,61,38.0,0.0,1,1002.1,1.9,311,46,765.0,31.6,0.358
Kuala Lumpur,3.139,101.6869,2026-02-15T15:00,32.1,59,38.3,0.0,2,1000.8,5.5,306,57,792.0,32.7,0.351
Kuala Lumpur,3.139,101.6869,2026-02-15T16:00,32.7,56,38.3,0.1,51,999.5,5.2,314,100,721.0,33.2,0.343
Kuala Lumpur,3.139,101.6869,2026-02-15T17:00,27.5,81,31.5,6.2,63,1000.3,13.5,289,95,331.0,32.0,0.42
Kuala Lumpur,3.139,101.6869,2026-02-15T18:00,27.5,81,33.0,2.0,61,1000.7,4.0,10,83,278.0,30.9,0.442
Kuala Lumpur,3.139,101.6869,2026-02-15T19:00,25.6,89,31.0,8.2,65,1001.7,4.1,167,99,63.0,29.6,0.51
Kuala Lumpur,3.139,101.6869,2026-02-15T20:00,25.0,93,30.6,9.4,65,1002.1,2.1,329,100,6.0,29.1,0.517
Kuala Lumpur,3.139,101.6869,2026-02-15T21:00,25.0,93,30.1,0.4,51,1003.3,5.6,176,99,0.0,28.1,0.497
Kuala Lumpur,3.139,101.6869,2026-02-15T22:00,24.9,94,30.3,0.5,53,1003.6,4.0,190,100,0.0,27.5,0.493
Kuala Lumpur,3.139,101.6869,2026-02-15T23:00,24.8,92,29.7,0.0,3,1003.8,5.2,205,97,0.0,27.0,0.485
Kuala Lumpur,3.139,101.6869,2026-02-16T00:00,24.4,93,29.6,0.0,3,1004.3,2.5,201,99,0.0,26.5,0.479
Kuala Lumpur,3.139,101.6869,2026-02-16T01:00,24.5,92,30.0,0.0,3,1004.2,1.0,301,100,0.0,26.4,0.475
Kuala Lumpur,3.139,101.6869,2026-02-16T02:00,24.4,95,29.5,0.0,3,1003.9,4.0,306,98,0.0,26.5,0.47
Kuala Lumpur,3.139,101.6869,2026-02-16T03:00,24.0,97,29.5,0.0,3,1002.9,1.1,270,100,0.0,26.2,0.467
Kuala Lumpur,3.139,101.6869,2026-02-16T04:00,23.9,96,28.8,0.0,3,1002.4,4.8,257,100,0.0,26.0,0.464
Kuala Lumpur,3.139,101.6869,2026-02-16T05:00,23.5,97,28.8,0.0,3,1001.8,0.6,342,100,0.0,25.7,0.461
Kuala Lumpur,3.139,101.6869,2026-02-16T06:00,23.5,97,28.8,0.0,3,1001.7,1.2,51,98,0.0,25.5,0.459
Kuala Lumpur,3.139,101.6869,2026-02-16T07:00,23.1,99,28.4,0.0,3,1002.0,0.7,90,100,0.0,25.2,0.457
Kuala Lumpur,3.139,101.6869,2026-02-16T08:00,24.0,97,29.7,0.0,3,1002.1,0.2,270,100,14.0,25.9,0.457
Kuala Lumpur,3.139,101.6869,2026-02-16T09:00,25.1,93,30.9,0.0,3,1003.2,1.8,204,100,125.0,26.2,0.455
Kuala Lumpur,3.139,101.6869,2026-02-16T10:00,26.8,85,32.9,0.0,3,1003.8,0.9,180,100,324.0,27.2,0.451
Kuala Lumpur,3.139,101.6869,2026-02-16T11:00,28.5,75,34.2,0.1,51,1004.1,0.6,236,100,529.0,28.5,0.446
Kuala Lumpur,3.139,101.6869,2026-02-16T12:00,29.8,68,35.3,0.1,51,1003.7,4.6,257,100,640.0,29.8,0.44
Kuala Lumpur,3.139,101.6869,2026-02-16T13:00,30.7,65,36.2,0.1,51,1002.5,6.3,250,100,679.0,30.5,0.434
Kuala Lumpur,3.139,101.6869,2026-02-16T14:00,27.6,76,32.7,4.8,63,1001.2,3.2,183,100,259.0,29.9,0.49
Kuala Lumpur,3.139,101.6869,2026-02-16T15:00,28.8,74,34.4,0.8,53,1000.6,5.8,304,99,633.0,30.3,0.488
Kuala Lumpur,3.139,101.6869,2026-02-16T16:00,28.5,76,34.1,0.3,51,1000.6,2.9,349,100,477.0,30.5,0.482
Kuala Lumpur,3.139,101.6869,2026-02-16T17:00,27.4,77,32.1,6.2,63,1000.2,5.5,63,100,271.0,30.0,0.507
Kuala Lumpur,3.139,101.6869,2026-02-16T18:00,26.0,86,31.5,8.3,65,1000.7,1.9,139,100,158.0,29.0,0.492
Kuala Lumpur,3.139,101.6869,2026-02-16T19:00,25.6,90,30.9,0.1,51,1001.3,4.5,247,100,48.0,28.2,0.489
Kuala Lumpur,3.139,101.6869,2026-02-16T20:00,25.0,92,30.0,0.1,51,1001.8,5.6,266,100,6.0,27.5,0.486
Kuala Lumpur,3.139,101.6869,2026-02-16T21:00,24.6,94,30.1,0.1,51,1002.3,2.9,263,100,0.0,27.0,0.484
Kuala Lumpur,3.139,101.6869,2026-02-16T22:00,24.2,95,29.2,0.3,51,1003.4,5.2,290,100,0.0,26.5,0.484
Kuala Lumpur,3.139,101.6869,2026-02-16T23:00,23.9,95,29.1,2.0,61,1004.0,2.6,155,100,0.0,26.1,0.502
